timedelta,user_id,f0,intensity,jitter,log_energy,mfcc_0,mfcc_1,mfcc_10,mfcc_11,mfcc_12,mfcc_13,mfcc_14,mfcc_15,mfcc_16,mfcc_17,mfcc_18,mfcc_19,mfcc_2,mfcc_3,mfcc_4,mfcc_5,mfcc_6,mfcc_7,mfcc_8,mfcc_9,onset_strength,poly_features_0,poly_features_1,shimmer,spectral_bandwidth,spectral_centroid,spectral_contrast_0,spectral_contrast_1,spectral_contrast_2,spectral_contrast_3,spectral_contrast_4,spectral_contrast_5,spectral_contrast_6,spectral_flatness,spectral_rolloff,zero_crossing_rate,gaze_on,nod_no,nod_yes,prob_face_anger,prob_face_contempt,prob_face_disgust,prob_face_fear,prob_face_happiness,prob_face_neutral,prob_face_sadness,prob_face_surprise,smile,is_speaking
00:00:00,59278c090220760001fda664,,0.0,,-105.27902441090755,-507.85857999999996,,,,,,,,,,,,,,,,,,,,,,,,,,12.903951639029767,12.903951639029767,12.903951639029767,12.903951639029767,12.903951639029767,12.903951639029767,12.903951639029767,1.0000007,,,,,,,,,,,,,,,False
00:00:00,5c41c28e896e090001c03bb0,,0.0,,-109.46512580451794,-507.33987,,,,,,,,,,,,,,,,,,,,,,,,,,10.211688719812749,10.211688719812749,10.211688719812749,10.211688719812749,10.211688719812749,10.211688719812749,10.211688719812749,1.0000007,,,,,,,,,,,,,,,False
00:00:01,59278c090220760001fda664,,0.0,,-105.27902441090755,-507.85857999999996,,,,,,,,,,,,,,,,,,,,,,,,,,12.903951639029767,12.903951639029767,12.903951639029767,12.903951639029767,12.903951639029767,12.903951639029767,12.903951639029767,1.0000007,,,,,,,,,,,,,,,False
00:00:01,5c41c28e896e090001c03bb0,445.26072434386145,0.9813915179974808,1.4986193030265105,-48.0098731493895,-389.82903999999996,95.854744,-6.559171000000001,-1.1558563,8.379696000000001,-3.235096,-2.2678442000000003,5.253842,0.23813398,-2.2270334,-2.3187335,-1.2604033000000001,0.4978129,22.452662,13.667670000000001,-6.156215,10.005291999999999,6.149498,4.6130667,7.914824,2.0196106,-2.422983107548468e-05,0.4118030589744009,17.584383884663342,2254.960894051157,2279.1892414099743,10.606418245111982,9.323256518015967,12.133811569786255,14.69380550871682,18.96227053122336,18.087808358568253,31.900092886987128,0.12162528,4455.255681818182,0.07336980646306818,,,,,,,,,,,,,False
00:00:02,59278c090220760001fda664,,0.0,,-105.27902441090755,-507.85857999999996,,,,,,,,,,,,,,,,,,,,,,,,,,12.903951639029767,12.903951639029767,12.903951639029767,12.903951639029767,12.903951639029767,12.903951639029767,12.903951639029767,1.0000007,,,,,,,,,,,,,,,False
00:00:02,5c41c28e896e090001c03bb0,276.69222362582366,0.7411775450824223,4.508076661905201,-32.59078926364787,-315.6782,128.91338000000002,-11.156939,3.6262673999999997,12.043209,-3.6730620000000003,-5.410892,0.50968844,2.1428034,3.1154506,-5.468982,-6.668764,-19.329039,5.17837,11.205855,-0.2807078,15.3097515,-0.11316475,-8.047506,-3.75429,2.168987,-0.00010424979243901801,1.749302963141397,48.25159328977245,1950.5351006953974,1779.4689157398584,12.316578732006082,9.523804270144101,11.796944926159744,16.054047870523018,20.76808038288061,18.437073353595952,35.6029216647686,0.0001925224,3202.03125,0.05178247316919192,0.0,0.0,0.0,0.06409874940291048,0.012906007189303636,0.03949817471439019,0.05414676527725533,0.07668959125876426,0.42946992367506026,0.2929187912493944,0.030271981563419106,0.0,False
00:00:03,59278c090220760001fda664,,0.0,,-105.27902441090755,-507.85857999999996,,,,,,,,,,,,,,,,,,,,,,,,,,12.903951639029767,12.903951639029767,12.903951639029767,12.903951639029767,12.903951639029767,12.903951639029767,12.903951639029767,1.0000007,,,,,,,,,,,,,,,False
00:00:03,5c41c28e896e090001c03bb0,434.58027311716796,0.9217886562299444,1.017371453871879,-55.202781636894635,-473.8293,33.605526,-1.3785714,4.55322,6.5729237000000005,0.9198870000000001,-2.3929197999999996,-0.78225535,-0.28707787,-2.5101218,-3.4196934999999997,-0.20056255,13.055792,13.380167000000002,17.883592999999998,10.079802,2.961248,5.9774294,7.453772,1.0926441999999998,0.70301706,-3.3014283014134867e-06,0.056031015326887056,6.8399097772879855,2942.2048244081093,2082.3973648077813,11.594944050285866,9.382963246253388,12.667324710288087,16.279949258067653,19.35338516651207,23.4712302853054,21.01390993744589,0.0014246238000000001,3531.09375,0.0559912109375,0.0,0.0,0.0,0.0696719482075423,0.00797128705016803,0.00427100313390838,0.038014738471247256,0.012824778037611395,0.6939215548336506,0.061622821725904935,0.11170186684466897,0.0,False
00:00:04,59278c090220760001fda664,,0.0,,-105.27902441090755,-507.85857999999996,,,,,,,,,,,,,,,,,,,,,,,,,,12.903951639029767,12.903951639029767,12.903951639029767,12.903951639029767,12.903951639029767,12.903951639029767,12.903951639029767,1.0000007,,,,,,,,,,,,,,,False
00:00:04,5c41c28e896e090001c03bb0,445.3141440366755,0.4844908939280335,36.649137144915954,-33.844494749777716,-360.39987,107.31931999999999,1.1181183000000001,0.8706541999999999,7.567898,1.5758386,0.32482845,4.8261389999999995,3.1669774,2.4925745,0.654852,-2.1247776000000003,2.0988529,21.196686,23.207264000000002,5.4719996,17.193554000000002,15.16341,5.572853,8.389319,1.7448386999999999,-6.863636771684634e-05,1.134854098236825,8.429074692528753,2146.0632060539224,1583.4324102604749,11.410289631974086,10.286499728769009,11.686632312673323,15.34026104967412,17.026245801755852,18.372361121372023,31.576649470309835,0.00035736977999999993,3074.765625,0.0413037109375,0.0,0.0,0.0,0.0374408844858408,0.0023492615320719772,0.0028869662259239704,0.1179686352610588,0.0043634291971102355,0.4545922204852104,0.055740689486265184,0.3246579259634018,0.0,True
00:00:05,59278c090220760001fda664,,0.0,,-105.27902441090755,-507.85857999999996,,,,,,,,,,,,,,,,,,,,,,,,,,12.903951639029767,12.903951639029767,12.903951639029767,12.903951639029767,12.903951639029767,12.903951639029767,12.903951639029767,1.0000007,,,,,,,,,,,,,,,False
00:00:05,5c41c28e896e090001c03bb0,,0.9289379647782432,,-53.928945354075616,-473.27948,41.03032,2.448409,1.6708918999999998,1.4746363,1.2466406,-0.42519847,-1.9774221,-0.5788654999999999,2.213573,2.7110369999999997,1.4764097,26.040429999999997,16.87681,13.5362625,11.557061000000001,9.882324,7.818011,5.2126136,3.4070932999999997,0.8045603,-3.6288664746584633e-06,0.059560922174466575,,2767.0162622231837,1683.8106957442114,10.232800097729148,8.83728551802639,11.889656094369547,15.202361558430107,20.451196781704105,19.90712904645124,20.612609297176853,0.0007271263,3100.3125,0.03609375,0.0,0.0,0.0,0.036395818553864964,0.0016035934444516898,0.002737676003016532,0.10367164313793184,0.0021256426000036297,0.4962093532085418,0.08761019259691237,0.269646081328392,0.0,True
00:00:06,59278c090220760001fda664,,0.0,,-105.27902441090755,-507.85857999999996,,,,,,,,,,,,,,,,,,,,,,,,,,12.903951639029767,12.903951639029767,12.903951639029767,12.903951639029767,12.903951639029767,12.903951639029767,12.903951639029767,1.0000007,,,,,,,,,,,,,,,False
00:00:06,5c41c28e896e090001c03bb0,84.21037214914985,0.7374026976539647,0.394624239979701,-48.16679614083906,-435.5655,62.490616,1.0320809000000002,-0.07040507,1.3577482,1.2503333,3.8727254999999996,3.1304471,-1.3836405,-1.2864314,-1.2252656000000002,-2.7157892999999995,15.164784,13.609663000000001,14.852008999999999,11.6203375,14.987859,9.849452000000001,4.425585,4.6114497000000005,1.0338411,-2.2600902944121745e-05,0.373946919848854,21.921203525494317,2550.8572016737508,1823.990326438565,11.235345511074208,10.26205754085384,11.972068209353793,15.074093859431402,22.0984086813182,21.574193851290488,27.19796761838573,0.00035172160000000003,3520.78125,0.0527734375,0.0,0.0,0.0,0.05653827358037234,0.0018123097135685387,0.0030573139199987056,0.08598099127411843,0.0016216314863413573,0.5482534676790237,0.10191979557275772,0.200816198438406,0.0,True
00:00:07,59278c090220760001fda664,,0.0,,-105.27902441090755,-507.85857999999996,,,,,,,,,,,,,,,,,,,,,,,,,,12.903951639029767,12.903951639029767,12.903951639029767,12.903951639029767,12.903951639029767,12.903951639029767,12.903951639029767,1.0000007,,,,,,,,,,,,,,,False
00:00:07,5c41c28e896e090001c03bb0,81.33142618121343,0.6847324954584613,7.013626018887839,-39.93158574492011,-378.47885,94.71236400000001,-0.5075645000000001,1.9715487,8.298229,3.7659652,0.16381021,1.3213743999999998,1.7888526999999999,3.9739082000000003,-0.37314826,-7.032296700000001,1.4051996,12.15632,16.145227,12.67225,20.459356,7.697448,1.0486077,4.4942660000000005,1.3549606,-5.417499028774462e-05,0.9050282997272231,23.841993209489303,2227.463558639951,1728.6755959477273,11.214759325715772,10.594762735015168,12.97558010698118,15.57298589344142,20.35368219273963,19.011121429085136,31.32056901093771,0.00026270322,3393.75,0.046435546875,0.0,0.0,0.0,0.03926913775503636,0.0020067736972123385,0.002467348554637283,0.10602079201489686,0.002671366685535759,0.5379345715045929,0.07670542746782302,0.2329246200621128,0.0,True
00:00:08,59278c090220760001fda664,,0.0,,-105.27902441090755,-507.85857999999996,,,,,,,,,,,,,,,,,,,,,,,,,,12.903951639029767,12.903951639029767,12.903951639029767,12.903951639029767,12.903951639029767,12.903951639029767,12.903951639029767,1.0000007,,,,,,,,,,,,,,,False
00:00:08,5c41c28e896e090001c03bb0,151.5267204267651,0.8271309593983848,2.7269923325328524,-50.02196264407063,-473.30825999999996,41.190086,6.491153,5.4799690000000005,4.797112,0.35051316,-2.4100957000000003,0.9948267,1.8575206999999998,-0.7058229,-0.9450780000000001,-1.7245631999999997,30.538183,23.935932,17.537966,14.210857999999998,12.507235000000001,5.9342723,2.1172767000000006,5.326428,0.5053734000000001,-3.203810942167584e-06,0.05277068877456531,96.18640670727908,2518.2294490824584,1471.7068436075542,14.13752942548882,10.15806360045763,12.974788570707176,15.181109569601176,21.55837160363975,22.225006051912317,21.412912500885,0.00014094906999999999,2543.4375,0.0463623046875,0.0,0.0,0.0,0.10165051530514443,0.008339026676756995,0.008764889257560884,0.0242503486307604,0.013864314216854315,0.6448660918644497,0.11691586247512273,0.0813489460519382,0.0,True
00:00:09,59278c090220760001fda664,,0.0,,-105.27902441090755,-507.85857999999996,,,,,,,,,,,,,,,,,,,,,,,,,,12.903951639029767,12.903951639029767,12.903951639029767,12.903951639029767,12.903951639029767,12.903951639029767,12.903951639029767,1.0000007,,,,,,,,,,,,,,,False
00:00:09,5c41c28e896e090001c03bb0,190.1159844978305,0.7981695433641867,7.673127008879682,-35.07482660911577,-398.20395,95.491486,8.668709,5.6932364,4.3630123,-0.76144886,-0.2335123,3.0995204,1.7885776999999998,2.9313457,1.8805541000000001,-2.4395987999999997,24.097145,21.658344,20.298292,11.483409,19.576604999999997,14.648463000000001,4.5335774,8.5638,1.1448478000000002,-4.096129078223121e-05,0.6659215591129994,24.554202221261768,1850.9843010451289,1217.4984345923074,12.827499387385426,11.463706915135427,12.648612660870175,16.990168685838547,22.14103522143198,20.4935171427492,29.439669421426288,6.178210600000001e-05,2482.265625,0.034296875,0.0,0.0,0.0,0.2199370658232106,0.01022527260809309,0.015846016790924802,0.03198892664578226,0.011726055087314712,0.5200247168540955,0.11047525289985867,0.07977664636241065,0.0,True
00:00:10,59278c090220760001fda664,,0.0,,-105.27902441090755,-507.85857999999996,,,,,,,,,,,,,,,,,,,,,,,,,,12.903951639029767,12.903951639029767,12.903951639029767,12.903951639029767,12.903951639029767,12.903951639029767,12.903951639029767,1.0000007,,,,,,,,,,,,,,,False
00:00:10,5c41c28e896e090001c03bb0,282.17039263383464,0.6508433185042403,7.783893462835626,-36.46907775399428,-370.61472000000003,115.62378000000001,7.682048299999999,1.7996944,1.5646235000000002,-1.011365,-0.24242221,0.25845778,-2.6416395,3.7194230000000004,7.592185499999999,0.028113862000000003,18.01347,11.25502,11.502645,1.5096201,12.971063000000001,11.601334,3.0109652999999996,9.014472999999999,1.294805,-2.5363402834450158e-05,0.4184211484418084,14.340441860321832,1946.3055635721234,1604.617198628496,12.576976738792787,10.344243477410133,11.684518429002635,16.94537171382776,19.039137698884,18.813675009356672,32.27861941226097,6.510312e-05,3432.1875,0.0501220703125,0.0,0.0,0.0,0.21893079206347466,0.02166071250103414,0.02034898241981864,0.04064064426347613,0.032594642555341134,0.5147810220718384,0.08962638825178146,0.06141682742163539,0.0,True
00:00:11,59278c090220760001fda664,,0.0,,-105.27902441090755,-507.85857999999996,,,,,,,,,,,,,,,,,,,,,,,,,,12.903951639029767,12.903951639029767,12.903951639029767,12.903951639029767,12.903951639029767,12.903951639029767,12.903951639029767,1.0000007,,,,,,,,,,,,,,,False
00:00:11,5c41c28e896e090001c03bb0,96.16133733769364,0.7898967897643799,4.307939666761995,-41.60952155351646,-424.84283,84.93639,2.9107773,2.6449652,5.2978554,3.9992502,1.736978,2.422108,-0.44618216,-3.1551013,0.9657178,4.2192845000000005,38.088814,21.411196,12.670466000000001,6.214069,12.060583,13.518191,6.984606299999999,4.3467054,1.0144577,-1.2347361670366987e-05,0.20178610371712927,29.238981724562823,2034.5994334440893,1381.112586781391,11.946755409380035,9.60125715454025,12.488204907011301,16.211754072289153,15.934860947820132,18.041485815854973,27.28806486711999,0.000109203276,2983.828125,0.036005859375,0.0,0.0,0.0,0.13406844064593315,0.02375784730538726,0.01522434609942138,0.04590631118044257,0.03363761631771922,0.5531706750392914,0.09586448706686496,0.0983702667057514,0.0,True
00:00:12,59278c090220760001fda664,,0.0,,-105.27902441090755,-507.85857999999996,,,,,,,,,,,,,,,,,,,,,,,,,,12.903951639029767,12.903951639029767,12.903951639029767,12.903951639029767,12.903951639029767,12.903951639029767,12.903951639029767,1.0000007,,,,,,,,,,,,,,,False
00:00:12,5c41c28e896e090001c03bb0,259.76113100884595,0.7664827643311047,8.750742864014152,-32.29214142778684,-368.8349,109.55734,9.4455185,5.758627,6.0422444,-1.2580216,2.5333478,6.4681587,-2.1204515,-0.95927614,4.721287,0.61307186,17.070723,27.25838,25.516026999999998,10.723953,17.341192000000003,11.149247,9.065218,16.88035,1.5125742,-6.579014616730072e-05,1.0844967584317655,19.274485719088247,2018.8560106780892,1437.9794595979529,12.625775400504901,11.615367265734765,12.03222177374917,15.532030956034285,19.07412954647158,19.287123141746235,33.01132802835048,0.00013685434999999999,3084.84375,0.0346240234375,0.0,0.0,0.0,0.17698027342557907,0.008161906898021699,0.022835126984864472,0.06358077619224786,0.008928912924602628,0.4761093288660049,0.09461868032813073,0.14878499060869216,0.0,True
00:00:13,59278c090220760001fda664,,0.0,,-105.27902441090755,-507.85857999999996,,,,,,,,,,,,,,,,,,,,,,,,,,12.903951639029767,12.903951639029767,12.903951639029767,12.903951639029767,12.903951639029767,12.903951639029767,12.903951639029767,1.0000007,,,,,,,,,,,,,,,False
00:00:13,5c41c28e896e090001c03bb0,247.7763838803899,0.8984239722634724,25.908842742607145,-43.94534173217897,-417.1887,74.525185,-3.119884,3.3175035000000004,3.107569,-2.733461,-0.5640666999999999,3.5999007000000005,2.623749,2.2526345,0.09189294,-2.1819375,17.494549,18.105677,12.774747999999999,9.102988,14.080017000000002,7.027964,1.4666553999999998,-2.025572,1.1707892,-2.804210712929538e-05,0.4793996492700703,79.23165086814751,2165.6735049609,1596.7747098584225,12.705399503979036,10.14270126604811,13.958750002956185,16.708812042905663,23.45667581857897,22.687125636680282,26.500696055754517,0.00010335784,3003.515625,0.050576171875,0.0,0.0,0.0,0.14714946259151807,0.006675052520057017,0.020620040383867243,0.09189243072813208,0.00706099426712502,0.3580306199463931,0.0643671950833364,0.30420420454307034,0.0,True
00:00:14,59278c090220760001fda664,,0.7488123959865763,,-104.09245496933417,-507.85857999999996,,,,,,,,,,,,,,,,,,,,,-4.1620940469749985e-09,0.00010736619098979314,,6563.635072471672,8269.185840236742,7.053398312183057,6.6443257490458665,7.539363638876883,8.26763831905963,9.339397870375679,10.132114828414911,14.49670435045641,0.55951214,16754.60188356164,0.011558418843283584,,,,,,,,,,,,,False
00:00:14,5c41c28e896e090001c03bb0,334.88475721064117,0.7939608522809551,6.662673941755239,-30.343284427755442,-312.49686,98.763435,-8.601389999999999,0.117901705,14.579612,-0.37361196,-5.87131,4.94374,4.0396513999999994,5.871457,6.8406262,-1.7258188,-41.72722,30.374096,21.894178,4.835545,19.787725,-6.916073,5.0614347,15.819167000000002,1.3807633999999998,-6.322108167865121e-05,1.090225490613483,12.733467608343869,2236.88197762408,2777.8413533644025,12.12529193372293,9.78208741015884,12.678167255540775,15.768379123189133,19.706067348295797,19.964476242471058,43.21373853446758,7.214055000000001e-05,5232.1875,0.0937060546875,0.0,0.0,0.0,0.032616470754146566,0.0032983455341309307,0.004073675948893653,0.11209163069725037,0.0051796330139040935,0.29138323217630385,0.04271805882453918,0.5086389392614364,0.0,True
00:00:15,59278c090220760001fda664,,0.5679937096185403,,-104.48081605756894,-507.85857999999996,,,,,,,,,,,,,,,,,,,,,-3.9841634500177805e-09,9.453115466012231e-05,,6577.323878909369,8089.841226200448,5.478083908130358,5.423177851148519,6.0382544185027625,6.645664616291118,7.978475496090613,8.987974153235971,14.227380219233535,0.56125575,16441.11328125,0.0026821082746478872,,,,,,,,,,,,,False
00:00:15,5c41c28e896e090001c03bb0,320.03753795689386,0.8409433467039686,6.346678449438564,-32.308555943755074,-314.92615,105.124374,-1.0478204,-0.83853024,5.176613,-5.6343107,-3.9363464999999995,6.0736555999999995,0.72780573,1.5012251,1.5016418,-6.1368730000000005,-42.66129,20.19625,23.33698,-0.9494001,18.357461999999998,-0.47269273,-8.376927,6.597370599999999,1.5558771,-5.702298778135604e-05,0.9940864568138044,11.55839014314356,2061.399007600707,2810.1107293696587,13.711054729821308,9.712470383641284,12.346176544847472,15.744222987386957,20.291669750539093,21.64542844488718,40.087126195236394,6.0883558e-05,4992.65625,0.118095703125,0.0,0.0,0.0,0.025550239719450474,0.0028167972574010486,0.0022532819188199943,0.07221744880080222,0.0050210667774081225,0.5433868348598481,0.09221150241792203,0.25654281973838805,0.0,True
00:00:16,59278c090220760001fda664,,0.45800656421611896,,-104.7379522394855,-507.85857999999996,,,,,,,,,,,,,,,,,,,,,-3.020882924670399e-09,7.434134468658511e-05,,6569.627489690655,8358.853075087196,6.007194107389313,5.580923421131698,5.8459617900724075,7.119544638162633,8.305167441303205,8.890065016892258,13.460061482206486,0.67382735,16750.550176056342,0.0022172771516393444,,,,,,,,,,,,,False
00:00:16,5c41c28e896e090001c03bb0,232.35894027737731,0.6091505405565245,5.577684367524263,-30.60248954858397,-310.73245,74.896835,0.053706486,4.0032024,7.032092,-2.2483752,-2.9368877,6.3906455,-5.0746535999999995,2.028999,8.572593,-9.330169,-34.507248,68.143105,5.223732,-9.71898,29.483454,-2.4076457,0.9195247,8.5865555,1.5637113999999999,-0.00013284995750917076,2.4541332250100507,16.170284614840277,2350.0769408272267,4115.036424190327,12.39022233734125,9.929747168752087,11.719304121949115,15.831874363745051,17.738374650960093,19.91258379773218,46.16694178545848,0.00011927290000000001,6120.46875,0.178037109375,0.0,0.0,0.0,0.03373286845162511,0.003077101253438741,0.002913192170672118,0.10038535185158252,0.003708360623568296,0.5212536960840225,0.11353070810437202,0.22139870263636116,0.0,True
00:00:17,59278c090220760001fda664,,0.3715592636516892,,-104.96852683978359,-507.85857999999996,,,,,,,,,,,,,,,,,,,,,-2.38736961614036e-09,6.058783898827529e-05,,6386.642706834503,8537.9588453417,6.973245026967612,6.69579373974323,6.996570491459919,7.0729618294016205,7.671584933407278,9.295299786998116,14.731046801209152,0.7576809,16543.801229508197,0.0022352430555555554,,,,,,,,,,,,,False
00:00:17,5c41c28e896e090001c03bb0,332.53001862762727,0.6974973534449141,19.387687294329094,-23.25823259292184,-249.42182999999997,84.09694,-6.5560727,-6.4744244,5.698422,1.8413075,-6.3559327,5.095482,-5.8058825,-4.060263,8.9475,-12.460349,-61.337723,81.05872,-4.260975,-15.216404999999998,31.467045000000002,-17.990876999999998,1.7355556,16.924910999999998,1.88955,-0.00016298468232658282,3.0061270421666633,17.596939680138547,2191.6656325891668,4567.876451050001,11.335735686771214,11.093586372190908,14.243501977977884,16.345567517122685,19.124615384045796,22.57693111051522,51.26230376485715,2.8072624000000002e-05,6507.421875,0.1976416015625,0.0,0.0,0.0,0.05746511444449425,0.003901309077627957,0.004515757155604661,0.051157740503549584,0.0027241279603913426,0.5883287400007248,0.1804915800690651,0.11141563579440117,0.0,True
00:00:18,59278c090220760001fda664,,0.4483813966043477,,-69.28771224446757,-488.52518,45.38349,-10.210403,-7.689767999999999,-5.4036610000000005,-3.5093726999999997,-2.0545743,-1.405184,-1.8927906000000003,-3.2160075,-4.4903316,-4.997283,38.420809999999996,28.860357,18.369835000000002,8.04411,-1.1774926000000001,-8.114222999999999,-11.751585,-12.0670185,0.41049194,-2.5754719640647443e-06,0.04173838200631698,,3770.2798114152192,3418.531497715653,11.53187258266638,10.735306600298106,13.400476522021592,12.884942464832195,13.974477968383436,11.609467688007655,14.746447917479479,0.24261516,6680.20260989011,0.013307209256329116,,,,,,,,,,,,,True
00:00:18,5c41c28e896e090001c03bb0,234.10500467439903,0.8199854505508121,10.612842885827646,-32.55320968054412,-346.03726,80.7923,1.5821441,-3.4436351999999997,3.4893503,-0.97340256,1.0324401,2.507548,1.8014022,4.107445200000001,-3.4100685,-6.356605,-44.30038,24.255178,28.300234000000003,-1.9843236000000002,16.414522,1.2064198,-2.351357,15.565160999999998,1.4958808000000001,-4.238448441578894e-05,0.7443534946716112,9.935586527131994,1872.876576461622,2830.015280430241,11.994084090586796,9.082222551757583,12.853761031442033,16.177359388470887,21.18943351785978,21.81137582941767,38.84445623314225,4.7480167e-05,4691.484375,0.1103955078125,0.0,0.0,0.0,0.05718022342771292,0.002720212831627577,0.007628259970806539,0.10812170635908842,0.002196023100987077,0.4330359116196633,0.1563362892717123,0.2327813714742661,0.0,False
00:00:19,59278c090220760001fda664,,0.9215016494013032,,-96.28200487953848,-506.28778,18.984379,-13.366999,-10.588519999999999,-7.027514999999999,-3.3230805,-0.0502589,2.372066,3.7370843999999996,4.0621715,3.5582623,2.5655745999999997,15.530299,10.335257,4.1435204,-2.1813557,-7.7957788,-12.007653999999999,-14.377514000000001,-14.772694,0.39214712,-1.4622820124038913e-07,0.002448466819216049,,6171.360142963651,6826.876219489468,7.864029944975827,6.7199610201513265,8.323637846067557,8.741218511619127,10.789424104948,10.01275280077841,14.822067166574152,0.39704195,14197.068117977527,0.01080173399390244,,,,,,,,,,,,,False
00:00:19,5c41c28e896e090001c03bb0,163.3731447414251,0.7652600437469118,6.5632288745730625,-35.90795365571687,-345.43805,86.33165,2.8099265,4.8957809999999995,3.295053,-4.2738760000000005,0.6322034000000001,4.5897236,4.674211,2.350748,-5.350208,-2.4456564999999997,-31.876210999999998,28.226815999999996,27.438265,7.604207499999999,25.640079999999998,6.883294,-2.4767392000000004,7.383067,1.5261027,-6.498266443021657e-05,1.128047484299764,18.688291166195754,2182.318287749433,2615.686163754648,11.82165086665418,10.259962745825948,12.586667109266346,16.880559665389498,19.576936629199878,21.43517593683416,38.24468138252699,0.00017552607,4879.921875,0.087685546875,0.0,0.0,0.0,0.04287826418876648,0.003132064116653055,0.0052527328953146935,0.11278203800320626,0.0031353123486042023,0.4310016259551048,0.09433801174163818,0.3074799552559853,0.0,True
00:00:20,59278c090220760001fda664,,0.44008232197189584,,-105.06390108000298,-507.85857999999996,,,,,,,,,,,,,,,,,,,,,-2.753246687095619e-09,6.396870278455438e-05,,6462.364126905008,7873.218813262359,9.0290960172825,9.024389838929675,9.031416669696096,9.219506859225676,9.9008599800931,10.293527171233947,14.16856709258715,0.8428896,16341.964285714286,0.0013563368055555555,,,,,,,,,,,,,False
00:00:20,5c41c28e896e090001c03bb0,83.40958842749968,0.6978889786808679,8.263994985938629,-39.096114328464076,-365.60666000000003,83.194565,6.834384399999999,6.8512070000000005,8.882825,-2.990141,0.46074490000000007,6.2892075,2.030951,0.95225877,-2.283432,-2.650182,-21.838923,21.157173,17.09209,-3.8491873999999995,18.897645999999998,7.672242999999999,0.77807355,14.857266000000001,1.5643586999999999,-4.724279163669474e-05,0.8002150310440672,51.31663078490042,2255.7577895928102,2429.1999064924303,11.611811273258214,10.077178556847429,12.645951892685249,14.324955259727686,18.41124086369292,19.12193013850884,35.36115052398813,0.00016997943999999998,4659.140625,0.0785400390625,0.0,0.0,0.0,0.03760103918612003,0.0012621063244296238,0.008888179110363126,0.16391018368303775,0.0014465924992691725,0.2680534765124321,0.06906240526586771,0.4497760251164437,0.0,True
00:00:21,59278c090220760001fda664,,0.4363958733396056,,-105.26026626029949,-507.85857999999996,,,,,,,,,,,,,,,,,,,,,-2.5037307097121747e-09,5.5436497814372694e-05,,6341.025117362044,7258.187502819926,12.387843650276794,12.387989862466444,12.388612608388605,12.391225536661205,12.402136573461974,12.452151251661293,13.191386742380562,0.98201394,16476.5625,,,,,,,,,,,,,,False
00:00:21,5c41c28e896e090001c03bb0,284.1571460707398,0.8461897476274071,3.0931467222364484,-21.810200953790737,-193.90538,132.78055,-1.629569,5.298161,8.089222999999999,-11.579157,-5.931289,0.9426829999999999,-1.9157381999999998,-6.4401720000000005,1.6699671999999999,-5.9401655,-63.642025,11.691646,-8.684191,1.4258939,4.5897125999999995,0.12450730000000002,-17.521036,3.2064075,1.7665551,-0.00023825415112578598,4.152849772235506,21.050440723343673,2404.861639706713,2684.3717138483603,11.931505681951592,12.080488455860893,13.085379966935086,16.27107832958682,21.000349180142216,20.421334425554345,44.474544328428614,0.00010232918,5157.890625,0.0670947265625,0.0,0.0,1.0,0.035136326123028985,0.009158741970895787,0.006963607692159713,0.18044481305405494,0.14911547278752552,0.3024029903113842,0.06787213236093521,0.2489058982115239,0.0,True
00:00:22,59278c090220760001fda664,,0.4810237806890195,,-105.24079568520071,-507.85857999999996,,,,,,,,,,,,,,,,,,,,,-1.0619006987076312e-09,2.998694731021493e-05,,6785.434702707682,10070.71680638068,11.584800030766553,11.468630210897048,11.47226634126616,11.373058353893224,11.447119179596713,12.140526699984035,12.892846321765205,0.9709998,18304.6875,0.0009765625,,,,,,,,,,,,,False
00:00:22,5c41c28e896e090001c03bb0,,0.5868416808639556,,-37.77978740449639,-346.14867999999996,101.779686,-0.5520248999999999,1.0870941,7.6775823,-9.620841,-1.7123464,9.661246,-2.3398716,-1.2456816000000002,0.27111635,-5.5517783,-18.87134,18.713785,17.404158,-0.49487120000000007,22.537628,6.4698944,-1.4582638,13.525623000000001,1.7190193999999999,-3.0287408718423706e-05,0.513456541061692,,2153.0803420880547,2423.7354971193595,12.239411636645045,9.473837303808056,12.035497529877029,15.217112196410813,18.124763988337094,18.27180144377164,38.57626472652417,5.7187974999999993e-05,4845.234375,0.0736962890625,0.0,0.0,0.0,0.010039317849441431,0.003725309114088304,0.000925238382842508,0.11099997245473787,0.7898569922894241,0.025620274955872446,0.041712832171469934,0.01712004825240001,0.0,True
00:00:23,59278c090220760001fda664,,0.40806429800682187,,-105.25917290297168,-507.85857999999996,,,,,,,,,,,,,,,,,,,,,-2.4025629503817874e-09,5.5107484097241344e-05,,6564.888205315634,7684.195610822306,11.484630466532712,11.484961897884395,11.486373758980706,11.492301453564286,11.517132307737315,11.634090540032494,13.637550356517524,0.95148873,16289.0625,0.0009765625,,,,,,,,,,,,,False
00:00:23,5c41c28e896e090001c03bb0,250.69553822524827,0.8746099366137019,1.5549290913596112,-32.27442402228082,-309.70877,124.55335,-10.556045,-4.744865,6.089546,-3.7769907,-0.03153095,2.815514,-4.9875774,0.4554345,1.6566325000000002,-7.594367999999999,-16.660477,16.74459,-2.5319986,-18.118843,4.865125,-1.0330405999999999,-8.575792,-0.7964995,1.9138428,-0.00011646455272961997,1.9390939773000968,13.415669757895964,2117.6405526854924,2354.229106325752,11.927362275823615,11.081085491136845,13.669706750061453,15.424784831722667,18.745788636862216,19.72656614036429,37.81750664530741,0.0007080312400000002,4130.625,0.0727978515625,0.0,1.0,1.0,0.002288113572285511,0.011884038365678862,0.003644917322526453,0.002806297541246749,0.9389628171920776,0.014960764202987776,0.02080875284736976,0.004644302726956084,0.0,True
00:00:24,59278c090220760001fda664,,0.573760204186443,,-105.24400605649866,-507.85857999999996,,,,,,,,,,,,,,,,,,,,,-3.982520287915839e-09,8.858346270693882e-05,,6555.775836505248,7191.33044964188,12.565754215995247,12.570899842034205,12.581049344250081,12.650413079299815,12.739812326556214,12.818062686911757,13.008442508858625,0.9847021,14507.8125,0.001953125,,,,,,,,,,,,,False
00:00:24,5c41c28e896e090001c03bb0,221.63965525127944,0.9290604146691018,1.9399464329524232,-27.457866739715985,-257.5858,124.56801999999999,-12.041915,-3.2288706,5.864253,-6.0821166,-5.5277324,-1.9390805,2.8553257000000003,1.6082807,-2.5108976000000003,-8.485353,-42.239025,16.791746,5.40856,-0.89573807,-2.9025095000000003,-12.836799000000001,-16.451717000000002,-6.307992,1.2177427,-0.0001778406696062461,3.0020598634589635,19.533272687341626,2292.785474972196,2258.289192249957,10.757401746820412,13.980439017507706,15.864119011832445,17.375747785921238,21.83619651829571,23.16869253822545,38.15829294984425,0.00030544944,3816.09375,0.065283203125,0.0,0.0,0.0,0.07272258289158344,0.02346370459999889,0.05574908712878823,0.051308794226497416,0.15238312371075152,0.2395508386194706,0.34779062010347844,0.05703126792795956,0.0,True
00:00:25,59278c090220760001fda664,,0.9143120445475094,,-94.38582783817664,-507.4371,4.779048400000001,-1.9896686999999997,-1.9203898000000001,-1.6867438999999997,-1.3725291000000002,-1.0646715,-0.8388124,-0.7472139,-0.8108353,-1.0167094,-1.3209768999999998,4.236629499999999,3.4041367,2.378196,1.274375,0.21110610000000002,-0.7064446999999999,-1.4001579,-1.8283814999999999,0.12903571,-4.3159961387827635e-08,0.0007907060649364942,,6452.081725308243,5856.724879987162,9.381485243155998,7.616223351076853,11.896562987556193,11.57461824287652,12.699096028621762,13.12755385343447,14.648501598159466,0.21092260000000002,13482.931385869566,0.012504489942528736,,,,,,,,,,,,,False
00:00:25,5c41c28e896e090001c03bb0,,0.8797985432423531,,-89.34796693264994,-504.4973,4.4758143,-0.47783086,-4.1826434,-2.2848884999999997,0.61679584,-0.4636809,1.1717999,2.4008265,-2.117034,-1.7605397,3.6133275,-6.040655999999999,-2.9980052,-5.5372195,-7.8926125,2.3088028,8.01882,3.4702854,1.3586076,0.36729872,-3.601020402122061e-07,0.006536745762745647,,5371.386192517434,6138.686879839001,8.839826794470431,8.804359539708411,10.32152099593142,15.016475802559086,19.559356641384056,17.9294939771171,16.021542619695197,0.3281862,11834.395559210527,0.09226588199013158,0.0,0.0,1.0,0.17419116385281086,0.0173784859944135,0.07039615456014872,0.07410374842584133,0.04087891140952706,0.3736372575163841,0.16054367572069167,0.08887060964480042,0.0,True
00:00:26,59278c090220760001fda664,,0.7614010405997121,,-100.0320720074397,-507.85857999999996,,,,,,,,,,,,,,,,,,,,,-1.2931149928810588e-08,0.00028025303521290584,,6692.299457542008,7163.360833803263,7.218122575122582,7.301915882380768,9.269916067789326,11.802282316322119,13.220784324162825,12.95902573155322,14.948367420269447,0.19722594,15751.40625,0.0092041015625,,,,,,,,,,,,,False
00:00:26,5c41c28e896e090001c03bb0,,0.726430234145096,,-87.44787353470561,-499.49225,31.356279999999998,4.452022,1.8544148999999999,3.7077644,-1.0838497,0.34777156,7.739319999999999,5.933134,4.5113010000000004,8.048057,6.419585,10.937431,19.93909,13.607709,5.7195377,14.46026,12.479227,7.022311,9.121774,1.112256,-9.420945437641924e-07,0.01604899441754782,,5716.766566081208,6190.364372659281,9.189375944080403,7.866803187929054,10.21105099331373,11.120163723856663,13.633307463713287,13.621279393587804,18.86369440337436,0.18957402,12886.320153061222,0.055738799426020405,0.0,0.0,1.0,0.22464332580566407,0.014483872475102544,0.047535182908177376,0.028691528830677267,0.01850342412944883,0.2786099366843701,0.35025455020368107,0.037278178799897435,0.0,True
00:00:27,59278c090220760001fda664,,0.6906026056885329,,-102.54799863446009,-507.85857999999996,,,,,,,,,,,,,,,,,,,,,-9.052361651824124e-09,0.00019638607197202483,,6691.625664802343,7547.698132022227,7.523403493884372,6.978112819991829,8.708457939015718,9.687087024263402,11.52017114217045,11.568426808143013,14.184748075507374,0.43013692,16116.996951219511,0.00589742288961039,,,,,,,,,,,,,False
00:00:27,5c41c28e896e090001c03bb0,244.07238970223514,0.7931014507444807,0.5620002129704034,-50.794274286922025,-320.7376,122.43202,-18.378984,-14.712304999999999,1.5884868,-6.035097,-6.713775999999999,-4.3402080000000005,4.3335013,0.8334889999999999,-0.69404787,-10.477718,-51.19323,36.608757000000004,7.114784700000001,-8.427242,-11.148373,-6.482688400000001,-7.1126002999999995,2.1250234,2.1172152000000004,-0.00017667495124241785,3.0087218780112504,11.487436449409532,3310.1576440533668,3637.498913073753,10.316122244824363,11.5979433165539,14.436311613718829,15.092505362968714,16.99867249321313,17.47177099793632,31.566245182663806,0.25634822,7039.930555555556,0.04923095703125,0.0,0.0,0.0,0.1118594765663147,0.0019820449524559076,0.05101768719032407,0.32248689979314804,0.00223092294181697,0.13247657604515553,0.04384724646806717,0.33409913778305056,0.0,True
00:00:28,59278c090220760001fda664,,0.6011293615514469,,-103.61735399558437,-507.85857999999996,,,,,,,,,,,,,,,,,,,,,-7.681356943497341e-09,0.00016583473761753672,,6559.318126889317,7223.376157049908,8.215323819009624,7.799830723599732,8.402828491617077,9.523779222819163,10.923922450635564,12.05422477209232,14.220898068384464,0.58197445,15506.25,0.004403250558035714,0.0,0.0,0.0,0.022051070037102976,0.07861904436072638,0.0028364355405142835,0.0016755333933762687,0.7237557921298715,0.1605830246279406,0.007027647246844893,0.003451425162533861,0.0,False
00:00:28,5c41c28e896e090001c03bb0,276.85638039956825,0.9859880779708842,1.828930061906568,-88.65037192352408,-482.30994000000004,66.52431,-6.3000627,-6.6889753,1.0905645,-3.2028627,-4.3858239999999995,1.3241951,2.9791793999999996,3.3576144999999995,-1.8921303,-8.477066,-10.80941,8.283934,8.989384,-15.194067,-9.891226,-3.4973302000000004,-0.57812953,2.8929110000000002,0.45437545,-6.452698125853653e-06,0.109379472187455,28.95757528206276,5084.922849512224,5387.807652902516,9.281941499173817,9.7714013133974,10.33797062865417,11.519241153531821,12.910518995365308,13.816404596252415,17.448687793207192,0.39713976,11152.901785714286,0.0546875,0.0,0.0,0.0,0.15623433254659175,0.00310776645783335,0.05053109154105186,0.21256623081862927,0.005570127128157765,0.1909123357385397,0.07702340576797724,0.3040547132492065,0.0,True
00:00:29,59278c090220760001fda664,,0.6465276777669415,,-103.73062382993193,-507.85857999999996,,,,,,,,,,,,,,,,,,,,,-5.679950337169183e-09,0.00012710687074247236,,6640.425412465113,7777.422318600256,5.5990537211246965,4.955847644932393,6.017700003246935,6.94096505028306,8.85523176865085,9.197480381158957,14.35852802932417,0.43062344,16240.364583333336,0.00341796875,1.0,0.0,0.0,0.16922847429911295,0.08405782158176105,0.010785378282889724,0.0019488631902883449,0.11686827552815278,0.5441965262095133,0.06994301018615562,0.002971635297096024,0.0,False
00:00:29,5c41c28e896e090001c03bb0,,0.0,,-109.46512580451794,-507.33987,,,,,,,,,,,,,,,,,,,,,,,,,,10.211688719812749,10.211688719812749,10.211688719812749,10.211688719812749,10.211688719812749,10.211688719812749,10.211688719812749,1.0000007,,,0.0,0.0,0.0,0.0471133655783805,0.0060891173991628675,0.012854782441122965,0.0722504999827255,0.012511754408478735,0.31536452065814624,0.0948857119814916,0.4389302622188221,0.0,True
00:00:30,59278c090220760001fda664,,0.9286273647711496,,-97.060055464789,-507.65865999999994,3.3165072999999996,-2.4558294,-1.7022727999999998,-0.7031851,0.40150064,1.459392,2.3267264,2.8879707000000003,3.071198,2.857197,2.2811081000000004,2.6936902999999996,1.7502674999999999,0.6143356,-0.5603923000000001,-1.6158238999999999,-2.4112322,-2.842479,-2.8560168999999997,0.08332064,-2.7852421080217986e-08,0.0005416367939493982,,6653.830095740905,7259.931780357619,9.619264520617582,6.833151720211863,10.268409902463675,9.840881289881233,11.458828454226351,12.087344958650695,14.223409473742704,0.29696813,15433.963815789473,0.015609077785326088,0.0,0.0,1.0,0.2337479206422965,0.06034949235618115,0.009656056063249707,0.0029774703240642944,0.16028662584722042,0.4742215573787689,0.055989152441422135,0.002771721687167883,0.0,False
00:00:30,5c41c28e896e090001c03bb0,219.03760048906625,0.5509983379700439,0.5612266409831025,-41.11033476341493,-302.2292,150.2462,-11.132328999999999,-15.870532,1.445997,-5.3776207000000005,-11.980141,-0.929523,2.883785,-1.7014786,-6.592229,-18.145410000000002,-48.251614000000004,25.764194,19.975916,-7.247586999999999,-7.96134,-9.609134,-17.298498000000002,-2.3518445,1.9125,-0.00013397638527816902,2.2754660260975617,24.074556770528048,3288.257671531854,3777.1362441873653,11.149714529788444,13.02726711078066,15.602555878711755,14.860480113113804,19.916417934977886,18.036743073657252,33.49305516959962,0.07815664,7468.588917525773,0.0508215206185567,0.0,0.0,0.0,0.18619365012273192,0.009693747910205277,0.028650491265580055,0.05919149913825095,0.014385849877726287,0.3269590921700001,0.0989667703397572,0.2759589256020263,0.0,True
00:00:31,59278c090220760001fda664,,0.4314361235415712,,-104.81343398961776,-507.85857999999996,,,,,,,,,,,,,,,,,,,,,-3.024614712343523e-09,7.256747795287477e-05,,6462.406933046906,8349.903804943733,6.509380079446594,6.137115631722208,6.482103593944531,7.198389991649377,8.449655981053604,9.193317931886966,13.978910459584705,0.7170369000000001,16473.9990234375,0.001974354619565217,1.0,0.0,0.0,0.30179891486962634,0.01719951389047007,0.01648834712492923,0.14272906879583994,0.05547392989198367,0.3212190779546897,0.10636924921224516,0.038721952878404416,1.0,False
00:00:31,5c41c28e896e090001c03bb0,,0.9355622300750852,,-79.1638757923732,-500.31955,12.332474000000001,-0.72095263,0.11324459,-1.9104762999999998,-4.3638473,-3.0721166,0.8898761000000001,2.0380328000000003,-1.4955451000000002,-5.3410788,-4.959478,1.5678348999999998,-1.5803753999999999,1.922564,3.3875754000000002,-0.2930973,-4.6338906,-5.3840094,-3.2302125,0.14904806,-4.987038882555273e-07,0.008500451729153676,,5803.441518967064,5019.438217762753,8.687323619979036,14.953138256613993,11.481449869212847,12.939715534494505,19.69514251733437,14.450362019830045,16.552926402338866,0.025852574,11606.015625,0.0373876953125,0.0,1.0,1.0,0.1869414895772934,0.03286712570115924,0.03276925557292998,0.07571862265467644,0.11057529877871276,0.15609918534755707,0.0629627350717783,0.3420662879943848,0.0,True
00:00:32,59278c090220760001fda664,,0.4077072594050299,,-105.22135239710686,-507.85857999999996,,,,,,,,,,,,,,,,,,,,,-1.8146377183037866e-09,4.698379029249237e-05,,6510.870462562535,9088.644435699658,11.262164044583681,11.148023131606731,11.141947625654756,11.173490034413874,11.46474461450052,11.486110083203455,12.89618185004457,0.94308156,17147.977941176472,0.0012770432692307692,1.0,0.0,0.0,0.2995971975227197,0.039575749581369266,0.022460428066551685,0.04682408381874362,0.1718609050537149,0.2957332332928975,0.019890111715843282,0.10405826785912116,1.0,False
00:00:32,5c41c28e896e090001c03bb0,242.08404845794098,0.7544322862805549,2.2414478709226677,-23.12405407100481,-226.24065,142.26465,-13.751982,-12.141542,-0.44886220000000004,-1.3114729999999999,-2.6702588,0.9106389000000001,2.9217126,-1.4596691000000002,-0.7808208000000001,-11.641516000000001,-51.709934000000004,22.620953,3.1769562000000002,5.6248655,-5.9659157,-20.875598999999998,-21.448479000000003,-10.782707,1.9590398999999998,-0.00018086313770457452,3.0734385864525846,23.179576543087467,2541.2075027935857,2761.567031316257,13.47176261365538,12.292507526111814,17.291888938429896,15.647531673943572,19.071647006822367,20.553660804406615,39.84258443753815,0.0020191066,4879.921875,0.07396484375,0.0,0.0,0.0,0.12367295771837235,0.006654857349349186,0.016667355597019196,0.24958945214748385,0.02280591600574553,0.12556186690926552,0.053431396558880816,0.40161621272563935,0.0,True
00:00:33,59278c090220760001fda664,,0.4199727989721264,,-105.20128970314168,-507.85857999999996,,,,,,,,,,,,,,,,,,,,,-1.6685536263896795e-09,4.303127138342631e-05,,6392.791577651107,8931.69337285155,9.861722183498964,9.765665287492578,9.776711811019103,9.825285328343574,10.100156408807688,10.372910119680537,13.25586020270641,0.9250221,16905.64903846154,0.0012637867647058824,0.0,0.0,0.0,0.07882482558488846,0.11431268230080605,0.005417972415064772,0.006365962520552178,0.3732299009958903,0.3831186244885127,0.016927872473994892,0.021802175790071487,1.0,False
00:00:33,5c41c28e896e090001c03bb0,265.05639384175333,0.8800464025059961,4.867022193805082,-62.036869431018594,-414.28174,79.19483000000001,-5.205972,-12.846568,-7.736103,-5.534263,-3.9991777,0.69334626,2.0420358,-0.15822479,-1.6577102,-8.899968,-11.675967,5.158206,0.7993096,-0.6336453000000001,-2.7009543999999996,-8.918880999999999,-14.029226999999999,-3.490418,1.1643568000000002,-5.354780802291656e-05,0.8995347658989179,24.00535392741199,4266.690556143905,3873.3120185002094,9.510614802035374,11.257749550115745,15.533946509933186,13.732993514067688,17.927161987399714,16.684361079959707,24.168135074831902,0.06250465,8008.125,0.03244140625,0.0,0.0,0.0,0.0786388705484569,0.03561679595150054,0.019307540217414498,0.06829220068175346,0.3617146639153361,0.14273097226396206,0.045905135199427606,0.2477938333991915,0.0,True
00:00:34,59278c090220760001fda664,,0.531914615563595,,-104.65326360527212,-507.85857999999996,,,,,,,,,,,,,,,,,,,,,-3.4893806152770275e-09,7.994672791830545e-05,,6555.718134462246,7951.1879449992575,4.812162257408434,4.57333536389819,4.90164384999162,5.516957661149538,7.0418522087252144,9.2105561418649,14.763770708368044,0.58888805,16346.454326923076,0.001968149038461539,0.0,0.0,0.0,0.0515779722481966,0.09968740828335283,0.003996989689767361,0.0037815554300323134,0.475456190109253,0.3415243327617645,0.01528715491294861,0.008688391419127585,1.0,False
00:00:34,5c41c28e896e090001c03bb0,,0.7686174386978605,,-79.52365877780413,-504.42328,2.4033417999999998,-2.584444,0.7760246000000001,2.3595047,-2.9115431,-3.545642,0.93990624,0.0394713,-3.062834,-2.6098979,-0.70391166,-2.4178312,5.340751,6.440528,0.21913464,-0.30912814,2.5739794,3.070266,0.0042307363,0.27059883,-3.69561201709428e-07,0.006737759482494134,,5429.377307215177,5996.749273675157,15.996680849631288,12.873861902698406,15.379549190486538,14.5313520478371,22.22236436608659,19.751783636922553,16.04609680849801,0.05167851,11882.8125,0.1018603515625,0.0,0.0,0.0,0.009937112382613123,0.008442791178822517,0.0020433394471183423,0.005094304936937988,0.9335902512073516,0.009682502644136549,0.02149359304457903,0.009716126741841436,0.0,True
00:00:35,59278c090220760001fda664,,0.7144004771292093,,-101.44871355342968,-507.85857999999996,,,,,,,,,,,,,,,,,,,,,-1.024647410512063e-08,0.0002255567326156233,,6658.977281257836,7260.0149800929275,7.153713715539165,6.2949140786112725,7.562489187989375,10.028870962295334,13.058690019422329,12.490250210035324,14.824022684704714,0.22380126,15761.484375,0.0073388671875,1.0,0.0,0.0,0.07764347307384015,0.10908296108245848,0.006081576319411397,0.004260899662040174,0.4329398453235626,0.3352460741996765,0.02553763873875141,0.009207509644329549,1.0,False
00:00:35,5c41c28e896e090001c03bb0,,0.9107358061588158,,-71.90694205515464,-499.8026,13.673041,-1.9313039,-1.7704872,-1.8082998,-3.4747796,-3.9378545,-1.5814427,0.08305633,-1.2703123,-2.2216084,-0.10975373,7.7704806,7.5443807000000005,9.078073,6.223198,1.7581671000000003,0.59977365,1.0130581,-0.32528606,0.33807632,-1.1106027410845213e-06,0.01838705551404289,,4810.357753987726,4104.834478944076,12.07760964575735,9.515745115217511,16.227417712362715,14.979796199975073,20.687769588457726,20.917642228964716,17.6729811440833,0.012310876,8420.859375,0.0712939453125,0.0,0.0,0.0,0.04899392751976848,0.025620635575614868,0.018330589239485558,0.007370920196990482,0.6647156834602356,0.15919785308651627,0.03362660470884293,0.0421437842072919,1.0,True
00:00:36,59278c090220760001fda664,,0.7337016179233168,,-101.0178160499236,-507.85857999999996,,,,,,,,,,,,,,,,,,,,,-1.1256322203133651e-08,0.0002505285232879239,,6715.824522386768,7474.26997851497,7.515932567618742,6.636984536973047,8.69610472675891,10.829695983577258,12.718521267606889,12.768996842680108,14.807955472663851,0.2410801,16088.671875,0.009795217803030304,1.0,0.0,0.0,0.050314618119349085,0.004148839400537933,0.0015207196508223813,0.023430748566170227,0.8936599095662435,0.005378361810774853,0.00767214895070841,0.01387471315683797,1.0,False
00:00:36,5c41c28e896e090001c03bb0,,0.6459205550001015,,-45.73604025934196,-367.42245,96.520195,-5.398643,-6.3420267,12.91209,1.057874,-8.578478,3.476951,2.4274364,-1.0581114,-1.0213624,-5.455610299999999,-45.10883,-5.759093,11.052781,-13.178448999999999,5.048901,0.49720538,-9.168475,5.203214,1.3289756000000001,-5.1188614009231e-05,0.8658618664410845,,2702.3294869558194,3513.815673726005,13.307566966658467,10.081390923794343,13.171622914745438,14.638158795800289,18.502858443817324,19.39539633400213,31.492730021713072,0.014904932,6191.953125,0.113671875,0.0,0.0,1.0,0.028085431549698114,0.06744294138625265,0.0079186940100044,0.008425473491661251,0.4396498318761587,0.3035320580005646,0.10156977884471416,0.043375754609587605,0.0,True
00:00:37,59278c090220760001fda664,,0.7434249672722627,,-103.73166749152605,-507.85857999999996,,,,,,,,,,,,,,,,,,,,,-6.206653722673178e-09,0.0001382355318202245,,6665.827196250105,7736.560626033058,6.702816190403088,6.439524354134862,6.811717659273172,7.8017568617993724,9.38629326384872,10.076523258187162,14.04312351250358,0.50113684,16202.9296875,0.0046352332746478885,0.0,0.0,0.0,0.031114295901109774,0.08610141005677481,0.0039465306520772465,0.0026057599194852323,0.8130164146423341,0.045686998947833984,0.015554340595069032,0.001974246658695241,1.0,False
00:00:37,5c41c28e896e090001c03bb0,88.94114882169559,0.6845939023718449,12.051632450927944,-38.13834527206007,-331.3667,116.697624,-1.1291826,-8.686999,7.061116999999999,0.97993374,-5.9207980000000004,6.485422,5.8846655,-3.4383137,-3.3767028,-2.5019994,-24.230473999999997,6.2165203,14.887641,-15.674470000000001,-0.31610075,0.546565,-4.165503500000001,10.7106905,1.3229808,-2.98811362689368e-05,0.5081319190514129,51.183940331286614,1940.9219420493412,2228.201248413263,13.64226299318577,10.247596298042616,12.907371560288794,16.064610334889824,18.580106785926407,21.371579717513235,34.465843559667356,3.6115959999999995e-05,4490.15625,0.0824609375,0.0,1.0,1.0,0.009275136410724373,0.033708554320037366,0.006668049309519118,0.012392052554059773,0.7074792176485062,0.06150612602941693,0.16014873581007122,0.008822142623830586,1.0,True
00:00:38,59278c090220760001fda664,,0.4098453722180014,,-105.23542801193358,-507.85857999999996,,,,,,,,,,,,,,,,,,,,,-2.317585301470663e-09,5.421222537692604e-05,,6150.017697141059,7815.806770629239,11.385432078553679,11.395464921201926,11.44144739166124,11.494320990571618,11.512944994738668,11.820762243160482,13.504206943080414,0.9522042,15529.296875,0.0015190972222222222,0.0,0.0,0.0,0.21153297958274686,0.18317667488008735,0.08030220322931808,0.005936608480017942,0.2526874789230836,0.21446285396814346,0.04670858973016342,0.005192626384086907,1.0,False
00:00:38,5c41c28e896e090001c03bb0,226.63837599402348,0.7988303947351563,1.223798557044321,-18.148549436642522,-178.82199,141.93907,-11.954798,-12.980285,-1.8913523,-11.208651,0.62214816,3.7517877,-2.004023,-3.4289937000000004,6.009377,-4.494413,-57.019936,30.107862,1.116162,-1.7146113,-9.189966,-8.966505,-18.882551,-1.8987254,1.8553262,-0.0002265697420895796,3.903467407668023,16.788093882805807,2351.1071317673277,2529.480185704379,11.855389335248043,12.460434990855644,16.72007309676582,16.305713413388286,19.08849522505341,20.33700341601844,44.34422392025322,3.6970898e-05,4677.890625,0.061357421875,0.0,0.0,1.0,0.08020526490041187,0.0062078098001490745,0.016299409093335267,0.15935755354751432,0.046982592869816084,0.37163020351103376,0.2046304994395801,0.11468665128839868,0.0,True
00:00:39,59278c090220760001fda664,,0.35836812951740016,,-105.2240562832355,-507.85857999999996,,,,,,,,,,,,,,,,,,,,,-1.6118085551486602e-09,4.1054912175920034e-05,,6310.68724148529,8684.589460206498,10.522719823031867,10.531520181651803,10.53909620911015,10.546958495984468,10.579327713218932,10.733941917049558,13.596065962218315,0.94388515,16625.390625,0.001065340909090909,0.0,0.0,0.0,0.5772520651419958,0.04472557684251418,0.0436853162633876,0.033936308308814965,0.12493631338778262,0.11205814220011234,0.05666838089625041,0.006737918825820088,1.0,False
00:00:39,5c41c28e896e090001c03bb0,220.16553058389763,0.8804232900204282,2.3627387363679326,-24.043877170848514,-259.89583999999996,122.951035,-10.6154,-10.080480999999999,-2.1105824,-8.111957,-3.7447413999999997,0.14663474,-1.1626709,-2.0241888,2.6616712000000002,-5.153045,-33.92473,15.592682,1.0980896999999998,4.411522,-2.1125095000000003,-12.05645,-20.529413,-6.9144216,1.6174475,-0.00018092584945502606,3.071355054609015,14.620356664056398,2132.962448948228,2132.8167324913447,12.522828738728833,13.212299628251861,20.57359071507907,16.875521374475493,20.92433072943642,22.1691225425689,38.3489330931558,9.837896999999999e-05,3699.84375,0.0499609375,0.0,0.0,1.0,0.07170844290937696,0.003288824726561351,0.01910468619982047,0.05553336960396597,0.049500733198198886,0.3946117375578199,0.23266549089125224,0.1735867096909455,0.0,True
00:00:40,59278c090220760001fda664,,0.6165773216504511,,-81.16881848681702,-502.55655,15.995267000000002,-1.1538115,0.395357,-0.18763606,-1.9283148999999997,-3.262726,-3.518017,-3.084462,-2.4802418,-1.6789353,-0.4018927,10.57343,4.970808,0.9778107,-1.7293418999999999,-4.1034846,-5.939202,-6.0410705,-3.9898534,0.35100287,-5.233446893712123e-07,0.008659788006580509,,5432.258774015057,4622.109251209581,12.443430506557775,9.197954861305929,12.099642673570465,16.526393674525814,19.830220781803533,13.042564501167565,14.061340452976824,0.17323337,9857.400412087913,0.025157335069444446,0.0,1.0,0.0,0.4793388446172078,0.10689944463471572,0.013107844007511934,0.022183929259578388,0.2016735002398491,0.14883561742802462,0.016358280399193362,0.011602503325169286,1.0,False
00:00:40,5c41c28e896e090001c03bb0,265.8589460338489,0.9775126682182232,2.127808739644458,-68.95299948426485,-457.82532000000003,70.029686,9.791803999999999,11.430743,4.717792,-2.548463,-0.45551285,2.6674912,-2.5903697,-9.388822,-6.199191000000001,-1.9583833,-14.10896,-8.597607,1.4622351999999998,-2.3942945,-5.733303,-12.772694,-19.291045999999998,-5.44834,0.55998975,-1.6302577832636012e-05,0.27323393566572723,13.188212836229935,4314.787559288536,3808.3289544469594,10.470467297314627,10.652772972799255,11.77268830617578,17.489872904475607,20.504156407957648,17.70015940132069,19.030979778501827,0.036742000000000004,8013.75,0.0590576171875,,,,,,,,,,,,,True
00:00:41,59278c090220760001fda664,148.07939256633026,0.664376652468938,0.5286837767623365,-38.934245123826116,-393.30655,108.24389,-19.884674,-8.24324,-1.2695674,2.1702084999999998,-1.3790873,-7.466013,-5.88511,-2.2352202,-4.8154874,-6.4552517,12.698396,6.4290495000000005,26.880726,6.472869,-13.088524000000001,-10.342694999999999,-15.947531,-25.838917000000002,0.97149426,-2.02123341121642e-05,0.33494313719299,2.3330329015787656,1841.128954625487,1709.0273934654026,18.40138814033301,15.994091062927529,18.835955457248925,17.59058555481329,21.866561570792197,27.285545252002652,21.18586983251506,0.024445962,3229.6875,0.029189453125,0.0,0.0,0.0,0.35684458911418915,0.022670857685928542,0.015756916565199692,0.058387168683111675,0.03409019826600949,0.43685062726338697,0.03831684868782759,0.03708280902355909,1.0,True
00:00:41,5c41c28e896e090001c03bb0,205.98693511711704,0.6464673774565768,3.863929866425443,-78.86905772880601,-463.10825,95.31348,-4.569651599999999,-1.037976,-7.847346000000001,0.7510399,8.628627999999999,-1.5717537,-5.8635015,2.359099,3.1896374,0.09136034,-16.219208,1.3587506,34.48724,-4.006869,-24.95738,-1.9790417000000002,-1.1956451000000001,-13.383841,1.3749296999999998,-7.814375428194814e-06,0.1310281933753732,21.24127215064102,4622.343282347357,4899.426250409013,9.634593455040518,8.448282585142094,10.860956654427119,12.505708327491519,14.422383076525927,21.766990470983053,14.882386474627905,0.24591826,9946.022727272728,0.0601806640625,0.0,0.0,0.0,0.15428662970662116,0.02813068558461964,0.012524776160717009,0.03358399425633252,0.02276405249722302,0.3713145136833191,0.2267596445977688,0.15063571482896804,0.0,True
00:00:42,59278c090220760001fda664,116.31778209921127,0.42377421928013376,0.3849270724201975,-64.06433340668502,-462.32272,69.0438,-2.7322642999999998,1.6429454,1.1323421999999999,-0.86603886,-1.4200511,-2.255827,-3.0834648999999996,-2.9189717999999996,-3.4471107000000005,-4.1211605,11.971882,1.8589548999999999,19.974766,18.789326000000003,1.6216165,-7.708286,-8.726785000000001,-7.4139833,0.96924543,-6.740534005138943e-06,0.11162936779961412,6.426822304406126,4056.022721466418,3803.431265798748,13.334806409954204,9.517609575297387,11.223979278385627,14.209671478857436,20.497077186268942,24.851586830051108,17.03976325574276,0.03971531,7797.1875,0.0633447265625,0.0,0.0,0.0,0.4587155679861705,0.0062554727774113425,0.014115929758797087,0.12806537995735806,0.006950341863557696,0.2971951837340991,0.03367594567437967,0.05502621845031778,1.0,True
00:00:42,5c41c28e896e090001c03bb0,,0.7270857230813279,,-108.36250292793336,-507.33987,,,,,,,,,,,,,,,,,,,,,-1.3075700462929229e-08,0.00030861276879564487,,6669.124493876449,7729.926648949423,9.844987260933957,9.674977052179814,9.785346571593962,10.188235879495533,10.176633074936202,10.478434207890292,10.867230096086226,0.88865376,16468.75,0.02919921875,0.0,0.0,0.0,0.12230767708803925,0.02681105673712279,0.015456562063523704,0.031694772121097364,0.03825958512191262,0.3638057942901339,0.19568000733852384,0.2059845189963068,0.0,False
00:00:43,59278c090220760001fda664,96.73462543442929,0.8432220703098601,2.838308652521392,-74.314116979484,-485.06515999999993,51.12885,-4.1127139999999995,-0.68817645,-0.23482694,-0.20221058,1.239307,5.858057,7.8882127,2.4033074,-5.5391154,-5.4128695,16.586879999999997,4.735949,12.612592,13.61265,-1.8122296000000002,-17.764264999999998,-21.102919,-13.329517000000001,0.702869,-3.1857222211328528e-06,0.05261432556046019,12.205155374353714,4805.516067461908,4387.9987516505735,11.544424247701508,8.070067946774643,12.817777548028104,13.350125636258758,19.91283379961374,18.4150453748939,18.605272309452978,0.060093902000000005,9350.390625,0.05658203125,0.0,0.0,0.0,0.3474104791879654,0.006105206301435828,0.02527746856212616,0.13286117240786552,0.010449348157271743,0.34655040204524995,0.04931002035737038,0.08203592449426651,1.0,True
00:00:43,5c41c28e896e090001c03bb0,182.0788661523412,0.3917016760715507,0.7180421586957091,-71.47866172617175,-406.15463,77.22265,-5.445838,-6.4485225999999995,5.7000985,-4.4801400000000005,-6.007184,-1.4031923000000002,6.9974413,-2.7043576000000003,1.2949458,-8.291339,-36.3759,20.35354,-6.574029400000001,8.379798,-23.327343,-5.994410500000001,-12.997025,-1.0154816999999998,1.8405133000000002,-0.00010601296790280516,1.863894755795176,18.887756918699765,5017.4896784039565,5280.813065688874,11.026923673999145,9.583743257101185,12.412155152183669,12.836692349974749,19.923840783884305,14.351253996350513,21.72850657339257,0.29186535,10400.390625,0.0586205051369863,0.0,0.0,0.0,0.10158116204871072,0.023937476902372308,0.012804833706468344,0.031351680867373936,0.024662487726244662,0.3526709344651964,0.13959150347444746,0.3133998894029193,0.0,True
00:00:44,59278c090220760001fda664,,0.617520784495202,,-103.66910050138132,-507.85857999999996,,,,,,,,,,,,,,,,,,,,,-5.3782886938320075e-09,0.00012515524188230995,,6648.650536220451,8074.404292869858,4.885618186326589,4.097464275236979,5.008176312309353,6.530449357651063,7.92310401415913,8.894577799655796,14.960736311636369,0.44000033,16625.797193877548,0.00496117862654321,0.0,0.0,0.0,0.2684999952713649,0.007191846185984711,0.016953274762878816,0.08496876712888479,0.008158862047518292,0.5143464456001917,0.054087630783518165,0.045793205732479685,0.0,False
00:00:44,5c41c28e896e090001c03bb0,250.96281218630267,0.9895244100647228,2.518318877334706,-23.613344605068523,-223.5737,116.91244499999999,-7.9551754,-10.470098,-5.9138417,-15.366959,-8.895097999999999,1.2514526000000001,6.980512599999999,-1.066651,-3.050494,-11.550263000000001,-57.582817000000006,23.509508,3.291319,-4.078412999999999,-14.809866,-6.48909,-8.489374,3.3286989,1.6804072,-0.0001839796413423432,3.1872698687964403,27.23673093830688,2282.9071650709243,2763.9225928753694,13.318426971023307,13.943973520058847,15.145525713482193,19.123417574464387,20.25774916246685,20.831343273251235,42.40175584797797,4.2392836e-05,4782.1875,0.07595703125,0.0,0.0,0.0,0.09540919843129814,0.10242832149378957,0.010639707703376187,0.023779069262673147,0.2102719135582447,0.2738920021802187,0.13010741700418293,0.1534723723307252,0.0,True
00:00:45,59278c090220760001fda664,,0.7654646120392544,,-101.45346311071249,-507.85857999999996,,,,,,,,,,,,,,,,,,,,,-9.78843761863264e-09,0.0002230127833170812,,6694.890062788633,7905.709615121121,7.549662142570754,5.8503006757700495,8.451729600463361,9.667390729988963,12.10021161060484,11.606899825784712,14.521417517424734,0.30880478,16441.171875,0.0097802734375,0.0,0.0,0.0,0.35445914169152576,0.01010028870465855,0.015093508486946424,0.01753959245979786,0.005987829451138775,0.5351237058639526,0.0503264224777619,0.011369500348034006,0.0,False
00:00:45,5c41c28e896e090001c03bb0,239.95680180073242,0.7411032494018163,5.879235116626512,-28.85883248462639,-250.09546,108.56788,-12.662899000000001,-8.195636,2.354053,-7.963584399999999,-0.8920285,3.4522934000000003,4.952954,-1.5377618999999998,-2.54298,-6.278696,-41.95395,27.89878,3.2931452000000005,-1.9792234,-20.045654000000003,-13.606969,-13.223556,-1.6159931,1.8336580000000002,-0.00018398597243392042,3.1655967316820157,26.67673188528944,2642.334603488177,2817.5343551742462,13.249554392165034,9.871964740589386,16.5598542027009,16.654701134327553,21.37869628326728,21.414380629006942,40.51294699362247,0.0009494007000000001,5019.84375,0.0747119140625,0.0,0.0,0.0,0.027880635112524036,0.016334019601345062,0.003165842965245247,0.0031475033611059193,0.7909035682678223,0.0289238840341568,0.1279057115316391,0.0017388199921697376,0.0,True
00:00:46,59278c090220760001fda664,,0.9678457233742266,,-100.5615271503121,-507.85782,0.09749789,-0.065261915,-0.02703562,0.015564963000000001,0.05564757,0.08672728,0.103778124,0.10403333599999999,0.08747087,0.05675082,0.016851272,0.073144495,0.03695959,-0.005205035,-0.046527624000000004,-0.08032267,-0.10112494,-0.105564505,-0.09293187,,-1.0997204648104607e-08,0.00024571296308764927,,6762.890253488915,7954.279357855406,7.319292614686756,5.626621847381159,7.723037023921925,9.514805844984243,10.734135457933359,11.119206026733577,14.301588474448685,0.31684116,16605.9375,0.01102618781887755,0.0,0.0,0.0,0.4158543020486832,0.05937286913394928,0.030496643669903283,0.018058902258053417,0.0478606604039669,0.3787364482879639,0.042395827174186704,0.007224307046271861,0.0,False
00:00:46,5c41c28e896e090001c03bb0,156.90506101143018,0.7043045985833011,0.6447353820833587,-24.938325908906254,-262.5486,155.42235,-7.4354385999999995,-4.5405846,4.0046610000000005,-5.1203389999999995,-4.55143,-2.8751621,-5.112502,0.9043863999999999,-3.5075302,-8.633676,-26.471973,10.893759,10.497656,-4.629765,1.4854186000000003,-24.423385999999997,-25.612595000000002,-3.2805733999999998,1.8378052,-0.00013123733184271515,2.1835530551447544,15.045386193226873,1910.671200812368,2073.388608470303,14.818179571726828,12.605807568045249,14.766560700342572,16.412766109476006,22.177876230238656,20.062117870107116,40.100265920889676,0.00037986424,3512.34375,0.064482421875,0.0,0.0,1.0,0.07622774690389633,0.016079097986221313,0.00376772740855813,0.009467645548284056,0.5484317541122437,0.0958225280046463,0.2425169199705124,0.007686574012041092,0.0,True
00:00:47,59278c090220760001fda664,,0.8297572501171232,,-100.87036284519914,-507.85857999999996,,,,,,,,,,,,,,,,,,,,,-1.08222689027705e-08,0.00024527988185390267,,6758.461928918651,7581.765744192318,7.181405951582531,6.599800302322169,9.418880805463694,10.951027793548498,13.024937289556144,12.454366358132008,14.95300297273875,0.24163903,16240.546875,0.01017578125,0.0,0.0,0.0,0.26961514055728913,0.13570646196603775,0.010098746791481972,0.01148612452670932,0.2579492449760437,0.2860233515501022,0.020245229080319404,0.008875695522874594,0.0,False
00:00:47,5c41c28e896e090001c03bb0,135.5506698020638,0.8834958142316244,1.2748244003425977,-21.323505760785853,-247.87797999999998,160.14542,-13.99129,2.6381967,9.829742,-5.860581,0.26986274,-0.019378288,-9.763224000000001,-1.5180898,-0.3752977,-5.412392,-26.137407,28.840020000000003,12.844961999999999,-15.502557000000001,0.6632901,-21.556849,-13.000898,0.47940466,1.6089885,-0.000132209505386887,2.2260088671973675,18.122119834786393,1761.2975230703485,2182.6801368258302,15.399326924886957,12.312377150246586,14.824283263420773,17.612321809238402,22.52387089871354,24.130374839579968,41.97997905991266,1.2298668e-05,3740.859375,0.077236328125,1.0,1.0,1.0,0.10104642808437347,0.011841933766845614,0.02016754515934736,0.01681871325708926,0.061328918021172275,0.16050752736628054,0.5992533251643181,0.029035617830231782,0.0,True
00:00:48,59278c090220760001fda664,,0.6658650159630959,,-97.97055170366691,-507.85857999999996,,,,,,,,,,,,,,,,,,,,,-1.8155101629917044e-08,0.0003858095509347204,,6737.998779292097,7053.101685639245,7.995988184844093,8.395312584305584,9.87160833039818,12.201090100977375,13.690985391636865,13.222472911815924,14.661746115409224,0.17508444,15681.5625,0.0167041015625,0.0,0.0,0.0,0.4525393187999726,0.05109207276254892,0.024810026865452528,0.043490178789943455,0.07497281208634378,0.2951855838298797,0.032116711139678955,0.02579329162836075,0.0,False
00:00:48,5c41c28e896e090001c03bb0,309.06679651945365,0.6663164326429215,8.130458717238367,-34.64869663545979,-320.8474,83.42724,10.313623,7.572128999999999,1.2527946,-11.268253,-7.201759299999999,1.2707771,0.9618806999999999,-1.1984527,0.048812397,-8.73372,-52.823116000000006,-4.5515989999999995,-1.9215712999999999,2.3180752,7.136903,-5.0729656,-16.75708,3.5999887000000004,1.2876511999999998,-0.00011968311646700493,2.0684397961160386,59.00745153386017,2174.2893065112853,2533.762481259198,11.515710951650295,9.104085698287578,13.316031131032435,19.625846489687355,25.290024234954963,22.70895582395645,32.169463382520085,0.00031477955000000003,4052.8125,0.084453125,1.0,1.0,0.0,0.19829782760805556,0.010990848997607829,0.08298416870335737,0.018330519501533773,0.02775579401188426,0.19297890075378948,0.4630686375829909,0.00559329134153409,0.0,True
00:00:49,59278c090220760001fda664,,0.9791014956448676,,-96.68851161219904,-507.85857999999996,,,,,,,,,,,,,,,,,,,,,-1.892139563215672e-08,0.00040751666815900476,,6826.818624325189,7156.506917450058,8.647060596276834,7.493667710190206,10.391121899591159,12.648017345281207,13.87872098348683,12.715343121313213,14.887976268771936,0.16407031,15962.109375,0.018671875,0.0,0.0,0.0,0.4858400642871857,0.0241281321272254,0.028565024584531782,0.0340945141389966,0.018135684542357918,0.3535815477371216,0.026861587911844245,0.02879340965300798,0.0,False
00:00:49,5c41c28e896e090001c03bb0,127.84335638310968,0.6384321056247838,1.871586268138617,-36.73394580791494,-366.27917,44.94362,3.115348,-2.7925172000000003,1.7776551999999999,-7.447742,-0.38111869,-2.3261845,-10.846039,3.0767186,3.7454940999999997,-6.618380499999999,-52.114525,34.54557,15.553456,-18.75178,-3.3087337,-19.915026,-13.6268635,16.153036,1.2359014,-7.101524313373859e-05,1.310080461257413,64.97199303960018,2170.9514358037013,3282.433540797662,10.769191242666563,11.37260071843105,16.507415624263693,18.167139604810924,23.85777544849972,21.193175428161627,39.157458319075715,0.00015568083000000002,5074.21875,0.11849609375,,,,,,,,,,,,,True
00:00:50,59278c090220760001fda664,,0.9661385065990844,,-92.25528914131962,-507.8584,0.024072286000000002,-0.016112713,-0.006675124,0.0038429815000000003,0.0137394,0.021412501,0.02562287,0.025688443,0.021596617999999998,0.014011335,0.0041606147,0.018058915,0.009125346,-0.001285119,-0.011487691000000001,-0.0198312,-0.024967805,-0.026061794,-0.022944937999999998,,-3.1829371494930115e-08,0.0006505657154480631,,6720.974154547849,6324.631307706888,9.925980672069548,8.966335666675056,12.174660887126418,13.6983217902577,13.3870178624848,13.160240392504294,15.01122658026851,0.08066480599999999,14960.15625,0.0284814453125,0.0,0.0,0.0,0.4506032884120941,0.015557288192212582,0.024012992717325692,0.046849208325147634,0.00937606617808342,0.3801454544067383,0.03143947795033455,0.042016209289431575,0.0,False
00:00:50,5c41c28e896e090001c03bb0,,0.9266966388620732,,-76.69522785467286,-491.1367,29.022594,-1.859552,-0.77093375,-1.1061518999999997,-4.0955954,-2.9154687000000004,-1.0860199,-0.5088199999999999,0.14481932,-0.8589121,0.090101436,8.120739,10.809774,9.88338,6.756862,9.498744,7.124947,3.2586749,0.8831965,1.0156868000000001,-2.091430876735923e-06,0.03571618099198488,,5157.629799965443,4926.095974730586,9.56061461570356,11.133903049360885,16.181484675742873,14.123438532030391,18.944665455637843,15.397197911360585,20.611091563553646,0.044926192999999996,10288.828125,0.071015625,1.0,1.0,0.0,0.4158098896344503,0.00616211894278725,0.079583790153265,0.017444060028841097,0.005186338598529498,0.09230051934719086,0.3790719856818517,0.004441274213604629,0.0,True
00:00:51,59278c090220760001fda664,,0.7676772709079364,,-94.60428052402443,-507.85857999999996,,,,,,,,,,,,,,,,,,,,,-2.592532411307061e-08,0.0005589914722373739,,6784.320640815398,7001.527845058941,9.05897047388843,7.623097696722229,10.225072752957592,13.10049295254508,14.301824799069836,13.193244992756975,14.940183669154033,0.14054249,15685.546875,0.0331689453125,0.0,0.0,0.0,0.5532510578632355,0.013041111174970864,0.01810998655855656,0.022365214116871358,0.007224973104894161,0.34429664313793185,0.028672440350055693,0.013038547523319722,0.0,False
00:00:51,5c41c28e896e090001c03bb0,83.07222270790521,0.6362054507991143,0.19192050293106788,-70.79625253812695,-465.94745,83.00984,-7.084784,4.8251567,-2.4464142000000004,-14.173132,-3.4970925000000004,6.7837462,-0.2719586,-6.881444999999999,-6.6911364,-1.8230484,10.152937,-9.191645,-7.414915,-7.391468499999999,-3.0688388,-3.7086189,-10.517149,-14.650986999999999,1.1892163999999998,-2.392200803969427e-05,0.39025719076354976,83.50659099626918,4407.5755785564725,4837.794216402591,10.550490355762,11.070590443971328,12.286069577285573,15.644813944488304,24.126870987426148,20.455790473141274,17.841636361958656,0.16351582,9607.829670329671,0.059457632211538464,0.0,1.0,0.0,0.38598386943340296,0.0034626821288838983,0.0649477019906044,0.042125919833779335,0.004231398575939238,0.14599335193634033,0.3352840542793274,0.01797111518681049,0.0,True
00:00:52,59278c090220760001fda664,,0.6686841102609418,,-95.74981361011251,-507.85857999999996,,,,,,,,,,,,,,,,,,,,,-2.2195387609170103e-08,0.0004922243634941375,,6838.603480327267,7330.913769599129,8.667249048135108,8.04064215119691,10.157368202339187,12.600950326442614,13.764985605975205,13.42006736139899,14.748559270160756,0.1787328,16191.5625,0.030869140625,0.0,0.0,0.0,0.4524859309196472,0.031410671025514605,0.026209891960024836,0.04078657515347004,0.03408177243545652,0.3579717457294464,0.024597924947738648,0.03245553150773048,0.0,False
00:00:52,5c41c28e896e090001c03bb0,81.51739494402523,0.7201031045384285,4.988804252046013,-39.36094174964797,-407.7862,88.12556500000001,-11.13828,6.000260400000001,14.700571,0.90511227,-2.1828592,3.46484,-5.2174,-12.339447999999999,-5.339803,-0.9141214,17.89175,2.9560177000000003,-1.9933928,-0.7560001000000001,19.085869,24.75975,10.891683,-6.225885400000001,0.7316318,-3.270083156103369e-05,0.5355549668954296,27.25003784771813,1849.095942206611,1252.624361237275,14.285110833111546,13.911339274168668,13.188195105064487,18.03156784209223,26.093805285655737,27.207778888720064,26.820696965758422,5.6774849999999994e-05,2052.890625,0.0351318359375,0.0,0.0,1.0,0.32682218721934725,0.007793119443314416,0.028041059217814888,0.01092236622103623,0.0034087644723643147,0.15209124237298965,0.46181360525744297,0.009107650856354408,0.0,True
00:00:53,59278c090220760001fda664,,0.9860583517157181,,-96.65483938171741,-507.85733,0.16083369,-0.10765802,-0.04459838,0.025676042000000003,0.09179678599999999,0.14306736,0.17119358,0.17162545,0.14429305,0.09361805,0.027798235,0.12066118,0.06096901,-0.008586243,-0.07675248400000001,-0.1325023,-0.16681692,-0.17414518,-0.15330157,0.0009715557,-2.038651143373545e-08,0.0004406772718421625,,6784.079100919681,7053.08981829345,9.131423321088292,7.5743811215492896,10.791764963635552,12.908893580913427,14.020464782358587,13.309273306861064,14.848989270577352,0.15264706,15780.234375,0.02083984375,0.0,0.0,0.0,0.5227365016937255,0.051269011944532386,0.03324954267591238,0.0311803188174963,0.1124332707375288,0.17725597321987152,0.03631797563284635,0.03555739016737789,0.0,False
00:00:53,5c41c28e896e090001c03bb0,190.6222636509434,0.3828109078702249,1.0260419300494044,-62.81920365530338,-429.25204,62.083330000000004,-3.2055,1.5838965,4.116978,-3.3822553,-5.293602,1.2570583999999998,-1.2387799,-2.3393977,-1.5193941999999998,-8.446619,-14.530813,9.626653999999998,1.8002973000000002,3.6485212,3.6199803,-7.959969999999999,-8.913535000000001,-3.8009472,1.4127726999999999,-4.848612806760032e-05,0.8278178960607221,38.503469985504665,4745.901794233623,4712.484606362034,11.792444042967935,10.096577304630268,15.475330029027289,16.306395912571915,21.760850962560248,22.53480039306091,23.592473134096142,0.04174217,9323.90625,0.0743212890625,0.0,0.0,0.0,0.20654118495682874,0.04301841867466768,0.037050974244872734,0.0712917996570468,0.06771343981381506,0.28532947475711506,0.1622014418244362,0.12685323894644776,0.0,True
00:00:54,59278c090220760001fda664,,0.7939017685194472,,-94.25146956818836,-506.78955,7.9478016,7.0756820000000005,6.899491,6.7099423,6.5079080000000005,6.2943087,6.0701089999999995,5.836312,5.593946,5.3440747,5.0877742999999995,7.9203405,7.874719,7.811155,7.7299542,7.6315007,7.516265,7.384792299999999,7.2377009999999995,0.09263219,-7.100369101561399e-08,0.0012187429046657252,,6359.412490133337,6600.848123638263,7.604270140462577,5.700287926838473,7.173611809388616,9.452165662362443,11.141266143373002,12.236888578565805,14.474117549954945,0.23742558,13820.15625,0.005888671875,0.0,0.0,0.0,0.6268662691116333,0.020738965645432476,0.07951582334935665,0.05580898001790047,0.06053308276459575,0.048852340690791606,0.10147726163268088,0.0062072973931208255,1.0,False
00:00:54,5c41c28e896e090001c03bb0,184.86870711915859,0.6800561694363807,1.7500602363193107,-53.48049343336792,-353.3831,105.036514,4.0977488,9.379875,4.1876554,-8.818280999999999,-4.3648940000000005,0.9106125,4.0797462,-1.2701908000000002,-1.6850578999999999,-11.424794,-37.363903,-5.7694980000000005,-3.9171824,12.265851,-9.016996,-12.371655,-26.118868,-12.341838000000001,1.0775337999999999,-0.00010845822586125508,1.839287311747848,11.385650119317686,3861.8904852812952,3675.80122630964,12.436935270798244,10.213584828583436,15.53914487198784,17.34152804918859,21.733582182303294,19.2608046080006,28.340790890220145,0.04349642,7298.90625,0.0496533203125,0.0,0.0,0.0,0.3550132314364116,0.01096915777695055,0.1127979230756561,0.08646327552075188,0.008212441333550183,0.1862249532714486,0.16201503202319145,0.07830393717934687,0.0,True
00:00:55,59278c090220760001fda664,,0.8239840043893384,,-93.62344277448202,-507.57485999999994,3.6444589999999994,3.3301480000000003,3.2655727999999997,3.1956742,3.120669,3.0407882,2.9562771,2.867395,2.7744133,2.6776134999999996,2.5772880000000002,3.6346915,3.6184452000000005,3.5957722999999997,3.5667449999999996,3.5314538,3.4900087999999996,3.4425415999999998,3.3891983,0.03805773,-3.442921570344098e-08,0.0006712369634269313,,6653.685675938423,6467.1620105567545,10.363605844280476,7.689024150780077,10.554706051865619,12.923937399509326,14.158498961435336,13.336940110162065,14.873902302790249,0.12509297,14756.71875,0.0204931640625,0.0,1.0,0.0,0.5070769250392914,0.02624621950089932,0.05755212344229221,0.06255117729306221,0.06004186756908893,0.18937209099531171,0.06383498311042786,0.03332458306103945,1.0,False
00:00:55,5c41c28e896e090001c03bb0,,0.5572777047440304,,-104.98448763280494,-507.33835,0.10660528400000001,-0.002649921,-0.019763982,-0.036375887999999995,-0.052064492999999996,-0.06643029,-0.07910939,-0.089775495,-0.098168716,-0.10406469,-0.107318535,0.10252622,0.09584416400000001,0.0867263,0.07540817,0.06217341,0.04736021,0.03134336,0.014531548,0.0072051287,-1.985675073375535e-08,0.00038876142898612635,,6607.767034188293,5788.228106524351,9.536658263543726,10.625166681745975,9.742745956216211,10.725578855086301,11.163664952254754,10.999099458005542,11.68685558950438,0.70948535,14088.8671875,0.0084381103515625,0.0,0.0,0.0,0.3910237465585981,0.0059778736571648285,0.09594998455473357,0.0907159937279565,0.002589148178230971,0.1126209513417312,0.2290000298193523,0.07212225587240287,0.0,True
00:00:56,59278c090220760001fda664,,0.0,,-105.27902441090755,-507.85857999999996,,,,,,,,,,,,,,,,,,,,,,,,,,12.903951639029767,12.903951639029767,12.903951639029767,12.903951639029767,12.903951639029767,12.903951639029767,12.903951639029767,1.0000007,,,0.0,0.0,0.0,0.5310661375522614,0.036978863459080455,0.08709534518420696,0.08193299397826195,0.15194597691297532,0.059293523803353315,0.032401107996702184,0.01928601963445544,0.0,False
00:00:56,5c41c28e896e090001c03bb0,270.54415107078563,0.578052887391027,11.402611367579944,-70.8211285489572,-450.40655999999996,76.39379,-5.195027400000001,2.758985,-1.9772052,-6.813691,0.73701733,2.744423,-2.8624227,-0.55805,0.3909434,-6.5009713,-28.489779,-19.505194,17.342821,7.5361905,-8.026099,-6.3445807,-5.981885,-9.973235,1.6682067999999999,-1.861664795017044e-05,0.31188349769749524,37.590271941251494,3627.983439418125,4019.643962358442,11.000726219611288,9.49984694554,10.770069141232264,13.304185354668546,15.915212166104247,18.43885969241226,20.228164684199477,0.21037011,7439.853162650603,0.09117328689759037,0.0,0.0,0.0,0.387326517701149,0.008504956541582944,0.03972984403371811,0.0427943529561162,0.003753988444805145,0.2260330393910408,0.15724146142601966,0.13461583480238914,0.0,True
00:00:57,59278c090220760001fda664,,0.7431885950436026,,-100.82405792347618,-507.85857999999996,,,,,,,,,,,,,,,,,,,,,-1.1386165000941447e-08,0.00025592942559654933,,6792.894629188703,7861.385378615029,7.03355564496716,6.771549711720601,8.04072815152718,10.439873624012348,12.051331055350767,12.299195242229455,14.08891486518624,0.3267265,16551.069078947367,0.010191572473404254,0.0,0.0,0.0,0.598455274105072,0.07818666696548462,0.03665250800549984,0.017966125905513764,0.12572681456804274,0.057649120688438416,0.08210095018148422,0.0032625064719468354,0.0,False
00:00:57,5c41c28e896e090001c03bb0,229.62658800789615,0.7033848068527842,2.4850238970427045,-26.005266751839123,-239.77626,136.55606,-3.6960607000000003,-5.558225599999999,5.467382,-4.145674,-2.1921043,-0.25895447,-4.6104845999999995,-1.1320834,2.3547685,-8.817306,-41.6445,20.280453,-0.9186542,-1.9376514,-4.3240957,-12.554882000000001,-18.8673,-1.5541551000000002,1.9168055,-0.00018131006749819625,3.0797588261318385,18.980519686025936,2646.916729255741,2482.5277782733287,13.898124883786455,11.896247608752224,14.520272751289873,17.069272953943965,18.39305045702643,18.043244348519444,39.65101902028797,0.0019589688,4877.34375,0.055126953125,0.0,0.0,0.0,0.2402747645974159,0.006091588089475408,0.023534838110208508,0.07823232561349869,0.0033997162681771442,0.2494913190603256,0.18019004352390766,0.21878537815064192,0.0,True
00:00:58,59278c090220760001fda664,,0.508607558009715,,-103.77216590292281,-507.85857999999996,,,,,,,,,,,,,,,,,,,,,-4.7676808266179476e-09,0.0001140815049477718,,6664.269666334,8363.029304013971,4.762682407343343,4.5685083113417715,5.559164459334985,6.835521992874553,9.325303711582436,9.419782409563071,13.667351370729552,0.42231986,16783.14393939394,0.0033428485576923075,0.0,0.0,0.0,0.6784297466278076,0.030842668283730744,0.06894609443843365,0.0358449699357152,0.035197648173198114,0.04573189988732338,0.10120724737644196,0.003799751494079828,0.0,False
00:00:58,5c41c28e896e090001c03bb0,154.62134523628234,0.9107116255235882,0.7644518616372411,-27.75554124750996,-263.31207,148.76779,-9.877665499999999,-0.07741293,4.16516,-5.494044000000001,1.6102976,-0.37593874,-7.8271728000000005,-4.1723886,-0.58565384,-9.395992999999999,-22.476760000000002,19.721575,6.362585,-4.3771024,-9.629814,-11.317063000000001,-13.178738000000001,-8.819628999999999,1.5672697,-0.00015316135584907343,2.5738164823338514,16.90423544997289,2283.149069306405,1978.8681783742786,15.334883709837186,11.854874059258563,16.272242573695475,17.510738593822634,18.37014254683251,22.47075468837197,35.855264861961615,0.0021814224,3509.765625,0.043125,1.0,1.0,0.0,0.10064208284020423,0.008433795490418559,0.3572976881638169,0.25113222748041153,0.011136310047004373,0.07475387346930802,0.08233566051349044,0.1142683795420453,0.0,True
00:00:59,59278c090220760001fda664,,0.7972232859164167,,-98.38747105856605,-507.85857999999996,,,,,,,,,,,,,,,,,,,,,-1.6181353086014642e-08,0.0003500914192501089,,6782.305239447382,7153.901480443055,7.685017783185649,6.907587124353018,9.28843023204941,11.687185810329629,13.241623351703925,12.759118209728213,14.486810942919796,0.18126653,15860.859375,0.014830926452020204,0.0,0.0,0.0,0.4595875680446625,0.016897667944431306,0.07410706132650376,0.0939740002155304,0.219389870762825,0.08240281343460082,0.023235165514051914,0.030405845306813718,0.0,False
00:00:59,5c41c28e896e090001c03bb0,,0.7273122778739822,,-59.79790384664432,-486.4388,18.195648000000002,5.879256,5.8531747,1.2727764,-2.5543942000000004,0.46676964,6.062292,5.1915307,-0.6703045999999999,-3.1783593,-0.25215712,-2.443235,-1.0038434999999999,6.656105499999999,8.63383,7.9117812999999995,3.2770653,-0.8438429000000001,1.6202326999999999,0.49437654,-2.283634206448772e-06,0.03837093047795135,,3333.120305406329,2945.5063362093542,11.706268546919935,10.780249729813457,13.569205125697705,18.36105458926032,25.89301025136313,19.888250737327553,20.4764170451598,0.004296469,4500.703125,0.076787109375,0.0,1.0,0.0,0.05777828861027956,0.011572716535407713,0.06521956908347254,0.2378947310446,0.1818443372506987,0.10685155015777456,0.20307230475274,0.13576651449230584,0.0,True
00:01:00,59278c090220760001fda664,,0.7854084735141291,,-99.39704803660273,-507.85857999999996,,,,,,,,,,,,,,,,,,,,,-1.437984201965371e-08,0.00031654842989711903,,6808.982843108365,7294.230363445852,7.689546770710677,7.1367904834443685,8.950150142232605,11.782093555403266,13.77488083014788,12.58623878164555,14.814435009318945,0.19371544,16038.515625,0.0132763671875,0.0,0.0,0.0,0.4400312483310699,0.03734815213829279,0.1100977659225464,0.056104648485779764,0.1597542569041252,0.14455680698156356,0.028778199665248395,0.02332894578576088,0.0,False
00:01:00,5c41c28e896e090001c03bb0,266.91714022933576,0.6018093051373199,1.7406581415744968,-46.26019407702241,-308.8786,102.47759,-3.7088550000000002,-2.5699067,1.9090947,-7.046930000000001,-6.3893895,1.1219059,2.8623066,-4.5410666,1.1472888,-12.358015,-52.008064000000005,16.03068,-20.492638,1.2837495,-9.412922,-6.885347400000001,-13.265257,-3.424551,1.9619302,-0.00015290190143052342,2.652632249871151,16.435858475520707,3885.101109637703,4158.423892819609,11.467044197314506,10.683996017264196,12.280705503729086,15.434118752726533,19.597315086691932,16.344836574206465,34.05111987473422,0.048172753,8005.546875,0.0774560546875,0.0,1.0,0.0,0.014083036326337606,0.010584761458449063,0.01805889104725793,0.06234663442155579,0.6409990288317203,0.08573754141107201,0.1262062010122463,0.04198390744277277,0.0,True
00:01:01,59278c090220760001fda664,,0.6656746232681007,,-101.60813737048308,-507.85857999999996,,,,,,,,,,,,,,,,,,,,,-9.164075846464973e-09,0.00021209072194568188,,6743.021128861308,7818.308278910805,6.838665473329974,6.825460285713239,7.821103280489464,11.04690359699744,13.031403643914047,12.151979273708756,14.793258942930914,0.27068946,16431.09375,0.008843315972222222,0.0,0.0,0.0,0.2930778205394745,0.0852690190076828,0.06548536568880081,0.018457790650427342,0.2722777992486954,0.2157074183225632,0.025585124641656874,0.024139687791466708,0.0,False
00:01:01,5c41c28e896e090001c03bb0,226.51955125996625,0.9445988659921212,1.6927464610653649,-34.905672106136265,-257.10995,115.02613999999998,0.8967334000000001,2.081438,1.0409389999999998,-9.680147,-5.344755,-5.1852813,-0.76484334,-6.1766157,-4.926193700000001,-11.136111,-49.458626,16.54407,-11.294085,8.925538000000001,-6.2648015,-11.509852,-16.252323,1.5510535,1.5128839,-0.0001875828649540686,3.278777808516839,20.584992070264075,3149.982891636684,3293.821513741296,12.924378352961565,11.662203410477119,13.936736738445285,15.680106716148323,20.91967236220007,20.22944770326091,37.24548698843843,0.0077323719999999995,6140.625,0.08560546875,0.0,1.0,0.0,0.1179090417921543,0.012245640616674791,0.10369580439291896,0.20535634672269226,0.05163473738357425,0.1804426958784461,0.07589320195838807,0.2528225097805262,0.0,True
00:01:02,59278c090220760001fda664,211.06520250827748,0.8066287490721451,0.9557360905494452,-70.83486211054482,-449.58197,89.76432,-2.4175193,3.3506765,1.1801872,-0.6887131,-3.1718264,-6.8991966,-2.3565177999999998,3.0892086,-4.8676615,-10.197909,-28.547611,-32.575990000000004,3.204532,1.2294661,-2.6208422000000002,3.6924269999999995,-2.7519696,-9.324307000000001,1.4232801000000002,-1.3534425531983873e-05,0.2257603048969036,5.450248437749798,5091.149608115854,4886.666243265261,11.800353696267296,9.814454666844783,12.943979876204018,14.497424721462682,18.003419428490336,18.437935797334596,18.817935172958006,0.06339093,11239.921875,0.0419970703125,0.0,0.0,0.0,0.42212591767311103,0.051304128021001816,0.08050671964883804,0.025339559465646744,0.1021016225218773,0.2617908716201782,0.03430282287299633,0.02252837223932147,0.0,True
00:01:02,5c41c28e896e090001c03bb0,,0.6292256388269569,,-99.15508091643636,-507.1924,-0.97018766,1.4496448999999998,-1.1985682,-0.18443283,1.6527561999999998,-1.4458662,-0.8698394,2.5422964,-0.76476353,-2.487705,2.4241722,-2.82143,2.44697,1.1907848,-2.7724043999999997,0.5914221,1.8521179,-1.6362047,-0.22993429999999998,0.19202651,-4.0350673659066165e-08,0.0008547869020720602,,6376.983661019244,8455.644060926552,7.857950347957151,7.872499968212856,8.546781336043582,10.559145627185046,14.761999360047755,15.627876092179381,12.594101555743453,0.4852232,16335.602678571431,0.07584156709558823,0.0,0.0,1.0,0.12180801834911108,0.06878442075103522,0.07892423775047064,0.02208089071791619,0.3285906262695789,0.2498294197022915,0.05839836914092302,0.07158401999622584,0.0,True
00:01:03,59278c090220760001fda664,149.64597144566426,0.9501377325331758,2.0600410484916463,-33.112338417750195,-381.02322000000004,110.08376000000001,-14.739575,-6.2502913,-2.6486509999999996,-1.8192557,-3.2842915,-6.343136,-5.0972457,-4.0297565,-8.544898,-8.23814,15.931716,18.622917,43.960003,12.6307535,-19.887736999999998,-13.077849,-7.044739999999999,-15.576335999999998,1.0800816999999998,-2.652416182665643e-05,0.43871435313146206,4.311479803385193,1537.8587522523005,1251.7007273465006,18.197378808811095,13.131970866462554,16.208932823591972,15.42054691814363,20.82499682722916,29.123178106297587,24.283973201013907,5.2252708000000004e-05,2291.015625,0.030576171875,0.0,0.0,0.0,0.4426428258419037,0.06588340923190117,0.0558573916554451,0.010797860287129878,0.06571944430470468,0.3187652349472046,0.033622142300009726,0.00671166256070137,0.0,True
00:01:03,5c41c28e896e090001c03bb0,,0.7232484971031256,,-67.38111113853226,-453.8495,63.06694,1.8915973000000001,3.2262812000000003,0.42821094,-4.055871,-6.1394625,-3.234909,0.86300594,1.1724923999999999,-3.7654072999999997,-5.1572633,-20.461796,-19.790112,6.327422599999999,9.93075,10.636802000000001,5.274784599999999,-6.223171,-5.3255205000000005,1.1549851,-1.0042181463575304e-05,0.16840169765446333,,4120.026303930545,4448.241678412028,12.528493202806894,9.196583306240296,10.760489406011876,13.802770303383017,18.21429146033099,18.217635739236268,19.601728296042094,0.08510321,8628.046875,0.0624951171875,0.0,0.0,0.0,0.009905567183159292,0.058121949061751374,0.0032692937646061184,0.0007808841808582657,0.8779901444911957,0.034092479711398484,0.005811473308131099,0.010028218035586178,0.0,True
00:01:04,59278c090220760001fda664,181.98562983230642,0.8666474426827718,0.7488463813392903,-64.73174048897576,-458.54992999999996,94.14211999999999,-14.658484,-10.498634,-4.941137,-4.032398000000001,-7.127859,-8.922425,-6.6099625,-3.8172703,-4.396802,-5.1019034,20.156546,-7.4997940000000005,6.694294,12.937981,0.8982324,-8.37637,-10.362839,-13.096653,0.8107327,-8.532465758334003e-06,0.13991958652782174,4.071536689162617,4087.5731047380714,3267.482580894151,12.011899956990714,11.345105305738187,14.16008480687103,14.225531970248833,17.551208175151107,18.366131960685,17.656732518907834,0.027731406,7319.0625,0.029951171875,0.0,0.0,0.0,0.3143928945064545,0.09898971579968928,0.02850035205483437,0.008458656840957701,0.12298979610204695,0.377850167453289,0.04351699631661177,0.005301416967995465,0.0,True
00:01:04,5c41c28e896e090001c03bb0,230.13994591860077,0.6431429485072248,1.4865916743526693,-64.23100547468671,-400.52277000000004,88.030716,0.09752268,1.5781524,0.2561796,-11.706123,-8.978864999999999,0.76072115,5.34851,-3.7876086000000004,-4.208958999999999,-6.54286,-46.174446,-7.200375,-4.5048904,7.408962,-5.0727972999999995,-1.6638958,-11.167129,-3.1854162,1.7667977,-7.2146013847807e-05,1.2585790240409287,33.74517875238289,4195.671784545988,4251.018189579921,13.100913782746048,8.618951942394277,14.405635521893284,15.400613893684831,16.908354049737092,19.159833319652787,22.85590063874054,0.13000008,8532.746010638299,0.0610298488451087,0.0,0.0,0.0,0.0021304549532942477,0.031626842869445684,0.0010289535159245134,0.008994636010902468,0.8811447560787201,0.02084887421224266,0.02271314188838005,0.03151231877272949,0.0,True
00:01:05,59278c090220760001fda664,,0.9540990403250272,,-95.57768611041708,-507.63312,3.582011,-0.6922465999999999,1.0100129999999998,2.4767134,3.4157182999999995,3.6485932,3.1449256,2.0251944,0.53228676,-1.0216418999999999,-2.3212616,2.4545531000000005,0.83486277,-0.9449989,-2.5217867000000003,-3.5763776,-3.8993957000000004,-3.4334412000000003,-2.2832944,0.13120615,-2.8111705856240267e-08,0.0005682882646868625,,6715.8732473983,7060.012089538105,8.325987780545427,7.369929625052342,11.085041317157533,12.629373381772965,13.951173764841435,13.31771408160934,14.932680970091916,0.17821327,15520.3125,0.0211181640625,0.0,0.0,0.0,0.4881483256816864,0.06207846365869045,0.04583027549088002,0.008923652442172171,0.06696913372725248,0.2824225306510925,0.040560631453990935,0.005067005520686507,0.0,False
00:01:05,5c41c28e896e090001c03bb0,148.56667367804806,0.6479605598432701,1.8125702864567168,-20.356756983932733,-204.73883,157.55037,-16.785042,-6.158679,6.3265257,-8.346634,-4.0122860000000005,1.683513,-0.7961811,-2.486798,-3.9864106,-12.780735,-30.622545000000002,27.32752,6.046907,-0.70036626,-7.8571424,-9.726958,-13.213585,-3.3716283,1.6094282,-0.0001956888573033741,3.35854362276098,20.204556242537198,2136.7093261358223,2153.480878748413,15.597857937449556,11.773185190005634,14.648782263230839,16.072279998567545,20.11251126102354,21.479394768882084,42.37982588169779,4.5596982e-05,3879.140625,0.05884765625,1.0,0.0,1.0,0.02494433547835797,0.008219181181266322,0.008619446559532663,0.4155826918780804,0.16627978472970426,0.051067865236109365,0.10231890717113856,0.22296778187155725,0.0,True
00:01:06,59278c090220760001fda664,,0.6773410568888216,,-81.04335795500981,-500.8627,28.68675,-7.8719573,-7.7453537,-1.5180346000000002,2.1815919999999998,0.6833611999999999,0.44493154,2.8758912,2.3157508,-1.2611208,-1.5769733999999997,14.207524,12.035264,14.749104999999998,6.0284949999999995,-9.221699000000001,-13.765622,-7.353441,-4.3515844,0.51958615,-6.281871410410756e-07,0.010480304177258148,,5695.749224392781,4887.100985109258,12.881952551980865,7.850864733112774,11.521026983192744,14.113800893883047,17.570818237161728,14.301113940808325,14.820217891098569,0.050234698,11387.109375,0.03744140625,0.0,0.0,0.0,0.6067963719367981,0.011705327220261096,0.02932825088500977,0.026960506476461886,0.006150949327275157,0.2695434480905533,0.040078678354620936,0.009436498582363128,0.0,True
00:01:06,5c41c28e896e090001c03bb0,,0.7131113497730911,,-85.4287097859666,-453.01007000000004,129.6423,-5.3253417,-1.2404451,7.708097,-1.6698928,1.4134161,4.9258809999999995,-2.5085900000000003,-3.538932,-3.1686853999999998,-13.640967999999999,-58.718759999999996,11.783633,9.537508,1.6817221999999998,-11.672335,-23.748772,-20.253769000000002,-3.9655166,3.126848,-5.487362465704484e-05,0.9329859508418012,,5107.411207686938,5468.4211453049265,11.303087378216732,8.772633554513881,10.179498983740062,10.673690818606305,12.4776621318236,13.123369134322136,18.95798222475465,0.43505144,10999.255952380952,0.0682648689516129,1.0,0.0,0.0,0.013383779954165221,0.0215079323575992,0.0194248417064955,0.21194464209256692,0.5356575351208448,0.06614442381542178,0.05704305707477032,0.07489382252097129,0.0,True
00:01:07,59278c090220760001fda664,,0.7340971977579551,,-92.70030274708841,-507.85857999999996,,,,,,,,,,,,,,,,,,,,,-3.1492696521768734e-08,0.0006546676425024273,,6749.3191163041065,6594.070233686366,9.145488451813202,8.431551836655206,11.571605981445668,14.679625218877044,14.620755469268456,13.357492746617465,14.949003327102899,0.103512235,15219.609375,0.0328369140625,0.0,0.0,0.0,0.5766984701156617,0.007423502113670111,0.029964950680732724,0.08158133402466775,0.002920708362944424,0.2291747912764549,0.054722900688648234,0.017513300664722918,0.0,False
00:01:07,5c41c28e896e090001c03bb0,238.41013711043345,0.8640438817890438,1.0979906810966855,-27.332601911745485,-248.27074,113.608376,-14.123939000000002,-8.754734,-0.6645039,-7.019421,-2.559643,1.4849583999999998,0.45865056,-3.235261,-1.6307578,-14.183983999999999,-54.868984,11.494854,-1.7676463,-1.3214027,-6.685210700000001,-13.793669,-18.98733,-6.802757300000001,1.5594677,-0.00013339564918269764,2.2973554334526973,13.419045388111666,2293.642317413508,2872.595486373012,14.22973762252967,10.892408622503343,15.483156242777545,15.341806293085227,18.825721294759703,19.37556701055237,42.51389728235984,6.472058e-05,4878.515625,0.093984375,0.0,0.0,0.0,0.0019249899021815508,0.003683832421666011,0.0006607972318306565,0.035351923073176285,0.9078515946865082,0.005244466057047248,0.027909150731284173,0.01737323640845716,1.0,True
00:01:08,59278c090220760001fda664,,0.9649056777529434,,-96.59535955051088,-507.85675,0.107461855,0.12545349,0.12328242,0.0778961,0.0052125340000000004,-0.06928730000000001,-0.11948825,-0.12779123,-0.09130576,-0.022817103,0.0536547,0.04695442,-0.030010252999999997,-0.09645218,-0.12908219,-0.11646113,-0.06301907,0.012509528999999998,0.08364594,0.0049433559999999994,-2.0722893841850908e-08,0.0004548668253657848,,6811.562431479681,7369.06297967687,8.953586210950007,7.1156362779715145,10.64847014525695,12.99098254809035,13.40842735918688,13.14510225538123,14.894153373777206,0.19451004,16157.109375,0.024453125,0.0,0.0,0.0,0.2275663584470749,0.07062794519588353,0.016672695241868495,0.07747981455177069,0.16956987464800474,0.3390789926052093,0.05424852501600981,0.044755760580301285,1.0,False
00:01:08,5c41c28e896e090001c03bb0,265.9218173525145,0.7125439590533429,3.927026119933287,-45.98901507259965,-350.2972,99.72485,-13.518737,-12.121715,-0.6373446999999999,-7.514245,-2.5725517000000004,-4.039849299999999,-6.528652,-3.7606792,1.2070408000000001,-3.4131233999999995,-17.826473,23.653776,-1.8813698,-3.035661,-8.055752,-7.7633963,-10.813667,-2.1223373,1.4900218,-9.888709268925363e-05,1.6924432209410545,13.828324544651887,3394.680967463112,3515.341485570716,10.007678075221571,11.22920629049896,14.725559473450398,16.904805978920866,19.579151549534245,21.614239937475595,30.345383775195018,0.01183841,6329.0625,0.0888720703125,0.0,0.0,0.0,0.06599443729501217,0.008023797487840056,0.1019044890999794,0.32480408847332,0.09287181941326708,0.0809722263365984,0.18102221004664895,0.1444068968296051,0.0,True
00:01:09,59278c090220760001fda664,172.79474167783917,0.7373215446828159,0.6245145988459012,-66.0066531111459,-445.6111,77.12068000000001,4.6110525,5.970505999999999,3.389025,-3.0165523999999997,-9.816428,-5.0877066,1.7233424,-2.2108847999999997,-4.837940000000001,2.2850947,-17.487204000000002,-17.373801999999998,-3.8883667,-10.587621,2.2932487,8.332268,-5.965996,-5.8179073,1.2839735,-1.939288047409071e-05,0.3233544163121824,4.931635652375826,5083.075773985694,4215.41269919313,12.342365641305832,9.3968095139909,15.00315588250617,17.629607974376803,19.792666193218214,17.646169673632237,18.77957163046002,0.022924555,9896.953125,0.0425830078125,1.0,0.0,0.0,0.16850247532129287,0.049770619421906304,0.011688982509076596,0.2802774837240577,0.12292348198825495,0.2385654534213245,0.051530612958595165,0.07674087872728705,1.0,True
00:01:09,5c41c28e896e090001c03bb0,,0.20835717737134096,,-85.01482438201123,-502.99664,16.600906,0.455338,0.11039635,-0.2824349,-0.5023468,-0.34219664,-0.022556044,-0.15874663,-0.90794414,-1.524601,-1.185317,2.2090577999999996,-7.335669,-7.269336,-2.4471295,0.95506495,1.542641,1.0609053,0.70576257,0.819206,-3.459168698884716e-07,0.005887511974215291,,5944.078897533586,5892.41503488541,12.456690690341029,8.764815036534378,9.479643586514356,13.913287495941624,17.844245822984316,17.682214641721846,14.609599738196907,0.10547597,12813.28125,0.06370308472938144,0.0,1.0,0.0,0.016802674252539875,0.07975703261326997,0.0070660318568116064,0.09746414783876388,0.4026192000135779,0.18482700511813166,0.07903878130018711,0.13242513714358212,0.0,True
00:01:10,59278c090220760001fda664,247.92953601361802,0.9482822020818852,0.980979359987223,-39.70690279243972,-382.2034,100.25957,5.542206,13.953613,-1.8996036,-15.105039999999999,-10.573459,-0.63665146,0.46888104,-8.249927,-10.770783999999999,-0.019581439,-9.075477000000001,-19.102737,6.189498400000001,-1.6445332,-10.977844000000001,-8.668975,-14.314791,-13.622328,0.7477209,-4.4448164588399616e-05,0.7342664123154016,7.079725267241152,2129.453021072361,1577.934680796286,12.623298287045774,14.110546235274258,18.764616044481052,21.51283700945243,25.090470316402985,27.17644838821073,24.558906747919565,0.00027969867,2226.5625,0.0391162109375,1.0,0.0,1.0,0.09813413005322218,0.003300389467040077,0.013635709602385759,0.2597275495529175,0.04845557283842936,0.1879294440150261,0.03975124321877956,0.3490659326314926,1.0,True
00:01:10,5c41c28e896e090001c03bb0,496.1052762408348,0.9695483700366848,24.360830556067466,-44.647824300968495,-431.7476,55.42807,13.27842,16.455977999999998,6.4031367,-6.152611299999999,-10.029782,1.3108476,9.526533,0.25787318,-6.9273705,0.4762093,-21.211073000000003,-35.61752,-14.238406,4.849974,14.600147,2.751731,-14.418542,-6.0073695,0.9650144,-9.138035094203039e-06,0.15325527409481088,79.36738842285601,1715.5374633990352,1903.7309643077915,13.787832943464325,9.904687430087142,14.704844719107394,17.989539389973945,27.2609456240422,24.512609523290767,18.193564593425677,4.532647299999999e-05,2710.78125,0.0658056640625,0.0,0.0,0.0,0.004402606352232397,0.1379890352487564,0.0010486522282008085,0.008908092381898314,0.4928374171257019,0.18009374290704727,0.0262012311257422,0.14851922690868374,0.0,True
00:01:11,59278c090220760001fda664,,0.9414435315636828,,-79.0604444602238,-506.4537,3.5072438999999997,-0.17696218,0.12986873,0.44956997,0.72156763,0.9041834000000001,0.97389156,0.9209,0.74437135,0.4499689,0.05066211,3.0231917,2.3155408,1.5088438,0.7360273,0.110594094,-0.29432938,-0.45556095,-0.39702243,0.0650047,-1.4786367784076588e-07,0.0026364386422302803,,6028.071781240684,4283.6198717433135,12.18144886195354,10.81475609229067,13.08286840245952,14.645607395558903,14.961286103953238,14.403262673387827,14.594010600311673,0.021377942999999996,10627.734375,0.0352197265625,0.0,0.0,0.0,0.02537949047982693,0.0004883068555500359,0.003475676709786057,0.3441687047481537,0.0016933519043959677,0.17759137451648713,0.033327091857790946,0.41387596130371096,0.0,False
00:01:11,5c41c28e896e090001c03bb0,,0.6221770279356169,,-73.8548895663518,-491.93185,20.664892000000002,6.716646000000001,4.658241,0.87937284,-3.0119007,-1.1437348999999999,5.3811636,6.0255847000000005,1.1771125,-1.5117147,-1.2816756999999999,-6.703464,-6.451157,2.0998285,7.0787416,9.7826185,4.1442957,-0.9525181,3.3586413999999998,0.7260088,-1.7534414860818847e-06,0.0298370960096722,,4555.449976387735,4287.1102963381845,12.5060855953723,9.048437125072237,9.68229976051772,15.075864793520386,18.675349696420472,14.395701344941953,19.473019666447843,0.046907116,8430.703125,0.078974609375,0.0,0.0,0.0,0.00420007411739789,0.053460954618640234,0.0011848413108964454,0.012641628249548377,0.6870152115821838,0.09094584123231472,0.02296052307356149,0.12759093064814805,0.0,True
00:01:12,59278c090220760001fda664,141.54767579131106,0.5228964718112051,0.5368920191721671,-43.03756265922486,-401.39078,132.61911,-15.99,-2.5565457,9.052361999999999,1.5344913999999998,-13.459144,-12.730252,-2.5789945,-0.11155523,-3.8586876000000006,-4.455524,33.644928,-5.245882,-2.7515224999999996,2.3779652000000002,6.6983604,2.3826918999999998,-10.825664999999999,-18.917175,1.381953,-3.667412480119405e-05,0.6031544086454153,9.650138398711855,2623.970821510657,2159.3711506622585,15.42630597460285,11.343144560723793,13.860540536673886,16.096958584289368,22.53810085877098,22.216421069685456,21.68070264565876,0.010017930999999999,4606.875,0.0355517578125,0.0,0.0,0.0,0.045549751818180086,0.0006869864067994058,0.0065554061904549606,0.37890278697013857,0.0013471074984408914,0.1663278967142105,0.023093217983841896,0.3775368809700012,0.0,True
00:01:12,5c41c28e896e090001c03bb0,,0.956645338959831,,-89.35597216044698,-504.99695,7.7865243,4.975506,12.13309,9.076704,-0.26182407,-5.9949985,-3.375782,2.4125414000000003,2.9355817,-3.3639202000000004,-9.304129,-2.939575,-8.248132,-4.251487,2.3317313,2.5059283,-4.302706,-9.555060000000001,-5.644874,0.12520036,-2.1613048101008572e-07,0.003703180712981322,,5735.710014579391,5912.494126504288,10.114516766308633,8.522844011033362,13.373424574716433,16.563509083637374,20.18383682515832,13.004971470450867,13.803306104725197,0.27774440000000006,11999.461206896553,0.033025045955882355,0.0,0.0,0.0,0.022449298534775158,0.03216942638391629,0.06885386100839241,0.0035050908045377587,0.7405552998185158,0.08692337518441491,0.028955120663158595,0.016588497231714426,1.0,False
00:01:13,59278c090220760001fda664,143.06318370892117,0.8710699248369118,0.8199744760288291,-22.290401458648766,-291.62633999999997,156.38159,-27.025765999999997,-12.409933,0.19371805,5.115539599999999,-2.989107,-13.360983,-3.4303727,7.4050617,-4.3261743,-9.646222999999999,-22.062225,5.62959,52.30842,6.211966,-30.466276,-15.592407999999999,-4.7128596,-21.261324,0.88465816,-0.00010651093652018128,1.7682534425551917,8.325208478723324,1555.4352254857315,1488.1663221759118,15.451712223908382,15.412451919391472,20.71157009849943,16.824448642823793,23.429728520713248,29.378076166883396,33.046911406921026,4.3389835000000005e-05,2899.6875,0.0348193359375,0.0,0.0,0.0,0.2283154413104057,0.0021244873641990125,0.013017824292182923,0.24910922944545744,0.0024930952582508325,0.3012378394603729,0.05336194131523371,0.15034020692110062,0.0,True
00:01:13,5c41c28e896e090001c03bb0,,0.5831862537739211,,-73.21607996323155,-494.26263,18.862703,-3.6041691,5.637821700000001,10.103147,2.9049764,-3.4943016000000005,1.2267245,7.3307357,2.5061400000000003,-7.239708,-8.632899,-6.2250814000000005,-11.89296,-1.9011906000000003,4.5780773,4.4382815,3.6175892,0.7151641,-4.5835843,0.5470863,-1.0810131043522859e-06,0.018207315963767214,,4532.850654707856,4341.822978584735,11.937821768172446,10.72207564106525,15.054043244459324,19.16987852554332,26.43066352435068,18.498343621287688,14.222255352346833,0.08238812,8619.260204081633,0.06720842633928571,0.0,0.0,0.0,0.017955313809216018,0.08127796910703182,0.04333987645804882,0.007306702854111791,0.6821618437767029,0.07745820730924606,0.01765537429600954,0.07284472566097974,0.0,False
00:01:14,59278c090220760001fda664,161.39909188323716,0.4994615170781539,4.2661250151676535,-42.523578487578355,-393.09622,81.83140999999999,-1.7012379000000002,-1.0743049,-0.1268583,-0.78620183,-4.412839,-2.0105006999999997,-0.68202263,-3.4162924,-3.0917087000000003,1.2618951999999999,-9.410228,1.1874242,22.623978,11.786682,-8.169229,-13.483217999999999,-9.34867,-6.3858414,1.0639918,-4.0083825040005955e-05,0.6682767635672284,16.401572459869982,2337.141606085893,2315.1890289876324,15.684351403848455,10.53017621721876,15.239979592786119,16.261585301757986,19.806952824960035,26.759596930052513,25.301535782774714,0.0008453985000000001,3765.234375,0.07302734375,0.0,0.0,0.0,0.3338174521923065,0.0020881862379610533,0.009126287885010242,0.13045700639486313,0.003243085090070963,0.4285675287246704,0.043582520261406896,0.049117917940020565,0.0,True
00:01:14,5c41c28e896e090001c03bb0,,0.7180880771698638,,-85.16902491070552,-505.96518,2.2680016,1.1933795,1.3097638999999999,1.5165526000000003,0.8975309000000001,0.2793579,0.5591351,1.0238612,0.9896625,0.79185724,0.38108459999999994,-0.7457077,0.21737385,3.0573957000000003,3.1465878,1.0727503,0.42167658,1.3579646,1.6347698999999998,0.08647286,-1.4958224744907195e-07,0.0026590054859133953,,5825.968431436366,5465.311574137451,10.059492666430913,9.27780580447743,9.424815399136412,14.408363479610774,21.12947288576613,15.576144120278787,14.147632623180668,0.14675294,11329.637096774191,0.05168955813172043,0.0,0.0,0.0,0.006802169303409755,0.10690724626183508,0.005466652568429709,0.008159759035333992,0.6246120810508728,0.12238592505455018,0.02514343140646815,0.1005227480083704,0.0,False
00:01:15,59278c090220760001fda664,134.66325912993298,0.4157533331131573,1.8030107892748868,-33.6180906256708,-349.87807999999995,113.57388999999999,-7.650471700000001,7.629042,4.819771,-2.335948,-8.327235,-1.101485,5.247497,1.3515101999999999,-6.081974,-5.05333,-3.557609,-0.53629136,10.881525,14.77881,2.4477286,-5.1435059999999995,-7.0866766000000005,-20.441298,1.5404833999999998,-6.352763509856559e-05,1.0619861575229224,18.827965009205613,2483.6365803383705,2655.447197130091,15.082701921348832,10.961450340686062,15.601787911535533,16.589878725486688,21.390836005658965,24.058066418951586,33.504311782611325,0.0006316189,4550.625,0.0849072265625,1.0,0.0,0.0,0.31248830556869506,0.018910627090372147,0.01765912976115942,0.07730799652636051,0.028879840252920987,0.46328776478767403,0.0519094780087471,0.029556867992505436,0.0,True
00:01:15,5c41c28e896e090001c03bb0,,0.6222366545982538,,-88.98503322584301,-506.1512,4.3780823,1.500901,1.1911724,0.92793065,0.712752,0.54284084,0.41148746,0.30883124,0.22286138,0.14057195,0.049172137000000005,4.2435540000000005,4.027572,3.7418375,3.401493,3.024006,2.6278884,2.2313602,1.8510592000000001,0.096048884,-7.572349624302054e-08,0.0013425513095969134,,6346.173210810433,5425.870244878697,14.434290047255885,12.325018450410669,12.337107014970051,11.67921730476925,14.052487745718025,13.134781940983254,14.1581076059083,0.19041766,12298.630617977527,0.012745250355113636,0.0,0.0,0.0,0.0051561197773976756,0.0866271850060333,0.005676271605559371,0.007731094448403878,0.7083350853486494,0.10116004943847656,0.022269663993607868,0.06304455108263275,0.0,False
00:01:16,59278c090220760001fda664,117.75709430939786,0.8554362432312551,0.5833754358426838,-23.085348845419635,-283.2302,172.20737,-2.1726027,6.632937400000001,4.730448,3.631993,-5.578216599999999,-13.283413000000001,1.7972355,8.287987,-12.505151,-13.96998,-20.996357,-16.204332,35.945865999999995,4.352339,-21.57734,-8.946800999999999,-9.993246000000001,-15.146015,1.0531305,-9.596889527155539e-05,1.5948636016880977,9.78577743491878,1277.239521994198,1455.7222259856933,16.024327331255137,12.203402948309536,16.35720165081716,15.380779064667545,23.02017537550786,30.332906232883047,30.782874168961307,1.0537748999999998e-05,2642.578125,0.0443701171875,1.0,0.0,0.0,0.20081537812948227,0.006504471550942981,0.026474974869051947,0.5774254646152258,0.008666463592089713,0.030438859155401583,0.0559902279637754,0.09368417041841896,1.0,True
00:01:16,5c41c28e896e090001c03bb0,,0.5427738558057345,,-72.50218929718523,-479.62964000000005,34.011932,12.370443,29.713676,20.863960000000002,-7.754516000000001,-19.381826,1.2832476000000002,19.870325,8.542539999999999,-6.873705,1.4103191000000002,-28.041384000000004,-29.691278000000004,8.936114,26.572575,14.114651,-4.1290345,-13.788222,-8.246462,0.6818384,-5.1629899535660414e-06,0.08673357923880204,,3661.097810396137,3563.385848985704,13.496716888478108,10.374250812784656,12.087643070679706,16.946290461397286,19.577799447663327,18.42301192866307,14.252212693293476,0.25374562,7351.765422077922,0.04460480925324675,0.0,0.0,0.0,0.005818263782809178,0.06714791970120536,0.006783784263663822,0.015717918570670817,0.6350757016075982,0.15882484945986006,0.04373861187034183,0.06689294593201743,0.0,False
00:01:17,59278c090220760001fda664,113.33759372431784,0.8703655977981557,0.29424182831113865,-41.97091400802454,-388.90668,102.948616,-2.4674357999999996,2.555036,0.011071015,-2.271433,-3.188845,-3.7308470999999996,-0.5815493,1.4376533999999999,-3.9504523000000002,-7.308631,7.39085,-3.9015787000000004,20.28546,11.736998,-5.143829,-6.990288700000001,-8.880065,-9.9500265,0.9557974,-5.338571407060362e-05,0.8803546475233612,23.11567782160822,2295.3890677861027,1590.9763787957595,14.276870954847945,10.144307789313233,14.845388320685133,17.191945197440013,20.5170485424825,24.09115371296209,22.49027660184421,0.0007737487299999999,2632.5,0.031845703125,0.0,1.0,0.0,0.6295203804969788,0.006057989550754428,0.04343972615897655,0.1018617793917656,0.026231742370873688,0.04635700639337301,0.13918721079826354,0.007344153663143516,1.0,True
00:01:17,5c41c28e896e090001c03bb0,,0.975963406897198,,-97.58589705490637,-505.61965999999995,8.9942045,10.237737,12.825333,3.8606238,-6.4514656,-7.7178583,-1.1086081,3.5991169999999997,0.97590053,-3.9984827000000003,-3.6683652,-6.4222150000000005,-11.787328,-3.3521318,6.128721,4.4626145,-5.157276,-9.293337,-1.4265205,0.099699505,-2.4746516218984015e-07,0.004238885037686385,,6018.369357681489,6292.051657225721,8.021755595881777,7.436393300376526,9.474930679128782,11.179642801574623,15.072934806414983,12.184186111827776,13.633104804693975,0.419771,13320.9375,0.03656005859375,1.0,0.0,0.0,0.0280258705500852,0.02333549359900644,0.03808134091510014,0.4476857914335348,0.09028576712378046,0.09412074618210847,0.12431050693108275,0.1541544911874966,0.0,False
00:01:18,59278c090220760001fda664,115.80805484960474,0.6610314790682991,0.2480812373982636,-29.698688756336175,-334.58566,148.37544,-6.753395599999999,9.553892,5.8320217,-1.7609737,-4.487457,-2.9282603,1.3466471000000002,2.0027676,-5.005832,-8.077736999999999,7.054767599999999,-19.571248999999998,8.049156,12.91775,6.0925044999999995,-1.0251845,-17.338967999999998,-25.068178,1.5094517,-6.265145793102522e-05,1.0344600920349392,16.998808864020116,1605.8396922220675,1702.8709154587823,16.812100578821127,11.03143597814914,15.760604325541001,18.041076113823486,25.718395479977552,24.79546671063776,28.07558761728005,0.00026308425,2865.46875,0.05828125,0.0,0.0,0.0,0.35531432628631593,0.002570863114669919,0.0810001403093338,0.17377463430166246,0.0020408289041370154,0.1057783618569374,0.2462570905685425,0.03326375149190426,0.0,True
00:01:18,5c41c28e896e090001c03bb0,,0.908332013265038,,-106.83744998976391,-507.33987,,,,,,,,,,,,,,,,,,,,,-6.8721736997752685e-09,0.00015609136109671088,,6641.842026926723,8263.54949845908,6.648268834052928,6.161371137795134,8.471740313028286,7.953546614387772,8.890378477699631,9.373158752800766,12.571179018835444,0.6505175,16738.037109375,0.005642361111111111,0.0,0.0,0.0,0.01866440614685416,0.01551773939281702,0.046383235044777385,0.21106827333569528,0.03961618915200234,0.1016421850770712,0.18335418850183488,0.3837537944316864,0.0,False
00:01:19,59278c090220760001fda664,115.87457485710837,0.8510107914781673,0.3808258753448702,-31.622330226914364,-368.68536,120.73005,-13.182758999999999,-6.637411999999999,-1.7902672999999998,1.0300046999999999,-1.0513556,-0.78024304,1.7340740000000001,3.9084811,-1.7549936000000002,-9.286171000000001,21.106647,12.504511,32.023804,21.900167,-6.5956535,-14.382129999999998,-10.914866,-15.997611,1.0735176000000002,-4.129813096310662e-05,0.6815833442484726,7.314707194372804,1779.2026320795733,1832.8487344027883,17.11252806160951,12.686779068753012,18.093599517354093,15.877874653313608,22.006855632038494,25.1478778889943,27.30756857617795,0.00032973997000000004,3149.296875,0.056943359375,0.0,0.0,1.0,0.1577152113430202,0.007496973173692824,0.031523705716244875,0.07704400345683098,0.4782230538781732,0.13187684724107385,0.07344058919698,0.04267961294390262,1.0,True
00:01:19,5c41c28e896e090001c03bb0,,0.7068258446484839,,-97.99603168508541,-489.13474,70.47431,17.027437,14.2182865,15.809473,-0.8230860999999999,-12.217446,9.858603500000001,17.064885999999998,-2.9112153,-7.849628999999999,1.6791039,-63.779357999999995,-8.265345,26.307740999999996,19.425135,22.060062,-2.3984709,-21.292229000000003,2.2005033,4.027317,-1.4900371115677177e-05,0.2534843696405533,,5175.457461623694,6216.3014493764895,8.702774872754803,7.976736246839819,9.015862640179751,10.389106234762851,11.109531619657627,10.608493477337412,14.122480920441706,0.7169399000000001,12883.370535714286,0.028980152027027032,0.0,0.0,0.0,0.018392235040664676,0.017850486002862452,0.03339109607040882,0.15217087641358376,0.04073619823902845,0.13827164322137833,0.16799801960587502,0.4311894595623017,0.0,True
00:01:20,59278c090220760001fda664,,0.6922802153728957,,-80.92210654397817,-503.64224,16.375175,1.2971343000000002,0.5018345000000001,1.4572046,2.3051121,1.2360573000000001,-0.56326646,-1.0101007,-0.028634448,1.0554389,1.5609806,9.781016000000001,5.895326,4.5097775,2.0425854,-1.1407582,-1.5653226,0.80049115,2.2359793,0.34007950000000003,-3.143848744323357e-07,0.005382107997314285,,5804.504506049823,4650.1569663531545,10.429008741883472,7.8617050945912945,10.591470153743419,15.09006230993865,14.839252653878784,14.62553300784319,15.44908884504258,0.037567966,10980.234375,0.042041015625,0.0,0.0,0.0,0.03694274832960218,0.14169184807687998,0.02189024301478639,0.0007337501883739607,0.7179203927516937,0.06359521626727656,0.014789661508984862,0.002436123008374125,1.0,True
00:01:20,5c41c28e896e090001c03bb0,224.8415426875717,0.9802993492322803,1.5519202103946763,-18.232375793713786,-192.91103,161.7945,-6.03452,-3.2314953999999996,2.8887669999999996,-6.689431699999999,-11.769158000000001,-2.03613,-4.604643299999999,-7.549042699999999,-2.8406065,-10.635887,-53.327606,23.349619,-0.78316396,-7.744457700000001,1.6115944,-22.197720999999998,-18.540422,-3.4128962,1.9330375,-0.00018474139117662648,3.1407653158431965,18.98464029088764,2070.9235873229927,2445.248407452985,13.423816217071126,13.416311534553358,15.751271417041755,15.611133836543315,19.483762883387424,20.484471588800886,43.87908460978773,1.8371533e-05,4154.0625,0.0826025390625,0.0,0.0,0.0,0.028694390505552288,0.00970422477694228,0.042466038838028915,0.19018116854131226,0.02696936847642064,0.10648694019764662,0.32007211819291115,0.27542575703701005,0.0,True
00:01:21,59278c090220760001fda664,,0.8987879303812951,,-85.9253470446146,-507.78795999999994,0.58225876,0.19436291,0.28243056,0.25481224,0.1342016,-0.024889317999999997,-0.15659046,-0.20761043,-0.15639517,-0.020930866,0.14744279999999998,0.3565305,0.054818057,-0.23593089999999997,-0.4352428,-0.49373186,-0.40724733,-0.21618557,0.009501077,0.023947753,-6.488716574197388e-08,0.0012725667059450252,,6676.948927205111,5838.762585882408,10.036800618598717,8.139570862287894,11.136879653097026,15.535116071385666,14.262107184993518,13.582806620225721,15.00499850610732,0.05738469,14352.421875,0.04986328125,1.0,0.0,0.0,0.13993158340454098,0.07484447415918112,0.04606710858643055,0.03443000158295036,0.4113006770610809,0.16128409653902054,0.12189097553491593,0.010251086484640836,1.0,False
00:01:21,5c41c28e896e090001c03bb0,172.39876794857292,0.7070762173520835,1.4640705312977698,-49.20353561588021,-376.5721,95.23159,-3.626807,-7.401018,4.7645597,3.654018,-4.389979,0.92586213,2.1070848,-4.9045362,-5.705598,-6.1207237,-30.045616,16.811802,12.901859,-2.6687868,-6.036049,-5.244899299999999,-3.9746106,0.75469244,1.3567505,-8.087018681978397e-05,1.375415489670059,14.322461303538242,3387.73481832987,3361.4165116974846,13.352402673374245,12.731800487466794,12.697288023107808,14.376550133327413,17.97037342866411,19.368848715349735,28.219035038819648,0.015797168,6043.59375,0.084091796875,0.0,0.0,0.0,0.08495302647352218,0.01481750003295019,0.09771921592764556,0.1330472957342863,0.10636743688955903,0.1540952192619443,0.3594541296362877,0.0495461787097156,0.0,True
00:01:22,59278c090220760001fda664,123.67178298535877,0.6528464009706263,0.4561782662799274,-46.736039828281136,-388.84305,129.32033,-9.2997055,6.383395,13.092246000000001,1.6618842,-12.954816000000001,-10.7013645,-0.7442893,0.3684799,-3.2788274,-3.1479802,4.9142957,-12.651183999999999,13.407106,13.497710999999999,9.589518,5.812517,-8.946664,-17.741013,1.1344141,-4.0432124242941336e-05,0.6647968461738699,10.65610625164923,3374.1011542657643,2595.83290326014,15.75935179199527,11.384319961284852,14.864272815571852,18.173751955289084,20.870888122618698,22.37332869673079,23.136423012766,0.0075611887,6186.328125,0.0358544921875,0.0,0.0,0.0,0.15145825445652009,0.1155268222093582,0.045826441049575804,0.035600201692432165,0.3926819324493408,0.18807231187820436,0.034860897623002526,0.035973143018782135,1.0,True
00:01:22,5c41c28e896e090001c03bb0,,0.6765195185779158,,-104.48747341388754,-507.2643,5.315353400000001,2.812306,2.3496282,1.8683869,1.3744957,0.8739606,0.37280184,-0.12302217,-0.60774034,-1.0757632,-1.5218425,5.2312365,5.0922422,4.9001484,4.657422,4.367152,4.033036,3.6593077000000003,3.2506897,0.16380946,-2.1932624503425977e-08,0.00043474351912985967,,6572.159929878128,7094.457883776865,9.690442154411189,10.020871943421989,8.766973032325518,9.655166821461956,10.2230115655174,10.329274884778263,12.406170570818176,0.629283,15307.557397959185,0.014460637019230768,0.0,0.0,0.0,0.060558170452713965,0.07585128415375947,0.07617843542248011,0.03907815935090184,0.15828705504536628,0.3178361006081104,0.206195180118084,0.06601561587303878,0.0,False
00:01:23,59278c090220760001fda664,130.66969089162222,0.6255957920927392,2.6805801931116218,-26.542373435703173,-294.029,144.90327,-2.015942,3.1756194,0.1986957,-1.8866845,-4.756116400000001,-5.824403,-1.6918272,0.07266668,-3.9665656000000005,-4.675139,-17.326412,-5.416114299999999,17.620243,14.852773999999998,-2.4503912999999997,-5.2972865,-14.411335999999999,-18.742441,1.3402954,-0.00010165519946076148,1.7011946026157334,18.222321191497112,1812.6371026160355,2683.665044906539,15.484722355295302,11.472233197608375,14.999885513662445,15.942972139178426,21.279079336300207,27.836366538158988,32.35757216107929,0.00064335525,4253.671875,0.1000634765625,1.0,1.0,0.0,0.20372607000172135,0.0023564126477140235,0.003990418750618119,0.4701681302394718,0.18883619119878856,0.018443526700139046,0.017945304163731638,0.09453395195305347,1.0,True
00:01:23,5c41c28e896e090001c03bb0,,0.7237073816544476,,-100.96293922130396,-506.68182,7.7393529999999995,6.2784166,5.9942484,5.6927769999999995,5.3763514,5.047398599999999,4.708394999999999,4.361843599999999,4.0102459999999995,3.6560737999999997,3.3017485,7.692003999999999,7.613532000000001,7.504596,7.366107,7.199219,7.0053160000000005,6.7859917,6.543037,0.19994348,-1.6866506965944519e-07,0.002806156429447792,,6051.961486550912,4850.747940390849,9.737079427945645,9.969315495320355,9.769066673434061,10.40374002662142,11.124367721818096,10.994776004800704,11.695869569419667,0.6702388000000001,11350.911458333336,0.0048828125,0.0,0.0,0.0,0.034201002586632966,0.2107681691646576,0.01835806630551815,0.006326930539216846,0.2766855344176292,0.31692030727863313,0.0900725930929184,0.04666739944368601,0.0,False
00:01:24,59278c090220760001fda664,117.4375632335452,0.6561452855409138,0.9577938682205,-37.444287959047344,-381.5938,116.03452,-6.0491996,4.260814,4.200425599999999,2.3581924,-2.9216526000000003,-4.897709,0.78363115,0.29987994,-6.6794753,-4.191233,20.690895,-4.1499324,3.0090003,-1.8120686999999998,0.43179616,1.3791898,-15.282335999999999,-21.266052,0.9237936999999999,-4.736041209590619e-05,0.7783523245668911,9.91371538713556,2284.547058931283,1935.8434965581607,15.387051612980954,11.435995232443387,16.159946762032895,18.94104448302825,21.948634580189967,21.879246346197466,24.37324725681521,0.0018457281,4020.46875,0.0464111328125,0.0,0.0,0.0,0.08378771357238292,0.003888080199249089,0.0017716957576340067,0.019030550867319102,0.8101051867008209,0.01670741401612759,0.031079909199615938,0.03362947297282517,1.0,True
00:01:24,5c41c28e896e090001c03bb0,195.7803126518401,0.3461081004917851,4.552527066678932,-67.00507286068151,-384.48892,123.76328000000001,-5.182638,-6.602002000000001,4.670745,-5.9757843,-13.66586,5.1069937,4.8394260000000004,-2.775019,0.016184062,-10.042057000000002,-58.372913,32.704453,14.122623,0.6437792,15.209677,-17.50461,-31.899834000000002,-1.6490971999999997,2.5157043999999997,-0.00012211133537463577,2.1231040625937605,20.93475883670809,3096.845415023026,4001.5500505567156,12.484997346513524,10.88331511930499,13.03859897228115,13.4876188836556,15.296367851752509,15.123009597652885,25.856634233785186,0.4344728,7156.382415254238,0.09369206832627118,0.0,0.0,0.0,0.008885553386062384,0.2859122544527054,0.0031813351903110737,0.0011542738124262542,0.4999181240797042,0.1637505993247032,0.023647845070809127,0.013550009950995446,0.0,True
00:01:25,59278c090220760001fda664,219.9429453068913,0.9058606241886406,10.304628949672077,-48.371649440252725,-436.94125,63.843784,-4.161881,-4.8694489999999995,-7.255681,-2.4226136,0.7847046,-1.8943316000000003,-2.6781077,-0.25058332,0.9906835999999999,0.58126324,13.453047,9.229795,15.912846,2.8446844,-8.824614,-11.953318,-14.943876000000001,-11.577996,0.7539784,-2.1906905042466948e-05,0.36201532979441575,22.093558477876726,2674.358401860874,1735.1527628015808,11.415440435515116,8.417138328697295,15.353799038419284,14.62476795894572,19.972282681807695,20.553617417632246,23.103468227520533,0.0009955516,3107.34375,0.03234375,0.0,0.0,1.0,0.021883691474795342,0.010223477706313131,0.0015835768834222108,0.003604869125410913,0.9370397210121156,0.014983139699324962,0.0028557631390867754,0.007825744664296506,1.0,True
00:01:25,5c41c28e896e090001c03bb0,191.71453321682662,0.3312301700516325,4.800294115129836,-44.59433249538767,-333.7747,137.50621,-7.995992,-1.7178433999999998,1.1748173000000002,-9.628271,-3.340117,2.9938135,-1.1198084,0.055461317,0.7732437,-8.279662,-27.494936,12.786539999999999,19.044771,5.605997599999999,-12.460024,-18.130083,-20.710585000000002,-10.860321,1.5379295,-0.00010588253696167654,1.77899413330421,17.61454595404722,3349.8156203294343,3307.637266686783,13.852541079559762,9.888845461912071,14.652159304664025,15.06562303503994,19.27186810299523,21.221399834947306,32.154357551124846,0.03233028,6573.75,0.0770556640625,0.0,0.0,0.0,0.03715646229684353,0.10068672797642647,0.1150266453041695,0.04273029671458062,0.2761107012629509,0.18866948671638967,0.20149079244583845,0.03812885009683668,0.0,True
00:01:26,59278c090220760001fda664,137.2596711795682,0.4582312726093194,5.1839817579491125,-28.646652245330927,-326.1998,148.04518000000002,0.45216292,0.7042031,-1.8635106,0.9632166,-2.8082197,-7.003646000000001,-4.980325700000001,-4.954631,-7.2620645,-5.4703726999999995,1.2089562,-3.7167830000000004,27.538023,6.4765773,-10.180625,-7.9591155,-13.951517,-11.932856,1.3283846000000001,-7.314677064432286e-05,1.2126503492923293,17.209921588895682,1375.3749537895121,1373.633392958114,13.348433365631113,11.055624627174431,14.585718635478575,16.63930730054484,21.594372394831236,25.262735355976343,26.48979978710649,0.00015714775,2345.390625,0.042392578125,1.0,0.0,0.0,0.14130774922668934,0.012072123703546822,0.004875403706682846,0.1122829805361107,0.6630416989326477,0.011628005048260092,0.017662898125126957,0.03712911028414965,1.0,True
00:01:26,5c41c28e896e090001c03bb0,100.55664420015982,0.8897096545672156,2.346051438915988,-58.39583799045369,-435.53875999999997,68.97375500000001,6.9531775,9.312567999999999,4.5498633,-4.402778,-5.6792455,-0.38650042,1.7605587,-2.0989025000000003,-8.093342,-6.11177,-11.04246,-10.415687,6.585273,4.230137,2.5162212999999998,-4.1914153,-9.06339,-1.2768462999999999,0.46990308,-3.125782471731108e-05,0.5177881957303127,37.084127319314256,3608.6842479502693,3483.057157529645,14.822271030209372,13.2948390713436,11.302968982942414,18.446155078129564,23.886672331494665,19.756147919782507,22.53552172577816,0.0150591135,6432.1875,0.077890625,0.0,0.0,1.0,0.002313365665031597,0.019311659247614445,0.0023195445668534377,0.0043151341524207965,0.9120518624782562,0.01898659060243517,0.023067756392993032,0.017634075426030904,1.0,True
00:01:27,59278c090220760001fda664,93.47136773811472,0.6692444040877014,0.502524544823184,-40.51481712954282,-395.96677,101.89735999999999,-4.1407913999999995,0.080755845,0.40262420000000004,2.4753861,1.633773,-0.7347842,-0.60861796,-0.27047783,-1.0581938,-1.0896295,17.559483,0.46289393,13.432969,5.976431400000001,-6.759171,-12.24192,-17.032747,-14.319674,1.2267202,-3.244725292631762e-05,0.5359954629892977,12.954783036334215,2087.650131221154,1586.3167975315134,12.62129543946706,9.19021940945433,14.937247091204295,15.233583249266715,23.770325707885707,21.87988519557393,24.63511961653662,0.00036207036,2803.828125,0.0409619140625,1.0,0.0,1.0,0.08341046683490276,0.021582094579935075,0.009612769261002541,0.0419900918379426,0.7748752355575561,0.0250260497443378,0.015723914653062818,0.027779363165609538,1.0,True
00:01:27,5c41c28e896e090001c03bb0,,0.9633530587661622,,-54.06137348223389,-479.41992,12.365815,13.290916000000001,3.3443089999999995,-6.0633526,-6.7187342999999995,1.2340152,7.305880499999999,4.2929626,-2.1758335,-2.2366471000000003,4.5122447,-25.188257,-18.09955,14.323998999999999,22.149492000000002,-0.19455521,-16.601732000000002,-6.2650537,11.165181,0.30154768,-3.458667549788974e-06,0.05876007407095391,,2472.368607010469,2890.862772657188,12.815297934965676,9.370173357595347,11.968812790895386,21.50513084542637,26.52037054830464,28.55648424153325,21.169429157712802,0.00039203682999999995,3393.28125,0.09298828125,0.0,0.0,0.0,0.010088273102883249,0.002937540278071538,0.0015752829480334186,0.015754051222756967,0.7634759798645974,0.01074439799413085,0.19379994339542464,0.0016245367529336362,0.0,False
00:01:28,59278c090220760001fda664,87.35454469382414,0.4868501112533891,2.8647765784584167,-52.40944460484956,-425.60513,75.39636,-5.511753,-1.1308572000000001,4.9082102999999995,6.367371599999999,0.27455267,-0.48110172,2.090865,-1.6324322,-5.032341000000001,-1.7686012999999998,11.0749235,-5.3771224,2.639722,2.129861,-5.872184799999999,-9.105260000000001,-8.979613,-8.750865,0.8243647,-2.1403087805968068e-05,0.3539567610017301,21.974455748496066,3018.577921522936,2176.641956520521,12.060906285436651,7.688070762931001,11.884849113719133,15.765070665727727,17.404073287391533,19.958171429844423,22.880104355104407,0.0020919668,4106.71875,0.0467578125,1.0,0.0,0.0,0.06430320553481579,0.020771087752655147,0.021478052902966737,0.005478690750896931,0.8644111275672912,0.010589573998004198,0.00261629493907094,0.01035195728763938,1.0,True
00:01:28,5c41c28e896e090001c03bb0,172.36906001340267,0.5703292698144462,0.3083015775867776,-20.769327026237733,-183.67113,159.6447,-6.7468639999999995,-9.604032,2.3173567999999998,-2.5015645,-7.691712400000001,-5.800503,0.5931137,-4.046555000000001,2.0377517,-7.4486794000000005,-50.031690000000005,22.924965,-11.2975025,-1.8698862,-17.438627,-6.778531599999999,-18.41049,-7.7548259999999996,1.9647146,-0.0002677494443230506,4.558953086612512,11.450754836395,2855.4756174027198,2833.5432063358708,16.873476394013807,13.756567355023408,18.12187650816104,18.193397579835814,20.35428685548043,21.0598002550272,40.429060824537366,0.004711831,5347.03125,0.0623583984375,0.0,0.0,0.0,0.030596916144713764,0.005394064662687015,0.0018547685896919575,0.28739431612193583,0.11543405251577495,0.02355244103819132,0.5058970749378204,0.02987639417988248,0.0,True
00:01:29,59278c090220760001fda664,,0.7340483552792703,,-80.58910657914647,-507.65157999999997,0.8305413,0.29207402,0.35131094,0.27425423,0.11058736,-0.060642265,-0.16363288,-0.15579487,-0.043834087,0.1197942,0.25826845,0.5247329000000001,0.12196828,-0.25580692,-0.5005972,-0.5533935000000001,-0.42121148,-0.17066923,0.09884033,0.02667509,-1.1664063251279648e-07,0.002152718037459549,,6233.722499336986,4653.812722075871,10.886091577648273,8.064191501438044,10.732595304408424,17.48300827490011,14.611742076161859,14.24014270473082,15.546112587647755,0.022288732000000002,11892.1875,0.04283203125,1.0,0.0,0.0,0.033452110923826696,0.00845778847578913,0.003407722525298596,0.016644711955450475,0.9033469200134278,0.008244818542152643,0.009184220200404523,0.017261694965418427,1.0,False
00:01:29,5c41c28e896e090001c03bb0,141.77361207258681,0.9246557902425528,0.30116656108761675,-16.475918174196355,-204.59541000000002,162.26112,-1.2376243,-6.415056,-0.25936535,-8.383239999999999,-8.298441,-3.7007617999999995,-0.8295333,-3.4152477,-4.294096499999999,-7.0706205,-36.164691999999995,21.800148,15.500437,15.195265,3.4159644,-21.598822,-28.637451000000002,2.133514,1.5715714,-0.00020887952142423268,3.5374152007721102,13.199499992664498,1899.656211237308,1985.411865191544,15.66611969869792,14.42808835334475,17.647885382041828,18.943755067931523,21.78323217278827,24.014749344095115,40.729312554143696,1.680259e-05,3448.59375,0.0539208984375,0.0,0.0,0.0,0.10129787791520356,0.012034507375210524,0.06781722586601972,0.1476984997279942,0.14305683355778456,0.09097400195896624,0.3344407729804516,0.10268029579892754,0.0,True
00:01:30,59278c090220760001fda664,,0.7275495188071183,,-78.52574798022502,-507.284,1.5001783000000002,0.26465040000000006,0.14540592,-0.025567773999999998,-0.22187774,-0.40311444,-0.5294869000000001,-0.5761761,-0.5422425000000001,-0.45101482,-0.34191597,1.3285431,1.0898285,0.8386544,0.6246142,0.47704002,0.39728823,0.3610144,0.32933107,0.04500633,-1.4188154075485114e-07,0.0025618485728692297,,6024.959488651891,4220.089843893996,13.225811432833884,8.679185281644772,10.377072691866513,17.010283606089338,14.073704540471375,14.116989145889027,15.904999308164001,0.01606655,10611.328125,0.0373095703125,0.0,0.0,0.0,0.05187787478789687,0.06953638740815223,0.005676552094519139,0.04675553403794765,0.7629392266273498,0.01921766754239797,0.02009666638914496,0.02390006333589554,1.0,False
00:01:30,5c41c28e896e090001c03bb0,156.154794371238,0.8898416106420741,2.734094810173256,-17.43296744589477,-194.50034,131.11176,-4.744866,-0.038779877000000004,3.2137439999999997,-8.926395,3.1890216000000002,3.1313612,-3.1689055,-2.8938305,2.312477,-5.780227,-61.062336,31.725042,6.4472747,12.005438999999999,0.9616578000000001,-30.040537,-29.125595,3.9286032,2.0752479999999998,-0.0002105101385924168,3.709365053655163,23.238271582664265,2081.1871155248027,3083.332855037025,11.864713616270715,11.155863352922188,15.609998829866864,17.595141514672488,20.778838120958078,23.895178305619467,45.92662247542804,5.024324e-05,4719.375,0.111533203125,0.0,0.0,0.0,0.03665926652029157,0.05111528303241357,0.034388091694563624,0.09745603069895878,0.43127550929784775,0.15341765321791173,0.15632427334785462,0.03936391790630296,0.0,True
00:01:31,59278c090220760001fda664,361.8355528420693,0.5202878690984081,18.098852375993452,-67.18402533943859,-453.9065,66.81913,-1.1436089,-5.179867,-0.70545536,2.0289636000000004,-2.9744775000000003,-3.0574548,-1.1288613,-3.4311252,-2.498478,-0.030319907000000004,-21.294697,3.910601,17.057463000000002,-9.635527,-9.461052,-4.4714293,-9.147287,-3.472801,1.3059418999999999,-2.943511945980385e-05,0.4956770267859013,34.88328001098931,5252.283598048484,4067.1752943914394,11.522639778682391,9.191132340386467,11.614742204880411,16.543859117211586,16.106015178407063,17.187923429959415,19.403886177271318,0.01716906,10028.90625,0.0433935546875,1.0,0.0,0.0,0.04907068074680865,0.03292610994540155,0.032915936753852286,0.004000469410675578,0.8371765494346619,0.021322842803783715,0.008780274854507298,0.013807112001813948,1.0,True
00:01:31,5c41c28e896e090001c03bb0,301.05833466922854,0.8230263915660833,4.471942968990561,-54.29354533806235,-333.18652000000003,115.66973,-0.18421382,-10.537175,-13.366029000000001,-8.255314,2.6293452,-4.7460904,-2.3728082,-4.336629,-0.17309132,-5.749011,-51.087456,21.177687,-2.1479921,4.0106664,-17.630470000000003,-16.182726000000002,-21.33829,-1.0083696,1.2236755,-0.00015612457574421234,2.6762841596669014,22.3729548954563,3900.027210152622,4199.9075691190255,8.912406675920233,11.785683544615654,12.62729712635387,13.838502404891882,17.112662073237647,17.979242608749463,29.975658954575447,0.1101509,8073.486328125,0.07907039561170212,0.0,0.0,0.0,0.014591319253668187,0.029621326085180043,0.01580177480354905,0.010311933769844472,0.7966568231582641,0.0605609524063766,0.05124589232727885,0.02121000520419329,1.0,True
00:01:32,59278c090220760001fda664,125.61503090409084,0.8766701299633683,0.6004024639880985,-32.06218238610458,-323.8649,147.83455,-1.7999886000000003,5.543467,0.68771607,-4.1649094,-8.736632,-8.715913,-2.4339828,-3.7994652,-10.221494999999999,-5.605516000000001,-7.101908,-17.657882999999998,15.253113,0.7635018,-8.454684,-1.5598098999999999,-10.122869999999999,-15.110487,1.1958215,-0.00010714129909483809,1.773953074413571,33.98502551185239,1601.7512817394534,1476.189623414889,14.42101441975439,11.415232100489495,14.171797207407426,16.901840562958732,20.345212777196267,25.639826131841094,28.08251373195333,0.00011704431399999999,2471.484375,0.0394287109375,1.0,0.0,0.0,0.14837163910269738,0.09314535111188887,0.0674102381337434,0.016613875911571086,0.5485749065876007,0.08823792710900306,0.021075628511607648,0.016570410429267213,1.0,True
00:01:32,5c41c28e896e090001c03bb0,,0.6388087550811352,,-58.64128182143438,-472.39055999999994,17.26203,2.9657133,5.68847,11.455988,-4.6723857,-10.3113985,8.809792,14.0613985,4.764332,-3.7065462999999994,-9.722724000000001,-24.476784,-11.03175,5.7366195,10.821814,5.447359,-18.335617000000003,-20.624622,-0.15137433,0.49611512,-3.94033763009217e-06,0.06872855892540898,,2646.914948893003,3189.7829945019703,10.299112846847493,10.30663800705635,17.25268323319205,23.09043024536077,23.085671525522798,24.469406979432016,21.776167277007183,0.105520934,5620.052083333332,0.10546332465277776,0.0,0.0,0.0,0.014261153829284013,0.006666997284628451,0.0065455598232802,0.006924106777296403,0.8994902610778809,0.014981862681452185,0.04525521812029183,0.005874835106078535,1.0,False
00:01:33,59278c090220760001fda664,96.63837245111134,0.717458208385305,0.5545282660371457,-23.855388913516634,-265.4025,175.09032,5.5392203,8.343667,4.3484845000000005,0.87960035,-6.7267733,-8.963889,-2.793734,0.35239604,-8.734824,-6.952209,-20.72343,-21.991049,7.885741,6.598925,1.7251425,-0.017812099999999997,-16.165955,-16.757727,1.5571778,-0.00012169338384482354,2.030069068161615,27.01658758848341,1572.8141310492597,2099.3927322019613,14.932438256647256,9.257073695586886,12.01346775086988,15.427877442083227,22.363831598052712,26.751112642725573,31.86876573106192,0.00010345005,3384.84375,0.0795458984375,1.0,0.0,1.0,0.03246091678738594,0.06667452864348887,0.007080557476729155,0.002159827225841582,0.8299762725830078,0.045245119743049136,0.009265875490382314,0.007136923167854549,1.0,True
00:01:33,5c41c28e896e090001c03bb0,,0.8273647486858204,,-84.64314452499444,-505.21477999999996,3.562015,0.58292365,5.0793037000000005,3.4553967000000005,-1.9961611000000001,-4.697466400000001,-1.5906465,3.4352934,4.3119574,-0.019511404,-4.4220343,-4.3020205,-7.2855916,-2.3054773999999996,4.9354,6.4973235,1.0290112,-5.0444574,-5.0289507,0.101262175,-2.0227312790513847e-07,0.0035523857580009297,,5733.2704487967885,5817.662437984893,10.57642617133517,8.055246191113024,9.295685288936728,18.947350741114853,24.604153399098763,14.794267226508017,13.69915019753141,0.22482716,11520.77205882353,0.06265694754464286,0.0,0.0,0.0,0.010592551484296563,0.014343646494671703,0.0033689704170683397,0.0026491282129427413,0.8574537545442581,0.05173160629346967,0.053179114661179486,0.0066812188597396025,1.0,False
00:01:34,59278c090220760001fda664,261.41083002891014,0.16374669136026787,5.60519897262528,-30.412222531955862,-344.851,141.70193,-7.7632080000000006,4.2660456,11.138236000000001,2.859171,-12.281868,-5.1622334,8.623594,-0.15134157,-12.062097,-2.892772,23.680227,-1.7229546000000002,-0.56844157,-4.440236,-5.124604,-4.7105823,-12.889251,-18.105055,1.3250473999999999,-4.142118395847672e-05,0.6863457220119134,18.32235429730029,1695.183140832577,1691.2325849725946,13.57632914599876,7.8978517002941295,13.873568658493225,16.0927905606043,23.56112499400777,24.51474027457661,28.621570332179655,9.892764999999999e-05,2715.46875,0.05369140625,0.0,0.0,1.0,0.04314434230327606,0.016312234816723503,0.01032574643031694,0.0069159591570496564,0.8895419001579284,0.014999001758405937,0.0069701075117336595,0.011790685716550795,1.0,True
00:01:34,5c41c28e896e090001c03bb0,,0.9866538811098854,,-81.72219199275625,-505.2803,3.717825,4.693666,2.247157,-1.1950741000000003,-1.1153806,1.5284746,3.893814,3.3597202000000004,0.37598464,-0.38865206,2.2736638,-1.6717686999999999,-1.3751043,2.780151,5.1794853,3.0407345,-1.6660578000000001,-2.8160167,1.5461906,0.21086074,-2.3009672290331955e-07,0.004049996493561981,,6129.485694840995,5832.391769172096,13.507240432490347,11.527456670966892,13.935368020863619,13.96869691140817,22.26299648474495,17.50580211508386,14.838581841358032,0.04059626,13016.953125,0.0530908203125,0.0,0.0,1.0,0.07285757986828685,0.052421071613207464,0.15708832936361433,0.041180985968094316,0.28552579768002034,0.20244882851839066,0.15848958045244216,0.02998782475478947,0.0,False
00:01:35,59278c090220760001fda664,,0.7240673253939771,,-64.41312905563721,-486.60486,25.837432999999997,1.1749104,0.7212764,-0.6284295,-2.113702,-3.0142542999999997,-2.8700012999999998,-1.6532296000000002,0.1401951,1.7284871,2.5319316,15.609748999999999,4.651462,-2.8555539,-5.9081254,-5.7478620000000005,-3.9517107000000005,-1.6370109,0.31354109999999996,0.2969063,-1.1081384088636092e-06,0.018416564788720755,,3850.547113239212,2145.6960323995054,13.144429026061891,8.542914535373443,12.315295893039794,19.7890899189461,16.343407218694466,15.275088277951049,18.06340831721668,0.0018950147,3807.421875,0.0292236328125,1.0,0.0,0.0,0.0884618534706533,0.0044721599202603105,0.0018130606040358548,0.03959390933159738,0.8160028398036957,0.0037487395573407405,0.0017640870937611906,0.04414333344902843,1.0,True
00:01:35,5c41c28e896e090001c03bb0,206.95896775932576,0.8222694722605323,1.728915372215616,-25.15501332844011,-239.3314,155.87502,-6.7992864,1.4621904,5.9625783,-8.664105000000001,-12.030303,-3.1357237999999996,-6.497171,-4.7335167,2.5326006000000003,-5.068754,-50.427659999999996,-3.3393486000000006,-6.635121300000001,-11.732952000000001,-3.3130379,-19.233559,-20.92561,-9.530443,1.7846011999999998,-0.0001766678436826378,2.9645518904239125,14.870343331016198,2357.48714125099,2374.09279314708,15.041250201592172,15.067167990290194,14.149057498881733,19.147791143562923,20.59852443905813,21.048508546359013,38.60138693849277,0.0009720385400000001,4249.21875,0.0645263671875,0.0,0.0,0.0,0.06312092244625092,0.008380208152811975,0.11985315876081586,0.16850341781973838,0.03855592645704746,0.2509519740473479,0.2855329126119613,0.06510146808577702,0.0,True
00:01:36,59278c090220760001fda664,,0.8911770018417003,,-70.88563067784473,-503.0648,6.126791000000001,0.06702055,0.39531437,0.21280621,-0.29183292,-0.82391435,-1.1146053999999999,-1.0261117,-0.5924345,0.012477028000000001,0.55768466,4.359257700000001,1.9831202,-0.35136575,-2.0643964,-2.8259768,-2.6379827999999996,-1.7955248,-0.75022256,0.12203609,-3.19144839323998e-07,0.005470121190428085,,4877.760005053526,2797.5991064398163,13.311999564039539,8.706025594924803,11.565698656029385,19.53716704437136,15.070368313960467,14.880385201336805,16.734481199116093,0.0036980433000000004,5544.84375,0.0314453125,1.0,0.0,0.0,0.293315663933754,0.026167101791361343,0.031403598561882975,0.18180427504703406,0.21134718134999275,0.13604471161961554,0.033310315664857634,0.08660713837016372,1.0,False
00:01:36,5c41c28e896e090001c03bb0,158.94361366964478,0.7301174635671803,0.456790354917674,-15.860421977113127,-178.03374,170.16835,-1.3674908000000001,-1.7433771,-0.38582382,-6.307542,-3.7289847999999997,-0.8383624,1.8682584999999998,-3.129037,-5.5654097,-2.1708524,-55.523743,16.630695000000003,9.404875,-1.52552,-12.437933000000001,-19.785816,-24.495829,-10.838497,1.9131663,-0.00021956074390209532,3.692008110231303,12.272377055803373,1947.4446595751936,2056.251423648251,16.447893002422024,13.760527829047337,17.567918154514317,17.566190999124288,20.726611175565218,23.24773292552456,41.72074073229129,2.2451268e-05,3495.9375,0.05634765625,0.0,0.0,0.0,0.04839929500594735,0.00033197481643583166,0.05776798776350915,0.24222046956419946,0.0007320879958570004,0.00548849528131541,0.64312142431736,0.0019382496364414687,0.0,True
00:01:37,59278c090220760001fda664,,0.7631826070926386,,-69.51140123566846,-501.64108,8.009658,0.09567691,0.32418185,-0.13134335,-1.0208363999999999,-1.9234911,-2.4222688999999997,-2.2654736,-1.4570677,-0.24744755,0.9654406999999999,5.8829184,3.0071638,0.15199675,-1.9865308000000002,-2.99956,-2.871529,-1.9468694,-0.7763598,0.15040472,-3.681762946327522e-07,0.006269245750610936,,4652.661840519138,2568.406996114481,13.7645797282676,7.837273733869325,11.9262299292575,20.141598135437967,14.737894774935949,14.458721134986956,16.869754890932025,0.0028609526,4853.671875,0.0292431640625,0.0,0.0,0.0,0.03825955190695822,0.038349185069091615,0.0038797870511189103,0.005037219356745481,0.8527002811431885,0.03618869420606643,0.022091169003397228,0.0034941278398036963,1.0,False
00:01:37,5c41c28e896e090001c03bb0,153.35845685898482,0.6783089049301316,0.8990337837684181,-30.79979279330254,-283.11966,103.65069,-12.057771,5.8919272000000005,9.290339999999999,-10.604961999999999,-5.3174844000000006,3.0631645,0.3631739,-3.4487321000000004,-3.7156076000000002,-4.218661,-50.677288,46.458164000000004,-7.520863,-12.068553999999999,13.829679,-20.731403,-19.771176999999998,-5.4085183,1.4924589,-0.00014059883945057914,2.4338036795901568,14.758307386492007,2369.587463497284,3982.013761511775,13.545472703321296,11.772369227350858,15.156097239371894,18.172624996110407,22.488154284008907,22.75241209622095,43.81349105617841,0.0064487187,5807.578125,0.144775390625,0.0,0.0,0.0,0.12415919490158557,0.002035108358541038,0.06296777827665209,0.3252679120749235,0.0043121137248817824,0.131257713958621,0.2905795946717262,0.05942060584202409,0.0,True
00:01:38,59278c090220760001fda664,159.83999207394604,0.2592260720001054,6.3186843811274525,-46.590864275254404,-422.33173,77.23159,-0.0055438480000000005,2.007009,-2.0650673,-3.5978806000000003,-3.3295832,-5.1663312999999995,-4.0842743,-1.4873403,-1.4286421999999999,0.62282634,15.550365,2.8718705,3.8362687000000006,-6.6254990000000005,-12.526498,-10.457179,-8.096324000000001,-5.527637,0.97627413,-5.406869193401327e-05,0.8929905469129414,38.6484106630539,2476.767092832475,1477.121958831855,13.580065322321376,9.864580777729095,12.694786317681851,18.209805369476214,20.930117137050946,18.339883152932412,21.73906105357475,0.00060706475,1896.796875,0.033095703125,0.0,1.0,0.0,0.09699897319078446,0.027208099327981468,0.015206590667366982,0.02293749451637268,0.7552793979644775,0.020605157315731048,0.05041757505387068,0.011346721183508634,1.0,True
00:01:38,5c41c28e896e090001c03bb0,144.30260554752013,0.5159554423480692,0.9783861745097782,-54.884074895581406,-390.79507,139.2695,3.6421683,0.8395275,1.9161735,-5.530478,-9.362442,-2.9232895,-4.1659994,-9.664575,-4.8127747,1.7151706999999998,-16.545929,-0.83115286,24.004034,-1.4774493,-3.6821669999999997,-6.4017606,-13.173729000000002,-0.82356364,1.31334,-6.054422162172686e-05,0.9996925784596964,14.838077851495465,3638.210254875221,3577.665909550472,12.438003777192332,12.229326776722624,12.291969787382007,15.969044587451995,19.830237939609923,23.5472499974416,24.397768544848248,0.046214607000000005,7416.5625,0.0605078125,0.0,0.0,0.0,0.12100887186825275,0.01511658790986985,0.1587837189435959,0.0858481576666236,0.04262328781187534,0.21860752552747725,0.30922051519155497,0.048791354428976766,0.0,True
00:01:39,59278c090220760001fda664,112.37700503228815,0.8154283223379056,2.725369254437017,-26.436724446539444,-291.6109,171.54068,-0.19163634,3.9179777999999996,3.587824,1.112114,-8.978603999999999,-9.791891,-0.15225941,-0.41709709999999994,-6.367401999999999,-3.0528414,-11.570062,-20.582222,20.826193,5.4582996,-4.179121,1.4745542,-9.979908,-12.970619000000001,1.3238391,-9.577527444135636e-05,1.5845139543985176,12.196614494900412,1424.5856310801737,1383.1936751520614,15.078718363926045,9.765953763797675,12.933350033278654,16.600516157461847,20.479145115578877,25.727197021830772,28.218834850014353,5.4647062e-05,2344.921875,0.0406201171875,1.0,1.0,0.0,0.05802327711135149,0.018305411189794545,0.007618642691522835,0.025488039100309837,0.8238271236419678,0.018031278578564524,0.027638572617433962,0.02106763671617955,1.0,True
00:01:39,5c41c28e896e090001c03bb0,,0.9069546519941654,,-79.60690798802649,-499.7013,3.5120367999999993,2.2890375,4.0822864,2.4445598,-1.9155659999999999,-2.0892847,1.505722,0.02476078,-3.0116076,-0.54665744,2.0162212999999998,-15.687154999999999,0.5942081,7.4608545,-3.6064613,-2.5805404,2.7584459999999997,-0.099500835,-0.88494605,0.5827237,-9.882669684278088e-07,0.017576205750163238,,5297.46458947478,5642.410431384813,12.843730991371435,8.983966286085483,12.821440911862647,16.71451798325623,20.209848228092564,15.23917848690352,18.21361103655144,0.05447225,11236.875,0.0779638671875,0.0,0.0,0.0,0.16216735020279885,0.029464866779744626,0.061993501335382464,0.0204452516976744,0.05093206353485584,0.3703281223773957,0.2952364951372147,0.009432350425049665,0.0,False
00:01:40,59278c090220760001fda664,98.77187034840323,0.7051837553985358,2.040552652402759,-35.86429266151614,-348.89404,127.48956000000001,-4.080816,-2.5660027999999997,0.38153654,-0.26894647,-4.331960700000001,-2.9329147,-0.9564351999999999,-0.90719444,-2.7560279999999997,-4.173316000000001,10.442150999999999,-1.2654159,12.4231825,8.184438,-8.121558,-6.610084,-3.8961432,-7.115624,1.294709,-4.109106207005116e-05,0.6856457809099047,26.184670666009026,1984.3696871921152,1921.8207849203898,12.100930206317196,8.791149274332343,12.245995614927349,14.675434709871345,19.308162344973077,22.939560496709557,28.64848975426956,0.00020482246,3187.03125,0.06404296875,1.0,1.0,0.0,0.0635483704507351,0.020178399235010143,0.009704625466838479,0.0168839287944138,0.7850697517395021,0.030030439235270025,0.06641173455864191,0.008172756899148226,1.0,True
00:01:40,5c41c28e896e090001c03bb0,,0.8952977674787231,,-87.37084759709465,-506.19537,5.886218,-0.7575185999999999,-0.20116536,0.09403902,0.27275659999999996,0.55572844,0.9446394,1.2331188999999998,1.1785091,0.65630925,-0.22683854,4.6042,3.5064273,2.8792112000000003,2.2328691000000003,1.0868123,-0.31869495,-1.2520043,-1.301542,0.16111945,-8.420127653971286e-08,0.0015254924147455994,,6273.079871280758,5842.648297643903,12.29634050244634,10.052228820201083,12.92784012868387,15.401132091815946,17.90820434962362,13.083342312601836,14.807981862639265,0.09947889,13173.75,0.0414404296875,0.0,0.0,1.0,0.06952348351478578,0.019601493241498246,0.02204296404961497,0.21061748098582028,0.04739527008496225,0.2878118991851807,0.20632236413657665,0.1366850718855858,0.0,False
00:01:41,59278c090220760001fda664,,0.7453472811185058,,-60.16654661347583,-480.2638,34.930279999999996,2.9624037999999997,3.0784592999999996,1.1962028,-1.5235381000000001,-3.7774162000000002,-4.6284285,-3.827065,-1.8399785,0.40524888,1.9374466000000001,24.137537,10.424689,-1.8376477999999998,-9.462305,-11.450016999999999,-8.9068575,-4.158748,0.36091083,0.4058954,-1.1923135522430714e-06,0.019661996384798416,,3061.8542937202633,1472.7398068440864,14.586430989344006,8.222413090944885,11.321835239676625,20.023087343486157,16.670319676406915,15.215821978170895,17.955739145489236,0.0005635529499999999,1734.375,0.0264404296875,1.0,0.0,0.0,0.09169764178805054,0.045825721323490144,0.047554193751420816,0.02527333333564457,0.6849876284599304,0.05251117222942412,0.041494122613221406,0.010656197217758744,1.0,False
00:01:41,5c41c28e896e090001c03bb0,302.0852994175737,0.7680182600444975,4.1307818634182185,-22.56145368915379,-217.45163,134.25687,6.8940399999999995,1.8417672999999999,-3.7095491999999997,-6.5054,-0.8596575999999999,-4.5036283,-2.7657392000000005,-2.7999034,5.826392,-5.2171525999999995,-44.31361,7.575201,-5.576219999999999,2.927596,-18.368129999999997,-13.480113000000001,-22.278694,-2.1896603,1.8428166000000001,-0.0002442594288177315,4.182638462969529,19.902544910691507,2251.266197239117,2227.296470506245,12.609305341470465,11.21975666185893,14.940197949114289,17.621538972458985,21.066662575735084,21.801198045902247,37.54970109291693,4.7285033e-05,3803.4375,0.05435546875,1.0,0.0,0.0,0.033875167928636075,0.0012733624746033454,0.0045381499832728885,0.360797829926014,0.008296431018970906,0.10133770741522312,0.09561890624463558,0.3942624732851982,0.0,True
00:01:42,59278c090220760001fda664,,0.6984534213554249,,-61.683792406963136,-485.77505,28.120465999999997,1.5102671,1.9629731,0.36129543,-2.2863597999999996,-4.6875267,-5.8115997,-5.2677402,-3.3863623,-1.0040524,0.92804074,19.802692,8.910114,-1.3358644,-8.308397,-10.812771000000001,-9.288416999999999,-5.391696,-1.2158613,0.36946803,-9.382431804083011e-07,0.015549100505395291,,3381.5856426247933,1637.0574152546114,13.889395243658914,7.445825833263111,10.89714778475248,20.954342326533443,16.969758720314108,15.022829742375107,17.748476746046236,0.000676724,1882.265625,0.0266455078125,0.0,0.0,0.0,0.049288912490010266,0.054668239690363406,0.012850713869556784,0.004951189667917788,0.7992871880531311,0.045558954030275337,0.02911702347919345,0.004277829383499921,1.0,False
00:01:42,5c41c28e896e090001c03bb0,191.61821870279803,0.7805981285410994,3.318635513235641,-30.489559381634947,-268.50882,128.25519,-12.194137,-1.2480553,7.0132766,-5.5326962,-4.753565,-1.7620995,-0.9034796999999999,-0.58891183,0.6853333,-1.5334584,-36.574883,25.773409,-4.239628,-17.863583,-1.8575813,-5.8639803,-12.68402,-6.8859754,1.7217305,-0.00016076112677440642,2.7299340123604385,17.03801587156649,2603.932275428812,2667.603719560083,14.208945131835302,10.863497997081229,14.217500648027071,15.76432692320394,22.630026184413047,20.253058789046218,38.795259884799506,0.00421355,4865.390625,0.0749951171875,0.0,0.0,0.0,0.02221941654570401,0.002082918475207407,0.010339384322287514,0.7033575512468815,0.04987307474366389,0.009977849537972363,0.14804154625162486,0.05410826248116792,0.0,True
00:01:43,59278c090220760001fda664,,0.7588926093690447,,-64.47187911987152,-492.26852,19.9495,1.1198397,2.2458147999999998,1.6310729,-0.15197370000000002,-2.1670467999999996,-3.5283556000000003,-3.7386396,-2.8311772,-1.2862247,0.21629831,14.269216,6.639205499999999,-0.8430873999999999,-6.3060225999999995,-8.682161,-7.974571000000001,-5.1360730000000006,-1.6334913,0.31769457,-6.438095367120835e-07,0.010767202452848866,,3781.817961948641,1882.4349770692706,14.624124762104142,7.697905116548707,10.606191298127849,21.218143720580922,15.589711469483968,14.987072244175339,17.743893270326193,0.00103003,2575.3125,0.027529296875,0.0,0.0,0.0,0.01655640723183751,0.04368982687592506,0.005906420410610735,0.0006879120570374652,0.9093762397766112,0.016441113501787185,0.006603483157232404,0.0007386067765764893,1.0,False
00:01:43,5c41c28e896e090001c03bb0,139.8794654488196,0.8811837066774455,1.3859786145346258,-22.315621975901475,-278.5187,137.05626,-14.580703,-5.294616,8.337203,-8.062364,-5.306639700000001,11.2863455,2.899259,-5.67804,-2.7416255,-2.7488282,-18.675303,30.791836,9.90587,-7.0923357000000005,8.050571000000001,-19.845942,-22.619808,-4.8355994,1.7027941999999998,-0.00012875950231186308,2.158122878585373,16.91143571947532,1708.80825020898,2405.8360465837986,14.348692970364493,12.120993003336462,16.783641876095526,20.406620583122233,24.387077977805557,23.462435798952466,40.646773391971614,2.575955e-05,3646.875,0.0847412109375,0.0,0.0,1.0,0.10278034140355884,0.002088578556140419,0.07856179168447852,0.27630110550671816,0.060072140768170364,0.03725325665436685,0.42611475847661495,0.01682803881703876,0.0,True
00:01:44,59278c090220760001fda664,,0.7438795642200375,,-59.786456867966315,-480.4034,35.095043,3.0535567,2.9215922,1.1046837999999999,-1.3290006,-3.301142,-4.099506,-3.547658,-1.9873433,-0.12053182,1.2438835,25.195488,12.457195,0.8301219999999999,-6.6746216,-8.980534,-7.007692,-2.9215543,0.95749885,0.43198305,-1.204347049945758e-06,0.01984778748773578,,3070.832414464019,1436.2623831811798,14.336812240772693,9.016941186004443,11.40076570689507,20.476277463536558,18.087567672199828,15.172000646569982,17.97557115235643,0.0005391341000000001,1574.0625,0.0243505859375,1.0,0.0,0.0,0.14183381535112854,0.0653748244047165,0.01853174448478967,0.004126822797115892,0.4905109122395516,0.21317900903522968,0.06442300230264664,0.0020199039368890225,1.0,False
00:01:44,5c41c28e896e090001c03bb0,198.86587481426648,0.7262244682554816,1.7741048478177968,-28.546270490446272,-278.6911,129.32556,-1.9039394,0.64422625,4.160603,-8.851286,-10.056849,0.6141616999999999,0.62452865,-1.2848235000000001,-0.34787995,-7.183020599999999,-44.867245000000004,14.682278,15.563116,2.386804,2.689879,-9.770663,-22.114470999999998,-11.2706995,1.929774,-0.00013175625337111843,2.225777941279196,21.44290676422301,2208.8866788773576,2326.682649798019,15.675360559785402,11.217106129309457,14.556461681457558,17.35734653705406,20.060710435443934,18.596204764909107,35.7710297179427,0.0027219183000000004,3942.890625,0.066259765625,0.0,0.0,1.0,0.12156733982264994,0.0028560251113958646,0.15672257863916456,0.22490804502740505,0.03777645418886096,0.0806037662550807,0.3608543731272221,0.014711400889791547,0.0,True
00:01:45,59278c090220760001fda664,,0.7150698349729897,,-63.19946574314547,-489.89124000000004,23.184807,-0.3197031,0.6729771999999999,0.18058482,-1.2037265,-2.5866594,-3.192544,-2.678718,-1.2349701000000002,0.5471594,1.9553071,17.147867,8.992455,0.8925749,-5.212969,-8.213853,-8.092911,-5.789537,-2.7441278,0.34467486,-7.407464047765948e-07,0.012331708425749316,,3608.57689564534,1727.2253151464404,14.612192952114642,8.2537332885393,11.262500909277055,20.582558956567077,15.377395734656371,14.785570489954006,17.805055487791396,0.0008039267999999999,2032.734375,0.0249072265625,1.0,0.0,1.0,0.046839139983057984,0.022447178955189884,0.00287847287254408,0.015605909244914071,0.8413306236267092,0.024586764303967355,0.03980464804917574,0.006507274713658261,1.0,False
00:01:45,5c41c28e896e090001c03bb0,153.50041061304051,0.8975083475903848,0.979369121304144,-19.853312945605488,-225.02823999999998,145.63419,-4.2715178,0.31571487,6.3418813,-10.745324,-5.946786400000001,0.7464534,-4.281448,-1.6912136999999998,2.2671804,-6.006125,-43.70512,21.947775,12.090041000000001,6.2820125,4.5067782,-14.310145,-27.361414,-8.971707,1.9138689999999998,-0.00017798194817848583,3.0078085413486804,20.061303288109826,1877.961410951381,2310.4726937810487,16.01873706979912,13.186356861323352,15.998973097198427,16.862488854912687,23.021062717651454,20.88020596425486,41.48521107551867,2.8601322e-05,3729.140625,0.0697900390625,0.0,0.0,0.0,0.10677955765277147,0.016065380506915968,0.014704466564580796,0.019419011776335537,0.18277181265875694,0.16383060347288847,0.4868373535573482,0.009591817273758352,0.0,True
00:01:46,59278c090220760001fda664,,0.8791947278559318,,-63.11118722234368,-489.76984000000004,23.282022,-1.0730443,-0.283089,-0.8218049999999999,-2.0876205000000003,-3.2540958,-3.6383913,-2.9551892000000004,-1.3825101999999998,0.55345285,2.2046356,17.065985,8.730843,0.5462305000000001,-5.5241203,-8.431554,-8.266353,-6.0502769999999995,-3.2257792999999997,0.31836453,-7.832044164125977e-07,0.013023930488292396,,3613.065083766474,1758.9626245058248,15.039150671782016,8.534586073348073,11.967814974055393,19.640584501665284,16.561669827504844,14.77339720545692,17.80198135559148,0.0008906378,2279.296875,0.0254296875,1.0,1.0,0.0,0.19719658568501472,0.07244889112189412,0.05137505725724623,0.029314034688286483,0.486588236130774,0.057382817263714976,0.09302543909288943,0.012668926897458731,1.0,False
00:01:46,5c41c28e896e090001c03bb0,154.5844024599287,0.7871941346903139,0.5307423042407651,-20.5574545694589,-261.9421,159.29998999999998,-10.153572,-4.244365,4.2992573,-5.870264499999999,-8.093964,-0.93205684,-3.5970352,-3.5043285,1.597591,-2.4726803,-22.636864000000003,7.828268,19.388996,4.2197084,1.3111787,-12.667836999999999,-25.216920000000002,-14.30536,1.9211913,-0.00014475586258861083,2.4214145737444723,8.926696120242804,1540.2795506278646,1729.92794583315,18.286017238371663,14.767677669917491,17.60414760665769,17.618241342459495,22.258463152806826,22.029781145441948,35.87513039405873,8.901210999999999e-05,2917.265625,0.0544580078125,0.0,1.0,0.0,0.12273105029016733,0.035022807447239755,0.05246656236704439,0.011424186476506292,0.1882520904764533,0.2341575033962727,0.348068093508482,0.007877710508182645,0.0,True
00:01:47,59278c090220760001fda664,,0.7366602717348246,,-65.58758069365315,-494.73172,17.025364,-0.9619181,0.27760115,0.37855297,-0.4680202,-1.7432705000000002,-2.8389506,-3.2934398999999996,-2.9419672,-1.9390252000000001,-0.6623472,12.817071,7.034181599999999,1.1147003999999998,-3.5987241,-6.243434400000001,-6.6432256999999995,-5.280036,-3.0587017999999997,0.28640279999999996,-5.652768920394361e-07,0.009484407325457793,,3970.256620954122,1982.6524293587354,14.463311905501484,8.838277949726628,10.272137972992107,19.84666966945663,14.947317172895724,14.899943408523061,17.80206617020557,0.0012377157000000001,2936.953125,0.0258203125,0.0,1.0,0.0,0.060790886729955675,0.09143912959843874,0.009355623112060129,0.024468249967321755,0.7323116183280944,0.020558325015008448,0.0364398492500186,0.024636293621733786,1.0,False
00:01:47,5c41c28e896e090001c03bb0,162.35310609553576,0.9030596964773396,0.906851742224804,-16.408045273655127,-174.60986,151.64726000000002,-1.9263302,-3.273666,2.7312517000000005,-3.6429803,-0.879446,-4.0030193,-5.1323824,-2.8421366000000003,5.215678,-2.994424,-62.399055000000004,33.258865,19.83036,1.2025003,-13.044114,-11.966205,-22.560978,-6.977659700000001,2.0373287,-0.00024557989590594926,4.1745960244225,18.498379506532505,2063.5995244055757,2364.7980989685,15.099411933173046,12.974102243897715,15.515327560405476,15.37376170028734,20.93584115376505,20.92882262398931,43.02151951588671,2.9407797999999998e-05,3944.296875,0.06640625,1.0,0.0,0.0,0.06143573010340333,0.01338822531979531,0.009715930768288672,0.09572098534554244,0.32773576863110065,0.06007889807224274,0.4031357690691948,0.028788678208366038,0.0,True
00:01:48,59278c090220760001fda664,,0.5709021538289109,,-59.060418815679725,-479.82404,35.086624,1.6878262,0.9501539000000001,-1.3909444,-3.9532623,-5.6101017,-5.7153160000000005,-4.297206,-2.237567,-0.49413335,0.60432553,23.753494,10.550671000000001,-0.41081873,-6.9016304,-8.512996000000001,-6.5417476,-3.0514991,0.15062849,0.43851414,-1.2915693987193715e-06,0.02133330996733944,,3067.6994344970344,1490.1219333921545,15.100800251172336,8.05597956708633,11.463954076230245,20.471172343608373,18.446787884709014,15.181042977176993,18.10150035578514,0.0005612758,1881.328125,0.0261083984375,0.0,1.0,0.0,0.010302812885493041,0.014802786801010373,0.0031596371904015538,0.0012419961334671824,0.9566284060478212,0.004060301883146167,0.008328054565936327,0.00147596720198635,1.0,True
00:01:48,5c41c28e896e090001c03bb0,134.4031607554404,0.8880389715146081,0.28151984367119964,-46.20285725769514,-439.66702000000004,52.11893,3.521748,4.2093215,3.7648177000000005,0.6750689000000001,0.6999269,5.484604,3.4645,-3.9080547999999995,-3.522175,1.0014488000000001,-0.15316743,6.4722376,17.076431,8.508074,10.233178,12.288779,4.318070400000001,1.5012546,0.8675048000000001,-1.8051882797218347e-05,0.2996269568257982,26.917268438267094,2162.3996746381063,2035.2110677967835,14.216244350983436,12.520627773832702,13.428269620212918,16.529006477417116,22.823571481587898,24.74117466428383,25.879794298923308,0.00019276318,3186.328125,0.0584228515625,0.0,0.0,1.0,0.04426680472679436,0.02642664273735136,0.005485882400535047,0.012761181051610036,0.7644356220960618,0.0814858187455684,0.05049341705162078,0.014644634572323413,0.0,True
00:01:49,59278c090220760001fda664,125.93540436632291,0.7233024399483239,2.1568252098594267,-20.798517056520733,-261.50616,174.47227,3.5479773999999997,-0.29093853,-2.0308888,3.6311400000000003,0.3286696,-1.5837061000000001,6.143339,1.2141948,-8.809481,-3.1390990000000003,-16.986467,0.7271396999999999,37.862614,13.789751999999998,-11.07705,-8.589568,-16.448822,-10.950257,1.7145144,-0.00015062217521700494,2.5064101635282814,34.13207256274655,1693.167308203454,1956.98447283638,16.23387442559391,10.213408090190843,15.46727258528877,15.026642620448165,19.16095404802461,27.86614684373928,33.38718454640793,0.00022624117000000002,3523.828125,0.060185546875,1.0,0.0,0.0,0.012533961469307542,0.03581642005592585,0.006088093761354685,0.0005642714335408527,0.9213367462158204,0.011429316457360984,0.01176833910867572,0.00046286237484309816,0.0,True
00:01:49,5c41c28e896e090001c03bb0,,0.4308419182461001,,-60.62362746345386,-477.77747,27.983055,0.9354078000000001,4.4583281999999995,4.1717176,-4.656326,-3.4681396,1.7021047999999999,0.044696435,-1.1322455,-3.0365992000000004,-3.7877436,-0.60606104,4.838553,6.932326299999999,4.4489255,8.983007,8.163703,6.511334400000001,4.883092400000001,0.8013183,-2.8457621193234512e-06,0.048720077440515736,,3415.400426397993,3491.5335863885307,13.690980881140575,11.817531511256675,13.57386761870392,17.10018705198349,22.41510187615429,17.612399662908853,27.196574119271933,0.01594623,6436.875,0.0931103515625,0.0,0.0,1.0,0.0023481404437916352,0.005667906158487312,0.0008991271955892443,0.003859832364832983,0.943386560678482,0.019113738799933343,0.02004376403056085,0.0046809290884993965,0.0,False
00:01:50,59278c090220760001fda664,111.05137835936856,0.8581297902125652,1.9902762822099969,-22.20356161892846,-275.8057,173.33803,10.941853,0.16332401,-10.565705,-3.2577736,-2.300773,-8.32825,-1.5144042,6.4099010000000005,-1.4850795,-5.8141193,-20.78219,-11.9199505,27.87407,4.477869999999999,-1.4990515,-3.6064005,-20.776220000000002,-8.7261,1.6362678,-0.00014398552377381066,2.3889653988872057,31.126703426130355,1544.7087878064738,1511.2607239459876,14.410856702712815,10.633132864110932,15.704558715918115,16.424827322713167,23.26389671169795,26.790840676976405,31.12755811701597,4.8028640000000006e-05,2672.8125,0.0422900390625,0.0,0.0,0.0,0.0064188157673925154,0.018209061119705442,0.002734439430059865,0.0007377965026535094,0.961438488960266,0.0050510205794125785,0.004519865917973221,0.0008905147929908707,1.0,True
00:01:50,5c41c28e896e090001c03bb0,,0.6697780592562588,,-82.3449232137057,-504.12377999999995,6.81117,-3.6906980000000003,-0.9181055,-0.8467110999999999,-3.1148569999999998,-3.8082068,-1.4029644,1.1739588,1.2522794,-0.07313676,-0.30101657,1.1517537,-1.1858146999999999,0.83901125,3.4915962,3.3923943,0.24593239,-3.7496195,-5.492055000000001,0.13755749,-2.610868696359524e-07,0.004497653207725358,,6028.19320247778,5679.262941658,13.606597350302348,11.697310250428107,15.360080625031411,16.261201092033588,24.75177322735241,15.875194967558215,16.7459413741473,0.06292767,12488.90625,0.04466796875,0.0,0.0,1.0,0.09337145428871736,0.01408850648440421,0.15307523268274964,0.01269031296833418,0.3964330021291971,0.09761304035782814,0.2265523495152593,0.006176103616598994,0.0,False
00:01:51,59278c090220760001fda664,139.96662437825432,0.8376068787822852,2.2564663453241587,-25.89006166435286,-290.4814,155.67973,-5.298451,-9.256488000000001,1.7892857,9.971498,-5.46324,-10.949796000000001,1.6323568000000002,7.2677207,-0.7195406,-4.7020645,-22.38671,3.605805,40.83132,-1.8137590000000001,-19.309072,-2.6808846,-3.0719540000000003,-6.4491806,1.0387296999999998,-0.00012101762912982876,2.0151371873915296,15.593152759891336,1881.4176629913184,1761.7935341311677,14.080161336027004,10.226445872563632,15.772136061660273,15.146873688549285,20.401955497003406,27.340694072798076,31.78647778990907,0.00013374983,3173.4375,0.0415087890625,0.0,0.0,0.0,0.08604087843559682,0.07582057658582926,0.03902381674852222,0.012148164885002187,0.7030340135097504,0.04230805663391948,0.03726681019179523,0.004357673088088631,1.0,True
00:01:51,5c41c28e896e090001c03bb0,,0.6376020057272167,,-84.6111084460053,-490.23758,46.52489,1.4438084,-3.8694704,-2.6026257999999998,-2.3366086,0.05091657,1.5218191,-1.9057746,-0.7873405,3.3294367999999994,2.3775084,-1.5655799,-0.650881,2.775716,-2.4174208999999998,2.0983843999999996,4.0401796999999995,5.0370669999999995,7.698177,1.2444699,-2.9755262713622542e-06,0.04987615323586542,,5571.843788042128,6080.412698312232,7.742237516937581,7.195464779015562,11.02073533387959,11.646323909141454,15.522907897180767,14.887942327066543,18.49123045012029,0.18884857,12369.201030927838,0.06528874033505154,0.0,0.0,1.0,0.07723546354100108,0.03686167392879725,0.13691223156638446,0.009241335745900869,0.4293945886194706,0.16169837713241578,0.13887999542057514,0.009776355838403106,0.0,True
00:01:52,59278c090220760001fda664,134.4746238778998,0.2363108643627832,1.8865812327729061,-36.47804675470564,-348.71286000000003,97.09411999999999,0.5854784000000001,3.6790593,1.595877,-7.7548494,-9.56973,-2.909812,-0.2734085,-3.2303052000000005,-0.49041757,-3.221706,-11.357984,-0.702737,-0.4220104,4.8142624000000005,0.02850209,-2.2579486,-14.911832999999998,-11.514039,1.3781695,-5.7037068775090965e-05,0.9787304209019176,37.392438474776434,2199.646058480006,2079.568756519406,12.195392082611427,10.080288449152906,11.876357477045731,17.53930202399834,21.954566699064692,20.448241398271573,30.22409274105364,0.00019970642,3120.0,0.06345703125,1.0,0.0,0.0,0.16001025419682266,0.0023444940045010297,0.005825477233156562,0.12924057599157096,0.6149731010198594,0.007988322945311665,0.04932116158306599,0.030296617979183794,1.0,True
00:01:52,5c41c28e896e090001c03bb0,350.0552594634332,0.6789730484603712,4.059584705906487,-61.57856129925686,-386.01477,144.38332,8.598836,1.2617631,-3.5891,-8.179568,-8.764482000000001,-7.208381,-5.741608,1.4814180000000001,1.7152791,-2.8200126,-47.407574,1.7528108,21.79006,-10.622678,-13.115148000000001,-20.075354,-17.70844,2.932246,1.5092283000000002,-9.103095166203775e-05,1.5247037140792477,28.899618970971698,4549.2372275371035,5395.795959374837,11.540269307240749,9.975935342475516,11.17820599838968,15.10595662361475,17.388178337502506,19.811396617836767,25.294035981073907,0.11426738,10732.96875,0.0578933869949495,0.0,0.0,0.0,0.04172091279178858,0.031144946627318863,0.05384969189763069,0.03623734256252646,0.5013393461704254,0.12564790435135365,0.15889826975762844,0.05116156972944737,0.0,True
00:01:53,59278c090220760001fda664,154.0858187111497,0.8952502434956062,2.6557350260364103,-20.255444106187024,-286.98492000000005,172.14365,-14.928007999999998,-9.336648,-5.6114078,-1.0317556,-1.0202417,-1.9118143,-0.29819807,-1.9879484,-5.422715,-2.7150695,2.606232,3.5148062999999996,26.136942,8.970352,-3.8310504,-9.940311,-17.963951,-21.493532000000002,1.5942459,-0.00016176173413936024,2.674982443558428,37.10203440341771,1482.9895886519364,1358.5359543644438,14.550313632412012,12.947708076214859,18.565180272050657,16.969028941951407,21.0237309201426,24.815749215163144,31.87755995533492,7.6672404e-05,2313.046875,0.0357861328125,1.0,0.0,0.0,0.03215019502677023,0.15901821213774384,0.007081939600175247,0.0051319656697160106,0.699403566122055,0.07332594869658351,0.01981983901932836,0.00406834235182032,1.0,True
00:01:53,5c41c28e896e090001c03bb0,303.1796246668428,0.6636201797802224,15.52997965398643,-54.5796338621237,-440.42343,63.597275,11.432849000000001,11.53815,1.8761703,-8.03288,-4.2965026,5.730733,5.612197,-1.2635895000000001,-2.462266,1.3509461999999999,-12.829328,-21.62085,-3.8781269,3.5488519999999997,8.899639,6.8520330000000005,0.9715098,4.400437,0.8759544,-1.3362934073803494e-05,0.22353814018586,12.334717041988265,2760.6913010405965,2725.506400914533,13.138252410722421,10.426668958989595,12.913281742442095,18.33587831494886,23.516264481917005,19.767363051897934,23.935608011004096,0.013418893000000001,4686.328125,0.07203125,0.0,0.0,0.0,0.08223195653408766,0.023959952383302157,0.03130802594823763,0.20760399755090475,0.2782366719096899,0.1070963015081361,0.07244149171747268,0.19712155340239407,0.0,True
00:01:54,59278c090220760001fda664,116.78756975543436,0.8871950442016334,0.5080877480174132,-19.056504001188205,-250.58774,175.88695,-8.510021,6.356675,2.8125942000000004,-6.0876203,-5.943980000000001,-0.7908004,2.1849606,-1.2364738000000002,-2.4419227,-3.9019234,-15.759517,2.8256187,30.562983000000003,19.46503,3.528177,5.714328,-10.315189,-22.372557,1.5393668,-0.00015378919191469948,2.5601186991208165,19.025637070541933,1896.6910861411318,1887.2318094884533,16.55055048132977,11.293746884048819,15.907311801166792,16.791839275364946,23.330332177782733,28.31470846006334,35.232884774223855,8.026939e-05,3281.25,0.0566357421875,0.0,0.0,0.0,0.16125327609479428,0.052977701555937534,0.011964876577258109,0.016302707814611496,0.4795259311795234,0.15156355053186416,0.11390965934842825,0.012502302147913723,1.0,True
00:01:54,5c41c28e896e090001c03bb0,471.53473375945947,0.6226606622021396,14.604321220130231,-72.88965062660439,-487.70972,30.392770000000002,-1.6576891,2.3235354,-0.21952316,-4.262605000000001,-4.562729,-1.2391267,4.4629693,3.160832,-3.334423,-0.6705173000000001,-3.3101754,-11.304342,-2.3409902999999996,6.2515936,2.5629032000000005,-5.179313,-5.280330999999999,-4.260321,0.87090003,-2.885836465277521e-06,0.048597339329896114,18.062092055478768,4885.960226523042,4371.535830900742,10.508494427173167,8.166933691698643,11.586464176441655,14.426364826931355,20.56595967327581,17.846252866417593,18.967933982145425,0.04176536,8880.46875,0.0739990234375,0.0,0.0,0.0,0.057925823703408236,0.045717682549729945,0.10863829189911484,0.08502935040742159,0.31000210866332056,0.1457159325480461,0.038073940481990566,0.20889684073627,0.0,True
00:01:55,59278c090220760001fda664,122.12926821442859,0.9390270454019506,1.1209569309470555,-50.23258176617514,-440.0637,74.553314,3.5486214,1.2285765,-1.9161816000000003,-3.9343998,-4.367483,-3.694578,-3.6312699999999998,-3.3673992,-1.4237188,-0.23670602,33.875996,7.7996115999999995,-0.017421395,-1.6951653999999998,-2.8512880000000003,-3.5236537000000006,-1.8511919,1.9787496,0.70485747,-8.088731574791815e-06,0.132270609355003,6.620978779058801,2375.663426312527,1296.2954752659825,11.840432498663409,9.113227409793645,10.665635182849767,17.13062277851208,19.007370581569106,16.195722335944808,22.9918847875387,0.00024164912999999997,1728.75,0.0268603515625,0.0,0.0,0.0,0.07946491502225399,0.041371439769864085,0.01828010440804064,0.0015850561845581976,0.6986753106117248,0.08197973594069481,0.07703958377242089,0.0016037881490774456,0.0,True
00:01:55,5c41c28e896e090001c03bb0,240.7569479199786,0.9639835593674204,1.5875058072901786,-16.695430247063868,-180.68386999999998,127.57623999999998,-13.086210000000001,-14.764192999999999,-2.296506,-8.5838995,-5.3777385,-5.356726999999999,-1.1397077,-8.385795,-0.6145565,-9.198718,-40.034782,39.542877000000004,0.037600957000000004,11.926196000000001,-16.627815,-1.7670354,-18.691298,-7.361925599999999,1.8390331000000002,-0.000252899642218534,4.401582655029234,16.269337808563716,2656.656618217241,2399.437241751606,14.071752712541675,14.960576536094608,18.3484384087748,16.148034284031315,18.47770110310412,19.201567699861766,41.93751068658194,4.8067755e-05,4637.109375,0.0409423828125,0.0,0.0,0.0,0.06127395499497652,0.022840935264503055,0.21328783457283865,0.2740934164263308,0.14125760875176638,0.07612495875218883,0.07137146800523624,0.13974984171800314,0.0,True
00:01:56,59278c090220760001fda664,,0.8908690948790309,,-53.466797654644864,-457.87024,61.84271,1.3661171,-0.292333,-2.9641755,-5.1522202,-5.7278013,-4.6458373,-2.8672554,-1.502672,-0.9918065999999999,-1.0622572,39.76421,14.782306,-3.5916377999999995,-11.54233,-11.04224,-6.5659194,-1.9069387,0.9349428,0.5969472,-2.645263175435498e-06,0.04337467805219853,,2277.4528624593954,1129.9502027605674,12.049303701427537,8.317799555624394,10.41661390821892,17.83731236967111,18.937975991915817,16.165147380674302,20.43388960577579,0.00017778571,1257.421875,0.0241064453125,1.0,0.0,0.0,0.008013378921896219,0.0269191162660718,0.001932219881564379,0.0001197814810439013,0.9490694999694824,0.011822889000177384,0.0018347468692809343,0.0002883751702029258,0.0,False
00:01:56,5c41c28e896e090001c03bb0,315.0338802184503,0.8488085731542769,2.692061462454165,-23.82725805790081,-254.91099999999997,67.12869,-1.538266,2.8242981,0.8189501,-13.375354999999999,-6.2987347,-1.0238163,0.8624765999999999,-4.8590846,1.6411737000000002,-4.8228636,-71.245995,20.42729,-14.460244,13.566009,9.0641985,-15.881160999999999,-22.907688,6.694608000000001,1.8295938000000003,-0.00019019420213324507,3.4024401557315684,26.592374714811978,2383.1595091637273,3591.578270370215,11.25449330426132,12.711906342905964,13.942300302944483,19.376976716379897,24.26164099446463,23.63373779196424,43.88082767162669,0.00024981756000000004,5409.375,0.1165673828125,1.0,0.0,1.0,0.013300708564929663,0.000455103802960366,0.006266356633568648,0.6522177577018737,0.013974138023331759,0.01941510481265141,0.05738641324569471,0.2369844250846654,0.0,True
00:01:57,59278c090220760001fda664,,0.6784742659346074,,-57.44655920108306,-470.87237999999996,46.517765000000004,1.7580731,-0.012015600000000001,-2.6888747000000004,-4.6973305,-5.254345,-4.5243793,-3.2452520000000002,-2.1539922000000002,-1.5905132,-1.4764763,31.44425,12.817621,-2.9614496,-11.658638,-12.645453,-8.42436,-2.8195765,1.0111094999999999,0.5254193,-1.5665444643865228e-06,0.025815106354980508,,2674.778965384013,1298.3664598270975,13.07684396075634,8.48159817965119,10.61427445951626,19.198743160859962,17.528373709841905,15.783889782099891,19.733846851360237,0.00030848599999999996,1310.15625,0.0262744140625,0.0,0.0,0.0,0.007780122291296721,0.018793193995952605,0.002207032043952495,0.00022489179536933082,0.9589821934700012,0.00811643251217902,0.0035880004055798046,0.000308112139464356,0.0,False
00:01:57,5c41c28e896e090001c03bb0,281.3075207400312,0.9740133762030962,1.5688004319834257,-17.451748529123634,-171.99028,124.18168,-16.459087,-3.5833611000000003,6.176913,-11.100591,-5.789281,-3.3324146,0.17319083,-6.519003,-5.6899204,-10.441226,-65.034676,43.834587,-13.750661,-4.030589,10.055332,-15.467460999999998,-30.817446,-4.1734715,2.046287,-0.000220684768820352,3.901122223012663,22.014578279282123,2502.114755227386,3430.673471531519,11.721031520031149,13.623655796980096,16.36264064707849,16.956949603466107,21.19711180888929,21.853657102839247,48.71788819917979,4.870285e-05,5599.453125,0.1181396484375,1.0,1.0,0.0,0.1674553044140339,0.00044248140329727903,0.03150940628256649,0.2373084674278895,0.043981272082116135,0.03647317717938373,0.4200870965917905,0.06274280164992281,0.0,True
00:01:58,59278c090220760001fda664,,0.744994385737655,,-57.82074847847859,-472.43588,44.578037,0.7953298000000001,-1.0455023,-3.5451796000000004,-5.0510736,-4.8622475,-3.3676426,-1.5620020000000001,-0.34934843,-0.077938,-0.51818824,30.164694,12.237041,-3.1084397,-11.721409,-12.853492,-8.83986,-3.4255263999999994,0.22179255,0.5013588999999999,-1.4751071731226653e-06,0.02432620373267434,,2696.197984976425,1307.664546682202,12.416669140682972,8.250439666469482,10.712743859085787,18.61898208433213,18.82207088735736,15.405202904052382,19.52247120231425,0.00030288938,1342.03125,0.0265966796875,1.0,0.0,1.0,0.010474332887679341,0.019023951701819898,0.0015530031989328564,0.000478920269961236,0.951849400997162,0.0103515419177711,0.0059602947672829035,0.00030853206335450516,1.0,False
00:01:58,5c41c28e896e090001c03bb0,188.12527766052213,0.8986672922527307,0.5694168789589018,-15.917389668619752,-154.94253999999998,157.39113999999998,-4.911457,-2.4672682,6.686401400000001,-7.552828999999999,-9.920247,-5.6032934,1.3489878,0.33168453,-3.300411,-11.091018,-61.763115,18.01774,-9.743838,2.5460825000000002,-3.0120497000000004,-9.070518,-20.132738,-3.4393300000000004,2.1171992000000004,-0.0002529023733349102,4.354409130748703,17.29425679486852,2289.113583052964,2499.0359160061143,14.768665404635312,13.483357026708358,15.692736409695884,16.79808866304576,21.1765374549068,21.243615771139048,43.84016734865791,3.3547145e-05,4410.0,0.063818359375,0.0,0.0,0.0,0.0820714021101594,0.0009884301583952036,0.038683708236203526,0.32807277180254457,0.007084041077177972,0.018031299929134548,0.5190761357545852,0.0059922314598225045,0.0,True
00:01:59,59278c090220760001fda664,,0.7305895198867745,,-56.70229018687264,-468.69785,48.98039,3.4815089999999995,1.8979546999999999,-0.9145725,-3.4721437000000006,-4.8345995,-4.8091992999999995,-3.8026164,-2.4645647999999998,-1.3352053,-0.67790514,32.442474,12.346271,-4.1808214,-12.730386,-13.019908000000001,-8.031646,-1.8445873,2.4029472000000003,0.5378799,-1.7105234627559392e-06,0.0281659788553024,,2598.102596886785,1275.3732750605327,12.733042747507456,8.489125645405633,10.84106941298655,18.393849685754265,17.804887309710384,15.925141929576375,19.714982773161022,0.0002830315,1303.125,0.0276708984375,0.0,0.0,0.0,0.002465316094458103,0.03764653205871582,0.0012751326081342994,8.373052551178262e-05,0.9488120675086976,0.0052755191456526525,0.004237907333299517,0.00020381195645313707,1.0,False
00:01:59,5c41c28e896e090001c03bb0,159.7633733900979,0.9214121482529486,0.5239362659425907,-22.487934118442926,-231.29352000000003,118.69173400000001,-6.2580047,-0.40809962,2.2448509,-8.376113,-6.203857,-2.8183856,4.732493,-1.1623976999999999,-3.9921327000000004,-4.255743,-46.965934999999995,26.552565,-2.3220490000000003,1.7113984,-2.6903137999999998,-13.881886499999998,-20.658697,-4.460454,1.6692071,-0.00017349163175038116,2.9986915310316444,17.027377814011878,2192.6874586694407,2756.244899550305,14.966992959702251,11.439752433284431,18.66034808927792,19.00659855092746,21.710535388355293,22.231397932860595,41.72378965349292,3.79294e-05,4685.390625,0.08484375,0.0,0.0,0.0,0.060797313973307614,0.001011328438471537,0.020992679800838236,0.3332326527684927,0.013167169957887382,0.011615293729119005,0.5542348861694336,0.004948659750516528,0.0,True
00:02:00,59278c090220760001fda664,,0.7131285897718986,,-55.12359988816833,-462.349,56.167480000000005,0.82654303,-0.16178252,-2.0591416000000002,-4.003430000000001,-5.031892,-4.637411599999999,-3.1987759999999996,-1.6955484,-0.8959261999999999,-0.8162185000000001,35.593193,12.054475,-5.397509599999999,-12.766828,-11.770756,-6.982116,-2.3747919,0.25954583,0.5732033000000001,-2.1397388709727367e-06,0.035138478096112286,,2403.2249692170044,1188.2234658576456,14.120526949961937,8.663420269386638,11.064175645045284,17.907237329887582,19.672469026581343,15.932404407783954,19.91160596422798,0.00021872387000000003,1274.0625,0.0261767578125,0.0,0.0,0.0,0.011244567518588156,0.017882741754874587,0.001563134865136817,0.014204994563442597,0.9077155739068984,0.008331538469064979,0.036178942915285006,0.002878573757698177,1.0,False
00:02:00,5c41c28e896e090001c03bb0,159.40764134364952,0.4866566124868754,0.4983255793273558,-24.327871212454532,-237.0756,128.41648999999998,-7.572064,-1.2722361,11.263228,-2.7511656,-11.931435,-4.152881,6.118718599999999,-2.7220242000000003,-7.687832000000001,-5.7751660000000005,-54.47303,13.083902,0.8919811,-6.1289887,-10.3329525,-8.07131,-10.684156,-4.9578586,1.870265,-0.000176220483719675,2.992140980407754,19.396623532402504,2054.8476536445664,2533.5889963166933,14.305035812748725,11.926824111614225,15.264479491670786,18.211240862332613,21.396246162773696,22.015792580872308,38.85112326261072,0.00021319482999999996,4217.578125,0.07587890625,1.0,0.0,0.0,0.042427532002329835,0.0011344970604113768,0.005528933359892107,0.6753679707646372,0.013474917691200973,0.02338507255772129,0.20989605113863946,0.02878505043918267,0.0,True
00:02:01,59278c090220760001fda664,,0.7273253170501414,,-54.454514063546775,-459.4676,59.071380000000005,1.2007023000000001,-0.022523122000000003,-1.0531618999999999,-1.6426772,-1.9781505000000001,-2.217375,-2.358576,-2.3388657999999998,-2.148926,-1.8774253,35.622467,9.062037,-9.970003,-16.775914999999998,-13.648864999999999,-6.5906677,-0.8606334999999999,1.4851305000000001,0.61081547,-2.255755491335997e-06,0.03705138319841365,,2272.165503153637,1170.669478020578,13.224898632638281,8.018749883938117,11.266523193853214,17.364994561961154,20.09878736319361,16.626932444864636,19.939119868790996,0.00018219158,1296.09375,0.027880859375,0.0,0.0,1.0,0.011854984719927112,0.0016044491979603965,0.0009365005535073578,0.012407169832537571,0.9572446942329408,0.0025737484296162925,0.010304329722809294,0.003074107924476266,1.0,False
00:02:01,5c41c28e896e090001c03bb0,159.4442106166533,0.9419307534783506,0.5027485399348435,-21.411735441301644,-249.84781,138.14726000000002,-8.914358,-7.452114999999999,-2.1861650000000004,-7.25206,-7.304710000000001,-0.10180273,8.601742999999999,5.8083515,-8.024606,-8.515583,-40.56093,29.324546999999995,12.145646000000001,2.251887,14.319769,-22.449757,-22.595339000000003,-2.840352,1.7949244999999998,-0.0001311530355316168,2.2515768960182565,14.84442137920222,1782.7991702749905,2532.331337792856,15.89674177741497,12.273121412670381,18.667458575653384,17.64108863923639,23.10092325818358,24.061065079090124,41.66154957505831,1.3480214e-05,3917.578125,0.088173828125,1.0,0.0,0.0,0.07750812048713368,0.002529098101755759,0.03305651860622068,0.3232642225921154,0.051714117910402514,0.06937833642587066,0.42899737879633904,0.013552212622016668,0.0,True
00:02:02,59278c090220760001fda664,,0.7338877396900259,,-52.54801712027298,-449.84905999999995,69.04902,1.4068236,1.2842257,0.5830866,-0.87935066,-2.639936,-3.6698665999999998,-3.3412800000000002,-2.1268097999999998,-1.0497018,-0.62034386,38.319733,7.5152282999999995,-10.12993,-13.230185,-8.598469999999999,-3.238372,-0.09183768,1.1080940000000001,0.6740375,-3.30438607557406e-06,0.05420894174451321,,2125.611604175321,1151.7869961017316,11.77527252828344,8.013073633583849,11.293435960321062,16.871616779209752,20.42868604832526,16.612888609489634,21.013424044613444,0.00017482282,1405.3125,0.0275244140625,0.0,0.0,1.0,0.025193096045404668,0.0020304113742895427,0.0015652590373065325,0.0446999004110694,0.8871572732925415,0.0028973473468795422,0.012789472518488764,0.023667224030941725,1.0,False
00:02:02,5c41c28e896e090001c03bb0,168.6563279455573,0.5661097394561437,0.6730160650260932,-24.21178917897514,-225.40142999999998,119.19973,-2.4488661,0.14463355,4.466265,-6.551623,-8.414514,-2.2930458,5.8308887,0.9024587,-4.82837,-9.889727,-70.56221,20.210736999999998,9.314123,5.1165304,-4.7489023,-13.979312,-19.73674,-2.9113154,2.1064892000000004,-0.0001815057300354581,3.1310844820070334,18.35143597900293,2239.065364566829,2925.4916236921467,14.7726492612622,12.179457512162033,14.502989912842246,16.678582993399473,19.310641064831483,22.276474841206532,40.93690039989177,0.0017682401000000002,4737.65625,0.0943505859375,0.0,0.0,0.0,0.005314126145094633,0.00012743124170810916,0.006401553750038147,0.8115203678607941,0.0026632491499185558,0.003021836280822754,0.11486630514264108,0.056085122749209404,0.0,True
00:02:03,59278c090220760001fda664,109.1275313108758,0.7984323416507284,1.2702518793635142,-53.00184881908129,-457.24194000000006,62.069805,2.4970147999999996,0.97867095,-1.0521381,-2.801751,-3.8473839999999995,-3.9722292,-3.2306595000000002,-2.0888872,-1.2323521000000002,-1.0983478000000002,38.585873,12.574838,-5.8306135999999995,-12.960757000000001,-11.260257000000001,-5.681163300000001,-0.436684,2.3461722999999997,0.6461533,-3.0608061938223694e-06,0.05023383357154786,34.99163890323769,2340.411528849712,1238.7522705236356,11.636915353843206,8.927793645243305,10.677326344695617,17.535482847142898,19.754770226797554,16.263036925890745,21.49192909303317,0.00023893133,1577.34375,0.0282861328125,1.0,0.0,0.0,0.010345912538468838,0.014867750462144613,0.002804271597415209,0.008310991153120995,0.8910381078720093,0.012935460801236332,0.051948062679730365,0.007749481423525139,1.0,False
00:02:03,5c41c28e896e090001c03bb0,160.49953035924906,0.9512564100183708,0.5462912527723757,-18.207251744867488,-216.1925,166.46967,-16.950232,-8.883011,5.5608673,-1.6869736000000002,-8.909423,-6.8779273000000005,3.6543665,1.0322226,-6.9083595,-4.385609,-34.135197,14.875692,8.183827,6.733285400000001,4.8428736,-10.477847,-14.007620000000001,-9.930132,1.6190207,-0.00017397142678756528,2.9272321987184977,13.160568507142106,1806.7310905342413,1942.4747515934769,17.53185892520028,14.163558595464876,18.483784724862584,18.131914976042964,22.28527593127101,23.611081784760856,39.50968079604022,1.2085007000000001e-05,3256.640625,0.053388671875,1.0,1.0,1.0,0.05512531772255898,0.014384092716500162,0.08716942071914673,0.239445331087336,0.10307374473195524,0.1276247060857713,0.307643274217844,0.06553410696797073,0.0,True
00:02:04,59278c090220760001fda664,,0.7113795848699278,,-49.25215722385061,-434.51505,83.73782,-0.33212978,-0.6018435999999999,-2.0512599999999996,-3.6460559999999997,-4.129759,-3.1657171,-1.886809,-1.6618624,-2.248266,-2.0903650000000003,39.13406,0.27417094,-15.585629,-13.550405,-7.278185400000001,-3.8493047,-2.4988669999999997,-1.2671694,0.7839849,-4.672847372204102e-06,0.07664420310578736,,1841.2060137789167,1104.8527497812418,11.757118504634724,8.728720938527918,11.456521587302973,15.93272898448677,21.58546906307759,18.024457637666156,21.224472679737985,9.702689e-05,1456.40625,0.0292236328125,0.0,0.0,0.0,0.02691086553968489,0.001248789590317756,0.001117833610624075,0.020857819146476685,0.9256118178367616,0.0014531791326589884,0.006155239092186094,0.016644475888460873,1.0,False
00:02:04,5c41c28e896e090001c03bb0,192.145626015023,0.7026784066862426,1.6817810175240004,-39.876751172853425,-307.22747999999996,121.372635,-12.871255,-9.87152,4.4244184,-0.9312891999999999,-2.779664,0.8931728000000001,0.8126032,-1.9116411,-2.8315916000000003,-6.437953,-50.501853999999994,12.209389,-7.325957000000001,-13.106286,4.411064,-0.4072987,-7.943633,-3.682695,2.0977316000000004,-0.00013413614437311774,2.264978545774816,15.026732535408115,3194.6826914139006,3512.33809852426,15.577443616545663,10.461500325315779,14.389667351746265,15.69518392391021,17.27126710653316,20.27763487640181,35.07998018771433,0.014980704499999999,6663.515625,0.0670166015625,0.0,0.0,0.0,0.12630165331065654,0.020176880742656063,0.12564144916832448,0.1411637716460973,0.12953822263516485,0.21205563694238666,0.12505542468279598,0.12006695177406072,0.0,True
00:02:05,59278c090220760001fda664,,0.7500573473702824,,-53.942487884284255,-459.26977999999997,59.8085,2.2174437,0.6496827,-1.5436475,-3.1391767999999995,-3.5130138,-2.8415916,-1.8866490000000002,-1.3700039,-1.4089948,-1.538057,37.339252,11.399901,-8.055813,-16.248379,-14.61975,-8.1783,-1.8401261999999998,1.7320162000000001,0.5933487,-2.3140241094727823e-06,0.03800465495166065,,2236.480228509893,1148.436594568287,11.765526101651135,8.38582357112009,11.022719023407225,17.861009222611216,20.500631818356013,16.128088983485178,20.061649049010832,0.00016025917,1289.296875,0.0274560546875,1.0,0.0,0.0,0.033883400214836004,0.006160206161439419,0.0011734531086403876,0.010824148014944513,0.9317966580390932,0.0033940571825951337,0.010250230005476623,0.00251787708257325,1.0,False
00:02:05,5c41c28e896e090001c03bb0,167.69763059331243,0.6929011869245548,1.0581128421756385,-27.07535647951955,-231.57877000000002,133.61475,-10.997972500000001,-2.0408258000000004,9.141919999999999,-3.6206187999999995,-2.0636306,-0.77211994,-0.14033610000000002,-0.5481168000000001,-4.014611,-6.853715400000001,-49.115677000000005,18.579039,-2.5101178,-2.1102083,7.8373523,-2.3393955,-17.2676,-9.611975,1.2214437,-0.00018324388008502412,3.1235114283441248,15.2866310237717,2421.347052437941,2628.920568220386,15.69842138210601,12.957757967246803,16.55670557042039,17.994930608685998,22.28203612693717,21.64895251729235,39.20170584318468,0.0007974982000000001,4336.40625,0.0831787109375,1.0,0.0,0.0,0.10230740327388048,0.006854077684693039,0.14085584562271833,0.16144140493124726,0.027164842560887338,0.1492584154009819,0.20823566503822805,0.20388234071433545,0.0,True
00:02:06,59278c090220760001fda664,,0.7433230166307501,,-54.65008282453531,-459.26212000000004,59.477943,2.7892842,1.6381383,-1.0794836,-3.9986947,-5.3833910000000005,-4.60522,-2.6907895,-1.2345626,-0.87867594,-1.0110198000000001,36.72088,11.814556,-5.2054706,-11.113509,-9.111892,-4.4022809999999994,-0.35195354,2.0741422,0.6199640999999999,-2.31116649873777e-06,0.037946065457790217,,2313.030520451729,1172.7289030957445,11.909295217615215,8.12073296045139,10.81399411542767,17.09693100928571,20.56988115087785,16.272051435546793,19.83560194061976,0.00021041125,1382.34375,0.0260302734375,1.0,1.0,0.0,0.04711396917700768,0.036286581185413516,0.012140588380862028,0.15634775094222278,0.6593652307987213,0.011672256910242141,0.07287575779482723,0.0041978841531090435,1.0,False
00:02:06,5c41c28e896e090001c03bb0,156.99143568442395,0.5935802371956992,0.5650849298920865,-35.73338723975213,-290.34354,155.92647,-8.975423,0.80987775,9.288287,-3.5145053999999996,-8.367697999999999,-4.439712,-2.0519772,2.2609197999999995,3.1387834999999997,-9.781491,-40.235626,0.6980986,-3.1961937000000002,-3.198833,-1.8589691000000002,-10.96965,-21.213621,-12.4429,1.9991453999999997,-0.00012840351215793143,2.156780176429759,15.31405127070628,3050.1199756745696,2915.8322447506316,14.387995652439091,10.982825672703338,16.105469778135372,15.555366629097811,19.69346824918291,19.238107708509354,33.364302604795064,0.020928835,5684.53125,0.056513671875,0.0,0.0,0.0,0.10783438459038734,0.005852240149397403,0.20233219861984253,0.2126463774591684,0.02474636510014534,0.09075662791728974,0.3073842376470566,0.04844755241647362,0.0,True
00:02:07,59278c090220760001fda664,,0.7046032572828776,,-57.33289268287492,-471.34937,45.606167,4.7564864,2.348547,-1.6711736000000001,-5.1049623,-6.6113954,-6.084929,-4.346621,-2.4811692,-1.250904,-0.8650777,29.877360999999997,10.378039,-6.113844,-14.906292,-15.074506,-9.224416,-1.7169082999999998,3.5613116999999996,0.5199929,-1.5315818687564203e-06,0.025256458107652414,,2652.040255889119,1311.6508918314846,13.364827465499625,8.410365682092303,11.004250408774887,20.338304988804936,17.216106746473596,15.797100944737947,19.6069100371163,0.000283925,1277.34375,0.0278955078125,0.0,0.0,0.0,0.01499126317212358,0.015151446219533682,0.003484668760211207,0.016024280269630254,0.9182960033416748,0.006607429843279533,0.01359772413270548,0.011847189371474087,1.0,False
00:02:07,5c41c28e896e090001c03bb0,154.1276391827474,0.9432919466143774,0.3740762132983985,-16.115908991087437,-178.91461,175.49873,-6.0117400000000005,-0.07505621,1.5839714,-3.9052743999999997,0.06420129,-3.2073617000000003,-4.969744,0.13008504,-2.5091417000000003,-7.2876806,-56.41899,16.678188000000002,9.016036,-3.2140965,4.3653319999999995,-11.024510000000001,-25.484585,-14.480665,1.8269116,-0.0002159575453826824,3.663924727821815,11.41520335566999,1842.021472919875,2180.780627116258,16.854138048475615,14.283800795037214,17.412694220039374,17.789892985079675,21.932872943588173,22.67429560259441,42.08128289526263,1.5846665e-05,3716.71875,0.06732421875,1.0,1.0,0.0,0.06836796486750245,0.011566629947628826,0.08811149354733061,0.3906487125903368,0.08858282156288624,0.06969604319892822,0.10472690585884266,0.17829944249242544,0.0,True
00:02:08,59278c090220760001fda664,,0.7493131934415715,,-56.368225438610324,-467.4747,50.31577,2.8200736,0.9000497,-2.017244,-4.355610400000001,-5.2135696,-4.602939,-3.2196817,-1.9040004000000001,-1.1418811000000002,-0.92980254,32.853756,11.877951,-5.024985,-13.396025,-13.258845,-7.969992599999999,-1.8000243000000002,2.151199,0.5527784,-1.779212473852111e-06,0.02928286657476032,,2549.6709821538884,1257.0830459388462,13.107741825174813,8.243406566157239,10.361397386252417,19.726159911696147,18.196400090747648,15.764373732258218,19.832266198750254,0.00026108854,1266.328125,0.0272705078125,0.0,0.0,0.0,0.019009716401342303,0.01981742773205042,0.0035979156964458525,0.0004915083954983857,0.9326759099960328,0.012926608126144856,0.0109651705250144,0.0005157829349627718,1.0,False
00:02:08,5c41c28e896e090001c03bb0,150.66617135479285,0.8938918356923632,0.5670830158799305,-23.47503383747099,-275.18484,148.28136999999998,-10.436166,-3.8915827000000003,6.364659,1.1694345,-5.178770500000001,-7.465639,-3.652425,-3.0889306,-5.4661406999999995,-7.925413000000001,-14.448609,11.178489,10.026938000000001,2.8841357000000003,2.0473819,-10.773588,-16.571898,-7.566588,1.6148553999999997,-0.0001399083089975697,2.3469756342629164,15.55259477487579,1763.9557650344932,1575.669574183554,15.910587330339382,13.70998850017774,16.284660481607315,17.16493671975413,20.692681010238847,21.736709595416073,34.38544257218254,9.728521999999999e-05,2710.078125,0.0399462890625,0.0,0.0,0.0,0.047316637239418924,0.003694059232657309,0.01817775925155729,0.4731284789741039,0.036002389853820205,0.0347100711078383,0.15272209979593754,0.23424851684831086,0.0,True
00:02:09,59278c090220760001fda664,,0.6951847829751118,,-55.62428789320402,-464.63074000000006,53.612263,3.7536724,1.5718398999999998,-1.5122492,-3.9211199999999997,-4.813994,-4.200152,-2.7288099999999997,-1.2649666000000002,-0.43633950000000005,-0.38988665,34.34617,11.386889,-6.7702789999999995,-15.241457,-14.277735,-7.8786716,-0.92333436,3.2550635,0.551262,-1.92771084640936e-06,0.031694043082686515,,2424.246759080741,1207.2961776034454,13.330722338576994,7.872982008496134,10.585351229162152,18.850497174493576,19.15692031728856,15.640089192790267,19.74372602349545,0.00021936367999999997,1257.421875,0.0273583984375,0.0,0.0,0.0,0.002519867848604917,0.009456051187589763,0.0007657025271328166,0.00017579177365405484,0.9822062611579896,0.002756201929878444,0.00174052978400141,0.0003795777796767652,0.0,False
00:02:09,5c41c28e896e090001c03bb0,147.91221431027063,0.5766282797334782,2.7538546296025515,-25.63547109597506,-274.20697,143.21315,-5.145778,-0.6728943000000001,6.7610225999999995,-5.7443504,-10.021491000000001,-4.8207974,-3.1563342,1.4085604,-1.6196903,-5.861212,-46.323048,-8.624857,9.589777999999999,-4.238321,2.6027784,-15.947648999999998,-21.052335999999997,-4.1597576,1.7028172,-0.00010292598995380131,1.7253073233923826,14.616980029367735,1648.712496626728,2053.1390061562106,14.680944177491524,12.43370313865268,16.658382077552186,19.026279655374434,21.164630064815746,23.36178984181517,37.0730457945134,2.3027060000000002e-05,3497.8125,0.0683984375,1.0,0.0,0.0,0.08137800917029381,0.024055859073996544,0.0035961839603260155,0.01744615810457617,0.2445862516760826,0.1726110652089119,0.4525748640298843,0.003751617041416466,0.0,True
00:02:10,59278c090220760001fda664,,0.7658363635608822,,-56.40226044604641,-468.1678,49.870262,2.7486646,0.86324054,-2.1910993999999997,-4.725472,-5.834421,-5.520683,-4.330946400000001,-2.870466,-1.5179869,-0.43415070000000006,33.559002,13.391243,-3.6842604,-13.030808,-13.921276999999998,-9.068932,-2.6751337000000004,1.7587798,0.51936275,-1.7336293630429248e-06,0.028528967975305894,,2540.220111915363,1234.697015257976,12.766303438051064,8.256558541831744,11.181760997111587,19.733553010886126,17.994240974298734,15.733955814592948,19.861079956576205,0.00023507695,1229.765625,0.02708984375,0.0,0.0,0.0,0.1977343626320362,0.012558359513059258,0.03926660320721567,0.02115736040068441,0.5856196723878384,0.03546175678493455,0.1043023326783441,0.003899502707645297,0.0,False
00:02:10,5c41c28e896e090001c03bb0,160.9879412189038,0.7302466396511835,0.8556079414910733,-18.64123160032175,-253.28152000000003,150.17209,-2.46295,-16.646893,-5.080532,0.9897925999999999,-6.252431,-2.489788,3.9535617999999997,6.0752177000000005,-1.4085497999999999,-8.573977000000001,-38.79854,23.340477,36.090164,0.60790366,-8.083822999999999,-24.242832,-36.610153000000004,-12.297111,1.9327787,-0.00013445836605768222,2.254900063755602,10.204653396687473,1705.6045937760875,1843.1075227613287,18.706967631138326,14.58070060748199,20.93994409305021,17.239024028258086,22.90475842555876,22.49160483793037,36.49375477834716,9.492795e-06,3358.359375,0.0476953125,1.0,0.0,0.0,0.04770603496581316,0.006274538484123898,0.03615893700528735,0.49815058377054,0.046200133109879166,0.06480983157073045,0.12951598202602732,0.17118394457631642,0.0,True
00:02:11,59278c090220760001fda664,,0.7474236872561953,,-57.28781116181585,-470.90643,46.478336,3.148346,1.3654469999999999,-1.6156583,-4.072275,-5.008996,-4.3783746,-2.7987373,-1.0778611,0.15719633,0.6002878,31.394205,12.675858,-3.2679133,-12.086126,-12.993526,-8.419361,-2.2714627,2.0898142,0.5248096999999999,-1.5518615340368632e-06,0.025581403873366645,,2654.4570071233265,1290.8021756376365,12.891091050391983,7.557378481102278,9.849747723395328,19.906456155106905,18.513024488800237,15.774915039607382,19.77460719314937,0.0002937204,1283.671875,0.0272412109375,0.0,0.0,0.0,0.037615167722105984,0.024958278238773345,0.024579855799674987,0.0015986261947546153,0.8662536263465881,0.02455688342452049,0.01908990032970905,0.0013476871536113322,0.0,False
00:02:11,5c41c28e896e090001c03bb0,158.4745761140185,0.9492575859626716,0.3174420898447646,-19.896061082478848,-240.02102999999997,153.75583,-1.8990499,-8.365119,-0.22935842,-3.5332892,-12.581686999999999,-3.3321822,3.72776,6.3533154000000005,-0.37208602,-14.158925,-45.87722,17.195787,12.029532000000001,-9.440438,6.1890407,-20.575314000000002,-26.430256,-2.9354343,1.636754,-0.00013338922265521486,2.248713749175882,10.109855297906062,1750.8457700338586,2407.233141324536,17.51914351123073,15.090047174376027,19.57217081860349,18.78029935826585,22.254789743152013,25.5890664052103,39.98815730474708,1.3198614e-05,3953.203125,0.0796435546875,0.0,1.0,0.0,0.03652346599847078,0.0093700529800521,0.036638947333105736,0.06748038726962274,0.3398008941569262,0.2262513645821148,0.2414645709925228,0.042470318575700126,0.0,True
00:02:12,59278c090220760001fda664,,0.7030621832787186,,-55.91164338788214,-463.92657,54.407830000000004,1.391158,-0.65715915,-3.0603456,-4.7402050000000004,-5.1151029999999995,-4.159158000000001,-2.3828182,-0.5974195,0.5088667,0.70430344,34.82618,11.981703999999999,-5.442371400000001,-13.032294,-11.830552,-6.274536599999999,-0.9340784,1.6824938999999999,0.5541124,-1.9597808770032347e-06,0.03221196708340693,,2437.9031302716085,1207.8105059618922,12.279216752835348,7.796520840301785,10.20321724139167,18.600170676660344,19.856166923708123,15.839175797158878,19.77785912325509,0.00024010208,1293.28125,0.026435546875,0.0,0.0,0.0,0.021800552122294904,0.018817107006907464,0.005996060930192471,0.0013553871074691414,0.9000120878219604,0.02328463867306709,0.027225783467292784,0.0015083823003806177,0.0,False
00:02:12,5c41c28e896e090001c03bb0,150.50047844502325,0.8207529631252011,0.39590661506681096,-29.290572731109904,-317.05396,143.03772,-1.014781,-10.797744999999999,-5.619524500000001,-1.244319,-6.8500757,-2.6938012000000002,3.6247168,0.48261717,-6.145731,-7.230038599999999,-17.408772,9.635163,32.546715,-7.041328999999999,-11.292722,-14.853556,-28.292406,-10.69457,1.3484095,-9.760252671478612e-05,1.6129539424834414,11.998372996634288,1752.2232997469046,1965.6400783491283,16.876843500712415,14.413488400913534,18.678338897209574,17.155698458189534,21.80171870517784,27.307164870855193,29.63769194821043,0.0019929192,3276.5625,0.0587060546875,1.0,1.0,0.0,0.036364135518670085,0.020452444511465728,0.021454371442086995,0.022450952604413037,0.5371356636285782,0.10773891359567643,0.24817713648080825,0.0062263893778435895,0.0,True
00:02:13,59278c090220760001fda664,,0.7198933089079368,,-57.057450059943896,-469.6532,47.992344,1.8212694,0.5697948,-1.9956368999999998,-4.357577,-5.38882,-4.851297,-3.3717885,-1.8964666000000001,-1.034071,-0.7928447,32.385670000000005,13.36125,-2.49273,-11.152811,-12.321897,-8.544519000000001,-3.3128792999999996,0.5804182,0.5210689000000001,-1.6500173526754964e-06,0.027167699498033274,,2619.565347781282,1265.7698032342987,12.406857346894656,8.081387321259099,10.76062776511966,19.724536986218737,19.15051276022614,15.493928576486411,19.751124604866646,0.00027931223,1295.390625,0.0257373046875,1.0,0.0,0.0,0.009008789621293544,0.013739383593201638,0.0015966111794114112,0.0007571317546535282,0.9382644295692444,0.010799910314381123,0.02535167559981346,0.0004820697708055377,1.0,False
00:02:13,5c41c28e896e090001c03bb0,138.3074308697777,0.8801609607606882,0.4973693737954541,-25.16816686794655,-284.28036000000003,173.02107,-3.7144969,-0.21180283,2.5036509999999996,-4.241242,-9.159794999999999,-5.088267299999999,0.6187541,4.1121387,-3.0722895,-11.573877,-3.3757672,-13.321534,-1.3075173,-12.128492,-3.8595855,-4.651976599999999,-12.941181,-8.480708,1.7743542,-0.000105247315205059,1.7397280187526507,16.838664666115466,1342.7874922871995,1443.1987175385398,14.71059506659971,13.23684136320658,15.424947237051521,18.08250024411046,22.597475678814988,24.20260441891367,32.930811473553014,2.9130957e-05,2402.578125,0.0453564453125,1.0,1.0,0.0,0.009379012323915959,0.009561176772695034,0.008703334996243938,0.0391598719637841,0.7079659476876259,0.028595372941344975,0.19078375659883026,0.005851573479594663,0.0,True
00:02:14,59278c090220760001fda664,,0.7186974748495973,,-54.285246694538976,-459.88802999999996,59.14945600000001,1.180922,-0.52230024,-2.5363746,-4.19494,-5.2094507000000005,-5.397916,-4.698448,-3.3099856,-1.6823148999999997,-0.31895104,37.15286,11.624221,-7.6065354,-15.643917000000002,-13.860337,-7.4410043,-1.5277633999999998,1.3073947,0.59675694,-2.2828290451659666e-06,0.03747441971089913,,2297.7697429077543,1160.7823291969164,13.236153729477243,8.06389402688118,11.416532340007867,18.027941275128565,19.090770751823143,15.456698002403526,19.873913046915888,0.00019004857,1259.765625,0.0277197265625,1.0,0.0,0.0,0.011950938543304802,0.016961638769134882,0.0029634120292030275,0.0008478729519993067,0.9350558042526244,0.011312759667634963,0.02031418737024069,0.0005933533480856568,1.0,False
00:02:14,5c41c28e896e090001c03bb0,147.6927927336369,0.3983249041064253,0.6770850713542653,-31.802419905120267,-327.63004,98.70654,3.3243597,9.122983,8.499347,-7.221096000000001,-5.830249,3.3398626000000005,-0.61047643,0.30564040000000003,-0.5689991999999999,-9.633042999999999,-55.89245,-15.467668,6.3953514,1.9180390999999999,6.6859,-7.9044666,-24.773854999999998,-9.41911,1.5907248,-9.645853780472372e-05,1.6203339312557838,15.29787618168889,1874.2517745020334,2521.0978127208764,14.521469800010657,11.701008043955447,16.05434448850441,20.98129767119714,22.45417897540777,21.630630261085752,34.78721163138058,0.001594086,4062.421875,0.08556640625,1.0,0.0,0.0,0.02747144710738212,0.012982355256099254,0.021748609957285225,0.14580362783744932,0.44509331323206425,0.07729560937732458,0.2587149035185575,0.01089012938318774,0.0,True
00:02:15,59278c090220760001fda664,,0.7236932814705591,,-56.642119187030445,-468.04703,49.848290000000006,1.5771787,-0.008429967,-2.3589558999999998,-4.2827150000000005,-5.1138997,-4.7780757000000005,-3.6455815,-2.2689682999999996,-1.1121803999999997,-0.39474928,33.23411,13.189874,-3.1206036,-11.466241,-11.85619,-7.449142500000001,-2.2140749,1.0730392,0.5242916999999999,-1.7475977135889446e-06,0.02875836103899433,,2560.0526133738117,1250.3296293746769,12.645420171330258,8.329323332295585,10.843064603252516,18.347886051994983,18.29162992037391,15.680625933513632,19.733104537323047,0.00026174492,1292.578125,0.02625,0.0,0.0,0.0,0.12085718289017675,0.06434182859957219,0.043526765517890455,0.0034305349225178363,0.53380087018013,0.12635911852121354,0.10556233823299407,0.00212139142677188,1.0,False
00:02:15,5c41c28e896e090001c03bb0,191.56626029540317,0.9559733568814424,0.8714585031666511,-14.867640077212773,-179.42915,175.7395,-14.605737,-19.16649,-1.650787,-1.747769,-8.127824,-1.8408402,-7.3224305000000005e-06,-5.3929825,0.23835285,-4.6660851999999995,-40.55095,15.440045000000001,-3.0976934,-4.82067,-2.6500897,-5.9868646,-18.650965,-9.68047,1.7402678,-0.0002160018155908748,3.630187084608015,11.208599297145238,2057.9268150745706,1854.000669570524,15.165306257261868,14.835925319078596,19.10535700386933,16.242735295853493,19.497531817897624,24.82349108479961,40.16497349038342,2.017773e-05,3327.1875,0.0377490234375,1.0,0.0,0.0,0.06660340446978807,0.002727686169756843,0.04448182774441583,0.21241761956896105,0.1579929840351854,0.05146275873162917,0.43122270703315735,0.03309102931858173,0.0,True
00:02:16,59278c090220760001fda664,,0.7275760971258266,,-57.14581493801855,-469.26434000000006,48.148179999999996,4.6547956,1.8822805,-1.8485558999999998,-4.683898999999999,-5.779319,-5.308997,-3.989467,-2.5557,-1.4769552,-0.93522155,31.484299,11.167314,-5.4905057,-13.759957,-13.192584,-7.025490799999999,0.057033937,4.3775,0.5167108,-1.6215322798561042e-06,0.02671906943940175,,2613.4852456191666,1284.8495801500508,13.330096946745341,7.835742979289652,10.782197976223204,20.109227493469934,17.722751508005516,15.487461051619848,19.633217392187237,0.00028431066000000004,1264.6875,0.027080078125,1.0,0.0,0.0,0.06258298382163048,0.027980793640017508,0.013811712991446257,0.0036452269414439797,0.7338460087776184,0.05427230559289455,0.102699526399374,0.0011614961200393733,1.0,False
00:02:16,5c41c28e896e090001c03bb0,151.14876240907344,0.900281718035205,0.5682539368316473,-22.693600887421717,-280.8191,134.01834,-13.613285999999999,-1.7549573,10.861144,2.6649475,-5.301093,-0.9001146999999999,0.78429586,-1.4120704,-2.6116493,-9.214032000000001,-20.373253,28.179367,3.9320623999999995,-12.590803999999999,7.3494577,-12.606399,-19.542479,-11.76028,1.6458195,-0.00012148211084188545,2.0533888812541496,14.501350157789547,1688.5433172887444,2241.290183579944,15.764502045038524,13.922633503446953,17.378525687567702,19.39281725328621,24.062515048333122,26.715542320782838,37.66670582546303,4.9306850000000004e-05,3531.09375,0.0703466796875,1.0,0.0,0.0,0.10017871484160423,0.014004807639867068,0.09491098634898662,0.14259595908224582,0.20139603335410355,0.06341409105807543,0.2975167244672775,0.08598267212510109,0.0,True
00:02:17,59278c090220760001fda664,,0.7300065672048122,,-53.87473986345478,-456.1253,63.171997,1.8082968000000001,0.25529063,-1.9527035,-4.170077,-5.574387000000001,-5.580670400000001,-4.274093,-2.3365939,-0.57522005,0.47144175,38.48468,11.277649,-7.3641844,-13.487072,-10.417982,-4.338096599999999,0.26844937,2.1063612000000003,0.6128036,-2.4718110412340724e-06,0.04055162189294508,,2202.479163284827,1121.6627232745714,13.257169114346368,7.932389945990387,10.88908269315284,18.241510773900515,21.179453168313135,16.597845807270303,19.72006893514439,0.0001598241,1278.28125,0.02689453125,1.0,0.0,0.0,0.008002118906006217,0.02906309086829424,0.002811651839874685,0.0005241976265097037,0.9358752846717836,0.012966222874820231,0.009773221518844364,0.000984221644466743,1.0,True
00:02:17,5c41c28e896e090001c03bb0,155.73223457312676,0.4181520362018048,0.35764215949906986,-41.68227314854824,-324.1829,141.4132,-3.1641202,-8.52939,-2.5335919999999996,-6.35759,-6.110941400000001,0.18711096,-1.8027814999999998,-2.6256685,0.3077028,-5.8756775999999995,-41.268017,7.4146485,14.267691000000001,-3.5216973,-1.7434029999999998,-10.286783,-27.252734999999998,-11.800838,1.8481613000000001,-0.00010761228012502215,1.8111656058457837,9.064538196241863,3071.9301769407075,3484.8328409368987,15.443086806638053,11.4564159358339,14.47584563604918,15.255321596051596,21.76245064244678,20.65821398266285,31.922538625677728,0.034283999999999995,6540.46875,0.0805517578125,1.0,0.0,0.0,0.04417974855750799,0.007692229608073831,0.023727974016219382,0.2601610653102398,0.17839887663722034,0.0499768647365272,0.330793421715498,0.10506981825456024,0.0,True
00:02:18,59278c090220760001fda664,,0.7456968859473164,,-56.094423768053026,-466.18958,51.85861,3.7116097999999997,1.0937433,-2.2791273999999997,-4.72076,-5.524665,-4.916288400000001,-3.6177910000000004,-2.366334,-1.6004653999999998,-1.3780084,33.633266,11.637722,-6.1052284000000006,-14.672025,-13.931806,-7.5910850000000005,-0.5746806,3.5364273,0.55609226,-1.8218155532052124e-06,0.029978901035743227,,2482.901431288712,1231.5438915238385,13.317298192474107,8.406481234679989,10.232040475515726,18.935739648487004,18.003869895739072,15.685604137183807,19.530701094510185,0.00023926827,1255.78125,0.027724609375,1.0,0.0,0.0,0.03134984448552132,0.07581948339939118,0.03687263345345855,0.0005698879598639905,0.7929099321365356,0.04933888651430607,0.011662490013986828,0.0014768346096388995,0.0,False
00:02:18,5c41c28e896e090001c03bb0,170.43066404163557,0.9004857728502369,2.533224307590773,-20.635870319248138,-248.48164,159.32308999999998,-4.6605787,-6.2885599999999995,-0.69144726,-10.032564,-7.0815315000000005,3.6731712999999995,-1.0334529000000001,1.947187,3.0778322,-8.041931,-41.37041,17.78719,27.066532000000002,-9.799954,4.60475,-12.489777,-25.378412,-4.657082599999999,1.9236087,-0.0001266703021123918,2.133583398826347,17.25737397806773,1533.0313854575527,1933.628971206444,15.846383162615963,13.607045781698876,18.29146304077626,16.807945235790708,22.31541989718011,21.33831771212336,38.38609678393215,7.324731e-06,3365.625,0.058720703125,1.0,0.0,0.0,0.06796574853360653,0.02162613031687215,0.07552797012031079,0.2684117136523128,0.07569971717894078,0.17309143487364054,0.21677286364138126,0.10090442122891544,0.0,True
00:02:19,59278c090220760001fda664,,0.7118449156191414,,-55.32098625800665,-463.13797,55.256209999999996,2.9017026,0.5269185000000001,-2.2134287,-4.1352572,-4.8070455,-4.4498587,-3.6107774,-2.762998,-2.0622594,-1.4272155,35.001118,11.398264999999999,-6.5033965,-14.049852,-12.281188,-5.873692,0.23856685,3.2484057,0.5945111999999999,-2.0495440906521917e-06,0.03366712032039287,,2365.7238153798808,1184.4769540993696,12.478875297310175,8.492529942779694,11.14473655326432,17.960334480201727,19.783856179265264,16.0376551360123,19.481629090633774,0.00020996986000000001,1283.90625,0.02740234375,0.0,0.0,0.0,0.03357545342296362,0.13992470055818554,0.039131299033761016,0.0003587136248825118,0.7264085710048676,0.05163879431784153,0.007707921508699657,0.0012545743375085294,0.0,False
00:02:19,5c41c28e896e090001c03bb0,139.19665575024638,0.3752394999219499,1.079596228326877,-30.46242767787825,-302.44537,149.96432,3.8856976000000003,-5.128689,-4.341578500000001,1.8087636999999999,4.1744639999999995,-4.0361769999999995,-10.973469,-0.12722929,3.2666342,-6.748323399999999,-27.514704,6.728343,21.743883,-11.642244,0.55788314,-7.611693400000001,-27.508446000000003,-7.7880199999999995,1.7608979999999999,-8.537897264927167e-05,1.4279120017602829,14.139372349719524,1834.759688102867,2276.836341728265,14.431432893337092,11.640246532529774,15.303598553431135,14.680279579465337,22.51345700675545,26.907711806192513,32.76926196043624,0.002430175,3903.984375,0.07462890625,1.0,1.0,0.0,0.10517409415915607,0.008541988949582446,0.07871719799004495,0.2142455980181694,0.10661514524836094,0.17132852477952834,0.2512699531391263,0.06410749233327806,0.0,True
00:02:20,59278c090220760001fda664,,0.7180518095367556,,-55.82526895639723,-464.98535,53.757324,2.8055449,0.1389485,-3.2767494,-5.669887999999999,-6.158836,-4.9087586,-2.816278,-0.9433165000000001,0.015659973,-0.023114767,35.997932,14.436028,-3.2324014,-12.252981,-12.401945,-7.0797853,-0.87774104,2.7852895,0.55315316,-1.8959885354230675e-06,0.031157053526659224,,2438.3310860841448,1175.970123961054,12.921112709009526,8.613861118303976,10.404493389608204,19.161213426726814,17.695607477464186,15.487305200226526,19.636439452497576,0.00021348169,1219.6875,0.02544921875,0.0,0.0,1.0,0.032090396620333195,0.07970610074698925,0.007938522286713124,0.0021948496287222947,0.7272812306880951,0.12949132397770882,0.017322863265872002,0.003974709007889032,1.0,False
00:02:20,5c41c28e896e090001c03bb0,161.37932464715152,0.8981413318636595,0.5335088302022635,-20.759669527467032,-230.12096,165.05528,1.0974746000000002,-5.364180999999999,-2.0440247,-2.8379630000000002,-5.477596299999999,-5.1217127,-0.45230255,-0.61018705,-5.515231,-5.6240163,-47.675484000000004,3.933625,21.548977,-2.538143,-2.3848772,-11.689157000000002,-22.618095,-3.8214402,1.87588,-0.000154511016649475,2.5927454834616044,19.205747005317953,1724.4765051557674,1829.3551426433453,15.898333784780768,12.83002034765779,16.823282137227274,17.605150118929018,21.175219001600052,23.99191676260955,37.39991564645987,1.9723339999999997e-05,3345.9375,0.0486669921875,1.0,1.0,0.0,0.11606813841499387,0.009003752373973838,0.16064960228977726,0.13589305067434904,0.12587659182026986,0.14785921685397624,0.1635894663631916,0.14106018505990506,0.0,True
00:02:21,59278c090220760001fda664,,0.7207508921124087,,-56.41958210049067,-467.2575,50.70328,3.6873465,1.0452165999999998,-2.2997234,-4.4611529999999995,-4.648981,-3.3138193999999994,-1.5999941999999998,-0.52428466,-0.42048684,-0.955849,33.379482,12.417117999999999,-4.6247435,-13.087064,-12.760127,-7.008854400000001,-0.41830108,3.5340470999999996,0.5591689000000001,-1.7617045972127254e-06,0.028998630193363437,,2544.0902736572666,1250.2559759852506,13.03999829521913,8.209649410431615,10.051584131726248,18.859603588750538,18.215705411226143,15.67175992258019,19.746271925026274,0.00026151133,1285.546875,0.0269287109375,1.0,0.0,1.0,0.013618373777717352,0.09029677882790564,0.0038431845139712093,0.00017781772621674463,0.8340604066848755,0.048916484043002126,0.00880837389267981,0.0002786019816994667,1.0,False
00:02:21,5c41c28e896e090001c03bb0,134.67209516550426,0.6017977031327455,0.3786433068478944,-22.678923510287277,-267.9429,155.5682,-5.0113597,6.449737,9.932487,-3.1429136000000004,-8.287987,-5.586945,-4.362595,-5.5667763,-6.0781097,0.026305795,-24.976181,0.95550156,-1.7720928,-12.264382000000001,3.990731,-5.044058000000001,-9.35839,-5.262747,1.8172644,-0.00012866434405159742,2.1486729192978284,12.411582399403484,1478.6495432995926,2140.276559936267,14.388918251468256,13.289791513322784,16.3875143570453,19.903726758890954,23.79883527122718,24.950148220022825,36.36317599367399,2.8002290000000004e-05,3250.78125,0.0768212890625,0.0,0.0,0.0,0.1077752284705639,0.014054618740919978,0.07549704550765454,0.1800458229146898,0.04792600381188095,0.2372269712388516,0.08387147281318902,0.2536028435919434,0.0,True
00:02:22,59278c090220760001fda664,,0.7650006372025069,,-56.37366175074588,-465.83685,52.143612,4.479564,1.707893,-1.7453343000000001,-4.161009,-4.7854185,-3.8582633,-2.2042212,-0.68590647,0.18702754,0.33867818,33.482475,11.255744,-6.251957,-14.234824,-12.924659,-6.317459599999999,0.63657814,4.523988200000001,0.5413614999999999,-1.8156588572216117e-06,0.02988594613961505,,2495.0937355302285,1242.5063305707745,12.140396525663428,8.160770257034812,10.438776154028725,18.91672201733905,18.033637127599484,15.469396256243394,19.42916056894235,0.00024808102,1286.484375,0.028056640625,0.0,0.0,0.0,0.0036445177625864735,0.02812720574438572,0.0018223338527604933,0.00011668839651974849,0.957592272758484,0.00631544142961502,0.0019960950827226038,0.0003854590060655028,1.0,False
00:02:22,5c41c28e896e090001c03bb0,190.91737566284704,0.8707495551128998,4.9506375290462055,-23.546967489083322,-305.07013,142.70623999999998,-14.408920000000002,-14.095572,-2.0682793,-6.865589999999999,-9.267391,4.642307,7.774031,-2.2383327,-7.502314599999999,-4.6044374,-2.0965507,35.65611,41.593579999999996,4.7738309999999995,-1.1235619,-22.41639,-28.960413,-11.271535,1.6274889,-8.46722692777847e-05,1.4125763813690355,11.885589241644773,1443.9352795083043,1735.1681754607166,15.511042027981533,10.669580062968096,19.4765076797172,18.86819938142534,25.061132272465137,25.626853453853673,33.0215857087549,5.4273086999999995e-06,2966.71875,0.0549267578125,0.0,0.0,0.0,0.1379547517746687,0.029355397052131593,0.18186397701501847,0.07063323901966215,0.14977923315018415,0.17202497459948066,0.21200585067272187,0.046382570266723634,0.0,True
00:02:23,59278c090220760001fda664,,0.7296978770093411,,-54.91498896557599,-462.09332,56.292988,3.7444966,0.85548556,-2.6808963,-5.1985207,-5.9364550000000005,-5.09724,-3.5452913999999995,-2.249222,-1.7263055,-1.8339287,34.859856,9.750849,-9.409957,-17.443695,-15.179317999999999,-7.535423,-0.029261881,3.9226212999999994,0.5758489,-2.087774135093972e-06,0.034319870780833435,,2338.6257324674016,1193.335975515849,12.707956877912187,8.619273124712294,10.767374428441718,18.400930278166445,19.088319864623422,15.734360554306145,19.8706541324172,0.00019043102999999998,1246.875,0.0290966796875,1.0,0.0,0.0,0.0016113773453980686,0.017622452788054944,0.0006703627877868713,6.888678399263881e-05,0.9754527568817138,0.003144887601956725,0.0012243715464137495,0.0002048791342531331,1.0,False
00:02:23,5c41c28e896e090001c03bb0,163.65999350668503,0.8401954052923931,1.5912248134199565,-26.42826573629365,-327.19467000000003,134.37859,-2.398628,-7.2855754,-5.511328,-10.6960535,-11.126059,4.138636,5.8998823,-6.8237224,-9.803958,-6.530897599999999,-4.463623999999999,14.748192999999999,39.387993,15.557364000000002,-0.41567245,-19.832806,-26.502365,-8.02236,1.5057863999999999,-7.340139219572469e-05,1.2194807256800768,10.55603733400453,1348.6880307028312,1476.02057368026,18.046241926000107,12.696943249746974,17.048458488112182,17.6560077800978,22.004812287778687,24.7885857856431,28.76169806432847,1.49456955e-05,2433.515625,0.043857421875,0.0,0.0,0.0,0.03459252584725618,0.018035758356563743,0.03518526596017182,0.028340472374111414,0.13193664709106087,0.14934781081974507,0.5897379130125046,0.012823622219730168,0.0,True
00:02:24,59278c090220760001fda664,,0.6978836275294618,,-56.338543817058614,-466.69473,50.97498,2.9489722,0.040270995,-2.8662607999999996,-4.3617306,-4.250821,-3.233721,-2.1921532000000004,-1.588223,-1.3185426000000002,-1.0242156999999998,32.4814,10.606301,-6.3696356,-13.781348999999999,-12.117741,-5.617319,0.7181611999999999,3.7129638,0.56212807,-1.82871723716838e-06,0.03010362861697007,,2526.001583338919,1270.492160304798,12.358195228284176,8.472677371578733,11.071629278731717,18.776605087890967,18.884802678376218,15.797246110251413,19.878387868130684,0.0002672686,1332.65625,0.027861328125,1.0,0.0,0.0,0.0014221015851944685,0.014083910174667837,0.0005857424752321094,7.139512672438286e-05,0.9794726967811584,0.002812474500387907,0.0013622184866108,0.00018952847458422186,1.0,False
00:02:24,5c41c28e896e090001c03bb0,139.7363217149517,0.8824172775992853,0.4139155507459204,-22.163384687474977,-306.88626,170.33607,-7.653662700000001,-7.239379400000001,-3.2652537999999995,-9.994775,-12.650932000000001,2.8884492,5.048132,-9.481228999999999,-8.685042999999999,-0.92129576,18.436428,5.7284144999999995,25.177765,7.4301070000000005,-4.3067727,-14.555310999999998,-22.652813000000002,-13.217173,1.3310133,-0.00010185415659925184,1.6675531442838352,9.614578742294672,1165.8204106808162,1003.0319082369828,18.6175694695122,15.926093874117935,19.478466482011186,18.382551509603054,23.671453706363273,29.420901819643213,25.77567870343428,1.1945912000000001e-05,1669.921875,0.0280029296875,0.0,1.0,0.0,0.018133144204815228,0.029603084109516606,0.016539364251204662,0.08379367547523645,0.2366823579909073,0.11505878178609742,0.459635317325592,0.04055426238725583,0.0,True
00:02:25,59278c090220760001fda664,,0.6995349582481601,,-54.74415736580064,-460.02975,58.672478000000005,3.3057324999999995,1.7156097,-0.8479440999999999,-3.342251,-4.774739299999999,-4.630823599999999,-3.2411919,-1.5578332000000001,-0.43305242,-0.070215635,36.17929,10.567063000000001,-8.087719,-15.270919000000001,-12.913725,-6.3334823,-0.3105093,2.9186224999999997,0.5856283,-2.2714297024813306e-06,0.03730053239302948,,2326.188725297225,1186.8442667775048,12.648597212202215,7.762976207136158,10.981913076863234,18.614982991042638,19.11044038852869,16.388484213476815,19.89100112495144,0.00020616110000000001,1284.609375,0.0272998046875,0.0,0.0,0.0,0.0167353258933872,0.030464605614542964,0.005984842649195343,0.0012173586925200651,0.9210663557052612,0.007996474113315343,0.016080919362138957,0.0004541306116152555,1.0,False
00:02:25,5c41c28e896e090001c03bb0,138.42403775508663,0.8722789893099069,0.8040188188693754,-31.205095442837656,-335.8205,118.11717,-2.1081874,4.5154266,4.436607,-4.6932735,-6.9179325,-0.37245914,-1.8957540000000002,-4.411705,-1.7300402,-1.6313145,-14.703157000000001,0.5236447,7.7367268,-1.4122397,1.2297443000000001,-16.363567,-23.164703,-11.208596,1.7099541,-7.698709652694998e-05,1.2824726091348466,14.601441649455976,1667.4473264166345,2632.20891481945,14.665538721410126,11.611817297435131,14.513654744314225,17.056728090374385,21.71706096539652,25.529756714162318,33.426849517924296,0.00041322448,3722.109375,0.099365234375,1.0,1.0,0.0,0.0548413747921586,0.011330244783312082,0.045570094417780635,0.11878780918195846,0.0265274393488653,0.13220243155956268,0.5095568627119065,0.1011837559635751,0.0,True
00:02:26,59278c090220760001fda664,,0.7167135404061113,,-55.35790816913014,-462.62787000000003,55.43014,2.60889,-0.6680234,-3.9812646000000003,-5.60766,-5.049894999999999,-3.1167583,-1.2438143,-0.43525875,-0.6329891,-1.0363424,33.91215,9.168161999999999,-9.084056,-16.097652,-13.314895000000002,-5.9451003,0.6910549,3.6121413999999996,0.5836138000000001,-2.0309313677384525e-06,0.03340667274013976,,2399.0594677508248,1224.4780088954215,13.63370179329339,7.521408617299207,10.825621556590354,18.325849944418028,19.661151490824217,16.25748974246381,19.699746880977596,0.00022127822999999997,1294.6875,0.028408203125,0.0,0.0,0.0,0.05071463547647,0.011669078841805458,0.015102147497236727,0.006004195846617222,0.8244581580162048,0.025023297965526586,0.06481320634484293,0.0022153075318783523,0.0,False
00:02:26,5c41c28e896e090001c03bb0,135.33473672848996,0.5886784772777439,1.4892525757570894,-32.94998758374669,-323.34112999999996,119.71056000000002,-2.589938,-3.3030489999999997,6.7442649999999995,-1.5397329,-11.040906,0.7307577,6.6985984,-2.396044,-7.872097500000001,-5.4754453000000005,-27.7476,7.1667369999999995,13.909745000000001,-13.967576999999999,3.340965,-3.2177507999999997,-16.994417000000002,-3.3365326,1.5603204,-6.093416341106409e-05,1.0230918301940255,15.815349814959248,1820.6939334600816,2220.3229192206786,17.64105960529524,13.069213700457823,14.758588485144902,17.479689885557274,21.567093069341112,21.338140571857426,34.050398412475424,0.00046221660000000004,3810.46875,0.0726025390625,1.0,1.0,0.0,0.09088700832799076,0.007367518893443049,0.08271588394418357,0.0864233698695898,0.02867359789088368,0.12093893364071845,0.5395346969366074,0.0434589727257844,0.0,True
00:02:27,59278c090220760001fda664,95.0971393240806,0.7355092898541986,0.2043990328803897,-39.84572047810777,-378.8138,112.782875,6.148045,0.4097777,-3.1471044999999997,-1.6898878000000002,-5.4665203,-5.5613265,-0.7505744000000001,-2.0200167,-4.7041807,-0.79209286,18.251747,6.6225347999999995,9.461578999999999,-10.349892,-12.995906,-7.8306227,-10.458269999999999,-2.5570752999999997,1.0645276000000001,-5.655623433513018e-05,0.93568059679115,18.909555646661307,1870.0360898250626,1283.4685793005465,13.846318596021801,9.400519138273276,12.529102309188426,17.276155000265852,21.468533437928322,23.410340793856513,24.195961013459282,0.000102364145,2057.34375,0.034052734375,0.0,0.0,0.0,0.08111135810613633,0.011307786777615549,0.013457794673740864,0.00796264298260212,0.7810287833213806,0.042421028017997735,0.058162392675876626,0.00454820077866316,0.0,True
00:02:27,5c41c28e896e090001c03bb0,,0.5391002490045342,,-75.13723947956333,-500.56726,7.652750500000001,4.5149465,3.433763,0.8241196,-0.23128921,-1.6405756,-2.3393173,-2.0364139999999997,-1.8976552,1.0139407,4.9990535000000005,-8.556405,-3.6951015,-0.47857362,-6.612027,-5.3585706,-0.19612654,-0.25521398,1.1469709,0.5423963,-6.456448874951871e-07,0.011357544931394778,,4510.021404278312,5040.56989844544,9.987211375217713,9.338903611779335,11.402752030312788,16.602111200121566,19.205747643995352,20.60251686694365,17.794343365389267,0.030786342999999997,8385.46875,0.1288671875,0.0,1.0,0.0,0.03300477862358093,0.01038912367657758,0.008227047207765282,0.08167242314666509,0.4173846833407879,0.08846535449847577,0.3267625916749239,0.034094001416815435,0.0,False
00:02:28,59278c090220760001fda664,145.43202857542445,0.6489164516309454,0.6664845841547361,-31.72612491923369,-324.86557,138.12016,-0.94945866,3.3045707,-2.20981,-7.105269,-8.01774,-2.6889884,2.585595,-1.6867450000000002,-6.389409,0.32455498,-14.058654,-8.449910000000001,23.638939,1.9882917000000002,-12.935137,-10.838664,-13.422142000000001,-11.835099000000001,1.3212743,-9.964929508327386e-05,1.6525890823517213,25.928646397715568,1787.2508295124164,1675.0102053838054,16.24219152972993,11.700103384611385,15.166435735440027,16.627778536019374,19.932206812142304,25.612908310980988,28.514838083138073,0.00017435665,2983.359375,0.0478857421875,1.0,0.0,0.0,0.03561542294919491,0.06783040314912796,0.017933295853435994,0.001696773525327444,0.8039752364158629,0.04843519777059555,0.02231934294104576,0.0021943517029285433,0.0,True
00:02:28,5c41c28e896e090001c03bb0,,0.7920938420524649,,-88.58101789369259,-506.71612999999996,3.0388021000000003,2.7544649,2.6972382,2.6357396,2.5702567000000003,2.5010893,2.4285447999999996,2.352938,2.2745830000000002,2.1938007,2.1109047000000003,3.029818,3.0148973,2.9941187,2.9675908,2.9354513,2.8978658,2.8550258,2.8071463,0.09362942,-5.278330592443528e-08,0.0009960074654417046,,6479.358902272468,6090.359462951456,12.731597632803846,9.801946637019233,11.327745696151096,13.344303581250413,14.783735127158305,14.494364071514301,14.94100339969038,0.09650604,13857.1875,0.0262060546875,0.0,0.0,0.0,0.007533638647873886,0.018582168302964417,0.02123091825051233,0.002985898041515611,0.8644455015659332,0.03112231906852685,0.04920266950502992,0.004896880500018597,0.0,False
00:02:29,59278c090220760001fda664,129.46727775808452,0.8518044416482383,1.5557239470694384,-19.12247079354445,-255.08914,149.01344,-8.330627,-8.676917999999999,-1.9232040000000001,2.2588873,-7.608011200000001,-10.541255,1.1867758999999998,-0.6004284000000001,-6.7142954,-10.284179,-23.351805,44.45276,58.143234,2.5074031000000003,-26.185736,-2.9037445,-4.7691426,-11.964255999999999,1.5146275,-0.00013598393938290472,2.3006130176748596,21.639656142585387,1956.0643241355729,2431.422610989022,15.817710853218406,11.794998468917631,16.044698420491976,14.683609582056045,22.37474336573964,29.74849464690628,35.33204937010435,0.00013910966,4270.3125,0.07734375,0.0,0.0,0.0,0.023188893124461173,0.0667887955904007,0.011137284897267818,0.0009872778202407062,0.7628794074058532,0.11656445935368538,0.014509849902242418,0.003944044408854097,1.0,True
00:02:29,5c41c28e896e090001c03bb0,,0.5924715528465324,,-105.07920006736653,-507.33987,,,,,,,,,,,,,,,,,,,,,-9.25583887656354e-09,0.000226500898254836,,6680.784863200384,8387.6964404776,7.943025772105909,8.047234774309965,8.757568141248669,10.823792675816458,12.210969473035505,11.663114301953472,12.89546070364274,0.5960445,16985.491071428572,0.018146452356557374,0.0,0.0,1.0,0.03208946890663356,0.03717897515743971,0.06946855958085507,0.011676446063211188,0.5198802828788758,0.1425621255300939,0.17193783186376094,0.015206317603588104,0.0,False
00:02:30,59278c090220760001fda664,153.65674006130484,0.8677158103952821,1.898988843458608,-26.44799448652089,-314.33513999999997,164.30664,3.559186,7.2972383,-2.3195066000000004,0.079969496,2.3209903,-2.022112,-0.1285833,0.39451793,-5.557608,-2.4732380000000003,2.3004196,-24.492617000000003,8.478488,2.3023605,-9.837928999999999,-12.976593,-24.756084,-19.758661,1.3315046,-0.00012877579653698348,2.126649034090048,30.96822874585214,1311.8397714569094,1371.5301890589562,14.476903422407515,10.855664498737465,14.254256701079251,19.144537155494472,23.286806120829755,24.84974703893893,27.402293332991857,0.00014698762,2177.109375,0.04517578125,0.0,0.0,0.0,0.011223775148391723,0.13323815017938614,0.004396557039581239,0.0006736522307619452,0.7801928997039795,0.06109413802623749,0.006505520455539228,0.0026753056794404984,1.0,True
00:02:30,5c41c28e896e090001c03bb0,282.6428182843512,0.9467401215311776,2.2637367603168608,-19.70376997456841,-194.3011,144.3562,-5.3646894,0.22830166,4.232542,-14.773407999999998,-11.6062565,-1.3241495,-0.22227448,-6.184065299999999,-3.6083024,-8.248023,-57.075176,17.454138,-8.855047,-1.8759786,-0.43202087,-4.8339987,-17.217651,-4.9715576,1.824582,-0.00023315905423941361,3.980287622546152,14.478456403504632,2306.031496436297,2373.1377780310136,12.190303259802521,13.980964882663574,15.620986722967384,16.653732906501354,21.354029835168763,20.38017320697471,43.02521403559194,0.0007911157400000001,4285.78125,0.060419921875,0.0,0.0,1.0,0.04953217776492238,0.052462885732529684,0.16644760401686653,0.2178514102473855,0.25015817231033,0.122338794847019,0.07526049958541989,0.06594843147322535,0.0,True
00:02:31,59278c090220760001fda664,124.29569998982682,0.564576764607171,2.290048993953395,-34.17812472331329,-340.7234,124.39277,11.730753,2.9315597999999996,-10.475125,-4.6383595,1.1817294,0.06213057,0.04115461,-2.4397922000000003,-7.160183999999999,-4.6565145999999995,-16.737028,-4.7611537,27.689774,-2.2575654999999997,-16.352766,-13.973151000000001,-23.08847,-9.900227000000001,1.1585951,-9.866947185234204e-05,1.6456526994458909,27.02545962346052,1793.7852302799781,1878.6780394831628,12.181984614118551,9.716838131462511,13.646594212995081,15.802100454340144,22.56153541533433,26.212801037909976,26.645848186838695,0.00018609199,2909.765625,0.0600048828125,1.0,0.0,0.0,0.011924688518047332,0.1207108959555626,0.004680267022922635,0.00040346395107917484,0.7888780117034913,0.0621752567589283,0.009070628322660923,0.0021567777614109216,1.0,True
00:02:31,5c41c28e896e090001c03bb0,,0.8803880744132523,,-81.5610043883557,-503.8471,7.098714,2.753987,3.4760082000000003,-0.9880393,-5.4632214999999995,-4.6058064000000005,0.048348166,2.3879384999999997,-0.22746815,-4.547264,-5.603262,0.6930879,-1.0309561,3.1747081,7.4770975,5.802975,-0.63248855,-4.498737,-1.9874425999999998,0.13544285,-3.1759958473219827e-07,0.005479465809233536,,5224.353816565556,5294.718115784461,8.959586798071188,8.654513886682738,10.594365594195958,17.121316082191417,21.67178041264644,15.922537710482404,15.626978898485415,0.18415633,9706.615691489362,0.07526881720430108,0.0,0.0,0.0,0.0071833759559214935,0.0054857618443848975,0.002317509077127195,0.2592727897895707,0.4870111134627627,0.008430761181645922,0.09496326232329012,0.1353354583390885,0.0,True
00:02:32,59278c090220760001fda664,112.11175326696623,0.584077740895312,0.5002218721627779,-27.729063003458386,-310.27252000000004,136.57005,10.481755,-2.9372849999999997,-9.897496,2.693178,-6.1729712,-10.710666999999999,-0.03536625,-1.0277528,-5.543273,0.44084942,-13.601982000000001,10.374474000000001,19.488482,-15.661625,-22.927920999999998,-6.975757000000001,-2.6750004,-0.7508636,1.3684413,-0.00012640564820528256,2.121255611431132,17.5138978541874,1835.1877918108605,1793.0249279177535,13.143045717276586,10.371837863154829,14.900916023147055,19.40266984033414,18.53033338145001,27.42694365248495,30.607311781015692,0.00032300275,3234.140625,0.0505908203125,0.0,0.0,0.0,0.034497010335326185,0.22272259294986724,0.010966964438557623,0.0010110329603776336,0.5872051239013671,0.12762559801340104,0.009908745251595972,0.006062975991517307,1.0,True
00:02:32,5c41c28e896e090001c03bb0,161.89726035194167,0.6822231862065183,1.96291377083828,-38.26792382338291,-331.39938,94.25605,-2.4288359,-1.5005046999999998,8.251082,-7.576666,-12.336567,0.9649618000000001,-2.428738,-8.546254,-0.9028459000000001,-2.6800222000000002,-31.230293,0.4490822,-3.9327285000000005,4.9394345,2.3422923,-7.6294804,-16.215134,-6.4659677,1.1756393,-0.00010808330234390226,1.8360688799116391,12.283943102515314,2526.994775009261,2628.28519060997,14.124999698808367,12.389901936036296,15.347990569658446,18.650808054343237,24.459381810876568,24.4463138120954,32.462673242493075,0.0011445399,4753.59375,0.0807080078125,0.0,0.0,0.0,0.012777225230820477,0.018460013112053274,0.008344634424429388,0.05292878840118646,0.7564165592193604,0.030678106052801014,0.02642707629129291,0.09396759420633316,1.0,True
00:02:33,59278c090220760001fda664,165.8227676651143,0.9485447866505056,1.9450163873076955,-23.053093839011606,-280.39032000000003,162.64192,-5.8287277,-1.0558215,-1.9523145,4.3515472,-2.8349047,-4.8793726,6.029256,0.84188926,-7.3460217000000005,0.89247775,-11.544208,9.299188000000001,24.263486999999998,-7.1306095,-11.99582,-7.420345299999999,-17.914707,-21.632673,1.3617518999999998,-0.00014664901947178383,2.4332493136398394,21.609118432694373,1701.7889032092432,1832.3130512458108,15.198384718673553,10.431601803886975,17.677159735965297,16.165486086342042,22.810596380193324,30.25789256046891,31.462472253611452,7.26274e-05,3258.515625,0.0552783203125,0.0,0.0,0.0,0.023523252084851263,0.09699866231530904,0.007762748654931784,0.0016810404078569266,0.78374764919281,0.06475763991475106,0.01697542257606983,0.0045535850455053145,1.0,True
00:02:33,5c41c28e896e090001c03bb0,,0.8740557319579038,,-64.11011306324892,-464.5039,52.294193,-3.8211246,-4.8295536,-1.4726145,-3.8718362,-2.734836,-1.3884338,-5.2479315,-4.9380026,-4.1788172999999995,-4.798731,13.117474,3.6490025999999998,-0.38475317,-1.429343,-1.7724291,-10.723475,-8.734755,-0.21100658,0.8552415999999999,-4.698329004686405e-06,0.07823571793589143,,4159.419931873591,3896.99886804337,12.306186896924071,9.78865077525581,15.98005540716509,18.651870726713128,23.00743300993381,19.722944650334476,23.86621598115909,0.0144843655,7818.75,0.0701806640625,0.0,0.0,0.0,0.01934727794723585,0.010446771001443266,0.01361813909607008,0.03038720795884729,0.7941775858402252,0.034042899007909,0.06932285027578472,0.02865725790616125,1.0,True
00:02:34,59278c090220760001fda664,128.64848343857707,0.6247984353492176,0.4037454864997476,-28.705212826871662,-319.23367,140.20062,-5.039983,-3.0805404,-2.9269277999999996,1.8302227,-1.7576923,-7.0933850000000005,-3.9221714,-0.110571735,-2.2050014,-4.2706523,-5.1514077,7.607933,30.670261,10.373875,-4.8904457,-9.712954,-14.469972,-13.833938,1.3452647,-0.00010345299943807276,1.7126243009400501,19.74508622323355,1885.8908174496146,1711.170814275815,15.85809951807815,12.841149515094608,16.33339774333609,15.896621822108793,21.83731855550804,25.41664289719719,31.568164819403282,0.0002602373,3159.375,0.04490234375,1.0,0.0,0.0,0.0263696872163564,0.01884463476017117,0.02121425252407789,0.005744155502179636,0.908388125896454,0.0067832115455530575,0.008469025383237749,0.0041869328939355905,1.0,True
00:02:34,5c41c28e896e090001c03bb0,207.05640046691414,0.8890375125404703,8.736938635936657,-45.55462361308976,-409.70633,93.00395999999999,-3.7485394,-4.37984,-2.772406,-7.8857813,-1.1380018,2.6161048,-6.950338,-5.1967550000000005,-0.39146,-3.6335926,28.065907,8.530726,-2.6227047000000003,-4.6748237999999995,0.4916412,-8.92181,-8.112418,1.2580558000000002,0.9296120000000001,-1.8747263400762067e-05,0.3088785727057801,15.899501538779425,2241.783418252413,1723.8437908017736,15.070050772535243,8.700084930952238,13.507006084545564,18.868725058400642,23.104291904391772,21.94737921500072,29.157129517861463,0.0011743713000000001,3091.40625,0.052626953125,0.0,0.0,0.0,0.0531231673900038,0.045265405904501683,0.056434840615838776,0.010025944351218641,0.4970304869115353,0.20049419533461327,0.12210706304758788,0.015518908062949775,0.0,True
00:02:35,59278c090220760001fda664,111.57373833537584,0.5862235496228178,0.4271348194791622,-31.193763093065012,-334.3526,134.84665,0.37269142,5.1203933,2.2518237,-2.6033535,-8.044135,-8.963417999999999,-3.1235692999999998,2.1240377,-0.7926649,-3.7624686,5.9864,2.5858803,10.606755,1.8481134999999997,2.819275,-0.10858973,-14.175151000000001,-13.957987,1.5505848,-9.797446881832064e-05,1.6261749476865075,25.3065853431034,1959.0800606332955,1753.935129594623,14.957275813214402,10.74997066088295,14.350962302872679,17.201475145408484,21.29191911842468,21.684076490907255,30.289037053959717,0.00028244982,3095.15625,0.0469287109375,0.0,0.0,0.0,0.0017756547196768227,0.03133775028400123,0.0013312636408954858,8.485262769681867e-05,0.9613654494285584,0.0025816976733040067,0.001340505969710648,0.00018281047086929906,1.0,True
00:02:35,5c41c28e896e090001c03bb0,146.48894319183444,0.8757536977296231,0.9094935672828319,-48.93266887472516,-349.62102999999996,136.62085,3.4139805,3.0828860000000002,5.591312,-8.908509,-8.708235,-1.1012615,-5.8251085,-9.553519999999999,-0.93688625,-4.543493,-29.496992,6.510894,8.477524,-3.2693083,-17.954373999999998,-13.503815,-13.204265,-1.4296553,1.407057,-0.00011174745683994092,1.8748424618175017,15.183974283518332,3404.3890962946252,3403.275936343589,13.75219379396554,10.669021193375048,13.564862233395967,16.465648909023308,18.020518217076646,21.1709737851338,29.92989298535427,0.027277858999999998,6529.453125,0.0827490234375,0.0,0.0,1.0,0.007508211117237806,0.007011006423272193,0.005617277231067419,0.02063566714059561,0.8361296355724335,0.013663456542417407,0.08618050264194607,0.02325421893037856,0.0,True
00:02:36,59278c090220760001fda664,119.88678502079763,0.5352084072181892,1.961030278966096,-24.32306409239274,-304.0842,139.24164,-1.5651611,-1.9412523999999998,0.0848473,1.8207631000000002,-4.463756,-5.9983629999999994,2.3563549999999998,3.073341,-2.7806978,-4.792639,-7.426475,13.207320999999999,31.184525,10.008544,-12.313479,-12.919747000000001,-23.193424,-17.605529999999998,1.5215546999999998,-8.94970203721732e-05,1.5010883436359006,21.02635010633054,1795.953389878068,2513.637280818441,13.33337893940778,10.952759920188706,16.207448185197713,16.300752969828025,23.976400105937284,27.178198030089785,32.3672366614618,0.00026735698,4079.0625,0.088203125,0.0,0.0,0.0,0.020210507325828075,0.18920757472515107,0.01250634747557342,0.000192407556460239,0.7263138651847839,0.04521481227129698,0.0055337327299639595,0.0008207469305489212,1.0,True
00:02:36,5c41c28e896e090001c03bb0,,0.8190754756281845,,-94.11413712796316,-507.02935999999994,2.2167642000000005,-1.1209961000000002,-1.040171,-0.8458318000000001,-0.5780662,-0.28652903,-0.023203215,0.16589002,0.2482236,0.20974497,0.05622593,1.9450523000000002,1.5293177,1.0186479,0.47042609999999996,-0.05750044,-0.5135246,-0.8572465,-1.0628117,0.052037872,-5.437668887460784e-08,0.0010372929070879054,,6520.623908352702,6326.838649670712,10.790654919407942,10.767195780738282,14.010082613056765,14.500212069869304,14.475828807200337,13.773876013195837,13.775849398172708,0.29479235,14340.567129629631,0.031874258306962035,1.0,0.0,0.0,0.1345933965407312,0.007261565269436688,0.010576455655973404,0.0447888397378847,0.4597076758742332,0.05815978394821286,0.2790644633583724,0.005847821035422385,0.0,False
00:02:37,59278c090220760001fda664,140.81892379561282,0.6513147544884854,3.9243374981168366,-38.88283613109089,-372.17312999999996,84.21911,-1.8874619,-2.8926637000000004,-1.3830421999999998,-6.513603,-8.637635000000001,-1.9375639999999998,-0.3071542,-3.3652973,-2.9196515,-0.30038604,6.6663857,25.165155,8.669564,5.081298,-4.3835835,-6.9653277000000005,-4.9862895,-5.041853,1.3611538,-3.0097738853540544e-05,0.5244112417981718,22.692602535533318,2735.32925950195,3698.396353664513,12.475353860918336,8.04639898595692,12.656194797460266,14.45510210270824,19.44717601942152,26.52751951640057,33.54826809328065,0.0012622785,6464.0625,0.1312646484375,0.0,0.0,0.0,0.02540280856192112,0.12350458204746248,0.018693096935749054,0.00041293624672107405,0.7459496855735779,0.07784494310617447,0.0057776114903390395,0.0024143405025824904,1.0,True
00:02:37,5c41c28e896e090001c03bb0,263.76883919860285,0.7866954522397622,8.636358316406223,-51.37565336263307,-387.8496,70.39853000000001,-4.403728,-0.80322546,2.5478966,-7.2174478,0.38039818,6.700748,1.6446288,1.8254677,2.2502167,-2.5646505,-24.102306,11.696881,8.746407000000001,0.7070671,0.29569197,-6.856114,-8.25014,2.2575972,1.3220571,-5.792171621514944e-05,0.9939989653095658,24.687361877328254,3651.0883518488304,3376.842844879504,12.724788493127043,10.334524259757304,14.666136775642519,13.995886528898186,17.463938523276695,18.53674179974277,30.437329316562376,0.037616387,7177.556818181818,0.06031768176020408,1.0,0.0,0.0,0.09183531673625113,0.010440539956713716,0.012977924779988824,0.009329676977358758,0.4872471671551466,0.25305237248539925,0.12564332643523812,0.009473688434809445,0.0,True
00:02:38,59278c090220760001fda664,,0.717516469991019,,-60.506440913535975,-480.0543,34.208183,3.6376727,3.4525099000000004,0.7860953,-2.8976326,-5.454648000000001,-5.8039737,-4.3797616999999995,-2.2719471,-0.69805825,-0.2661126,21.753885,7.447319,-4.173083,-10.312180999999999,-11.073906,-8.376525,-3.7541227,0.95480615,0.43536657,-1.2064115913129522e-06,0.02041769449315044,,3452.1485546415906,2017.7782934987686,14.911891985519945,8.938143783261003,10.631302362001056,20.40937356866885,15.93444982344515,14.619325321733616,20.825758351683525,0.0013066607,3359.53125,0.0368505859375,1.0,0.0,0.0,0.033463495969772335,0.1478210434317589,0.01401600008830428,0.00045528213377110665,0.6618376731872558,0.12527699917554855,0.014574982784688472,0.002554549439810217,1.0,True
00:02:38,5c41c28e896e090001c03bb0,194.94637165696358,0.8037295952759201,1.1289756734162872,-14.425081615130525,-168.43379,126.21576,-15.804873,-11.307062,-2.7694012999999997,-7.3601399999999995,-3.0333722,-9.766213,-0.88833725,1.813651,-2.0175679,-13.799968,-63.850018000000006,56.280212,5.542967,0.6185158000000001,-4.738611,-21.31816,-21.13366,0.6927278,1.9745202000000002,-0.00025709805511411177,4.48510275057012,19.982528239562228,2329.5171514405138,3142.677809245208,13.853215635763151,14.104049792553205,17.953705266374627,17.297112091966714,22.853352673366874,25.015472259201776,48.4283075204225,3.0236217e-05,5120.625,0.0917919921875,0.0,0.0,1.0,0.08316120561212301,0.011892004311084748,0.10455698231235147,0.09807033324614167,0.0931191813200712,0.2942686952650547,0.2403670117259025,0.07456456911750138,0.0,True
00:02:39,59278c090220760001fda664,,0.7529565656618245,,-57.71834040750166,-473.57336,43.460873,3.4690672999999994,2.6211173999999997,-0.44235143,-3.889506,-6.080207,-6.2679186,-4.762159,-2.559811,-0.72983974,0.08291016,30.189262,13.275862,-1.8822896,-11.266199,-13.563113000000001,-10.191517999999999,-4.2411413,1.0306585,0.47820604,-1.4424410012190363e-06,0.023753636912867398,,2758.08273905762,1289.0705624463249,14.713736389179141,7.759545427168808,10.317522350823008,21.056861361268524,17.579039306192918,15.474918371547224,18.899387034979693,0.00030107927000000005,1171.875,0.026416015625,1.0,0.0,0.0,0.02310518585145473,0.1080679588019848,0.013752625603228808,0.0004455330315977335,0.7550894856452942,0.0828448161482811,0.014821871183812618,0.001872590964194387,1.0,True
00:02:39,5c41c28e896e090001c03bb0,135.47306183865948,0.6706455719282489,0.9593702137762036,-27.15880443634836,-299.20767,94.46433,-4.7240043,2.0473716,12.790763,-6.3493915,-11.11769,-1.5915625,2.2830935,-0.45386818,-8.099125,-8.291642999999999,-52.017982,26.113605,2.7131927000000005,-18.745209,2.5722039,-19.07807,-7.541459599999999,14.447146,2.0000088,-9.260970022963009e-05,1.614455174847106,22.363983313860828,1834.9956226156971,3262.133748300174,12.9315571212751,10.838255247459738,16.124591225142687,18.854661845708726,21.622543257574602,23.83161725342997,41.24331706685297,0.00023785055,4758.046875,0.125673828125,1.0,0.0,0.0,0.11613831110298635,0.005440837470814586,0.23500971868634224,0.11848613433539867,0.04675452783703804,0.19473278801888227,0.15809345431625846,0.12534422613680365,0.0,True
00:02:40,59278c090220760001fda664,113.88699515309945,0.4243247400904099,3.336014466612686,-42.231683319289424,-376.65033,96.768524,6.261083,1.2159008,-0.8813035,-1.0234808000000002,-6.193818599999999,-6.5376816,-1.9585407,-0.42338946,-3.080084,-1.4489237,3.3565697999999995,12.395085,9.541368499999999,-13.2899475,-14.805422,-7.952665,-6.1448849999999995,0.40075679999999997,0.9790401,-7.780584519865487e-05,1.3084600265161823,25.743451838300853,2165.5329293016125,1381.3377205430386,14.213340943194911,8.44910945497736,11.842237139929356,19.126784021629664,18.906268280721,19.326990179397896,24.9477680144246,0.00012383507,1894.921875,0.033125,0.0,0.0,0.0,0.02850297121331096,0.14460787028074265,0.035287699289619924,0.0005923485965467991,0.7123577475547791,0.06314554288983346,0.013262722082436085,0.0022431094432249664,0.0,True
00:02:40,5c41c28e896e090001c03bb0,,0.6790493267465519,,-70.73542035354228,-482.6123,27.704908000000003,-0.7260284,-6.358766,-1.0826753,-1.060306,-4.0789027,-1.5357397,0.13975464,0.29318099999999997,1.3041766000000001,0.8272748,-10.5055485,-4.0870394999999995,-5.0235558,-12.314258,-3.3506744,-0.22880371,0.30732116,5.5170015999999995,0.65759665,-4.4104900590774815e-06,0.07755493086994736,,4474.7590299397025,3874.8685326506,13.778559459239087,9.019109781285096,11.61077680258276,17.798782075809246,21.28941083590813,17.288411246013744,18.686170134263907,0.023142448,7780.78125,0.070029296875,1.0,1.0,1.0,0.1058024913072586,0.002066241344437003,0.079875005222857,0.352784838527441,0.022272110637277364,0.07521618939936163,0.3263163886964321,0.03566674953326583,0.0,True
00:02:41,59278c090220760001fda664,98.12952229552937,0.8187992829624265,3.866839905984872,-46.44971279202512,-403.8559,95.50929000000001,9.184641000000001,6.671042,-3.3050693999999994,-7.9057,-6.6464944,-3.0065975,0.17476612,-0.6060441999999999,-2.5960335999999997,0.62192684,17.089401000000002,-5.011394999999999,-1.4328597,-4.453774,-2.9405427000000004,-2.9335957,-7.7340735999999985,-1.5202963,0.7077611999999999,-3.1273276022768156e-05,0.5221566958962398,34.961726945184786,2055.462592707612,1414.7863701038007,11.947282559043215,8.994590276422722,11.521499670363193,16.456491953421754,21.955380818868843,17.982621482915302,23.877040243087805,0.00018217718999999997,2013.984375,0.0378857421875,1.0,0.0,0.0,0.048001276981085535,0.0015358336619101464,0.003662299166899175,0.01521592153003439,0.9128769397735595,0.0019063227577134968,0.009389802755322307,0.007411594060249627,1.0,True
00:02:41,5c41c28e896e090001c03bb0,212.1391807985637,0.5557660419831999,0.5109333335289541,-40.234520497610994,-342.01587,88.45994,-12.043972,-5.2268004,-2.004188,-9.165894,-5.980691,-1.2823495,-3.0307772,-2.3653407000000004,3.672886,-0.7206059,-22.336824,18.842232,1.5861132,-2.7948127,-3.3594184,-8.5403805,-11.452521,-10.508934,1.3419938999999999,-0.00010213630570054288,1.7281074677027108,12.402401000769336,3446.581312405878,2574.9555766824506,13.444853205549775,14.6538186689158,19.584534759604274,19.19141186263598,21.62113829500133,18.85208980351321,30.71301758779769,0.0073492224,4720.546875,0.046708984375,0.0,0.0,0.0,0.06868851501494648,0.019756985665299,0.02423387328162789,0.1327455796301365,0.10935131907463072,0.3230841726064682,0.264438234269619,0.057701319083571435,0.0,True
00:02:42,59278c090220760001fda664,,0.7113939424383056,,-58.87755335374502,-477.1711,39.081177000000004,2.9580667000000003,2.4615304,-0.12094089,-3.1541836,-5.157813,-5.432840000000001,-4.2020364,-2.3014271,-0.6616554,0.13257860000000002,27.586576,12.693706,-1.0116441999999999,-9.892346,-12.499919,-9.816597,-4.4958860000000005,0.46112525,0.47362038,-1.2635970136292245e-06,0.02083861740594593,,2888.992164060225,1344.3379243586087,13.880029072356324,8.36204225313191,11.150078048589938,20.517126628953854,16.378915177561442,15.482198090981242,18.496571909103945,0.00036647214,1267.265625,0.0261474609375,1.0,0.0,0.0,0.029586881678551436,0.03107700875843875,0.031156234949594363,0.005421244568424299,0.8680096387863159,0.015149052720516918,0.007851346151437611,0.01174862801562995,1.0,False
00:02:42,5c41c28e896e090001c03bb0,181.95580497506677,0.920991006938106,1.3803132051064255,-19.378815107738827,-203.32631999999998,162.53125,-7.239609,4.955244,6.7211566,-12.665318,-7.244412,1.0220646999999998,-0.7013465999999999,1.555561,-0.9008790999999999,-10.747159,-48.785121999999994,17.406063,-6.606081,-18.074427,0.6194685999999999,-14.029623999999998,-17.282717,-5.5170035,1.7612086999999998,-0.00017305140806621165,2.9275912438158387,16.6839909950484,2017.5603925153525,2313.952464563269,14.678836959367047,12.469575578367255,16.6773813224582,16.477967502263333,20.448785279821013,21.86279213553308,43.37035913215697,1.693099e-05,4175.15625,0.072294921875,0.0,0.0,0.0,0.11773278173059225,0.01834456468932331,0.1161744862794876,0.08770094458013772,0.10218654316850008,0.17552836537361144,0.37095635533332827,0.011375941429287195,0.0,True
00:02:43,59278c090220760001fda664,430.79418559764036,0.9032378041895058,11.355160990507748,-54.771193755936004,-462.28607,51.614456,1.2412268,1.7261153000000002,-0.08392731,-1.955124,-3.9562964,-4.763964,-2.4794202000000003,-0.107650235,-0.43945390000000006,-0.7346736,28.4862,12.606508,0.34319627,-10.05082,-11.729693,-7.403485000000001,-4.3031120000000005,-1.7547675,0.67244345,-7.313066089759664e-06,0.12103352995662632,,2669.819386009981,1313.0198702703635,13.660705544924069,7.912937366559629,11.226702231198445,19.540184332723342,18.63430777255511,16.439183306751865,19.396949096502198,0.00032144864,1397.109375,0.0265673828125,1.0,0.0,0.0,0.2961745645850897,0.002663040324114263,0.03460750845260918,0.03257670123130083,0.5944204500876367,0.00868106009438634,0.006573563115671277,0.024303104914724826,1.0,True
00:02:43,5c41c28e896e090001c03bb0,148.20936109994184,0.8944039706705709,0.4674831369427816,-34.51664233835438,-352.5869,98.42885600000001,-8.810091,-9.892191,3.0207843999999997,1.6157898000000002,-3.8866131,-5.073957,-4.151752,1.9951723999999997,-0.99471325,-5.617849,-21.015444,18.895073,22.335901,0.5896147,3.3003814,-10.3871155,-11.813592,-0.36258072,1.3746778,-7.989384782103731e-05,1.3398731637272148,13.668324770238808,1934.152208677778,2599.06063995214,13.682820743591074,13.764527933617964,16.96459883792681,18.478251194981944,20.893763644655547,21.280213879468047,33.549180654088275,0.0010360783,3928.59375,0.090087890625,0.0,0.0,1.0,0.10679682940244677,0.0015530348173342645,0.045369145739823584,0.1473272606730461,0.01236778125166893,0.08935886472463607,0.5920198023319244,0.005207279557362199,0.0,True
00:02:44,59278c090220760001fda664,233.8316450110895,0.9807480984969462,13.078786200853687,-51.177766739157846,-430.66445999999996,72.53581,3.4046642999999994,2.0184328999999996,0.17548771,-0.56282043,-2.1411517000000004,-2.3317306,-1.6117631000000001,-2.6956236000000002,-3.3225879999999997,-2.1811689999999997,18.770996,4.700309,1.5210812,-11.118916,-14.051142,-8.371781,-5.1070485,-0.5063039,0.72561926,-3.1138510507182466e-05,0.518908907130476,54.81295454608987,2628.9339837075163,1639.8318222861149,11.929839259419847,8.55188779040647,11.86863835250107,16.80925496346336,15.879031478427287,18.10519466529647,23.997314344825114,0.00043117295999999997,2560.546875,0.0316357421875,0.0,0.0,0.0,0.4257854223251343,0.06610740683972835,0.1332976907491684,0.01416875533759594,0.2553249925374985,0.0567412756383419,0.03707061298191548,0.011503825290128588,1.0,True
00:02:44,5c41c28e896e090001c03bb0,152.59708674145818,0.8815588512374447,0.6021618028849897,-19.550993086625226,-225.42021,130.92026,-9.551514,0.3508664,7.914839,-10.532973,-9.850197999999999,-0.18378060000000002,3.7557306000000006,8.801442,-1.0212811,-13.001339,-57.81276999999999,39.762142,16.463036,2.0502143,14.154259,-26.105293,-30.794971000000004,-4.5994114999999995,1.9659246,-0.0001618573582718375,2.808036352891185,18.912104114926642,1889.2426072575408,2957.5087804880623,15.419943310940653,11.981333397390964,17.094494559188302,18.454795384101814,22.7238274698402,22.620486559340247,45.36783571531173,2.0282163e-05,4553.671875,0.10625,0.0,1.0,0.0,0.04907529428601265,0.006066773261409253,0.046641383785754435,0.0318923182785511,0.05774037819355726,0.14428755082190034,0.6562116146087646,0.008084689965471625,0.0,True
00:02:45,59278c090220760001fda664,,0.7009826949464939,,-57.72321421659941,-471.75647000000004,44.843456,4.0826745,2.8496192000000002,0.021860495,-3.0638144,-5.1005197,-5.379853,-4.1067486,-2.1815665,-0.5877333,0.15408126,29.0042,10.273947,-4.460013,-11.475878,-11.143587,-6.50281,-1.0377718,2.8270724,0.5228461,-1.6565161801143632e-06,0.027247359200850092,,2763.608313578005,1357.0834326146255,13.275778872240105,8.473290962840935,11.313711492583925,19.74638708728477,17.835460886290964,15.410093483815567,18.772442425681373,0.00040632,1451.484375,0.02794921875,0.0,0.0,0.0,0.17566797584295274,0.012039449706207959,0.007041038107126952,0.06776910587213933,0.6800185889005661,0.008139575738459826,0.006051165796816349,0.04327310286462307,1.0,False
00:02:45,5c41c28e896e090001c03bb0,150.1534674291083,0.8127625359473998,0.4708655364051336,-29.065030014429368,-290.567,125.11893,-9.303493,0.8447745999999999,5.89874,-5.7523885,-8.560194000000001,-0.8759075999999999,5.026373,5.2629660000000005,-2.618759,-11.798875,-29.775894,7.772792999999999,7.2420716,8.285566000000001,7.145802499999999,-11.224761,-23.666769,-18.39734,1.5563443000000001,-0.0001224296602246109,2.060184695126408,19.551041243866038,2153.4581222727425,2153.419050737169,16.074709905517288,11.232594950669597,16.482115137363973,19.27982834187255,24.47865705338528,22.271790332063713,35.55878591632904,0.00061348383,3528.75,0.0609130859375,0.0,0.0,0.0,0.15566759016364812,0.007424645265564324,0.15133508425205947,0.06163059319369495,0.029753227112814782,0.10192356184124947,0.4811793118715286,0.011085976287722588,0.0,True
00:02:46,59278c090220760001fda664,195.9258510179916,0.6507668263370864,24.496922867282176,-52.516187178622104,-448.94445999999994,60.26381,2.6122205000000003,4.3159220000000005,2.2117142999999997,-0.34804229999999997,-3.3566337,-4.031894,-1.3759701000000002,-1.0236653,-3.0282980999999998,-1.4358195,21.111470999999998,2.9715428,-1.7588435000000002,-8.511589,-12.228546000000001,-10.721618,-8.481438,-3.6943487999999998,0.78250116,-1.7101876226532403e-05,0.283051587648161,68.00733726871505,2683.6857163349428,1465.4729273572643,12.888353632410452,8.96689235382769,11.642289601023286,19.96371190075278,16.93249216233908,16.621352074839553,21.02660386639068,0.00037669632000000006,1671.328125,0.0307177734375,0.0,1.0,0.0,0.11800213204696774,0.010163151007145644,0.0023440176621079443,0.06680883896769955,0.7730926275253296,0.005652285227552056,0.006927135144360363,0.017009800928644837,1.0,True
00:02:46,5c41c28e896e090001c03bb0,267.6332195319394,0.8899812978903785,10.060816831141935,-26.338958194460808,-283.36545,128.10766999999998,-18.15268,-3.7142324,2.4246082,-8.360623,1.604069,3.547561,-1.6863744999999999,5.6299267,-2.6377474999999997,-11.922675,-38.2154,21.667887,17.507399,10.060555,17.411758,-22.202177,-25.919573,-11.133877,1.8450746999999998,-0.00010714747847465526,1.8262150621215218,21.8787729451482,1994.282757923289,2612.5676556413073,13.425448742612344,9.979988362510674,17.620486167284078,16.16833548211099,21.25022014795734,23.23457282144845,41.41270092952289,0.0006478779,4382.8125,0.0808447265625,1.0,1.0,0.0,0.04201667786886295,0.003643569051443289,0.010874299371304609,0.2544712995489438,0.05272884232302507,0.10517905838787556,0.3996252119541168,0.13146104803308845,0.0,True
00:02:47,59278c090220760001fda664,459.8506915812329,0.658498797397849,21.78412195803369,-52.82701837016965,-450.91074000000003,63.633804000000005,3.0151963,3.1689591,1.7521509999999998,-1.1738733000000001,-4.320191,-4.8816295,-3.7535263999999997,-3.8100059999999996,-3.9328496,-1.7640679,30.9204,7.3932185,-4.8343315,-11.267068,-11.876309,-8.431744,-4.0331264,0.33244559999999995,0.6585582,-5.49000176450026e-06,0.09028555995433124,20.212699854403,2463.188206408648,1325.9696242123734,13.421119568999146,8.164486947215577,11.233063494101565,18.652515120643333,17.09503546848571,17.272771088642585,21.072949536388304,0.00025239277999999997,1600.078125,0.0291796875,1.0,0.0,0.0,0.13372337110340596,0.0187532149720937,0.059018602108699275,0.01054947548545897,0.7089202508330346,0.0251520594349131,0.03778479819884524,0.00609825385035947,1.0,True
00:02:47,5c41c28e896e090001c03bb0,141.38214151217105,0.5667380329659191,1.172720799794374,-23.71741256397572,-264.88723999999996,146.11328,-14.958719,-6.677994,8.611821,-3.7157892999999995,-4.2816410000000005,0.21746457,-6.0693019999999995,4.215896,1.1618524,-13.888844,-32.842392,18.64777,15.39207,1.8123106,15.058507,-19.385397,-23.948265,-4.852067,2.1792915,-0.00010566048536530096,1.7849870237626817,19.92719964519632,1766.784415378026,2346.8906208065146,15.965248844421527,11.220789132362475,16.934318560874893,15.152739416466876,20.68379249890487,22.211921845737823,43.203770613932896,1.9566602e-05,3750.234375,0.082138671875,1.0,0.0,0.0,0.07080799713730812,0.013694377150386572,0.020348802441731092,0.15688815200701356,0.07144581340253353,0.156886899843812,0.3549483269453049,0.1549796098843217,0.0,True
00:02:48,59278c090220760001fda664,,0.7241488696972863,,-56.7516100446632,-469.79956,47.92537,2.3786283,0.97419494,-1.4992237,-3.6649482000000004,-4.7031364,-4.535247,-3.571396,-2.2934854,-1.0122955,0.07848192,32.647009999999995,13.94854,-1.7046462,-10.265562,-11.350304,-7.4937119999999995,-2.2832499,1.4162709,0.5188849,-1.7309472309253998e-06,0.028429187214992664,,2601.291748298528,1223.0898315004704,12.687142032560454,8.189682952414927,11.250165617370556,18.614611409335843,18.378022920897468,15.654052432871401,18.73459633547897,0.0002771026,1222.734375,0.02541015625,0.0,0.0,0.0,0.056079593300819394,0.02357703885063529,0.011452361103147268,0.01377278838772327,0.839005708694458,0.013056353945285084,0.03435914367437363,0.008697015303187072,1.0,True
00:02:48,5c41c28e896e090001c03bb0,136.5301208188164,0.6974219343785619,0.7001186193816584,-51.1014583513097,-405.75607,89.72801,-10.444013,-5.5145593,3.9932227,-0.91301465,-6.57149,-5.01224,-2.9965892000000003,-0.95605016,-4.781792,-7.063264,-18.774685,-7.747836,4.612419,0.0847318,8.606573,3.156857,-2.6043587,-3.6408212,1.1771704,-4.4155820690648246e-05,0.7329306539834719,17.205862089485162,3040.657390692043,3368.1410468334325,12.618104843360847,12.174900257160663,11.472811845115139,15.025814048633073,21.970603380494147,19.85831037393727,27.681349060501137,0.011157294,5598.046875,0.092236328125,1.0,0.0,0.0,0.11419294934187615,0.004183468591820981,0.1561302122260843,0.2106009322617735,0.023199281921344142,0.0790183525532484,0.3551793396472931,0.057495443948677616,0.0,True
00:02:49,59278c090220760001fda664,,0.6958721878164477,,-57.49209156824757,-470.79834000000005,46.688633,3.3216254999999997,2.7414365000000003,0.45360779999999995,-2.3027978,-4.226289700000001,-4.576168,-3.5031415999999997,-1.809402,-0.33277056,0.52280897,31.92922,13.999322,-0.9085798,-9.120208,-10.445533,-7.194705,-2.399091,1.5356159,0.4762697,-1.6309187555514029e-06,0.02680775043685504,,2660.3172457120986,1250.192841579547,13.120215981603565,8.351950817276729,10.434886688623447,18.99053520059491,18.95419478909267,15.35865801444519,18.57469703201022,0.00031182869999999996,1289.765625,0.025263671875,0.0,0.0,0.0,0.059175005368888374,0.06507812151685358,0.016772075917106118,0.00678766961209476,0.7984562456607819,0.02974527340847999,0.01727525549940765,0.006710354005917907,1.0,False
00:02:49,5c41c28e896e090001c03bb0,165.2424619855134,0.6867527580850461,0.6880786540655502,-25.539161900568427,-250.51491000000001,149.71292,-11.8523855,-7.808577499999999,3.9969757000000006,-4.767167,-7.554539,-0.38558853,-3.3648703,-0.6656548000000001,5.195374500000001,-7.058166,-37.273563,11.125483000000001,1.7811778999999999,-2.898432,8.543474,-9.336882000000001,-24.767122,-10.851600999999999,2.0370498,-0.0001415678294264367,2.3878190723327117,20.792323104925767,2270.462315383078,2535.692712788117,16.767972334173812,11.06256616386701,17.844806452803606,17.2652607706054,21.39646165861616,20.71928305138372,39.945162306235204,0.0011141644,4218.984375,0.0759326171875,1.0,0.0,0.0,0.08342559058219194,0.00471955915709259,0.02079642890021205,0.3444921238347888,0.005401089764200151,0.106836892105639,0.10617947005666792,0.3281488256528974,0.0,True
00:02:50,59278c090220760001fda664,,0.7496102976428967,,-54.60775352919179,-464.8005,53.681509999999996,4.6335154,3.512231,0.73305154,-2.4557915,-5.025918,-6.339911,-6.206997,-4.862847299999999,-2.8774319999999998,-0.973331,35.173846999999995,12.986593,-4.8738875,-13.777811999999999,-13.792539000000001,-8.353564,-1.7305388,2.9955916,0.5688206,-2.1845341652330096e-06,0.03582407122201585,,2400.7227724597033,1163.4637977989762,11.68207460261981,8.073528632132344,11.95302677505834,19.693248405732653,19.408088426760926,16.511979070180896,18.896049727523177,0.00020578623,1188.28125,0.02677734375,1.0,0.0,0.0,0.04507662784308195,0.07435576869174837,0.03116169748827815,0.007405586889944971,0.8063979804515838,0.01371431928128004,0.017301531694829463,0.004586481919977814,1.0,False
00:02:50,5c41c28e896e090001c03bb0,170.21292423566206,0.6683512586334681,2.5802859826176108,-20.73933953974378,-267.51099999999997,127.285545,-22.505232,-21.105152,1.3257002,-2.3320446,-9.285257000000001,-3.240566,-3.4910642999999997,3.3645123999999997,-4.1350684,-19.409338,-36.671043,56.720467000000006,44.631443,-3.1792896,-5.102973,-24.988462,-9.730432,2.5301259999999997,1.7938783,-0.00011757293505872178,2.0132276200482315,13.980881181850512,1832.2717942886627,2674.124293498145,17.23207516208168,14.58937748785306,19.19492524566813,17.709659164326844,24.576811771150094,24.47854128123344,43.62202942742629,1.0940637e-05,4348.125,0.0904248046875,1.0,0.0,1.0,0.14413187578320502,0.004121889063389972,0.10601254478096962,0.17114355247467755,0.01133571359096095,0.17358697392046452,0.2850447814911604,0.10462270216085016,0.0,True
00:02:51,59278c090220760001fda664,,0.7224745284979706,,-57.59652396598816,-472.42526,44.9383,3.3996356,2.2420404,-0.72912234,-3.7743222999999997,-5.561357,-5.626156,-4.340372,-2.5434153,-1.0860978000000001,-0.48770723,31.291138,13.944497,-1.4923904,-10.86835,-12.927918,-9.329016000000001,-3.4207559,1.4721904,0.48755779999999993,-1.512042902117941e-06,0.024867343889467604,,2683.2717451126878,1241.6859410038805,12.709744497975974,8.429303317595759,10.337542301497406,20.080722049610653,17.868837642580157,15.238434415240278,18.885873782041315,0.0002731008,1157.578125,0.0249853515625,0.0,0.0,0.0,0.02715061353519559,0.007933458755724132,0.001566474582068622,0.11339112414279952,0.8252955794334411,0.003958673984743655,0.01135327285155654,0.009350799373351038,1.0,False
00:02:51,5c41c28e896e090001c03bb0,151.19821291700416,0.6098501151749287,0.8355997271159881,-25.82083856760959,-261.18192,140.07191,-8.568859,-7.7482038,2.5504830000000003,-7.9685440000000005,-6.647541499999999,0.28837070000000004,-6.0389550000000005,1.1296861,3.5549126,-16.020232999999998,-41.304317,20.839022,17.212221,-0.47944644,0.91402936,-19.370483,-22.350123999999997,-2.2038314,2.0385973,-0.00012449447722599356,2.1274496199669097,19.704317394296265,2089.660415718905,2582.12824937625,16.85963473029917,12.150450934271404,15.40624029669945,15.4454119225085,21.226097562107114,22.25890309312349,40.0389257362141,0.0022941818,4290.234375,0.08765625,0.0,0.0,0.0,0.1159154437482357,0.005132544506341219,0.14068279061466454,0.21140006110072132,0.010492274235002695,0.22253791466355324,0.2033210888504982,0.09051787853240968,0.0,True
00:02:52,59278c090220760001fda664,,0.7482129857471429,,-54.55641164571066,-464.02405,54.577854,3.5365884,2.6432905,0.2750514,-2.0617769,-3.4890788,-3.8998160000000004,-3.6905343999999998,-3.3459964,-3.1435025000000003,-3.092844,35.430775,12.169737,-6.9741716,-16.917866,-17.30026,-11.467765,-4.019430600000001,1.4703841999999998,0.5494022,-2.0890723048714457e-06,0.034270440884757766,,2340.2748386988656,1130.653455498336,12.425781648992114,8.589229576850492,11.483311352134885,18.722639096657804,19.682807978709537,15.907382443572807,18.93003595300157,0.00016417625,1113.046875,0.026982421875,0.0,0.0,0.0,0.04786524381488562,0.07380410060286521,0.008489193697459995,0.004792750539490953,0.7519603848457337,0.07952537015080452,0.02882889593020082,0.004734073916915804,1.0,False
00:02:52,5c41c28e896e090001c03bb0,147.79233687649943,0.8909157848060667,0.544460377248564,-24.773590731214064,-274.4911,153.92131,-15.057325,-1.0385315,2.4963745999999998,-10.076426,-4.131031,4.898792,-4.8305419999999994,-2.6222935,0.9901880999999999,-9.436444,-17.843493,23.839052,12.555708000000001,-19.78185,-0.21258587,-3.2405565,-12.842915,-13.869974,1.5997727,-0.00011981914370849238,2.008193068865076,18.29282117460415,1730.9182526434079,1986.949783434125,17.880763005188008,14.486984769246824,17.4330103084456,20.17719436139491,24.71004776118052,23.31537416864748,36.84757972306887,0.000564266,3362.578125,0.061865234375,0.0,0.0,0.0,0.10263198763132096,0.014266685117036102,0.2891581075266004,0.06713846400380134,0.0398594509344548,0.2281637888401747,0.21629084199666976,0.04249069252982736,0.0,True
00:02:53,59278c090220760001fda664,189.23771568556717,0.8591426695122762,2.895111025873684,-43.881594040475214,-411.05402000000004,101.46169,2.409023,1.9983033,0.38201147,-3.4217577000000006,-7.302916000000001,-4.5788474,0.13919006,-1.3141035,-3.9987657,-2.145832,37.167683000000004,2.8611022999999998,-1.0963427,-1.065444,-5.3230195,-9.620736,-8.51334,-1.9487401000000002,0.9421117,-1.979604651852604e-05,0.32373172671537404,12.37104259967794,1918.7108829079132,1111.9447222971983,12.964564962866941,9.085756952696793,12.084853262884906,16.519028275813074,20.11592355420417,18.225128095324358,22.89066474345491,0.00011882174999999999,1605.46875,0.0248291015625,0.0,0.0,0.0,0.02807304318994284,0.037191520631313334,0.005063821049407125,0.006418180931359529,0.8362699627876282,0.04800676368176937,0.0291731083765626,0.009803604427725076,1.0,True
00:02:53,5c41c28e896e090001c03bb0,,0.5696015737398412,,-76.21736215007198,-492.871,-2.6360295,-0.21180843,-2.2460072,0.36256438,-1.2210083999999999,3.8254620000000004,2.4652073,-7.2494062999999995,-0.50626695,6.7050410000000005,-2.5603147,-30.08594,7.113649400000001,2.0473602,-7.4711384999999995,10.929208000000001,2.2682416,-6.435418,2.7715522999999997,0.67519397,-2.864694356391338e-06,0.05371406880881485,,4045.9006277191884,5917.643212416621,9.053357165776,8.746894103866135,13.01996454499551,14.3743294608669,18.602796537396628,19.98003069629683,19.83496584687801,0.18655410000000003,9729.225852272728,0.1508456143465909,0.0,0.0,0.0,0.1693008840084076,0.025444726925343275,0.2812317054718733,0.060179299116134635,0.06583272060379386,0.19591992534697056,0.16373067051172258,0.03836009772494435,0.0,False
00:02:54,59278c090220760001fda664,,0.7106019424282521,,-52.33512386677649,-450.02502000000004,68.73223,1.4661583999999999,1.8558143,-0.692013,-3.7964485,-4.724565,-3.2006217999999995,-1.2691934,-0.78064936,-1.6114190000000002,-2.3490057,37.955334,7.383275,-9.912741,-13.361798,-10.392053,-7.142678999999999,-4.526512599999999,-1.4016013,0.6559898000000001,-3.3157685572284243e-06,0.05433089829156616,,2103.359541898935,1119.4600056854176,12.73562772882259,8.249373557319759,11.234600066583345,17.595617331397392,22.070682421664163,17.116473635685608,19.60555596095765,0.00015791126,1347.890625,0.027919921875,1.0,0.0,0.0,0.12924526631832126,0.013044789340347052,0.004502185620367527,0.06539192795753479,0.6457803845405579,0.03698980733752251,0.09290064089000223,0.012144941184669734,1.0,True
00:02:54,5c41c28e896e090001c03bb0,164.39225980855318,0.5624208671660587,0.3983486616224207,-32.264319139804805,-234.1942,176.52351000000002,-8.843107,-6.616588,6.5781474,-5.97008,-8.033543,-1.8534505000000001,-5.860071,-2.437576,-4.089966,-13.399803,-54.505768,16.087457999999998,-1.9904814,-9.389257,1.8168171999999998,-11.2646675,-18.028023,-6.0107975,1.9843633,-0.0002038932282158219,3.4453487077779568,11.304625544550458,2151.6381868344656,2324.540423434372,16.09459017299163,13.317996556555753,14.459273682672086,14.957174071447444,17.497619441288563,20.930288519939946,38.52121412387702,0.17212525,4196.707589285715,0.06003506212349397,1.0,0.0,0.0,0.05144007322378456,0.0031278446287615227,0.03649433380924165,0.3197256539016962,0.03402719488367438,0.14132783822715286,0.1510029284283519,0.2628541551530361,0.0,True
00:02:55,59278c090220760001fda664,,0.7743449588673574,,-57.440490334862595,-471.55234,45.141415,2.1724419999999998,0.15127566,-2.7113313999999997,-4.856356,-5.4778485,-4.657874,-3.1033107999999996,-1.6747869999999998,-0.9383232,-0.94716346,29.135601,9.762817,-5.9926004,-13.828079,-13.557269,-8.277696,-2.1630113,1.6678543999999997,0.50928956,-1.5473917472255626e-06,0.025475086650423442,,2631.477147714177,1278.6352598243132,13.26951442208446,8.259685137232136,10.544996794963893,19.50675131405383,17.819259078920194,15.195431013654382,18.884984008856907,0.0002838361,1267.5,0.0288037109375,1.0,0.0,0.0,0.03594721965491772,0.027539263200014832,0.003184476366732269,0.006664182152599096,0.8791767477989196,0.022155448235571383,0.02013805927708745,0.005194608308374882,1.0,False
00:02:55,5c41c28e896e090001c03bb0,146.80950771622597,0.9014457245339862,0.4923233119042522,-18.542031979515862,-218.87082,163.8852,-7.825614999999999,-2.501566,5.440864,-6.795742999999999,-7.239685000000001,-2.3273687,-3.722986,3.0863132,-2.3317223,-14.859345999999999,-46.363459999999996,18.510008,12.251164,-4.9481444,8.6620655,-17.529493,-25.296207,-6.674854300000001,1.9621335,-0.0001672622140334329,2.843188368457029,17.872213475038027,1733.2982886910145,2216.7801549988058,16.232972765017916,12.8304276313481,16.6312209398001,17.788419129813217,22.40769276516645,22.66311746996861,41.60266763634317,1.565422e-05,3621.328125,0.0730615234375,1.0,0.0,0.0,0.17178670838475227,0.010506706405431032,0.1847915757447481,0.0983601363375783,0.015999465016648173,0.17633264288306236,0.2945605769753456,0.04766217423602938,0.0,True
00:02:56,59278c090220760001fda664,,0.8431776299358613,,-59.29614499503098,-477.82394000000005,37.536568,5.0833445,3.5258943999999994,0.08759449400000001,-3.335356,-5.310729,-5.398135,-4.098707,-2.3797943999999998,-1.0987457,-0.61993504,24.638357,8.610457,-5.051133,-12.52003,-12.929212,-8.188435,-1.6868604,3.3460252,0.47575694,-1.2648953509675878e-06,0.02089299687434861,,2941.071124735531,1438.7822524244555,12.071857156671095,8.104089375245035,11.111306822266496,21.452071895631512,17.220619157464757,15.123531690848406,18.489353252124715,0.0004321769,1407.65625,0.0285791015625,1.0,0.0,0.0,0.009783516824245452,0.01807305458933115,0.003301163483411073,0.00188809015089646,0.9519311308860778,0.006741261668503284,0.005615596892312169,0.002666207007132471,1.0,False
00:02:56,5c41c28e896e090001c03bb0,143.5266512778464,0.8462509268799825,0.3866342228234095,-29.486479673145862,-277.92566,155.47359,-3.5957296000000003,4.2538905,3.9315891000000005,-7.554145,-7.197858999999999,-1.5435872,0.17015803,2.4141652999999996,-6.5632496,-11.557853999999999,-29.741471999999998,18.723816,22.116861,-8.920824,3.9449592000000004,-2.9518737999999995,-17.391476,-11.892062,1.3658267,-0.00012950445364826867,2.1614234908292507,13.840720644560847,2176.504496317273,2145.4403167854816,15.610996792718177,14.139143367763172,16.455244535214526,17.393514748174862,24.33331299088124,23.691612201410514,35.503672437200706,0.0032083306,3900.234375,0.0554150390625,0.0,0.0,0.0,0.13928634971380233,0.00895292239729315,0.2302900791168213,0.08904021978378296,0.029825314413756125,0.1729099489748478,0.25754678398370745,0.0721483826637268,0.0,True
00:02:57,59278c090220760001fda664,,0.7401220278166175,,-55.327392376385056,-461.09198,56.673615000000005,1.722939,-0.11929462,-2.1247732999999998,-3.8545089999999997,-4.719149,-4.3548756,-3.1210895,-1.8844817999999999,-1.2118149,-0.9397106,33.47323,8.406814,-7.9681372999999995,-12.275174,-8.226575,-2.0788486,1.8901169999999998,2.7907227999999997,0.5740102,-2.3904724991596963e-06,0.039191449115205536,,2448.68716177053,1244.2718947349103,12.384844402335384,8.896082103008538,10.775930762081778,18.81604115742229,20.013360483058893,16.487878068269673,18.67993255760048,0.00030918012,1431.796875,0.027314453125,1.0,0.0,0.0,0.08679447993636133,0.014179615292232484,0.005430635064840317,0.03682218845933676,0.7991274476051331,0.01937169246375561,0.017727380990982054,0.020546576427295803,1.0,True
00:02:57,5c41c28e896e090001c03bb0,142.9415449477661,0.4768743324369607,0.5846538835505688,-32.404168034647974,-298.32776,131.46034,-0.8468283999999999,-7.331467,-1.6057786,-1.5079348999999997,-0.27346328,1.0757716999999998,-1.3124348,-1.3778481000000002,-5.089778,-6.0832375999999995,-39.478737,18.333967,18.401114,-7.645078,-0.93442476,-19.607777,-22.016457,0.7546828000000001,1.6640003,-0.00012294270101446508,2.072655911236101,15.230809719504618,2256.630762625293,3239.6296259790265,13.872672040304074,11.918214214062091,13.8297027976091,15.322420782659824,21.221525811887073,26.407457893241325,34.785686695740736,0.0029699278999999997,5018.203125,0.1082666015625,0.0,0.0,0.0,0.11276717642322184,0.01873296385165304,0.09743782225996256,0.24100875705480576,0.2627585716545582,0.02785018719732761,0.11384685151278973,0.1255976554006338,0.0,True
00:02:58,59278c090220760001fda664,,0.7642237396897165,,-60.295762622592875,-481.64914000000005,32.827273999999996,5.166025,3.9186707000000003,0.48299295,-3.1964324,-5.466893700000001,-5.6284795,-4.043464,-1.7555875,0.11250576400000001,0.87053925,21.63735,7.4265947,-5.1060405,-12.367851,-13.153135,-8.817795,-2.3756804,2.9721365,0.42509615,-1.0309099061869422e-06,0.0170868245710588,,3105.68009621376,1505.0263334999636,13.983971428408642,8.34637825748896,11.036758096498122,21.616896378348457,15.471708258989182,15.229472939282221,18.734128137469547,0.0004521795,1372.734375,0.0288330078125,1.0,0.0,0.0,0.04227177109569311,0.11156922597438096,0.010512979375198484,0.00190206547267735,0.7249710619449615,0.07674970608204604,0.029618476890027518,0.002404747891705484,0.0,False
00:02:58,5c41c28e896e090001c03bb0,141.48599788841318,0.9206788114215152,1.748985581168396,-18.66512199571177,-216.8022,170.50058,2.2936592,0.17312706,1.1139927,-4.376846,-2.974609,-2.7974303,-1.9039651999999998,4.118216,-4.2489343,-8.950858,-52.739304000000004,1.5517944,12.015837,-2.3780189999999997,7.733206699999999,-9.953151,-20.911732,-3.894578,1.788784,-0.00017236875706864242,2.9054781697722456,18.15554370993639,1616.5950716546313,2052.532639012581,15.512118806600027,13.154361715688644,14.767782742315864,15.54380324707804,21.42194745965175,25.35436912054156,40.16136920069751,2.1668018000000003e-05,3369.375,0.066015625,0.0,1.0,0.0,0.012348302686586977,0.017930630897717494,0.011412442104483491,0.20430567767471075,0.2356679570279084,0.054504193481989205,0.3807966729626059,0.08303411211818458,0.0,True
00:02:59,59278c090220760001fda664,,0.757227300824255,,-54.40733752523709,-460.49942000000004,57.714703,3.269816,1.1927463,-1.8217233,-4.072209399999999,-4.7674174,-4.2056336,-3.0634964,-1.7394408,-0.38018608,0.7363193,35.067820000000005,10.484678,-6.342261,-12.486991999999999,-10.738167,-5.552188,-0.34315404,2.8870065,0.6127176999999999,-2.435167735399175e-06,0.03993441352686345,,2299.660964072701,1152.939056074511,12.050370695663114,9.146457495741423,11.749681423024152,18.836130010414468,21.224540806491913,16.311556807677047,19.20607067862932,0.00019996405,1286.25,0.0266259765625,0.0,0.0,0.0,0.016414202935993667,0.059043632447719575,0.005569614795967936,0.0010435750242322682,0.8739656209945679,0.02432886958122253,0.018521816283464432,0.0011127321165986359,1.0,False
00:02:59,5c41c28e896e090001c03bb0,126.00665023187356,0.36639746072258295,1.862219810111696,-28.828026393289232,-322.91675,135.64917,6.538401599999999,3.9614122000000003,3.5869800000000005,-6.02311,-1.9311513999999999,2.9351556,-3.5381212,-0.062115815,-1.1663282,-8.115936,-0.018002506,13.747357999999998,14.208851000000001,0.26588202,9.900295,-16.045084,-26.910696,0.83932537,1.7722938999999998,-6.708226248863541e-05,1.1232780699924547,18.531229402427893,1604.1712144216049,1977.8616828358806,13.986215039448894,11.249836883660134,15.008008270465846,17.149860018432364,27.57341285129231,24.76458915076619,36.910961373745494,2.4267558e-05,3262.03125,0.06662109375,0.0,1.0,0.0,0.06849007308483124,0.025460598586505512,0.09349011788144708,0.20073167281225324,0.103580142557621,0.2553640906699002,0.13212549239397048,0.1207578182220459,0.0,True
00:03:00,59278c090220760001fda664,254.69473854407246,0.9425036549023406,1.0667020303138492,-54.95670118630069,-459.60135,52.697826,2.3814634999999997,2.5103674,-0.5498401999999999,-4.2345963,-5.612696,-5.3399053,-4.6885330000000005,-3.665496,-1.8312532,0.94282013,24.256618,7.534480599999999,0.6693306,-6.719448599999999,-11.637432,-9.13535,-3.5620043,0.21781704,0.70908594,-7.445417050504318e-06,0.12331617902122195,10.055500436809867,2701.02713349283,1358.2758706245438,12.189145286659448,9.203375258920737,11.583226408233127,19.381938001500174,17.224852229768526,16.353494147184378,19.666201157512464,0.00034388489999999996,1416.5625,0.0282421875,0.0,0.0,0.0,0.019318727124482397,0.04473422914743423,0.010599459474906323,0.005903014255454764,0.8765228033065796,0.017981755174696447,0.02131731165573001,0.0036227076314389703,1.0,True
00:03:00,5c41c28e896e090001c03bb0,236.2878484874809,0.8640011698569546,2.926038494711174,-27.73981364228307,-280.3057,102.16858,-6.506021499999999,-1.277072,4.456932,-8.215849,-5.933441999999999,-0.10098139,0.005495455600000001,-1.2680083999999998,-2.9792018,-9.036404,-39.95817,26.712465,-2.8893058,-8.205363,3.6239192000000005,-2.0045702000000003,-2.5965352000000004,3.4402546999999997,1.7022357,-0.000152852017439622,2.619521129382464,12.704512211448225,2248.5581061116345,2740.1645775703164,11.381414034295256,12.048744671534912,14.232492620012733,17.198004174853974,21.036695576888427,21.18971787923348,40.5013020436013,0.00016123413,4721.953125,0.07833984375,1.0,0.0,0.0,0.0199688071385026,0.02445317981764674,0.010870692669413984,0.1980554446927272,0.4471381850540638,0.06947804554365575,0.02187432618811726,0.20816131553146988,0.0,True
00:03:01,59278c090220760001fda664,177.79522131020266,0.7326545801782209,16.882387307608685,-47.018410581202964,-414.9446,81.74564000000001,0.21537304,-0.17428938,-0.30723065,-2.0638287,-5.4607067,-4.1985345,-3.1538758,-2.0148401000000002,-0.4087554,-0.6493772,33.651344,13.274018,-6.5444307,-2.591894,-11.080361,-8.742134,1.8655883999999998,-0.32948864,0.91237384,-1.4086505045420277e-05,0.24186487116225816,45.37444995962166,2660.590167425545,2215.9178997765594,11.722147455086365,8.139009269098397,11.945751079790668,16.709547689195634,18.412668685123016,19.01071819280285,26.742726606511365,0.00051774085,3589.921875,0.069912109375,0.0,0.0,0.0,0.018144014291465282,0.05191908478736877,0.007692357432097197,0.000777981401188299,0.8771705389022827,0.032368199154734614,0.010868229903280737,0.0010595650877803565,0.0,True
00:03:01,5c41c28e896e090001c03bb0,196.5741568115601,0.5937059295571413,2.7609962759864786,-45.4787368933718,-329.44599999999997,123.36089,4.044565,5.729639,2.8194453999999998,-13.239403,-5.478831,2.6699147,0.15941086,-0.48040935,-1.9674015,-4.142291,-52.313,8.607289999999999,6.8369064,-0.63642883,7.499875,-8.242332000000001,-12.585236,6.906979,1.6638336,-0.00010602015331757644,1.7856458581150016,20.49792142774693,3326.647631726744,3528.986790220707,13.079685353088939,11.576656881082306,13.807170518569267,14.555003977567962,18.838056995987085,18.051216560742752,33.35774445247742,0.039453722999999996,6839.296875,0.0773486328125,0.0,0.0,1.0,0.04992702320450917,0.007299895386677234,0.011020226424443535,0.01462951644207351,0.6416967272758484,0.07352714193984866,0.19776880303397776,0.00413064876338467,1.0,True
00:03:02,59278c090220760001fda664,,0.7542025656925906,,-59.710066409605,-478.07788,37.808712,3.1168952,2.6054847000000003,0.18123193,-2.7867815,-4.998518499999999,-5.694058,-4.824378,-2.9354851,-0.865705,0.60824347,26.424754999999998,11.895742,-1.154936,-9.273535,-11.331007000000001,-8.5455885,-3.5468437999999995,0.9337869000000001,0.43745762,-1.2012797273576574e-06,0.01984798366267076,,2981.235495228167,1416.0581106444388,12.465680701958625,8.369090351167543,10.449294307264378,19.978167196049366,17.178385295723125,15.517808356444426,18.729488695553393,0.0004521728599999999,1418.203125,0.0262255859375,1.0,0.0,0.0,0.018228789698332547,0.06216981038451195,0.0071690705139189955,0.0008014671300770713,0.87156662940979,0.029090655222535133,0.010025276243686676,0.0009482839377596974,0.0,False
00:03:02,5c41c28e896e090001c03bb0,132.67771638876542,0.7537281546953941,1.554892834787157,-34.9619351372681,-317.3004,126.81723000000001,-16.628822,-4.10848,4.0291915000000005,-6.1295137,-0.5673169,3.712986,-4.288693,0.008180404,-1.3592638000000001,-8.075183,-23.541527,23.312878,19.366184,-7.0747046000000005,5.9324193,-12.262903999999999,-21.043882,-13.28311,1.2118921999999999,-0.00010118623704236027,1.69875980007022,15.085866724648387,2281.6088788480824,2564.986589471115,14.73386822099412,11.355247272348418,14.915555859208455,16.092010263478198,21.321203904232355,20.99680281347414,36.27114473163277,0.0028568625,4084.6875,0.0848388671875,1.0,1.0,0.0,0.011027633276535198,0.010046613414306193,0.009548693682882005,0.004948397914995439,0.8092907756567002,0.021600642375415192,0.1311929657123983,0.0023442910707672125,1.0,True
00:03:03,59278c090220760001fda664,,0.7338126658041588,,-58.090745841489365,-473.61148,43.27831,2.265644,0.8399174,-1.7232224999999999,-3.905244,-4.753145,-4.1689944,-2.7140105,-1.1427577,0.011988128999999998,0.5797741,29.8047,13.007736999999999,-1.4716525,-9.788731,-11.185555,-7.675418,-2.5705824,1.2146305,0.4957942,-1.4502188989653057e-06,0.02387406050588271,,2758.236071732468,1295.2481407959108,12.68934600488298,8.031495656978977,10.82228385645978,20.074719530591512,17.536232446467075,15.464478160514329,18.53274771650673,0.00033768665,1281.09375,0.0258935546875,1.0,0.0,0.0,0.01786482259631157,0.07442587837576868,0.006272663921117782,0.0009686699893791227,0.8438093662261963,0.0324258966371417,0.02339831544086337,0.0008343832159880549,1.0,False
00:03:03,5c41c28e896e090001c03bb0,139.25034878870267,0.9358009212827281,1.193846491883034,-37.469273216706206,-354.51892000000004,114.53921499999998,-8.372149,-2.0905495,2.4450648,-0.8872793,0.14098382,5.0467963,6.1530614,3.3136562999999994,-4.9085636,-7.772007,-21.16038,2.1456923,14.03175,-8.650276,-0.52754736,1.1846111000000001,-7.546525999999999,-8.884686,1.8657073,-7.067379706339259e-05,1.1687415720934569,17.974256377560216,2104.323042901542,2527.331330683757,14.037045855804866,11.160705778775782,15.345408049482055,16.243483527333435,19.85712274338809,22.13873645485155,32.54246392833215,0.0040239743,4041.796875,0.0821337890625,0.0,1.0,1.0,0.048905463842675086,0.009871525142807513,0.08098056276794523,0.06393870189785958,0.3106669045984745,0.12779724672436715,0.34125968962907793,0.016579901229124516,0.0,True
00:03:04,59278c090220760001fda664,,0.7074084793592889,,-56.88183472394619,-468.2579,49.660441999999996,4.788130000000001,3.0184382999999997,0.21141124,-2.252866,-3.6074892999999997,-3.6713753,-2.6435792,-0.95171106,0.82792884,2.0816965,33.242496,13.238862,-3.226045,-11.651122,-11.695893,-6.434533999999999,-0.132131,3.9803836,0.5012432,-1.760151333869323e-06,0.028913366854124174,,2596.339612106065,1247.7211456007385,13.524988990084758,7.901299455494691,11.017576430689044,19.75388934141932,18.024385856851737,15.08395642806407,18.925323403915453,0.000351821,1389.375,0.02673828125,1.0,0.0,0.0,0.012339938245713713,0.03792401812970638,0.00461226785555482,0.0019138784264214337,0.895660138130188,0.023563190549612045,0.0216672345995903,0.002319343248382211,0.0,False
00:03:04,5c41c28e896e090001c03bb0,247.7543028415589,0.705618469220142,1.2415236715830928,-31.89822393023761,-299.58197,89.56152,-5.351024,-0.05807901,-1.5897204,-8.901088,-6.700196000000001,7.52575,4.247306299999999,-7.2588534,-3.162218,-9.8488035,-61.559580000000004,11.785363,-8.493097,-2.5519977000000003,4.489169599999999,-12.110838000000001,-18.59746,-7.947189,1.7325703000000001,-0.0001381088003614178,2.3737011824871592,15.434835220051484,2488.574187315825,3296.3210996489715,11.714487197930813,11.75692805465585,14.77676745309144,17.36115062597678,21.228110588103664,22.071900831206108,35.89210452279483,0.005872425600000001,5418.984375,0.1052099609375,0.0,0.0,1.0,0.13027726838158238,0.012814096718405684,0.05939214821490976,0.18022932660662466,0.10305106950302917,0.23358155455854204,0.2345113423135545,0.046143222962402634,0.0,True
00:03:05,59278c090220760001fda664,,0.6844516663539976,,-59.39008177272945,-477.51947,38.32597,2.538014,1.5252845,-0.99540836,-3.5569667999999997,-4.9955172999999995,-4.9032845,-3.6619246,-2.0971012,-0.9757054000000001,-0.63355374,26.315702,11.237851,-1.9257698,-9.678255,-11.165548,-7.990538000000001,-3.0307247999999998,0.9942639000000001,0.46907824,-1.2555154123789681e-06,0.02072202854139006,,2996.3730646873573,1426.3553099721394,16.026162575593382,7.912223095940771,10.833115070337767,20.949133091007763,17.320739124767872,15.367373982197373,18.339595035949184,0.00046554737,1449.609375,0.02603515625,1.0,0.0,0.0,0.007059465209022164,0.055556404590606685,0.002330640004947781,0.0005089312224299646,0.9027467608451843,0.024278509058058263,0.005638714437372983,0.0018805645289830864,1.0,True
00:03:05,5c41c28e896e090001c03bb0,162.31854641571837,0.9188959617663388,1.7663010987045176,-56.766057710726926,-387.98834,81.6609,-7.8924704,-7.2452717,3.4008844,1.3128252,-0.010667503,2.560797,1.0990423999999999,-1.6184239,-1.5562637,-4.3777099999999995,-15.509374,14.683601999999999,2.3973927,-0.40947276,-0.8467498,-2.9846527999999997,-4.9104075,-2.0784683,0.81690323,-8.783962359830926e-05,1.4847335661828212,23.427292766561827,4247.945774922862,3942.4913414175,13.770361157089555,13.508884107365564,12.589321086423787,13.371411178008218,16.370049000558968,22.647821636584734,24.72002045174016,0.012970265,7977.65625,0.0616650390625,0.0,1.0,0.0,0.09747485308484598,0.010500509440052238,0.20200056379491632,0.14832823469557546,0.07171602174639702,0.19377962025729087,0.22453336891802875,0.05166681508787654,0.0,True
00:03:06,59278c090220760001fda664,194.0521876904634,0.7080878044335491,1.8372725885646164,-31.477626776538273,-329.4634,148.42833000000002,-4.4918375,3.2546720000000002,5.6284790000000005,-3.0376906000000004,-11.687717999999998,-6.6304436,-4.056359,-6.1066294,-3.8041756,-0.81175005,7.067551600000001,-13.961003,-6.6276784,-18.482742000000002,-3.8287322999999995,9.5185,-7.993601299999999,-15.738334,1.2051461,-0.00010942326947435075,1.798068359867417,18.55272482248981,1722.034139381619,1287.3365802267042,15.359039458171196,12.115532373247484,13.884821634300529,17.50857938785778,22.12778094818048,24.807016333134104,25.525690391496386,0.00012714319999999999,1886.953125,0.0374169921875,1.0,0.0,0.0,0.025139060243964197,0.09085779264569284,0.008934021089226007,0.0013182487047743053,0.7845110893249512,0.062139437347650525,0.025208633020520208,0.0018917085253633559,1.0,True
00:03:06,5c41c28e896e090001c03bb0,,0.9502342596280556,,-107.38307605126958,-507.33987,,,,,,,,,,,,,,,,,,,,,-1.2550384569914688e-08,0.00025374532381774767,,6725.026245818472,7604.403482470882,9.944124215183594,10.197054914844802,9.991378184946292,9.895472808439571,10.32143620294017,10.525932335860947,10.897980166353396,0.8284349,15945.61298076923,0.00732421875,0.0,0.0,1.0,0.04589403942227364,0.06698745039757341,0.012258852040395141,0.02899062798824161,0.2795339074451476,0.3922325998544693,0.13187877349555496,0.04222374837845564,0.0,False
00:03:07,59278c090220760001fda664,235.63414384940344,0.9755425395486816,0.6949128659292771,-41.247748040029975,-420.0837,91.79136,-1.9255373,0.12695232,-2.9320638,-8.94258,-10.234847,-6.1156526,-3.67803,-5.115636,-5.7588706,-4.032526,32.920013,5.325058,10.29851,12.0191,-0.34010425,-10.185687,-9.843956,-5.748910400000001,0.6474483,-2.761889527616901e-05,0.44813856829407456,6.386167631194588,2117.423204125726,1141.4883842647216,11.315330908482627,14.202535214618447,14.815159168203778,16.1647709401063,20.902683310895807,18.942329261138013,23.400686987855906,0.00033114836000000005,1620.234375,0.019677734375,1.0,0.0,1.0,0.11593136191368104,0.07503230050206185,0.023273572325706482,0.014906516997143624,0.5582241415977478,0.1469658210873604,0.0526455894112587,0.013020725303795187,1.0,True
00:03:07,5c41c28e896e090001c03bb0,183.04457569393227,0.5007222156748018,0.7432359755354878,-35.61326013958548,-277.85483,133.41103,-12.315827,-4.86869,5.522524400000001,-4.70935,-7.089449,5.3481255,2.404764,-2.2594027999999997,-1.9729668000000002,-15.719157999999998,-49.257576,23.620767999999998,-3.5005043,-3.9603233,11.498248,-16.001580999999998,-20.038914000000002,-7.6039642999999995,2.0663807,-0.0001478368023040287,2.532544770895965,12.40752999356151,2553.176718294927,2922.337432035844,15.962790375935892,13.321702828473091,15.625974584598724,16.930269455906064,18.10886341838514,19.049048279975366,36.53908716256847,0.14065276,4862.607758620689,0.08702631106321837,0.0,0.0,0.0,0.09135533049702643,0.06609479989856483,0.03897740468382836,0.005318015883676708,0.15135222356766462,0.4879563242197037,0.14013748615980148,0.018808432901278142,0.0,True
00:03:08,59278c090220760001fda664,,0.7695538943863464,,-64.7218230243364,-493.5246,18.24696,1.5634931,2.257922,1.266406,-0.7169065,-2.7060852000000004,-3.8574553,-3.7898959999999997,-2.6775927999999998,-1.1056053999999997,0.22435822,12.789064999999999,5.525831,-1.4708499,-6.3900523,-8.259422,-7.190605000000001,-4.2226787,-0.85018253,0.29460105,-6.277150528670408e-07,0.010490491611623751,,3852.815367265005,1921.5762960448496,12.935411144646707,8.07534279709448,10.65939209573148,21.492919538487786,15.413268184810176,14.826399343960716,17.43163797118648,0.0012490114,2602.5,0.0278662109375,0.0,0.0,0.0,0.0702769085764885,0.18368355333805084,0.014089756086468697,0.0006580623827176169,0.27453666031360624,0.4253634601831437,0.02637647874653339,0.005015109397936614,1.0,False
00:03:08,5c41c28e896e090001c03bb0,166.8382425334213,0.7678432711458144,0.8672357615913552,-18.310186326235726,-212.29861,134.14961,-10.953105,-13.164353,2.3933535,0.055268474000000005,-6.0028,0.5656781,-0.59082377,-8.611491000000001,-3.5487044,-8.071762,-48.2681,43.763465999999994,3.6030349999999998,-5.0491457,5.24903,-13.690338,-17.349504,-4.153233,1.9029881000000002,-0.00019000387934805333,3.244424111482165,14.909492040252344,2104.336078741437,2862.822286926064,16.46994952883405,13.841531365127306,16.80023261792811,17.22063259976886,22.20195203741065,21.915430642180052,43.92511455276753,1.9382396000000002e-05,4542.65625,0.093232421875,0.0,0.0,0.0,0.027839956153184176,0.012922538199927659,0.046054066903889176,0.3523669939488173,0.04012527409940958,0.10262651601806284,0.3209472343325615,0.0971174158155918,0.0,True
00:03:09,59278c090220760001fda664,,0.9795474178178752,,-61.04706403802032,-484.56406,29.160465000000002,1.2348781,0.6736270999999999,-1.4435844,-3.8064241,-5.2660904,-5.2460856,-3.8527849,-1.7192900000000002,0.31087655,1.5282924999999998,19.19547,6.5776844,-4.564814599999999,-11.19524,-12.406309,-9.413065,-4.6626129999999995,-0.6113658000000001,0.39558518,-1.0173929754574349e-06,0.016834120676700502,,3288.3403742937085,1609.3666012789542,12.869931759802675,7.852255749393394,11.867185933982274,21.164227895087734,17.11236287636866,14.934768072632616,17.328906360918015,0.0006952374,1817.578125,0.0287548828125,1.0,0.0,0.0,0.025076674483716487,0.2603689104318619,0.006047021877020597,0.00022000513854436576,0.4515795707702637,0.2360251247882843,0.018121764343231917,0.002560907229781151,1.0,False
00:03:09,5c41c28e896e090001c03bb0,132.78859964339054,0.7535460121881941,1.0831208510865773,-41.527237395638245,-332.37692000000004,135.76047,-18.196852,-10.824089,7.9925679999999995,1.2921538000000001,-8.967694,-0.82336456,4.0713099999999995,-3.6959903,-8.935877,-9.699306,-26.918621,29.159502000000003,21.578947,1.189127,3.6826171999999997,-6.7011504,1.6571665,0.62523687,1.5845046999999999,-8.88185705426598e-05,1.5046270423571475,15.712148156528196,3039.424881593413,3284.512161688143,14.558425620878609,13.417223430426425,14.80918688258783,15.218240635528915,19.227628003240493,20.82628729721029,32.14006014568396,0.021651406,6217.03125,0.07962890625,0.0,0.0,0.0,0.01929368721321225,0.004007865904713981,0.025740187522023915,0.4895473919808865,0.019925547239836302,0.06761491689831019,0.2708465807139874,0.1030238140374422,0.0,True
00:03:10,59278c090220760001fda664,203.4492854025286,0.3794903474554956,3.5222844328299527,-31.55426892112441,-313.04935,136.61015,3.9349760000000003,-2.5986848,-3.304641,-1.5658348999999998,-8.193885,-13.064998,-3.7018793,5.7697449999999995,-1.5135504,-2.8766112,-21.142328,-11.602184,5.695245,-7.865067,-8.288835,-9.022822999999999,-10.375722,-1.2338182,1.2599583,-0.00013628587231069748,2.269161471419197,24.949266910909213,1983.6432737998734,1531.1698698093746,16.504187250162698,10.907085466233617,13.402951677093347,17.304929328089123,19.572305881842013,24.299290085989018,29.03434053565813,0.0001581038,2278.828125,0.039404296875,0.0,0.0,0.0,0.025325969234108923,0.25289844870567324,0.005107869533821941,0.00035960832319688053,0.4278692245483399,0.2699832111597061,0.015606721118092538,0.00284896285738796,1.0,True
00:03:10,5c41c28e896e090001c03bb0,,0.6970935545898279,,-104.82665265844551,-507.33987,,,,,,,,,,,,,,,,,,,,,-1.7152827191223772e-08,0.00036397898462516703,,6592.9476778683875,6924.93828953395,10.093984558480669,8.746321925851182,9.50956612436647,10.463225862582572,12.188331050786172,11.500683103633216,12.25921215129915,0.65722024,15284.598214285714,0.015875095274390245,0.0,0.0,0.0,0.024610443785786633,0.0012920206165290438,0.023386951722204685,0.4838911861181259,0.002749000425683334,0.07826429074630141,0.2583662316203117,0.12743986174464225,0.0,False
00:03:11,59278c090220760001fda664,145.77579085459422,0.8822845206525667,0.4652517811151155,-16.241433439368798,-208.44118,181.3214,3.2334814,7.1117786999999995,-0.78224415,0.26014346,-9.054433,-2.7754537999999997,5.2360225,-7.71736,-13.695614,-2.4114970000000002,-58.267654,3.8842678,35.994372999999996,-2.75219,-15.697928,-15.384580999999999,-23.11383,-22.369818,1.5428784,-0.00021290981193011809,3.573205220756908,16.996072745137877,1650.766698196,1939.9797818814907,15.016522400076726,13.522627839608068,16.380135833874544,17.02466567063233,22.56851604885096,30.446087209220856,37.602267102568604,1.8864161999999997e-05,3377.8125,0.0627197265625,1.0,0.0,0.0,0.3667699798941612,0.0847550264094025,0.01205972908064723,0.0015090642380528152,0.12062653286848216,0.2934726268053055,0.1197829406708479,0.0010240429954137653,0.0,True
00:03:11,5c41c28e896e090001c03bb0,,0.6565896144274189,,-109.21635044414629,-507.33987,,,,,,,,,,,,,,,,,,,,,-3.751405184016142e-09,8.584693358702781e-05,,6377.326256341257,7565.50008477577,9.112893211649473,9.303404177599877,9.348167612667405,9.514795761525958,9.717078328048911,10.098957989138762,10.872358992620077,0.93890166,15646.484375,0.001953125,0.0,0.0,0.0,0.03230903260409832,0.005631989520043135,0.024894329253584143,0.2093686081469059,0.011042549856938422,0.21639849245548248,0.3377867080271244,0.16256827265024185,0.0,False
00:03:12,59278c090220760001fda664,150.78852633590773,0.8674554122906756,2.1502130051271324,-22.544596407618197,-284.3113,157.33221,-2.6097977,1.9028422999999999,-4.235926999999999,-2.9352362000000003,-7.984766499999999,-6.8727225999999995,4.4944695999999995,-3.5576230000000004,-10.82577,0.9441687,-8.576464999999999,7.4362580000000005,30.925001,12.237953,-10.1134405,-8.370941,-18.10695,-22.287594,1.4972940000000001,-0.00011510752948608597,1.9217619120490501,17.697032833485185,1952.5510747031735,2162.925599881699,17.075386959888725,13.861564680624944,16.655818610571195,16.02442273359699,22.94865321634841,29.27314770769732,33.95982448450358,0.00021411272,3926.015625,0.06484375,1.0,0.0,0.0,0.2926078289747238,0.08369069136679172,0.013965526409447194,0.0007411187078105285,0.03633649665862322,0.49064422249794,0.08049806207418443,0.0015160142647800967,0.0,True
00:03:12,5c41c28e896e090001c03bb0,,0.7642432300632802,,-108.76290556750038,-507.33987,,,,,,,,,,,,,,,,,,,,,-6.692486053968264e-09,0.00014877144796130614,,6513.832426473244,7514.985052311364,9.575861997655544,9.554003187598102,9.667855278460484,9.941682444764318,10.168873320787268,10.320224580464247,10.666549487545922,0.9349009,15761.71875,0.005548650568181818,0.0,0.0,0.0,0.03244500616565347,0.01551645011641085,0.02636457737535238,0.05644008265808224,0.2725649320986122,0.1290147963911295,0.4277033478021622,0.03995081074535847,0.0,False
00:03:13,59278c090220760001fda664,114.85326514830395,0.9458345650633816,1.9260808212843619,-45.89967583187949,-393.07242,96.15208,6.380711,9.731391,3.073595,-0.89507914,-7.6726074,-7.442742999999999,2.6129344,-0.21941066,-8.513049,-2.2793562,5.1177779999999995,-7.41,1.5801462,-5.6634717000000006,-4.79624,-3.7122455000000003,-12.537724,-9.491062,0.558716,-6.119628476990174e-05,1.0127508877664584,11.751178393194554,2445.7466753504627,1631.6573341440358,13.498480325479882,9.448023830848117,13.195626273491015,17.562430282184526,22.4879606516181,20.698155003618048,23.750468416193925,0.0006630138400000001,2433.984375,0.0392529296875,0.0,0.0,0.0,0.246550452709198,0.13144964575767518,0.1021045371890068,0.0016181837301701306,0.0846871592104435,0.3792361915111542,0.05009193196892738,0.0042619616724550715,0.0,True
00:03:13,5c41c28e896e090001c03bb0,198.05865421962707,0.5111459766735263,1.6945871575383649,-46.0970235041369,-295.86383,196.46843,-8.665149000000001,-6.1548643,10.349691,-1.7886698,-13.147085999999998,0.3890422,-1.6018344999999998,-9.5859995,-9.59848,-12.068664,-44.299587,-11.211615,-4.5532580000000005,-2.1670876,0.41165563,-15.019401,-20.970829000000002,-10.475647,2.0315323,-0.0002189689898327453,3.6406206406156674,10.555292042268485,2105.550023043881,2005.255417773446,12.225217393830777,13.721221987653735,13.363591252349734,13.932219820179718,17.213385905295986,19.502095649688204,30.24343373027823,0.2910963,3707.298801369863,0.0370291095890411,0.0,0.0,0.0,0.03253355601595508,0.02472718991339207,0.02232874484939708,0.060725494339648224,0.5449892471854886,0.13796921653880012,0.09097027613057032,0.08575624600052834,0.0,True
00:03:14,59278c090220760001fda664,140.09971709451833,0.5226919248889104,1.1693486886624551,-24.8796358959904,-286.40494,157.71533,-4.763856400000001,7.0526004,1.8915442999999998,-3.3098826,-1.6510463,4.241635,4.499445,-3.9081392,-5.5624175000000005,-2.9759287999999997,-16.728073000000002,-10.183831,23.047464,11.081211999999999,-12.522213,-12.987210000000001,-22.506999999999998,-25.487782,1.4331051000000001,-0.00014357082147912074,2.390176620648931,27.055582132838143,1754.2468103257354,1992.563570604916,13.744929388902927,11.862547167140908,16.870613599082514,17.31730900045723,22.832271024165554,25.831955881816388,30.190417502571393,0.00022264711,3128.671875,0.0732861328125,1.0,0.0,1.0,0.15771701345220207,0.03855506759136915,0.06444140709936619,0.030824514827691017,0.4761437892913818,0.1344044093042612,0.08247139258310199,0.015442437608726324,1.0,True
00:03:14,5c41c28e896e090001c03bb0,265.06495080325186,0.6862207378086279,7.615347729079176,-76.1422641133246,-482.56064000000003,34.156376,-7.601512,1.9663415000000002,10.177800999999999,1.1650218,-9.59257,-4.4692955,3.7779307,1.7883866000000002,-4.0309095,-5.89256,-13.553826999999998,-19.16452,1.5869205,13.512082999999999,10.307678,1.4425555,-4.1467834,-7.2945094,0.47870988,-2.542867228662683e-06,0.04270536496336071,47.73941406432087,4410.164892062845,4497.466959869639,10.075685731715847,9.291063337111684,11.594092114629856,16.218820906172468,16.76417736326054,19.248881026859905,16.773500131201605,0.13443959,8600.3543814433,0.054494222005208336,0.0,0.0,1.0,0.0410651832644362,0.01444735088443849,0.0027250860694039147,0.027100430568680167,0.263886368018575,0.0769675810879562,0.5671038068830967,0.006704209052259103,0.0,True
00:03:15,59278c090220760001fda664,114.05386208135721,0.8829726213477695,0.34113579880403505,-19.78800795729191,-273.85654,187.66794,0.86108845,8.666108,-4.2514434,-3.5390483999999995,4.439666000000001,5.77715,1.2770088,-0.2844985,-3.1219728,-4.223611,11.074481,-13.454419,-0.41405112,7.7001729999999995,5.394076999999999,-6.5773644,-28.435614,-30.37792,1.2521209,-0.0001370598597567781,2.2651078371077524,23.993176396888646,1344.3392683734805,1762.6003849989106,17.640097596278494,11.262799562534607,17.450737009600893,19.110064170016123,29.05837585339012,26.968768754293947,31.07391594491345,9.699783499999999e-05,2844.375,0.0638134765625,1.0,0.0,1.0,0.0922672051936388,0.03980413880199194,0.010728028696030378,0.05376301638316363,0.6601055562496185,0.08300418527796864,0.05212922301143408,0.008198676630854607,1.0,True
00:03:15,5c41c28e896e090001c03bb0,,0.6917092452105067,,-86.30626132430649,-505.39502000000005,5.908378,-1.7776355,3.3576580999999996,3.8318248,1.0546402,-1.0462837,-1.1714888,-0.8666086999999999,-1.0720809999999998,-0.7123549,0.9927663000000001,-6.670111,-11.757855000000001,-4.537513,6.4911633,9.719732,3.0224933999999997,-5.3152633,-6.875063000000001,0.23059474,-1.560432093418017e-07,0.002770077365721314,,6140.983793632868,6440.425774760864,8.708278854317996,8.654845050881864,13.414534627808864,18.916597442835076,21.24945503626156,16.745638548237956,14.162125343107155,0.09091764,13714.921875,0.064052734375,0.0,0.0,0.0,0.062354461289942265,0.09712754487991332,0.013074739289004357,0.00712635931558907,0.2418498560786247,0.3452580474317074,0.22079145908355716,0.012417535413987936,0.0,False
00:03:16,59278c090220760001fda664,112.61352438434591,0.7306038494060647,0.1932559611685058,-21.62002692053095,-275.70416,179.75808999999998,0.56573856,11.691875999999999,-0.17620592,-8.68548,-8.777628,-5.828018,-1.78469,-6.056357,-10.260958,-3.4948243999999997,-3.8719726000000003,-14.145558,13.418403,3.7340372000000004,2.2081673,14.47589,-7.167608,-21.93075,1.2846035,-0.00013430356061128784,2.229552592051041,12.966020363693133,1446.0536296414623,1668.0877825105179,15.260647137469563,11.713588094933364,14.31214659399218,17.284747171667927,23.993351536823702,27.43885218195543,29.90825773268863,8.77381e-05,2646.796875,0.060693359375,0.0,0.0,0.0,0.013289280794560907,0.09232691153883936,0.008107018610462546,0.00032918732322286817,0.8479576349258423,0.02001472432166338,0.017503345850855112,0.0004718563490314409,1.0,True
00:03:16,5c41c28e896e090001c03bb0,,0.5326894994685996,,-93.52036600311988,-505.96865999999994,6.6101213,3.6505910000000004,-1.151869,-4.258738,-1.0534108,3.8719761,3.9659312000000004,-0.875727,-4.3989153,-2.2942612000000002,2.2894838,-11.491342999999999,-13.445406,0.48958029999999997,10.272405000000001,5.2226156999999995,-4.1569366,-4.4397150000000005,1.9256033,0.60200596,-1.854985139987422e-07,0.003273221340004733,,6246.126424074399,7071.49824575888,9.429119936236056,7.936325461536253,9.744222851161464,12.873136525456813,16.552789929632247,14.970186635173974,14.358146742785234,0.29471898,14735.91933139535,0.0499523074127907,0.0,0.0,0.0,0.03295876514166594,0.1494480613619089,0.007845581613946707,0.0041914311586879185,0.2891203835606575,0.403859144449234,0.09718041867017746,0.015396206546574831,0.0,False
00:03:17,59278c090220760001fda664,109.20055366010322,0.5639236199850628,0.38411976984612217,-35.2163292350351,-376.07794,113.862854,-2.924976,-3.9253702000000006,0.4499942,4.998643,-2.7579446,-4.839983,3.6588277999999996,-0.9129388,-9.002717,0.9862889000000001,19.1143,19.6395,30.514196000000002,-5.836775,-25.775297,-13.013865,-6.317061,-5.4996653,1.0919521,-5.396874658793578e-05,0.8948921253382888,10.943694181586304,1800.3752122862193,1327.836564037696,14.074038941465847,11.218259073316707,15.458978266445234,16.870314397973768,19.312569713761253,28.084736108697964,24.375419390222465,0.00017419731,2619.140625,0.0292724609375,0.0,0.0,0.0,0.05809082388877869,0.2413075819611549,0.015001525729894638,0.0009877889300696553,0.5612380623817443,0.08339164778590202,0.038902969099581235,0.001079658287926577,0.0,True
00:03:17,5c41c28e896e090001c03bb0,175.86964473298568,0.9524265669751338,1.5924443306186329,-80.84927813629898,-492.56255999999996,41.28934,-4.160558999999999,-2.5965862,4.8373933,1.0601033000000002,-1.5884087,2.5191946,1.4159700000000002,-0.23178902,-0.04542027,-2.1472683,13.633994,8.177178,2.4698597999999996,-0.81473714,2.6603310000000002,-0.048208013,-0.15599446,1.8148883999999998,1.2274836999999998,-7.133035270868219e-06,0.11660564354409834,2.671759315680964,5287.052561763151,5095.779858139693,11.050418873369672,9.451232657932444,10.324440994920657,12.151886030771946,14.53624831698656,15.745131451449636,17.630377094931273,0.15446018,10249.739583333334,0.052690972222222215,0.0,0.0,0.0,0.004974112776108086,0.04618254490196705,0.006215138896368444,0.002396549313561991,0.8760074019432068,0.03473786599934101,0.015251360787078738,0.014235043432563543,0.0,True
00:03:18,59278c090220760001fda664,131.49181834151295,0.5593294653440719,1.8091473930289217,-26.341746780758147,-318.1226,159.89864,6.5772977,4.9379295999999995,-6.3355559999999995,-8.324601,-7.601238700000001,-7.3729925000000005,-1.0571892,1.1811323,-4.806927,-2.0004642,2.836503,-24.323463,-0.45255336,-4.5441975999999995,-6.5964837,-8.382348,-18.756485,-11.069765,1.2778978,-0.00013849355608990416,2.288385926127625,26.22791829209759,1394.945935620081,1346.3120289639933,12.11621162988464,12.291963381760974,14.810381732947993,18.62742963299623,23.89620012527922,22.88457395614857,27.79398746066773,0.00019136143,2171.953125,0.0392626953125,0.0,0.0,0.0,0.12300191968679428,0.1594104140996933,0.03675106577575207,0.003520210483111441,0.44811444282531737,0.14410409927368165,0.08225980475544929,0.002838079398497939,0.0,True
00:03:18,5c41c28e896e090001c03bb0,199.6471715484426,0.9454764821594396,1.8481029165927183,-38.89524807745392,-292.25925,132.25398,-11.416791,-9.117759,6.753183,-3.3285034,-6.923233,2.0733433,-0.2524572,-5.351101,-6.3222190000000005,-13.268285999999998,-37.252720000000004,16.075972,8.368898,-1.2572353,-13.761891,-10.518704,-14.640513,-6.32217,1.5535356000000002,-0.00014411033728490302,2.4672734043206725,22.091054703668426,3022.798565160266,2845.5093402575812,12.183289407398036,12.247605438982566,13.975020494812622,14.47767110586287,17.36652405035494,19.68070098120937,35.4828124461724,0.014963206000000001,5652.890625,0.060546875,0.0,0.0,0.0,0.055121959745883936,0.02705705380067229,0.03546893836464733,0.10700349521357566,0.3020042760297656,0.2196772247552872,0.1179382462054491,0.1357288036029786,0.0,True
00:03:19,59278c090220760001fda664,130.53595524202495,0.8456074289285667,0.8523634040804492,-30.527412435498714,-339.6747,127.303215,1.9093726999999998,6.015880999999999,4.8870773000000005,-1.0913278999999998,-10.256263,-8.408923,2.502593,4.039312000000001,-3.991639,-6.040055799999999,6.071093599999999,-2.678768,5.9363437,5.927360500000001,-10.282587,-17.259498999999998,-19.139551,-12.67949,1.4401768,-7.065270411538191e-05,1.1781466990342535,23.561677338060907,2083.7770831172706,2334.1955109512523,14.611709121921455,9.568154294508595,14.628300307078593,18.05651670952264,22.281890426331948,25.67213199037103,31.50899188180883,0.00041997235,3753.046875,0.074287109375,1.0,0.0,0.0,0.29068697690963746,0.11994584811036475,0.03796500861644745,0.05974366953596472,0.3896113527123816,0.05853440500795841,0.03188895490020514,0.011623777565546334,0.0,True
00:03:19,5c41c28e896e090001c03bb0,,0.5058229796403853,,-93.33851572824499,-506.154,3.3645976,0.7921658,5.615068,4.018007,-1.6823568,-4.987789,-2.6671839,2.1363695,4.052266599999999,1.5042446000000003,-2.163163,-4.604207499999999,-7.343284599999999,-1.9108889999999998,5.4500269999999995,6.551497,0.45711303,-5.7930593,-5.3804,0.184593,-1.4601115076142906e-07,0.0025934823637759467,,6141.999804314721,6616.335897890702,9.544009617124397,7.992464060726836,10.39515406215105,18.514323537915867,17.82328001521555,14.932714915355652,13.28402898645056,0.37290356,13686.536815068494,0.05113002232142857,0.0,0.0,0.0,0.016082242503762244,0.010252820717869326,0.0020360919996164737,0.22569656297564505,0.2229207709431648,0.05381560223177075,0.4246572785079479,0.04453862989321351,0.0,False
00:03:20,59278c090220760001fda664,148.4427010738697,0.8975803575837197,2.844943403107805,-35.672435645801514,-368.59055,124.33436599999999,-6.198981,2.5928150000000003,-3.4063122000000003,-10.968436,-8.933731,-6.222222,-4.966088,-4.2019377,-4.566424400000001,-2.7921119,22.616117000000003,4.8101816,14.950287,2.393048,-6.133933,-2.0869438999999996,-8.445822999999999,-14.851585,1.1298107,-5.0608888700582126e-05,0.8319197294707904,21.54904009035823,1958.433454144838,1434.698471360992,15.163619090813905,10.218154440504565,13.153408632342341,17.01506846829977,22.870273221378604,23.99116698928796,27.138371517160802,0.00044526752999999995,2537.34375,0.040625,1.0,0.0,0.0,0.5286244750022888,0.0038483713899040593,0.01971519580110908,0.23582689985632896,0.01201132455607876,0.10052496865391733,0.06683032009750604,0.032618430349975816,0.0,True
00:03:20,5c41c28e896e090001c03bb0,,0.6287262807008612,,-105.34584385405034,-507.3387,0.038214915,-0.0061041694,0.07064438599999999,0.07117365,-0.0050883507,-0.07585959,-0.06478456,0.016188394,0.07969532,0.05721677,-0.02699389,-0.04777957,-0.082223825,-0.02795486,0.0564754,0.07997243,0.017185822,-0.064142436,-0.076266885,0.0014474392,-1.5333266014133097e-08,0.0003510305559821976,,6759.823663773793,8020.206144545149,8.771071149415612,8.882525913382118,9.679861616916332,12.832823285713134,13.694955401185467,11.868237910281696,12.10556386039618,0.69541913,16774.465460526317,0.024278428819444444,0.0,0.0,0.0,0.03794755702838302,0.007381391475792044,0.01625730050727725,0.2913759188726545,0.03947556826751679,0.17093013897538184,0.2348448060452938,0.20178731395863,0.0,False
00:03:21,59278c090220760001fda664,,0.7508446804974274,,-63.92444624389139,-491.00565,21.300339,4.000231299999999,3.0195722999999997,0.36688128,-2.6611675999999997,-4.779977,-5.2360387,-4.0296474,-1.8028721999999997,0.50259,2.0410955000000004,14.58198,5.965731,-1.7702751,-6.4293455999999995,-7.17168,-4.6889343,-0.75220287,2.6216564,0.30422303,-7.243442866405327e-07,0.012051064047602008,,3679.1057717255608,1807.9122273747128,15.996825644475448,8.343424626395059,12.012010718298821,21.81313496551941,15.717823751937942,14.658392013728232,16.988669252951098,0.0009896815,2261.484375,0.0289453125,1.0,0.0,0.0,0.06396078169345856,0.03862748332321644,0.008724290225654841,0.033553062938153744,0.6482998311519623,0.1591001033782959,0.015361155522987247,0.032373248133808374,0.0,False
00:03:21,5c41c28e896e090001c03bb0,287.9905904959329,0.726333961397573,2.669154825696337,-32.303170994996535,-203.00446000000002,131.2868,-14.074879000000001,-7.438644999999999,5.5482416,-14.169723499999998,-13.038945,-2.5584626,3.8652592000000006,-10.590149,2.6361187000000004,-9.218533500000001,-71.09379,30.059645,-11.175153,9.042541499999999,-21.165773,2.8023224,-24.429218,-5.9994760000000005,2.1253679,-0.0002777456141271789,4.996267850943171,22.041035619807033,3447.2355612187757,4063.8256166445562,10.91849179513762,12.230467878647074,13.95428405236984,14.726427167761099,18.582259220424856,18.28328904241797,39.728152676504095,0.11964651,7878.057065217391,0.07542353091032608,1.0,0.0,0.0,0.06539635374210775,0.0022184361470863217,0.01236317737493664,0.35580971390008925,0.028503996017389,0.15541985239833594,0.08038171315565705,0.2999067440629005,0.0,True
00:03:22,59278c090220760001fda664,,0.7309479075094154,,-64.3903874150811,-491.43945,20.921007,0.88130385,0.8925975,-0.42709804,-2.2287060000000003,-3.6070836,-3.9860487,-3.2912352,-1.8831255,-0.32997966,0.8499415000000001,14.768175,6.705680999999999,-0.86804026,-5.982394,-7.750246499999999,-6.548757599999999,-3.695307,-0.8034131,0.2939764,-7.240775803563134e-07,0.012054389503633205,,3773.696170336683,1927.274015771649,13.817702649466153,9.213240310052157,11.087818955191944,21.32035958636124,15.346993303450882,14.486721818847332,17.66924172159653,0.0012861474,2958.984375,0.02736328125,0.0,0.0,0.0,0.057851250842213625,0.05484308674931526,0.017197942454367874,0.018541360273957253,0.7495250225067138,0.062030279822647576,0.017628794815391303,0.022382257878780364,1.0,False
00:03:22,5c41c28e896e090001c03bb0,280.62123705782983,0.9365490601886228,2.312599056675282,-18.17510791012648,-199.75293,111.26886999999999,-2.3959975,-5.26762,-4.7057195,-8.789992999999999,0.6701385999999999,-2.5682247000000005,-5.117390599999999,-10.345978,-3.1033072,-11.306382000000001,-65.38654,19.03518,-23.281986,9.362855999999999,16.107012,-2.0106838,-16.198923,4.868519,1.8584333999999998,-0.00023968604237306984,4.195059468632129,15.987887599577274,2367.6275799208192,3130.023076880902,11.493696830178946,14.043758767661847,17.438040017583617,16.52952642195498,24.861879555649786,23.631210339383287,44.705839708288416,4.3084079999999995e-05,5300.15625,0.0919189453125,1.0,0.0,1.0,0.005898650269955397,0.00023104801099786226,0.0018114303881399487,0.8820938865343729,0.016783704981207848,0.0022805034532211717,0.016887878688673183,0.07401291405161221,1.0,True
00:03:23,59278c090220760001fda664,,0.7315130792709686,,-67.82317306232298,-499.19073,10.813641,1.6221441,1.6818705000000003,0.5324184000000001,-1.1532598,-2.578934,-3.1653275,-2.7575417,-1.6317415000000002,-0.32406828,0.62472564,6.95563,1.9321741000000001,-2.7009463,-5.643544,-6.291429,-4.8892927,-2.354237,0.13783687,0.206988,-4.324776396558733e-07,0.00733145246389178,,4343.430538982157,2345.807419387037,12.919868052892859,8.089126130626148,10.768865983423977,21.403876631822413,14.908718857576568,14.786405361508054,17.111782078381182,0.0019621854,3989.53125,0.0318212890625,1.0,0.0,0.0,0.09970527458935977,0.016405213437974454,0.011179906781762838,0.02539971680380404,0.7903576016426086,0.02010699585080147,0.013720113690942526,0.023125174548476936,1.0,False
00:03:23,5c41c28e896e090001c03bb0,321.19878788049294,0.7820410923248743,4.333570124458618,-20.28371856993831,-168.77335,94.62347,-10.214252,0.9244865,4.032905,-9.651154,3.8756013,-2.6593134,1.7251216,-7.7906957,0.60032034,-8.402865,-67.51564,32.873245000000004,-35.249462,5.2898674,-3.7552087,-0.036436386,-14.179713000000001,10.509649000000001,1.7566156000000002,-0.00030085740556379915,5.449190851966901,32.69039914448487,2873.198628011719,4151.623288420142,9.923341228095415,11.218383786928928,13.227768987300873,14.60641793037771,18.7845587272881,21.474934170091334,49.79757450686977,0.00070618326,6698.4375,0.1267578125,0.0,0.0,1.0,0.017354463149483006,0.005193162320870847,0.005570726755296265,0.42303162150912815,0.24556301985285245,0.035670968479987804,0.17669807374477384,0.09091800109793742,0.0,True
00:03:24,59278c090220760001fda664,201.84148698746844,0.7559232487693901,0.8194534630048084,-44.60798658630044,-385.65337999999997,87.53969000000001,3.3217547,4.751074,0.4822116,-5.153628299999999,-12.329924,-9.626878,2.0333617,-2.25828,-7.718325999999999,2.1721725,-5.970617,-3.1526914,-3.4162996,-10.565558,-4.3487263,-5.921591,-8.5827265,-3.6197586000000004,1.0065514000000002,-8.928646843352752e-05,1.4811470242944285,13.477203392688065,2747.375187554186,1548.2795290821302,13.913167268597288,10.445010283176568,14.134134221196,20.319053575893623,20.67934346765521,19.113668072708787,23.94683685744506,0.00035354114,1724.0625,0.0327099609375,0.0,0.0,0.0,0.11297344416379927,0.003598120914830361,0.002330868877470493,0.36515939235687256,0.34221677351742985,0.01309637245722115,0.02640814781188965,0.13421683982014654,0.0,True
00:03:24,5c41c28e896e090001c03bb0,,0.5027537303542191,,-97.29797814981363,-507.27014,-0.87044543,1.3884443000000002,-0.5926456,-0.9073982,0.8633476999999999,0.5309896,-1.0592713,-0.14334860000000002,1.2707874,-0.5176231,-1.1715581,-1.8065654999999998,2.075445,0.29491416,-2.0984967,1.0791446000000002,1.1743958,-1.6210566000000002,-0.082798846,0.102805935,-4.5653354170809394e-08,0.0009901467133639316,,6410.735434605563,8030.2606349038915,9.197320183506807,8.469182568056944,9.897506952624338,10.74660405326468,13.640976870625954,15.131600452761814,14.485865784579461,0.38602906,16061.25,0.09395833333333334,0.0,0.0,0.0,0.015782245504669844,0.005862941429950297,0.0018015008739894255,0.12419618237763645,0.6268160283565521,0.015747275296598674,0.17973481062799693,0.03005903288722038,1.0,False
00:03:25,59278c090220760001fda664,238.396233209284,0.9465457592351256,0.9380154005630316,-43.7833696418455,-391.82156000000003,92.291664,3.7749794000000003,2.2904223999999997,-0.32027522,-4.50394,-5.4568877,-2.2500315,-4.188579,-8.249075999999999,-8.085637,1.1675742,3.1804757,1.1975002000000001,8.756892,-8.876075,-17.207556,-13.126604,-9.239687,-2.2508017999999996,0.7402846,-6.246014446590084e-05,1.0341821182216604,19.664353653069867,2389.380101686641,1534.0689613168145,11.734545054772127,10.820233449998105,13.925804829156466,18.063143735336908,19.360330931190976,22.562697311037716,25.42486523055114,0.000351911,2391.328125,0.03302734375,0.0,0.0,0.0,0.03941069655120373,0.030083659663796426,0.01452628131955862,0.0596278041601181,0.6392270922660828,0.07270588912069798,0.03263913355767726,0.11177941933274267,1.0,True
00:03:25,5c41c28e896e090001c03bb0,,0.9014630148354372,,-95.6137694845051,-506.74347,3.0188572,2.4555967,1.337605,-0.1262482,-1.2146051000000002,-1.5030000000000001,-1.0457013000000002,-0.27121958,0.31505322,0.42260718,0.10223734,0.94823146,-1.4443362,-3.1230947999999996,-3.42466,-2.3207607000000006,-0.37964734,1.5199904,2.5858597999999997,0.09708536400000001,-5.100441312830769e-08,0.0009636083522070162,,6527.171294837236,6646.6228835561915,8.865423159650105,7.953884249808214,14.283981124182539,16.615514029098243,15.825110975545108,12.173690963762429,13.185146663738339,0.40662208,14592.251712328767,0.028216737689393936,0.0,0.0,0.0,0.016343190707266333,0.008718857169151306,0.0033769978093914693,0.0827850742265582,0.6888108134269715,0.02301387311890721,0.14740803018212315,0.029543146817013626,1.0,False
00:03:26,59278c090220760001fda664,155.9672450919014,0.6489330283889776,1.1261283182786432,-22.151687516009034,-276.4098,155.67448000000002,6.3779564,4.5446444,-1.828652,-3.7049309999999998,-5.8658589999999995,-5.1123824,-0.7583414,1.5017426999999999,-4.342852,-4.478939,-14.754760999999998,-0.27032152,18.773287,14.823165,-9.908938000000001,-21.740734,-23.55755,-12.440872,1.6636993999999998,-0.00014272509351183213,2.3812262324672075,28.682042783568193,1928.8654680908874,2089.43393641932,14.222920032728664,13.39973256560776,15.833848071974678,18.444371882380306,22.156228960713424,25.261878867032898,34.45278966521988,0.0001827003,3500.15625,0.0655029296875,0.0,0.0,0.0,0.007611137302592397,0.0047412936110049495,0.0011689826962538064,0.003330194787122309,0.9689931631088256,0.0029152664355933666,0.0026594297203700987,0.008580544497817755,1.0,True
00:03:26,5c41c28e896e090001c03bb0,,0.7289564089553294,,-81.66791308774819,-503.09747000000004,2.7952027000000004,2.3506650000000002,0.08433749,-1.5051053,-4.931717,-2.8530173,4.208825599999999,4.1267247000000005,-2.856141,-4.487595,2.6942939999999997,-8.945012,-3.982754,4.375818,3.2297022,-2.641892,-4.092741999999999,1.1937817,4.8958129999999995,0.1727539,-4.0430103100656993e-07,0.0071910456611220565,,4929.373905934045,5787.044234426293,11.344494202017273,12.77193086690455,11.162136764941113,17.3116449019056,21.830844021458397,19.665135184994494,14.90803820096513,0.19536746,10658.333333333334,0.06953667534722223,0.0,0.0,0.0,0.01604430633597076,0.01884498172439635,0.003156180726364255,0.0645874465815723,0.6802717983722687,0.03633434846997261,0.15926528796553613,0.021495660208165644,0.0,False
00:03:27,59278c090220760001fda664,139.6301804434311,0.9858362771622678,3.677271865724259,-51.052654529701655,-428.81482,73.51949,3.357182,4.488211,1.551094,-0.16693722,-3.5199547,-2.1242685000000003,3.6130948,0.43064535,-4.923751,0.49053679999999994,14.683897,-0.5599757,6.298513400000001,2.644396,-6.0193458,-12.562136,-14.792631,-7.032480199999999,0.6734602,-3.122527477174335e-05,0.5142397752678155,25.260799824810142,2741.3976107516714,1675.2591550420434,13.790867919582313,8.527622056107667,13.607639089967835,17.267686420759784,21.115951346396443,20.50735099525359,21.81571543823512,0.0011072258,2677.96875,0.0321337890625,0.0,0.0,0.0,0.013762819953262806,0.04740395154803991,0.007882594550028444,0.002019002079032361,0.904235315322876,0.013032201165333391,0.0023366219887975604,0.009327464224770664,1.0,True
00:03:27,5c41c28e896e090001c03bb0,246.4887478967129,0.7575593347367033,1.9809681111204624,-51.06272455106969,-316.24457,96.56948,-2.3762481,0.24852218,1.525276,-2.6687353,-2.1228263,-5.597387,5.7451077,-2.6658797,0.7818436,-11.752464,-53.188945999999994,11.708111,-22.676228,11.563315,-13.887545000000001,4.054198,-10.80438,-0.700291,1.9347371,-0.0001992762672079108,3.508789388250409,16.84416838207219,4784.258497143038,5007.638280838925,11.054131959686256,12.516012862412536,14.860049995438454,16.343811334156467,23.284639265642422,17.85198024773967,29.61089085669839,0.031382932999999995,10653.046875,0.06732421875,0.0,0.0,0.0,0.01136414660140872,0.016840810142457485,0.0024711462669074536,0.012928407499566674,0.7883992075920105,0.02039744067005813,0.13692659586668016,0.010672246292233466,1.0,True
00:03:28,59278c090220760001fda664,,0.8278658022914195,,-75.95178499200152,-507.05994000000004,1.2781198,-0.4447284000000001,-0.35156044,-0.30081338,-0.28040513,-0.26228207,-0.21818063,-0.13326960000000002,-0.012563123,0.1216194,0.2391265,0.9583174000000001,0.5131642,0.04556158,-0.34762892,-0.6022894,-0.7009783,-0.6704681,-0.56532025,0.03716714,-1.836963747638337e-07,0.003253544913419617,,5657.981172873735,3636.6928186236414,11.905852886554882,9.256945800898244,10.60190773328417,18.591155987883425,14.453670799045506,14.250710837144444,16.03962271542813,0.008659277,8619.375,0.034638671875,1.0,0.0,0.0,0.04175171931274235,0.028213092777878045,0.012429571058601142,0.008539309562183916,0.8207873225212097,0.04444433152675629,0.00839791857288219,0.035436781309545036,1.0,False
00:03:28,5c41c28e896e090001c03bb0,193.458803622428,0.7716278665811303,1.0763004296852765,-17.754716592175647,-152.56259,137.07576,-11.646229,-4.268581,6.279433,-5.0692010000000005,0.07332696,-7.742702499999999,0.5872154,-2.039832,-0.30851352,-17.304081,-47.85662,21.97757,-22.607182,8.564803999999999,-11.929447,2.3298535,-16.317004999999998,-0.7896094,1.7945220000000002,-0.0003100782075172949,5.456759275749892,23.54673602089973,2804.247075834873,2675.742103571611,12.938481482711726,11.56690092792315,14.598369122477436,15.961109078070495,20.85513178596672,20.943390581363662,44.32626437069161,9.1970214e-05,5197.03125,0.0579052734375,0.0,0.0,0.0,0.015365294413641097,0.009165209334848138,0.002114020443210999,0.19208819822718698,0.36361786994772655,0.06982868971923988,0.3298616533478101,0.017959044508946437,0.0,True
00:03:29,59278c090220760001fda664,172.5142224124555,0.8540204651090135,1.9793570760427863,-66.64738609016851,-483.8605,11.374733,0.86531943,1.4127964,1.5562341,-0.81235445,-2.346141,-1.4769968999999998,-2.1186252,-0.6271597,0.30056173,-0.9044583,-0.15458651,4.8678985,-3.5888032999999995,-1.2637707,-1.7301116,-3.7602589999999996,-2.3350817999999998,-1.8285093000000001,0.5139132000000001,-1.2985509337748505e-05,0.21986053632152144,31.094191201349684,4926.473285983243,3400.26275570772,12.333020261602245,8.823165099121518,12.409502126954294,19.676472068447847,15.933889928720756,16.116615432191697,19.29989473266366,0.0050756657,6920.859375,0.0516357421875,1.0,0.0,0.0,0.00795536432415247,0.0388306338340044,0.002452071267180145,0.0020055086497450247,0.9381491780281068,0.0039937180699780575,0.0028093929984606804,0.003804164403118193,1.0,True
00:03:29,5c41c28e896e090001c03bb0,173.00525383752253,0.8830538701773242,1.6638064427354369,-30.972696236790036,-296.54425,69.82385,-5.9163013,-11.559499,1.9662646000000001,-0.25541916,0.5748482,-4.58924,-4.3602095,2.3130927000000003,4.580813,-11.112557,-50.60395,37.276866999999996,15.33494,5.865462,-4.9207234,-12.551765,-13.938459,6.237812,1.3442476,-0.00014968599389993136,2.59729585776521,18.74346065878003,2372.576146745229,3275.3588240547065,13.63465980939919,10.997559214237883,15.632741312616822,17.52411477068586,25.680531531800924,22.020915337240467,40.619937400698745,0.0006036657,5174.53125,0.09916015625,1.0,0.0,1.0,0.023623728126819645,0.013728966392851105,0.002917616661371929,0.11968543423738864,0.3064539054674761,0.08036202378571032,0.4504703411034176,0.00275797482546685,0.0,True
00:03:30,59278c090220760001fda664,142.59862427139342,0.8648922906347126,1.0675039762071852,-35.423952987171454,-349.6276,125.5173,-10.191409,4.322832599999999,-2.2404968999999997,-6.229271,0.09918291,-1.7151569,-4.8424373,-1.4632176000000001,-1.0027781999999998,-2.2428885,-4.3293285,-5.950236299999999,24.358273,5.279989700000001,-16.266495000000003,-11.70037,-11.470111,-20.671785,1.1324290000000001,-9.771284310013885e-05,1.6135306683525446,25.84129143950973,2002.5803275106848,1629.7626202714328,14.661807892025035,11.308697446325777,15.868755477424042,16.089785141272973,18.838137021961515,26.272423459386182,29.364644797014595,0.0005434811,3114.375,0.036220703125,0.0,0.0,0.0,0.007584668975323438,0.01329040676355362,0.0008373882912565022,0.008646375031094066,0.9451722383499146,0.009338791365735231,0.002629221428651363,0.012500861886655912,1.0,True
00:03:30,5c41c28e896e090001c03bb0,173.64733054491245,0.7014347062526195,0.6336585203486645,-26.085374967424464,-259.2874,117.69537,-13.904791000000001,-4.3723197,4.207836,-7.983718400000001,-4.324394,-0.34631205,0.43474337,2.9767556,-2.1566012000000003,-14.510345000000001,-46.88473,36.459922999999996,2.8462172000000003,-4.6418943,7.9641204,-14.007607,-15.448248999999999,-2.8378598999999998,1.8744598999999997,-0.00014957086905218202,2.594275344587265,21.349872555070764,2223.3955186050125,3153.4938403485,13.531665528195985,10.823827080464364,15.745967190085773,15.487027906446476,23.3689612109659,22.26233806408082,43.06569765628053,0.0021462087,4863.28125,0.110966796875,1.0,1.0,1.0,0.0563224817160517,0.02311592297628522,0.04986813341965899,0.034404054153128534,0.2994613930583,0.16377101922407747,0.3684294700622559,0.004627528836135752,0.0,True
00:03:31,59278c090220760001fda664,,0.9149112958154444,,-65.18138818809511,-495.35305999999997,16.336857000000002,-1.7454357,-1.7635947,-2.342669,-3.0735817,-3.4700737,-3.2099849999999996,-2.2808135,-0.977308,0.23382176,0.91311795,12.671242,7.694303999999999,2.6850502,-1.2351386999999998,-3.4476619,-3.9719472000000002,-3.3559828,-2.3859467999999997,0.2577607,-6.254740473186591e-07,0.01040337970334587,,4040.3771778911214,1973.6623881829496,13.439364848967786,8.504931246394731,12.652093829874465,20.82532212537869,16.032446927828527,14.95591524662214,16.200514423068174,0.0014083729999999999,2868.515625,0.0241796875,1.0,0.0,0.0,0.09138318235054613,0.012504096538759769,0.01101672853110358,0.022220217064023016,0.7934859693050385,0.014601533324457704,0.040040288493037215,0.01474800114519894,1.0,False
00:03:31,5c41c28e896e090001c03bb0,243.95894907703138,0.7720881439312999,1.6425410249726269,-18.903812686313774,-158.6486,116.51015,-9.825298,-2.4376054,9.240188999999999,-6.46138,-2.7777727000000003,-7.431466,-1.1790665,0.4787349,4.550642,-17.417347,-80.73671999999999,7.8089886,-27.028453999999996,-3.908243,-2.8346902999999997,15.108491,-17.86961,1.3885366000000001,1.9644462,-0.00027081606108879207,4.898385057937872,21.029579628299423,2627.729720518406,3452.5275762097594,11.385591634007088,11.996392458755558,14.339331080095773,15.802539960793089,20.39610247902857,21.234531400320414,45.990411579052235,8.324926600000001e-05,6061.40625,0.1014453125,1.0,1.0,0.0,0.05121061288648181,0.013507201164934993,0.06011553570472946,0.09847615783413252,0.1660445105905334,0.16472266811049646,0.4345060570372475,0.011417217449181607,0.0,True
00:03:32,59278c090220760001fda664,,0.7233347710915643,,-64.8396239446695,-493.4227,18.562117,-0.2812686,0.064334825,-0.75059026,-2.1494883999999996,-3.3888667000000003,-3.8897779999999997,-3.4508946000000003,-2.2772612999999997,-0.8423564,0.33521426,13.560141,6.879716,0.37459815,-4.3595714999999995,-6.490531400000001,-6.1361322,-4.1887903,-1.8802304,0.29558617,-6.141852630673574e-07,0.01026761051369592,,3863.0693489966015,1893.223087622507,15.133031430908707,8.685879576802842,10.834198078895342,20.88031314183721,15.167189440186169,14.823365353398886,17.430782488154886,0.0010965872999999999,2484.140625,0.02546875,0.0,0.0,0.0,0.3124849364161492,0.02126262560486793,0.11315927850082515,0.08217382226139308,0.3599612958729267,0.03886012807488441,0.05092736892402172,0.021170582994818686,1.0,False
00:03:32,5c41c28e896e090001c03bb0,170.51389728009565,0.6348364135645448,2.1977747413159103,-17.811598897026165,-187.4111,147.83148,-18.022612,-12.225810000000001,-1.1313267,-6.2298265,-2.9417638999999998,-6.0200385999999995,5.6824613,-0.3529394,-5.0832653,-15.159358,-27.868868,25.831919,-7.772025,6.984724000000001,-16.189203,-5.890967,-5.796471599999999,2.2754228,2.0720663,-0.00023405594255797567,4.120877244018005,19.31014747927676,2241.166942754396,2497.8389923747964,14.206018973615912,12.523917542820401,15.560623241327713,17.569384320505154,19.778121059898826,22.738089066882495,42.64033199395917,4.8523033999999996e-05,4097.8125,0.075283203125,1.0,0.0,0.0,0.011858345009386541,0.002363714374951087,0.002807172597385943,0.4445978030562401,0.04306838475167751,0.026812273543328047,0.15311966091394424,0.3153726123273373,0.0,True
00:03:33,59278c090220760001fda664,284.4094144132453,0.8685345007442355,5.671484826931425,-52.97948979410375,-454.86355999999995,57.9946,4.270501,1.2297051,-1.1235322,-1.3936763,-3.15656,-5.1813902999999994,-4.1221294,-2.3488708,-2.3089037,-1.6671287000000001,25.42272,4.3980703000000005,-3.043755,-8.622202,-14.204210999999999,-14.0031,-6.741808,1.6986008000000001,0.7199691,-8.84858520803322e-06,0.14562807766649424,39.27685060805307,2676.9647553573677,1573.6101118355125,13.005756245829645,8.229365306944842,11.831264028163815,19.083702058593865,17.859700605739828,16.441236746408254,22.287787933508607,0.0005113274,2303.90625,0.033193359375,1.0,0.0,0.0,0.07074835561215878,0.05624818615615368,0.019814260792918502,0.030475402995944024,0.460025280714035,0.17296188250184058,0.04410723894834519,0.1456194020807743,1.0,True
00:03:33,5c41c28e896e090001c03bb0,144.64813728561012,0.8942714269087023,0.7344023589951111,-21.399742658106405,-240.35322999999997,139.85175,-6.321383999999999,0.09857636,1.8944851000000003,-7.7018247,-2.1372287,-1.2890371999999999,3.0030966,1.6243083,-4.5192146,-12.238423,-32.18918,26.215390000000003,6.392689,3.123249,13.281248000000001,-6.1579003,-23.3367,-6.3006085999999994,1.7603471000000002,-0.00016185038284232008,2.7771184303670142,20.376490828182327,1837.9522799575946,2385.252915862826,15.590227127220075,12.732288888776528,15.740197398137427,16.424170288722323,22.986730480953394,22.679084590012994,41.48288460870179,1.9686015e-05,3731.484375,0.0718798828125,1.0,0.0,0.0,0.10440498817479238,0.005177684855880216,0.01398698685807176,0.23509142966941,0.07531976071186364,0.06252908159513026,0.31312676519155497,0.1903633159818128,0.0,True
00:03:34,59278c090220760001fda664,,0.7170101578413367,,-57.817802350359095,-472.45035,44.33412,1.9291814999999999,0.19334133,-2.2965257,-4.1522,-4.676089299999999,-3.929294,-2.4674869,-0.9671108,0.08106286,0.5103462000000001,29.459003000000003,11.281052,-3.7888233999999996,-11.678369,-12.03463,-7.575060000000001,-2.1219349999999997,1.3897846999999999,0.50742364,-1.5580571499916668e-06,0.025614960478416347,,2720.55439463944,1286.8843000169431,12.836979285445082,8.389587953884647,11.452731163879387,19.185076164681988,17.946925379213017,15.608023306048489,18.125678831744363,0.00034576282,1320.234375,0.026435546875,0.0,0.0,0.0,0.0014602792216464875,0.01330837676068768,0.0004256526241078973,0.0016055999323725699,0.95986008644104,0.00886917709140107,0.0012694476346950976,0.013201363664120436,1.0,False
00:03:34,5c41c28e896e090001c03bb0,140.61845127680834,0.5389945784754723,0.3998680568708767,-23.692889232218075,-244.66905,129.9373,-6.61425,-15.882732,1.4185886,0.39981103,-4.647696,-3.2504387,-2.3632333,3.2596707,0.18026088,-18.264376000000002,-52.03246,34.911324,12.797121,-4.704899,12.691138,-6.862688,-22.293468,0.20092611,1.9486835999999998,-0.00015851559789214917,2.720412914011725,11.823421989908779,2207.715514213473,3160.8312034575456,16.005358266070733,13.515867733527875,16.025408493544063,14.625723762657163,20.927991885671254,22.21334956845645,42.43380418304151,0.0028586009999999997,4885.546875,0.10208984375,1.0,1.0,0.0,0.07415713742375374,0.014130305917933584,0.22504624037537724,0.037695578113198284,0.032933518523350365,0.0708987919613719,0.5401249743998051,0.005013448535464704,0.0,True
00:03:35,59278c090220760001fda664,,0.7484661893542498,,-59.90034957215593,-479.77185,35.414803000000006,1.6184621000000001,0.62328666,-1.5538671999999998,-3.677335,-4.898332599999999,-4.9577203,-4.0794196000000005,-2.7319807999999997,-1.406382,-0.46751475,24.115751,9.922931,-2.4473066,-9.661412,-10.923736,-7.83379,-3.209299,0.38037184,0.45253590000000005,-1.1240529793464892e-06,0.018569319306804184,,3011.651541524936,1402.9298578241735,13.74834152240585,8.265852848083062,11.032409744532359,20.185973693985158,16.674484134337867,15.237156909557081,18.200097641064147,0.000415385,1264.6875,0.0263232421875,1.0,0.0,0.0,0.004993354389443994,0.003057252988219261,0.0005530911264941097,0.0021020731423050166,0.9776323795318604,0.0018058829475194214,0.0007111109269317238,0.009144813101738692,1.0,False
00:03:35,5c41c28e896e090001c03bb0,139.46702480438384,0.9108669611034192,0.5301485168346749,-19.28808924013517,-248.83632999999998,193.45688,-14.329979999999999,-16.832163,1.459897,2.0045564,-7.88552,-2.2243923999999997,5.4580946,-1.3983638,-11.702919,-12.832739,-3.7040565,-1.8545208999999998,9.32134,-7.642028,-4.514182,-6.982591,-10.222135,-4.383988400000001,1.6413543000000002,-0.00014420636726434128,2.3807215703891544,13.547610747837567,1349.605606273406,1266.850884081636,18.40640142545796,15.251449461783345,17.322142407234747,17.93146904971939,21.168164309993386,25.078498139168214,35.154325716481736,7.3053643e-06,2288.90625,0.03279296875,1.0,1.0,0.0,0.05210566148161888,0.02471862130332738,0.04036774805281311,0.022848566609900443,0.22478360999375585,0.13238139003515242,0.4931569024920464,0.009637490048771723,0.0,True
00:03:36,59278c090220760001fda664,,0.7433217287755481,,-59.118147170747726,-477.27385999999996,38.659077,1.5143507999999999,0.24773681,-1.791089,-3.4129205000000002,-4.006139,-3.6221628,-2.7136502,-1.7816207,-1.1413872999999999,-0.87634087,26.647571999999997,11.675664,-1.2094128,-8.56888,-9.762811,-6.668618700000001,-2.299082,0.79560274,0.47272083,-1.3002554973308791e-06,0.021416816911775736,,2919.334690365629,1356.7832657444044,13.089250662808011,8.109465045805253,11.33699596646169,19.71866099038433,16.952691330302223,15.191027009358663,18.184906388912296,0.0004106581,1318.359375,0.0260498046875,0.0,0.0,0.0,0.004353191098198293,0.001971665525343269,0.0006950530805625021,0.0014906134456396105,0.986930537223816,0.0006992308801272883,0.00104535011050757,0.002814370696432889,1.0,False
00:03:36,5c41c28e896e090001c03bb0,168.54729593541606,0.7616712682541962,3.0016562536610736,-24.95948168175653,-245.755,154.27232,-5.8096504,-9.043416,5.3527512999999995,1.2492115,-7.574191000000001,-4.830386,2.0725186,-0.50013334,-5.2518225,-12.872314999999999,-33.916344,-3.2216343999999997,2.743663,9.860625,-1.5681081000000001,-3.2369516,-10.366958,-3.6082922999999996,1.9293967,-0.00016309519492793294,2.75347862780127,18.359059727709905,2064.7833783457854,1962.825013644948,15.192633527343025,12.53759448335235,14.755421815715424,16.533808116216587,20.30180748503441,20.04260036279225,35.98313723741385,0.0007541257,3418.59375,0.0512451171875,0.0,0.0,0.0,0.03195142303593457,0.031152163445949555,0.004164733644574882,0.011612810438964515,0.4111517354846,0.10067559815943243,0.4065052062273026,0.002786335395649076,0.0,True
00:03:37,59278c090220760001fda664,,0.7555428061662608,,-59.66788439149065,-480.1797,35.049675,1.1566344,0.3403025,-1.7470993000000001,-3.8508546000000003,-5.0025129999999995,-4.8450937000000005,-3.6334746,-1.9978676,-0.6122755,0.09210121,24.265532,10.600773,-1.5204966999999998,-8.89353,-10.623928,-8.058672999999999,-3.7701385000000003,-0.23140469,0.46076828,-1.164376097814928e-06,0.01921396197094057,,3056.2026904961713,1423.5672242058686,13.073242528644528,8.481052195587832,11.240827618156896,20.88044816511981,15.917798310003192,15.030611618428695,18.208775150153773,0.00044924874000000004,1331.953125,0.0262353515625,0.0,0.0,0.0,0.009132747212424876,0.0019538672408089047,0.0011836658173706384,0.004151840624399483,0.9774027109146118,0.000982710043899715,0.0016517713898792864,0.0035407003480941047,1.0,False
00:03:37,5c41c28e896e090001c03bb0,152.60075736236632,0.7172535872609823,0.876475746400007,-24.488217386670236,-246.19914,113.96623000000001,-7.1138687,-7.0008289999999995,-0.83120817,-5.255764,-3.7275379,2.2832689999999998,8.260453,6.6737785,-2.0198734,-12.160463,-75.03259,3.3719818999999998,5.5475445,1.059661,5.5271344000000004,-6.2004733,-16.853281,-4.898638,1.7868707,-0.00014730213724006215,2.532507454391133,22.791277457519122,1905.0547469293472,2733.6681205225173,14.758221287158294,10.939874923545828,17.000615834602698,16.994625875939224,20.297153867489826,24.21283617146367,39.6324649783941,2.6491729999999998e-05,4377.421875,0.0924951171875,0.0,0.0,0.0,0.013624267652630806,0.018170446157455444,0.00210056034848094,0.0024668031837791204,0.6319456100463867,0.10628373175859453,0.22364859282970428,0.0017599579878151415,0.0,True
00:03:38,59278c090220760001fda664,,0.7142419263624283,,-54.62233388428786,-462.65527000000003,56.334892,1.5593876,0.27853003,-1.6323633999999998,-3.5024464,-4.6774572999999995,-4.611967,-3.2589407,-1.2223723,0.62179136,1.6605020000000001,37.12395,14.751164000000001,-2.435996,-10.3560915,-10.064157000000002,-5.622575299999999,-1.0891258999999998,1.3671002,0.5556523,-2.337275722767011e-06,0.038295412089648234,,2429.40284243099,1157.2025992485044,11.893278988056636,9.01294022910008,11.53309599788482,19.17882929039329,19.242556975281765,16.16965166820712,18.83273223105197,0.00022638372000000003,1237.96875,0.0246484375,1.0,0.0,0.0,0.09001992605626583,0.004563361499458551,0.0017896258737891914,0.09335475452244282,0.7645758509635925,0.0052420198917388925,0.012308696564286948,0.028145762090571225,1.0,False
00:03:38,5c41c28e896e090001c03bb0,220.7016329930067,0.7716853862327961,1.160026443714242,-20.4876372399718,-192.5021,132.0832,-13.936542000000001,-1.7511368999999999,4.075828,-8.657162,-2.449936,0.5235054,4.803521,-4.1824045,-5.619544,-10.203191,-58.64731,16.242887,-12.115357000000001,-1.5272253999999998,-11.906221,1.8504223000000002,-15.183914999999999,-15.129527,1.878463,-0.00024080233759355118,4.134953464616316,16.42007579570827,2528.6139317300813,2486.8738916921593,12.241272435226598,13.594734705020384,17.753898406724446,18.440887035535845,20.240043275270487,22.539557046795007,41.05169959793225,0.0013332167000000002,4648.828125,0.0491943359375,1.0,0.0,0.0,0.016728888581773002,0.0037907053584993774,0.00476742211529719,0.3582411791597094,0.1663139572234026,0.006459733338228294,0.41130024407591137,0.03239785738488925,0.0,True
00:03:39,59278c090220760001fda664,,0.7264920502402122,,-55.46229189864352,-465.56534000000005,52.477030000000006,1.5530812,0.23381822,-2.0091171,-4.0242014,-5.0110893,-4.737314,-3.5077584,-1.9019928,-0.4826356,0.34021837,33.830357,11.912686,-5.1597514,-13.178852,-12.857847,-7.974149000000001,-2.5811968,0.8135486999999999,0.54189134,-2.0361867772741688e-06,0.03339085880425862,,2450.308617606298,1162.7092378950672,13.601254171184427,8.226238754195219,10.895226142346358,19.901674163885733,18.257634146204172,15.847045425897198,18.300255136357933,0.00020175688000000002,1138.59375,0.0259375,0.0,1.0,0.0,0.05380443818867207,0.014892936917021869,0.002687032776884735,0.0382095315027982,0.832222855091095,0.010963330324739218,0.0204746849834919,0.026745123742148283,1.0,True
00:03:39,5c41c28e896e090001c03bb0,190.0083541276095,0.6023298352437545,1.023167703033229,-33.56592563018041,-270.08276,121.23758000000001,-9.832528,-6.4604945,4.5134315,-3.1446629,-1.8847146000000001,-2.2601657000000004,2.027118,0.73416495,-5.565796,-12.726389,-48.890106,23.150724,-0.12114023,2.6479652000000002,-9.121424000000001,-17.565351,-17.839201,-4.6877146,1.9476589,-0.00016517009249590706,2.8412920837077658,23.42718046381698,3008.407438633667,3101.14481329998,13.384707292212994,10.120204066579351,13.884114395682989,13.835483171518462,20.379692072217104,18.86444898252535,35.56626180016597,0.007727810999999999,5759.296875,0.0748486328125,0.0,0.0,0.0,0.014944844985042106,0.035989337643100465,0.00269814576974816,0.009279808077156882,0.6144520315256986,0.04647850727831775,0.2734859091314403,0.002671399714679203,0.0,True
00:03:40,59278c090220760001fda664,,0.7250410317519079,,-59.572034596932475,-478.67368,36.78311,1.8368262,1.0210937,-1.0011530999999998,-2.7810599999999996,-3.4296024,-2.8942667999999996,-1.7283026000000001,-0.61695206,0.008674231,0.07976222,24.956741,9.9924135,-3.2012734,-11.035689999999999,-12.501968,-9.1515665,-3.964026,0.21048537,0.46709955,-1.1562220402831027e-06,0.019085192086839568,,2984.0153857144646,1383.8340522406104,14.51328142089556,7.951900560011184,10.56835457696871,21.218048308945068,16.12632207444072,15.281732290944841,18.194857807036158,0.00039613263999999993,1220.15625,0.0267529296875,0.0,0.0,0.0,0.019417199515737598,0.017871688678860666,0.004873366036918014,0.005662290332838893,0.9012497305870056,0.022486962500261144,0.015748049679677932,0.01269070259295404,1.0,False
00:03:40,5c41c28e896e090001c03bb0,152.63481588276622,0.7693632918399709,0.3229857518307736,-19.864054857678585,-202.98631,135.15846000000002,-17.995947,-5.617339599999999,6.8372535999999995,-3.469869,-2.032721,-7.3744416,-1.3115733,1.4003557,-6.836144,-17.261349,-46.26583,28.856416999999997,9.6624,10.546594,-17.662457,-15.134046,-5.783002,-1.264309,1.7409734000000001,-0.00022124872837334344,3.7918895762768337,14.225830524695413,2300.8391235392537,2550.118096515855,15.694704367693735,12.423245224817249,15.66656754134356,15.949619751054888,22.894769408379076,24.68678632246709,43.916529085347335,3.1752814e-05,4552.265625,0.0694140625,0.0,0.0,0.0,0.032203097693854946,0.012362292213947513,0.005045135910040699,0.07663652080809698,0.64329684227705,0.033356069773435595,0.19250268572941426,0.004597346109221689,0.0,True
00:03:41,59278c090220760001fda664,233.97424421726262,0.8443650681721421,10.985789030050976,-45.01579657594493,-396.63574,90.80856999999999,6.3073807,2.9144356,-3.0174196,-0.61503327,-2.384504,-5.9932256,-1.4659537,0.10422107,-3.7491214,0.0018137726000000002,1.7733917000000001,-2.0977182,10.926905999999999,-8.192236,-16.990698000000002,-9.810522,-8.778201,-3.3104484,0.94078857,-4.250204737368147e-05,0.7117292336773535,58.10846439840939,2369.0676372639223,1691.0272442356022,12.469424177916277,9.041509155326557,11.964788948702855,17.235661968312886,17.629023625635256,20.8589702298302,24.23808435872081,0.00033865552,2589.84375,0.04220703125,1.0,0.0,0.0,0.0005824267980642616,0.0020630219019949435,0.00019912880961783232,0.00014096633385634051,0.9958456039428712,0.0002896481382776983,0.0002590244104794692,0.0006201867538038643,1.0,True
00:03:41,5c41c28e896e090001c03bb0,142.54931710150422,0.873669854192365,0.5138383537486826,-44.963057106832665,-342.44067,120.14487,-16.244463,-17.859049,1.5529116000000003,-3.6313028,-8.381162,-1.6859224,5.484538,-0.060344968,-6.646068,-15.339007999999998,-19.528404000000002,29.835493,19.066465,5.714192,-4.7259035,-6.970366499999999,-1.7525946,6.5553756,1.5998362,-9.248705447810986e-05,1.5942613741729064,17.48767700423713,3510.8413751887183,3329.9485723265034,13.901104601793143,12.115927966237535,13.147120495837989,15.371975772584374,17.23976211126373,20.252617859483983,29.686473433161893,0.02918482,6877.5,0.0549462890625,1.0,0.0,0.0,0.014935217952976625,0.01842418450784559,0.003282523908031484,0.06941280911107445,0.6468284130096436,0.02277522109862831,0.21862551156017515,0.005716120901828011,0.0,True
00:03:42,59278c090220760001fda664,,0.7627141907506765,,-60.36784375112809,-481.0913,34.102184,2.894495,2.5173275,0.26670086,-2.5442002,-4.667456,-5.417287,-4.81973,-3.436067,-2.0081034,-1.1100649,24.124214000000002,11.227422,-0.5997253,-8.227625,-10.445018,-8.129996,-3.563791,0.7044831,0.4278402,-1.0673347610292325e-06,0.017641874577879038,,3079.738704995604,1424.370756540798,14.127050195861134,8.215800734934897,10.976396048001163,20.385268167338477,15.354539791596437,15.570796076476451,18.3325659773382,0.00043206694000000003,1286.71875,0.0256591796875,0.0,0.0,0.0,0.0003837070806184784,0.002364418562501669,0.0001855675713159144,6.918627623235807e-05,0.9963207006454468,0.00017530598270241172,0.0001045994446030818,0.00039648798410780734,1.0,False
00:03:42,5c41c28e896e090001c03bb0,140.82002675371942,0.9393569655284502,0.23742221019311624,-14.706059022645256,-187.92358000000002,154.19588000000002,-19.827451999999997,-16.088522,2.6066992,-0.88190633,-4.011574700000001,-6.9664254,7.724269400000001,0.10208957,-13.30238,-17.528044,-29.517447999999998,44.26572,16.121132,3.5206804,-13.626114000000001,1.8471461999999998,-5.480326,-4.7539763,1.5956153,-0.0002270064293408493,3.8641692057044192,9.427119129809665,2186.148525461639,1976.6095549405868,16.3680373235559,16.70627122578821,18.128916825721763,18.088491620977198,23.96413452341923,22.90155158125227,41.85841751621928,2.9735007e-05,3693.75,0.04533203125,1.0,0.0,0.0,0.0024145299859810623,0.011920060589909551,0.0006113664974691347,0.004114745976403354,0.8360206007957458,0.009210387989878657,0.13074408918619154,0.004964229022152722,0.0,True
00:03:43,59278c090220760001fda664,,0.7660731811910941,,-60.19469738884099,-482.60165,32.462486,0.8184023,1.1205884,-0.43188313,-2.7993278999999998,-4.793755,-5.598964,-5.031871,-3.4908082,-1.6792071,-0.26853627,23.711416,12.130836,1.0360162,-6.797235000000001,-10.031597999999999,-9.043804,-5.5270863,-1.6530858,0.41529083,-1.0161578276632462e-06,0.01680981057218854,,3195.1127311568603,1459.5226910358122,12.460740793958818,8.464804705304331,11.19734351019639,21.322594364837137,15.309989887963257,14.714253766100605,17.869516415016086,0.0004605892,1338.28125,0.0237744140625,0.0,0.0,0.0,0.018833425955381244,0.05975835574790835,0.021140863874461503,0.0016165720735443756,0.8350325524806976,0.04047171724960208,0.01420364287914708,0.008942865714197978,1.0,False
00:03:43,5c41c28e896e090001c03bb0,125.8135315888607,0.8286740754676309,0.2648388021984685,-41.05534024133794,-346.89038,145.62184,-10.325633999999999,-18.37544,0.22850479,9.455457000000001,-3.0468335,-4.4844294,10.181529,3.8539987,-13.125772,-13.647248999999999,6.949483,24.939526,23.095827,-3.4003498999999997,-10.723039,-4.3483005,-4.977118,-0.116782285,1.059159,-7.31258413850027e-05,1.2288251021827499,9.513860382351766,2827.4611448038013,2420.3834397566598,13.572713384911149,12.949477106008494,15.06755914942265,16.430037286263772,20.79134692469079,25.9822029155654,27.455164573969288,0.015422311000000001,4993.359375,0.0394775390625,,,,,,,,,,,,,True
00:03:44,59278c090220760001fda664,,0.7180565281231159,,-54.970443591385965,-464.52628,53.386925,2.8649986000000003,1.6807728,-0.8500334,-3.311083,-4.4812712999999995,-3.9847305,-2.4239900000000003,-0.7882142,0.31987843,0.90662736,33.462196,10.4068165,-7.0428157,-14.693698999999999,-13.698303,-8.193641,-2.2678046000000003,1.6648425,0.5616389,-2.076719889714777e-06,0.034072182915323684,,2365.4007557562727,1174.5203481883116,11.995359490563366,7.6309284088881375,11.231127978270075,18.855375216293186,22.2777153292411,16.644226442951307,18.368837140296964,0.00022587167999999999,1282.734375,0.028212890625,0.0,0.0,1.0,0.003896783303935081,0.0013719964073970914,0.001204626151593402,0.001305456027330365,0.9875138640403748,0.0012503304402343928,0.0024601308570709078,0.0009967863821657374,1.0,True
00:03:44,5c41c28e896e090001c03bb0,135.03807204780057,0.4679587643515178,0.7184769121118559,-46.38567447896058,-393.6668,111.47141,-6.1275487,-6.300846599999999,1.3852061000000002,3.0315072999999995,-4.012537,-6.156528,-0.45755318,-1.3966811000000001,-10.255381,-8.54466,2.8863017999999996,20.492918,35.39499,5.459371,-2.1749945,-1.7111801,-7.408205499999999,-5.389390000000001,1.5299705,-4.8608200797866635e-05,0.8001000214550517,15.48998079907859,3216.8847744364007,2991.586752211876,14.683269552347026,11.247940890248044,13.77109559672215,14.115005559499195,17.7187219473159,22.321972908368327,26.361322293577928,0.020333264,5969.296875,0.048095703125,1.0,,,,,,,,,,,0.0,True
00:03:45,59278c090220760001fda664,,0.750824563643963,,-55.29519117648007,-463.4013,53.953342000000006,-1.7766453000000002,-2.004379,-1.5677755,-1.0530225,-1.2026409,-2.0469737,-3.0203078,-3.6188526,-3.7115214,-3.3532236000000006,31.817144,7.181916999999999,-9.996364,-15.838285999999998,-13.00488,-7.1775139999999995,-2.8943427,-1.4990565,0.5876307,-2.1183375448639502e-06,0.034759366965252635,,2351.9061209989404,1177.8742430798754,13.061324146343114,8.877181752967399,10.943063939430699,17.190754345408664,20.433763881988853,16.154842335509983,18.38114682671868,0.00020165289,1256.015625,0.0278564453125,0.0,0.0,0.0,0.003252173331566155,0.0011527260299772025,0.0006351042015012352,0.0006888508854899555,0.9926263570785524,0.0002812162507325411,0.0009065766877029091,0.00045705922530032695,1.0,True
00:03:45,5c41c28e896e090001c03bb0,132.90892955918156,0.9473635978404902,0.3685397400477679,-19.876165347238654,-275.63953,149.15005,-11.978577,-14.143742999999999,-2.3939814999999998,-1.9086068999999999,-9.515668,-3.2014419999999997,2.778707,-2.4533527000000004,-10.655415,-14.977501,-17.538104999999998,31.674133,37.383167,-3.3934526,-4.339276,-9.100465,-13.629198,-3.4660265,1.6383153,-0.00010668348113637432,1.794450055923401,11.226556729009623,1578.3203130540453,1772.8447384112796,17.336854325224408,15.501802048614593,18.292089501023483,15.944205777543807,19.249066147591453,24.878654937453227,36.14865614139468,1.0915544e-05,3258.75,0.0513330078125,0.0,0.0,0.0,0.09637470450252296,0.02718507952522486,0.01826362812425941,0.026432444690726697,0.21824923623353246,0.1403362862765789,0.4611301254481077,0.012028505647322165,0.0,True
00:03:46,59278c090220760001fda664,,0.7246357611496224,,-58.31321738555152,-474.62234000000007,41.577663,-0.16777152,-1.1209512,-2.670866,-3.7066367,-3.7995155,-3.1688554,-2.3155897000000003,-1.6293423,-1.2021289,-0.9004206,27.482569,10.147408500000001,-4.4304566,-12.384601,-13.272321,-9.503927000000001,-4.551653400000001,-1.1145063999999998,0.48773834,-1.482495676558699e-06,0.02439518531193626,,2797.6491665374065,1332.7307371321067,12.410865881347087,8.464719717074757,11.280366287788874,19.74576046959625,18.28950792379456,15.23922927923242,18.053121648840012,0.00035478483,1307.109375,0.0268896484375,1.0,0.0,0.0,0.0028386257123202085,0.001303480623755604,0.0005478866340126842,0.00034708731764112596,0.9938013195991516,0.0003210785915143788,0.00042530311911832537,0.0004151764413109049,1.0,False
00:03:46,5c41c28e896e090001c03bb0,149.36801889661325,0.64837898929314,0.6720383707622366,-26.08575154225613,-265.4539,112.46327,-3.330968,-4.2805667000000005,2.9775970000000003,-7.935436200000001,-3.7582800000000005,3.4131622000000004,0.09471348,-2.7869284,-0.6857618000000001,-14.650309,-36.763927,16.02927,-3.4576054,1.2583023000000002,7.7441034,-2.9983572999999994,-18.882696,4.545451,1.7815176,-0.00012317185503288417,2.190965570027076,18.283930792281012,2109.16121169824,3009.711047606474,14.455590987869066,11.195946119788585,15.487460798245339,15.236856777234964,21.627119458097628,21.371299037866088,40.22930979435015,0.00017977196,4706.484375,0.1161865234375,1.0,0.0,0.0,0.054889561874525886,0.02347579387216164,0.014374879488189303,0.02177522171820913,0.12557033289756095,0.12836485555661575,0.6259378620556423,0.005611520759495241,0.0,True
00:03:47,59278c090220760001fda664,,0.7416254938137852,,-57.31745540690729,-470.94287,46.3136,0.12307465,0.83114237,0.7249413,-0.029817257000000003,-1.0220637,-1.7269086,-1.8228442999999999,-1.366588,-0.6828833000000001,-0.12713073,31.287784999999996,13.466891,-0.7967171,-8.259089999999999,-9.469513000000001,-7.1567016,-4.0094714,-1.4699138,0.49659047,-1.8391150424116498e-06,0.030161243120735343,,2731.133323922425,1288.7982913672922,12.54770096597059,8.581606294783613,11.296896373182644,18.435693642388536,18.995066152891816,15.70698419495457,18.324502736533926,0.00037747242999999997,1403.671875,0.0238525390625,1.0,0.0,1.0,0.018649378418922426,0.029353529401123526,0.006036639038939029,0.0012878503621323034,0.9189764976501464,0.01528876123484224,0.009667024062946441,0.0007403438212350012,1.0,True
00:03:47,5c41c28e896e090001c03bb0,143.27406461568543,0.5667903372449219,0.7015021134464403,-22.25124907178026,-230.25527999999997,155.32689,-9.460322999999999,-8.867885000000001,3.3822994,-2.9603367,-4.5618367,-3.270347,-1.2108463,-1.0679443000000002,-8.469761,-10.2339735,-45.431377000000005,5.8687906,10.702472,-6.764742,-10.548094,-10.003071,-6.842057700000001,3.7028913,1.8793123,-0.00016923758570323868,2.8469916543077947,16.082866487856634,1842.043080183555,2113.4115003996403,14.858673388275394,13.980824242264376,14.022054480432056,16.00708481741477,17.212932029552938,23.301952860355826,40.98461945308377,0.00017525905,3734.53125,0.066484375,0.0,0.0,1.0,0.02158228704938665,0.018314625788480043,0.04015803873771802,0.02507472196593881,0.5810416337102652,0.036235571932047614,0.2679092645645141,0.009683855576440692,0.0,True
00:03:48,59278c090220760001fda664,265.92530957972446,0.8888821590604865,5.12387359947355,-50.59799492136757,-440.59842000000003,67.431015,3.8130212,2.4513671,-1.6168427,-1.8600752,-1.4625853000000002,-2.0219836,-1.2269823999999998,-1.4372083999999998,-2.7061029999999997,-0.49735832,22.354183,4.9374785,1.7928191000000002,-7.444139999999999,-13.417189000000002,-11.216167,-7.453037700000001,-1.7323586,0.91218543,-1.6311406633488878e-05,0.27027509446536185,48.55551454381176,2496.2251192089607,1499.2617886986234,11.77956382055356,8.191993053899738,11.622091381850247,17.946232123597483,18.57878862241198,18.14659606674368,22.43206338214873,0.00034736755,2034.140625,0.0329052734375,0.0,0.0,0.0,0.006645631976425648,0.035533290728926664,0.006750651495531201,0.0003656489221611992,0.9286808371543884,0.0057299152016639715,0.0159208532422781,0.0003731450677150861,0.0,True
00:03:48,5c41c28e896e090001c03bb0,150.02700063837327,0.6122242883119529,1.2236081312078777,-21.24157187720115,-240.45306000000002,133.16475,-14.861875,-13.461232,-1.0592290000000002,2.1594198,0.9653739,-1.5798511999999998,-1.6380571000000002,1.5523757,3.6634027999999996,-9.109034,-49.53581,23.594734,13.493545999999998,0.15227404,4.205873,-4.1475077,-7.974354700000001,-5.293951,2.2332911,-0.0001492031917293839,2.5441566517465906,23.909399365839683,1940.2289090788158,2429.492225990502,16.25646390497757,11.581994334227677,17.019367970234768,15.949170194942713,19.818279678636642,20.31488159251405,40.61584157733157,4.0129908e-05,3913.59375,0.081005859375,0.0,1.0,0.0,0.08481721859425306,0.009831283766834531,0.03396025693509728,0.15366648901253938,0.20015487391501666,0.15668571647256613,0.32989018857479097,0.030993957445025443,1.0,True
00:03:49,59278c090220760001fda664,,0.6740478062055705,,-55.95309132254474,-467.22017999999997,50.789097,3.6611266000000002,2.6483822,0.28727722,-2.4249005,-4.406356,-4.8852134000000005,-3.8005307,-1.8179816999999998,0.122539766,1.3597268,33.750107,13.590392999999999,-2.3117776,-10.029643,-10.07606,-5.785727,-0.7961514000000001,2.5976214,0.5372349000000001,-1.8529670093935696e-06,0.03043933547578272,,2516.611276618853,1202.8527553097194,13.00015747730648,8.36486764068021,11.79308147704388,19.133977560868974,19.996127785734803,16.202476323342687,18.256559536384216,0.00025819807,1303.125,0.0259765625,1.0,0.0,0.0,0.004078265506541357,0.006962752691470087,0.0013971525710076093,0.0006792441854486242,0.9768693447113036,0.0027929614429012873,0.006580854032654316,0.0006393965071765706,1.0,True
00:03:49,5c41c28e896e090001c03bb0,201.10776967380767,0.9570350418049632,1.7802834844688895,-83.41669432564136,-490.0242,28.467314000000002,-4.213185299999999,-8.290884,-3.1351004000000002,2.661634,5.407252,-2.1675315,-6.057096,2.0016487,-1.2932861999999998,-7.415294599999999,-19.829304,12.4389305,20.169294,0.87758225,7.472164,11.198692,5.8515489999999994,3.985893,0.4065664,-4.2703357443149324e-06,0.07178639006735334,31.58547911379277,5593.849453003427,6269.9675245447115,11.11566292216249,9.617339153879355,10.233378168082279,14.071385504042082,15.545836068034866,15.722914149300506,19.636034640535364,0.16918501,12738.162878787878,0.07725805165816327,0.0,0.0,0.0,0.07526917036157102,0.02141766147688031,0.08358715458307417,0.023944857181049883,0.4258751973509789,0.1295967258512974,0.22907492667436605,0.011234330548904835,0.0,True
00:03:50,59278c090220760001fda664,140.62857876543362,0.6453346900778272,1.5841629193973508,-37.62883781256141,-368.91803,117.30315,-4.4531,-9.15685,-1.4191223,-2.025398,-10.672622,-3.4193723,3.1432693,-4.358699,-6.0172167000000005,0.9083809000000002,16.150005,9.065024000000001,16.135618,-0.29040653,-10.482897,-13.123826000000001,-9.575739,-1.6827721999999998,1.1433817,-5.245154329267194e-05,0.8677855941026624,23.616710417244768,1810.7886850017585,1264.8338181971585,14.903741126231502,10.175110365235053,13.866105092300133,15.135476420689516,23.05421439555058,23.319564032499308,24.191523539478155,7.117563e-05,2119.6875,0.0335009765625,1.0,0.0,0.0,0.0016530740540474653,0.001672548509668559,0.0003134299360681325,0.00024595010763732715,0.9946857213974,0.0003800202917773277,0.0005921267962548883,0.0004571513942210004,1.0,True
00:03:50,5c41c28e896e090001c03bb0,,0.5033266666652579,,-62.458246876785395,-486.55728,20.661673,-3.4617910000000003,-2.9680327999999996,0.21066,-2.4994697999999995,-4.0066440000000005,-2.2345946,-2.1607275,-1.6702654,-0.7784156,-0.58734787,5.963101999999999,12.291687,12.106597,3.9618067999999997,1.6469908,1.036155,1.8061615000000002,1.3146346000000002,0.8070984,-2.4977395173571226e-06,0.04257258291669328,,3935.1604270921416,3099.984760242077,15.665753377102261,12.72391865430859,14.281561663448127,15.96720979537637,19.042891637972698,20.247720301933626,19.633614278889976,0.005329347,5852.8125,0.0705126953125,0.0,1.0,0.0,0.008881716383621095,0.008632264053449034,0.006240300385979935,0.004148067015921697,0.8907573401927948,0.012798628699965776,0.06633657682687044,0.0022051154344808308,0.0,True
00:03:51,59278c090220760001fda664,,0.6305261839706788,,-49.37232622604513,-407.7816,52.949303,2.9134295,2.3580477,3.6007589999999996,-3.2614095,-9.389124,-2.4330277000000002,0.5470189000000001,-3.2337238999999998,0.14243877,1.1944896999999999,11.581864,18.78312,-18.412651,-3.579882,-3.2177305,-7.800946700000001,-5.8029304,-1.8723173999999998,0.85342205,-1.042914436206015e-05,0.20668418681537232,,3021.9317370942595,3099.618353608626,11.543145333747065,8.116095137975199,10.786342963060918,15.674073479782225,19.88755502016388,18.15163204452851,29.248854084086503,0.00079425174,4757.109375,0.1057373046875,0.0,0.0,0.0,0.003544202179182321,0.033496752101928,0.0016992465592920779,0.00016307343030348419,0.9499179005622864,0.0051924347266322,0.005770817655138672,0.00021554997510975227,1.0,True
00:03:51,5c41c28e896e090001c03bb0,134.0943215177457,0.6307600371187907,1.074948476343731,-39.732143775927426,-324.6793,128.43918,0.24277115,-1.3537662,3.8700511,-3.828925,-5.2393594000000006,1.4209194,-2.4524436,-3.8107772000000004,0.79421884,-5.2339096,-23.170301000000002,13.868219,9.340807,-0.59206927,-3.3613845999999996,-9.094967,-8.634911,2.8386552000000003,1.8881661,-9.670310861907653e-05,1.6284237597598985,14.067665077126858,2550.875130996705,2638.824006481088,14.452505690726746,10.05674849238901,11.436868562773352,13.935344430001164,17.845095642533753,19.710911687855333,35.00353559669604,0.006217579399999999,4571.015625,0.083798828125,0.0,0.0,0.0,0.08849732801318169,0.02218380561098456,0.13946783663704992,0.01800302613992244,0.2952000200748444,0.1465319637209177,0.2846658632159233,0.005450152652338147,0.0,True
00:03:52,59278c090220760001fda664,,0.7328088961516172,,-60.61445432379179,-482.44485,32.257927,2.1004586,1.8354932000000002,-0.3179285,-3.0497208,-5.0671883,-5.6252804,-4.733307,-3.0138648,-1.3296573,-0.37019932,22.46959,9.826641,-1.7562128000000001,-9.213132,-11.35722,-9.039583,-4.4812965,-0.1783857,0.43366283,-1.0520569720588858e-06,0.017395123722377257,,3166.5343644937157,1498.228808553484,14.084166846169207,8.054201809513467,10.399569284772502,20.327316811936107,16.684904833711286,15.122847313523804,17.820777745269343,0.0005415238,1497.890625,0.02671875,0.0,0.0,0.0,0.01334939319640398,0.02414969215169549,0.0056492188479751355,0.0013721985800657422,0.9303102493286132,0.008215313754044473,0.016133411647751932,0.000820495720836334,1.0,False
00:03:52,5c41c28e896e090001c03bb0,186.35187577009967,0.7862017649885338,2.1398907597049908,-21.07249006955897,-226.9283,138.88547,-15.159663,-6.9382972999999994,8.767532000000001,-8.529028,-6.166773,4.1149487,-1.0666451000000001,-2.7803732999999995,-1.4834801000000002,-10.111461,-41.266636,26.29284,0.41197172,-3.7133958,1.3824836999999999,-15.543178,-21.964128,-6.8612595,2.03058,-0.00019008664021918846,3.227112033226013,19.95289332422765,2122.829236306896,2526.3869532609365,12.521775007769527,12.176006998081055,16.360128252671167,16.552175342886915,19.16362909546207,22.020865614841494,43.16491955574929,6.61462e-05,4456.640625,0.08146484375,0.0,1.0,1.0,0.11839871853590013,0.005633709939762152,0.029748528597078158,0.03963914333975741,0.30084272221262964,0.1079467066696712,0.388158056885004,0.009632416368861285,0.0,True
00:03:53,59278c090220760001fda664,,0.6469500444882204,,-59.070563284883434,-476.41553,39.511288,1.7815400000000001,1.3727629,-0.07432479,-1.649934,-3.1507822999999995,-4.115511,-4.01921,-3.2070696,-2.1315467,-0.84526056,26.991290999999997,11.942642,-0.84501016,-8.094063,-9.228954,-6.55277,-2.8563619,0.26068124,0.46152529999999997,-1.3766808268344204e-06,0.02270691260190534,,2933.463353336809,1403.2961401567277,14.433045449217833,8.568077409769607,10.904534246536944,19.11947518601563,18.222124610381965,17.0635026073102,17.972605944525657,0.00044916134000000006,1539.609375,0.026064453125,0.0,0.0,0.0,0.011823181807994843,0.08029404282569885,0.008740675449371339,0.00021630986302625387,0.8789875984191895,0.01244641188532114,0.007192458771169186,0.0002993233152665198,0.0,False
00:03:53,5c41c28e896e090001c03bb0,365.9296513748045,0.6212515404044789,3.956840158071546,-42.4185759133874,-324.44037000000003,76.19771,-4.059431,-2.534636,-3.4336290000000003,-12.058917999999998,-6.532578,-5.6339120000000005,-2.4819107000000002,-3.8384001000000003,2.4177783,-3.311179,-33.611796999999996,5.0442514,-8.900983,4.0638123,-7.497159,-1.4110762,-9.385772,-2.386509,0.86142343,-0.00015253484588250118,2.6298871467447733,20.3532433266658,3065.7861798491936,2552.4989979984507,10.359679392513662,13.830804735670036,16.193251650987197,17.80855150894943,21.263723315252832,21.410223199944625,31.04499163179595,0.0020563792999999998,4360.3125,0.0523583984375,0.0,1.0,1.0,0.04556392811355181,0.005579838703852147,0.011140225047711285,0.21007805853150785,0.28331960826471914,0.03746338828932494,0.378186060115695,0.028668897713941988,1.0,True
00:03:54,59278c090220760001fda664,122.82762492586659,0.6229600139711494,0.4302930363832401,-36.741007534099175,-408.8377,100.64027,4.138776,1.0472871,-6.760928999999999,-5.7107954,-3.1908581000000003,-3.864176,-3.18071,-3.0005896,-3.8645632000000005,-1.0896791000000001,38.534428000000005,17.497356,14.430338,0.22691186,-11.831728,-16.540804,-17.510471,-7.5997615000000005,1.0000042,-6.577801782670132e-05,1.069714590390625,17.380288701445053,1631.8781543753698,1128.4553126454034,14.831402214815025,10.587483917849733,14.862457596414256,17.899925334436467,23.9471215078088,21.34038738123002,21.204223242578145,9.986597e-05,1430.15625,0.036142578125,1.0,0.0,0.0,0.014594666380435228,0.03676112685352564,0.007064201217144728,0.0010462493693921718,0.9257903814315795,0.008489384129643441,0.005500739440321922,0.0007532754214480519,1.0,True
00:03:54,5c41c28e896e090001c03bb0,471.9264924820677,0.8219763804058079,22.200695169191825,-38.48045163235082,-344.9393,81.7148,-1.2806008,4.3778896,1.6116313,-16.589651,-5.5887,6.805946400000001,-4.4550795999999995,1.4878931,9.961911,0.9626062,-73.348,-15.206495,13.349773,-12.252602,-7.051945699999999,-22.079092000000003,-26.534805,-5.062067,1.3069905000000002,-3.965501373189607e-05,0.6825908947782486,26.79655650175533,1968.021408688716,2736.594726353634,11.648156406591475,10.40771776131856,13.513206456980924,16.59545855991301,18.279301543558102,21.637396003599964,35.388793450348736,0.0012437771,4537.734375,0.097060546875,0.0,0.0,0.0,0.026370642287656662,0.008102737157605589,0.008562720753252507,0.020544611755758526,0.37456692457199103,0.026947412453591824,0.5316517770290374,0.0032532072509638965,0.0,True
00:03:55,59278c090220760001fda664,152.07244335730618,0.9165774728368492,0.5225354425003096,-19.32817978356665,-276.8623,169.68983,-16.354311,-2.6493926,1.9939666,-4.576074,-8.238301,-4.2941139999999995,-0.9870964,0.31905583,-0.14463466,-1.9586332999999998,-2.7847133,1.6065795,32.967216,23.513251999999998,-10.199103,-18.6262,-23.425745000000003,-27.318597999999998,1.6829591,-0.0001351358475207089,2.238127568863089,26.60606751053396,1582.0954270768198,1662.1654743785862,17.207408078209838,13.678553517979633,19.30465759167882,17.747705033986033,20.77437367189928,27.952709839058446,32.15026475792259,6.322453e-05,3049.453125,0.048759765625,1.0,0.0,0.0,0.005907022603787482,0.011979290458839387,0.002671772678149864,0.0017655004427069797,0.9680578231811524,0.003927582819596864,0.003112919215345755,0.002578081510728225,1.0,True
00:03:55,5c41c28e896e090001c03bb0,,0.9941193335432555,,-63.348470819160795,-463.2913,41.56885,-0.3647692,-0.5441116,-3.07478,-7.722877499999999,-4.4781837,-0.031804025,-2.2291052000000002,-2.7721138,-0.113997,0.056736957000000005,-4.832099400000001,6.6395664000000005,13.22145,3.7045453,2.4388582999999997,-1.1563972,-3.3961062000000006,-0.30471322,0.9776925999999999,-1.2100084991447776e-05,0.20423365596765425,,3957.7585293705183,3123.610133623287,12.325323177187087,11.034127758492154,13.623897959739015,17.06790046655649,16.747734940257242,18.857439033392453,21.620626943704554,0.010452079,6006.796875,0.055009765625,0.0,1.0,0.0,0.033185463119298216,0.010977392888162286,0.017969998903572558,0.01811035224236548,0.4525004304945469,0.055517882527783516,0.4084741398692131,0.003264350292738527,0.0,True
00:03:56,59278c090220760001fda664,109.00447138008929,0.9056998429025204,0.3968522762347939,-22.669683878996587,-277.02512,170.59403999999998,-5.6353855,-1.9782665000000001,-0.86326206,0.18272439999999998,-4.429329,-3.6159987,2.8534799,1.0943346999999999,-5.894503599999999,-5.337593,-4.4419265,9.527633999999999,39.020973,11.517294,-11.30596,-7.9435806,-17.982235,-20.208767,1.4722213,-0.00010727844599253,1.7757867472677098,24.155656192436503,1878.2832762497144,1927.1901421390426,15.90712907220392,11.839744634479592,16.627229946826944,16.056132453808274,20.38784087117433,28.899168908221537,31.67755081559723,0.0003298992,3562.734375,0.058212890625,0.0,0.0,0.0,0.01860802099108696,0.11955011636018753,0.01872606109827757,0.00039941840223036714,0.8069215536117553,0.02394326813519001,0.010866337083280086,0.000985174486413598,0.0,True
00:03:56,5c41c28e896e090001c03bb0,,0.8420122521413658,,-78.82240107893902,-500.91284,16.196823000000002,0.6752654,1.8337945,0.5126544,-2.639039,-4.975433,-4.4025393,-1.3707299,1.7101746,2.9040866000000003,2.4355025,10.816235,5.8516072999999995,3.4017703999999997,2.7578804,1.8963485,0.05828734,-1.4779261000000001,-1.1619005,0.23056222,-4.27644668390072e-07,0.0070995959891108065,,5443.674340410039,4418.023874404419,11.230746118441768,10.524805860307495,12.604327015727254,21.33753091106997,19.618973386720192,15.256963561865835,14.919728437820554,0.056500047000000005,9821.484375,0.027060546875,0.0,1.0,0.0,0.1221776396036148,0.06320999609306455,0.06961633169557899,0.008607456833124161,0.1715729244053364,0.21828862130641935,0.34109966829419136,0.0054273510526400065,0.0,False
00:03:57,59278c090220760001fda664,100.51372324317836,0.7705251340837932,0.3254651545458483,-26.44315053598245,-309.23245,149.21559,-0.14285588,-1.0717236,0.9161738000000001,7.570444999999999,-1.0584431,-7.698809599999999,1.4400118999999998,4.022922,-5.989275,-6.433291400000001,13.094228999999999,17.021486,5.863676,-17.18861,-7.011879400000001,-0.8039443000000001,-21.905401,-19.137617000000002,1.3539203000000002,-0.00010159370005925479,1.691192432231021,15.397239308089777,1870.4952893742486,1782.5534166227521,15.338061185592535,10.049719627091863,15.448998662196471,17.39995206304492,20.587946794511186,25.23730149414452,31.566294236146987,0.0002471875,3136.640625,0.0507080078125,0.0,0.0,0.0,0.008900526072829961,0.1099297806620598,0.004213897231966257,0.00016842069744598117,0.8455544590950013,0.025244425982236862,0.005398386437445879,0.0005901239986997098,0.0,True
00:03:57,5c41c28e896e090001c03bb0,91.43320045293308,0.4789163223253422,3.8763161145877545,-47.0428103061615,-423.41794000000004,69.62738,-0.6775437,-3.1367805,-0.90050644,-2.3188299999999997,1.2882732,4.384162,0.8128861,-0.64155567,-1.2113476,0.0850025,1.6638741000000001,4.192231,7.693,0.9605718000000001,6.3787875,2.9402082000000003,0.18275915,4.2838650000000005,1.5048031000000002,-1.8976237739586043e-05,0.3182785411086961,50.35163444986062,2489.829425932222,1929.5791884212254,12.08997006719352,9.370131327548345,14.373596707222033,19.05799584682097,21.205564904004067,21.407081684650837,23.42351371501636,0.0019116016,3277.5,0.043037109375,0.0,0.0,0.0,0.04723183107985692,0.22209529917348514,0.031977154907177785,0.00260349276306277,0.3768418593840165,0.1613407385620204,0.15274027193134482,0.0051693426635624345,0.0,True
00:03:58,59278c090220760001fda664,139.73451727248627,0.6208594951803479,4.910525091622117,-34.43918993824361,-369.9186,125.727135,0.7759854,0.51246357,-1.5069523999999999,-1.9115751,-8.380616999999999,-4.3116449999999995,7.246430999999999,1.0601958,-9.887478,-3.1295347000000002,22.650639,1.3289600000000001,15.16465,8.447421,-4.1617120000000005,-18.348581,-28.977125,-16.464933,1.2539451000000001,-5.36258414243028e-05,0.8821403561564565,13.776772912314,1591.1604980279506,1368.045298562196,12.856115762006233,9.398221166990954,14.663729652223614,16.37802413156389,22.5372915759445,24.53063012452229,25.541109190626315,0.00024002681,2426.484375,0.042041015625,1.0,0.0,0.0,0.03634984493255615,0.15495296120643615,0.01851798240095377,0.0004631387826520949,0.7085282802581787,0.06232707053422928,0.01796234399080276,0.0008983881096355618,0.0,True
00:03:58,5c41c28e896e090001c03bb0,163.68323464173662,0.4966735996297018,1.310818560857907,-35.36115658706645,-335.76932,101.23442,10.631139,-2.746888,-8.338778,-1.6186357,7.084612400000001,-3.4139616000000004,-9.345582,-0.4738297,4.886611,-7.7087593,-21.611403,4.9387383,17.355267,12.310243,-3.7377815,-2.6139169,-9.285214,4.1982093,1.4238931000000001,-9.978133653610561e-05,1.702054169521716,15.296839581005235,2086.29346463011,2232.9250251018657,15.262357953868575,11.993455896510115,12.199152101707366,15.00796754858377,22.947572829845534,24.433593910805765,29.933601702283816,0.00113345,3674.765625,0.062177734375,0.0,1.0,0.0,0.1247123695909977,0.050837810523808,0.10618468867614864,0.02501942707458511,0.30835341922938825,0.20835499912500385,0.15022030994296073,0.026316984510049227,0.0,True
00:03:59,59278c090220760001fda664,335.7061357759166,0.8223055845942363,4.28597882477589,-55.187776095571365,-452.54102,50.65144,0.8375229,1.1774478000000002,0.38163033,-3.4909449,-5.9442687,-4.612415299999999,-2.6202652000000004,-1.4850199,-1.9586834,-3.0159144,17.15277,9.605599,-0.10481172,-5.860691,-3.252805,-7.6913133,-9.211905499999999,-2.43808,0.73032594,-5.384814580739109e-06,0.09255422945227694,47.95418310144182,3065.0938706314464,1965.090219658686,12.177593626365011,8.592130239040959,9.858707527350406,17.2982374394937,16.979076077098632,16.358557311604528,23.096755664343647,0.0008227792599999999,3245.15625,0.0410302734375,0.0,0.0,0.0,0.041527327522635465,0.14262328445911407,0.01721165981143713,0.00048621149035170673,0.7057233214378357,0.07161033600568771,0.020077615790069104,0.0007401948387268932,0.0,True
00:03:59,5c41c28e896e090001c03bb0,137.78584695656346,0.8670918757525252,0.9009308842401064,-30.985662973048893,-283.59668,145.0795,0.48528424,-4.5009165,6.7963057000000004,0.17064105,-10.776591,-7.690264,-4.115262,0.5081524000000001,-1.2590983999999998,-8.170444999999999,-33.969120000000004,-1.171883,7.237566,-11.648042,-0.8970353999999999,-5.8609542999999995,-15.521059,-0.27850378,1.4446641000000002,-0.00011507118677209795,1.9175908482344408,14.850044758129652,2029.172306910892,2181.984585549729,14.964219366540704,12.513326067186279,13.96532916598356,17.01171317395473,19.126885727232214,20.844299746243504,34.859641711903585,0.0015889709,3547.734375,0.06583984375,0.0,0.0,1.0,0.03240084233693778,0.020034089586260958,0.030592444920330312,0.21992672106134706,0.4293937385082245,0.06528591404203325,0.18741687238216395,0.014949370187241585,0.0,True
00:04:00,59278c090220760001fda664,372.33400521079733,0.7759285269616163,0.32524664326361363,-53.111352313625915,-455.1429,58.63202,5.0320849999999995,5.4931817,1.3708223,-3.6282370000000004,-5.9277854,-4.9111970000000005,-3.2497697,-3.6304087999999997,-4.490151,-2.94005,26.493934999999997,3.0497117,-6.118784,-9.126965,-10.309426,-9.177584,-5.4536204,0.17039200000000002,0.75666136,-7.471802810393259e-06,0.12365997013753745,15.156358777104108,2579.271737703065,1441.0287749621964,13.092750501632242,8.348965919028274,11.238631399731936,18.64533329020296,19.894525268371197,17.328929076752537,20.91129479647891,0.00035188172,1773.984375,0.03248046875,0.0,0.0,0.0,0.01990021576639265,0.06265982741024345,0.009632539271842688,0.00043205051042605186,0.8729764103889466,0.02502460377290845,0.008734479395207018,0.0006398177443770692,1.0,True
00:04:00,5c41c28e896e090001c03bb0,142.1266916884406,0.8956629242130641,0.905379013450096,-21.274954059305824,-227.17755,140.64368000000002,-16.711992000000002,-8.569574000000001,-0.8011811,-0.3413952,4.211597,-5.1053553,-4.7516370000000006,4.699564,-0.22752993,-10.218178,-46.312405,35.63736,10.881461999999999,-1.5699043,6.635763000000001,-25.4597,-21.271223000000003,-5.537013,1.7987514,-0.00015749264543429164,2.7018368433198376,19.25309109073529,2029.1695830182418,2577.0964873231865,14.515698889347489,12.02717772337799,15.9056940563856,16.503643468713307,20.39946424748468,21.782870070799,44.39734629230495,1.6312826e-05,4349.0625,0.08125,0.0,0.0,1.0,0.025475648744031788,0.010389391251374036,0.012415582480025477,0.05088566339109093,0.41510973386466493,0.05166738238185644,0.430801771953702,0.0032548457325901835,0.0,True
00:04:01,59278c090220760001fda664,436.98217157252924,0.6913387495399628,4.033409670709586,-55.54336945860506,-455.7182,57.608959999999996,2.6615715,2.4461346,-1.502055,-6.777151600000001,-8.116775,-4.899354,-2.1897123,-2.4913752000000002,-2.5394552000000004,-0.28112859999999995,25.82852,4.401955,-2.9063944999999998,-7.032717999999999,-10.719398,-9.54911,-4.372678,0.23140776,0.5640875,-9.321408582545014e-06,0.15463050357896832,21.37802903338941,2700.1556435359944,1522.008396451762,12.611875012646987,8.374639268139964,10.155753670216765,19.04447713828443,17.240285516400654,16.9424724477486,21.26298655982613,0.00044217208,2027.109375,0.0325048828125,1.0,0.0,1.0,0.05043096505105495,0.01158320102840662,0.0027522756485268474,0.007505463086999953,0.9130210041999816,0.005389915592968464,0.007733779959380627,0.0015834000718314204,1.0,True
00:04:01,5c41c28e896e090001c03bb0,164.2714724454201,0.7297963082878607,0.9653251601133648,-22.87615094191856,-244.11691000000002,148.98602,-2.936403,-5.535382,2.5158007000000002,-1.4457176,-7.676019,-9.0494,-6.164003,0.97625494,-1.5250063,-8.607676,-43.838093,13.28099,11.164575,-12.043088000000001,-2.5048008,-5.6254253,-13.177829999999998,-3.4857147000000004,1.5718905,-0.00015615094365657983,2.6053598483025344,13.326550245494984,1869.8722439970493,2130.5823350435808,14.975419683629033,13.85176785753066,15.136116360007088,17.951544322636174,20.189527719766872,22.401316395212984,38.96540464970751,0.00023751022,3662.8125,0.063173828125,0.0,0.0,0.0,0.06812390517443419,0.02277871602054802,0.23354617452714596,0.10744933569803834,0.16671131860930472,0.08403399838134648,0.3048670940101147,0.0124894596345257,0.0,True
00:04:02,59278c090220760001fda664,428.31195429763125,0.7598595291705923,12.566033337609838,-55.629177840834615,-466.9786,47.121559999999995,4.771249299999999,4.3245,0.12422575,-3.7927845000000002,-4.7982163,-3.895607,-3.4584892,-3.887057,-3.5964437000000005,-1.8407136000000002,23.405556,2.792813,-6.437355,-7.908264999999999,-8.058905000000001,-7.957793700000001,-5.079237,0.49340883,0.6118138000000001,-2.8668922290476512e-06,0.04754828389473543,18.125409874162948,2697.1607995406275,1506.3903386872082,11.694491410102268,7.980674638739438,11.05084123001817,18.010591262213506,19.60428602944035,15.64988138297941,20.45763566538668,0.00040916656,1785.0,0.0321044921875,1.0,0.0,0.0,0.028259222395718094,0.0956587397493422,0.023407653905451298,0.0020318222581408923,0.8047207236289978,0.03057581461034715,0.013547074235975742,0.0017989701242186128,1.0,True
00:04:02,5c41c28e896e090001c03bb0,224.724563264604,0.96291183105336,1.402803959921152,-15.270648460507646,-167.71489,131.20602,-11.631917,-5.6765422999999995,-7.933153999999999,-10.276480000000001,-0.56695056,-7.786598700000001,-6.869662,-1.404199,6.2867489999999995,-9.268619000000001,-68.993774,42.48397,2.7376172999999997,6.116692,2.2958949,-13.957935,-23.142931,-9.743278,2.20857,-0.00025096210944589785,4.328339046220392,16.199451275266757,2312.2766758600364,2837.7333859883697,13.453665388545355,13.526359532238214,16.7638834413571,16.503373636513672,20.908754077101435,21.89906842032168,46.431839614580994,2.8702525e-05,4904.0625,0.0757470703125,0.0,1.0,0.0,0.016171868226956574,0.004740737809333951,0.01990648710416281,0.03029330187710002,0.7001554191112518,0.03330333972116932,0.19050638051703567,0.0049224624584894615,1.0,True
00:04:03,59278c090220760001fda664,,0.7387114417704619,,-61.31243335948803,-484.20428,30.049196000000002,2.5438058,2.6262047,0.57798195,-2.25842,-4.456258,-5.134384,-4.2405349999999995,-2.423356,-0.61991376,0.40957433,20.94814,9.045563000000001,-2.075399,-9.459100999999999,-11.767992,-9.574274,-4.8915305,-0.20646949,0.39905322,-9.460100690523464e-07,0.01568286618398745,,3269.6809957528853,1554.3207284587215,15.231464374386704,8.144054105751719,10.58526373880952,21.71194152667988,16.048084015786966,14.447598769044287,18.15138391223513,0.0005686437,1500.0,0.0273095703125,1.0,0.0,0.0,0.03440153505653143,0.12673697378486395,0.02294833119958639,0.0008146278560161591,0.6976214110851288,0.09397705476731062,0.02259375238791108,0.0009063411329407244,1.0,False
00:04:03,5c41c28e896e090001c03bb0,166.06534199712655,0.8984727935233837,0.7648499973121045,-26.68521082957441,-267.04883,136.9224,-6.372096,-6.75415,1.360622,-2.3180853999999997,1.0464289,-2.0639865,-5.575904,2.1713905,0.443709,-7.228447,-33.987564,8.121583,1.895166,-6.285568700000001,1.5009475,-15.831988,-25.956959,-5.7292595,1.4355539,-0.00015340965071149884,2.571312093011515,12.11073799366677,1859.00511677378,2638.644954725046,13.995248303534838,13.31358089627234,17.098243805975393,17.339979364117127,21.700843826345135,23.901645768002435,40.20084535635336,0.0002821188,3948.75,0.0892919921875,0.0,0.0,0.0,0.010843637096695604,0.013763685303274542,0.013467221637256444,0.0013947696425020695,0.8789111256599427,0.01344770772848278,0.06767746408004313,0.000494403725315351,1.0,True
00:04:04,59278c090220760001fda664,272.8130605345208,0.9061896586706568,3.1541887813072185,-52.539681144905344,-457.7692,59.05927,0.360953,0.056424912,-0.86640775,-3.3031015,-5.570515,-5.438385,-3.7709146000000002,-2.063453,-0.1866833,1.3726948,35.254692,14.919897,-0.65315324,-11.877247,-14.124253,-8.548987,-2.438346,0.18430288,0.6762819,-4.788261494265985e-06,0.0785466141811057,6.01977145854864,2304.975886319712,1110.8798719531067,14.431984551032288,8.416090151006255,12.290693501915937,18.00115233776227,20.985861758200578,16.40299126004803,18.852858608947386,0.00016049363,1208.671875,0.02490234375,0.0,0.0,0.0,0.013839459419250487,0.009802725818008184,0.00449355966411531,0.0026820050086826088,0.9539291977882384,0.004548210650682449,0.009339980687946082,0.0013649076339788734,1.0,True
00:04:04,5c41c28e896e090001c03bb0,,0.9745148408360804,,-66.43680495179929,-426.00836,66.83938,-4.596553299999999,-8.436002,1.3766483,-0.8784818999999999,-0.92972773,6.403881,0.6131119,1.4894947,2.0126522000000002,-13.77268,-60.381077000000005,12.001534,10.0582,-14.693488,-3.063002,-10.633460000000001,-23.580097,-7.100056599999999,1.8611564999999999,-4.458299140316645e-05,0.7912427359715266,,4646.180382014513,5357.223718652952,13.26631898777179,9.507925544980367,11.984762094265973,13.68474605447557,17.00091025737197,17.954929496372156,25.44888589771251,0.06737771,10326.796875,0.1042822265625,0.0,0.0,0.0,0.006415590888354928,0.0039190234965644785,0.0038974458584561935,0.0038800336100393907,0.9469338953495026,0.005987490876577794,0.02551538753323257,0.0034511307982029392,1.0,True
00:04:05,59278c090220760001fda664,279.6180608363628,0.7582920932744864,6.245296706370746,-46.75705709178745,-441.30237,77.16306999999999,7.7101183,6.6679773,2.6378142999999996,-2.3201497000000004,-5.171128700000001,-4.5608244000000004,-2.7785964,-2.3243517999999996,-2.5579520000000002,-1.7660424,40.413509999999995,8.222002,-8.7384815,-12.574494999999999,-8.93088,-3.389211,1.4268862,5.4697742,0.7895378000000001,-7.377703069200398e-06,0.12088977131321467,11.852785200501675,2084.8018881854955,1174.0809065955202,12.376485545515626,8.273593919793669,12.234791664121413,19.10477307104207,19.96405417637709,16.6523445722299,23.195669757510647,0.00016995191999999998,1539.140625,0.02640625,1.0,0.0,0.0,0.010208811424672604,0.015136105474084616,0.005260225082747638,0.001856238412437961,0.9483947277069092,0.006333902059122921,0.011690525012090804,0.001119456102605909,1.0,True
00:04:05,5c41c28e896e090001c03bb0,243.88251165211705,0.7666624576374335,3.4994313602254836,-23.515589239224,-248.67061,131.0444,-19.949370000000002,-6.0156026,2.3775532000000004,-9.456878999999999,2.0895734,4.1939816,-7.458833,0.37655097,2.8143272,-7.011080000000001,-57.292244,18.365456,3.5521982000000003,-21.359673,0.6116672,-15.180413,-22.599577,-12.174142999999999,1.9784828,-0.00012202140457649915,2.074610069499351,16.405677566569373,1938.513376739796,2569.6856473604103,11.594453256008695,11.588501980184073,15.123324378808913,14.994452529443926,19.593852041655673,21.20168127460545,43.20734431566441,2.1581749e-05,4301.71875,0.0848291015625,0.0,0.0,1.0,0.013659171387553216,0.00809551338898018,0.006729695945978165,0.07833930959459394,0.8061158325523138,0.011158143216744066,0.06919874781742692,0.006703594559803605,1.0,True
00:04:06,59278c090220760001fda664,,0.7579432216514259,,-60.132879144339,-478.97638,36.03403,4.2319593,3.5345328,1.2083766000000002,-1.5831826999999998,-3.6923535000000003,-4.3783959999999995,-3.5724497000000004,-1.8504361,-0.084689535,1.0270362,23.59658,8.460699,-4.029431,-10.535945,-10.752358000000001,-6.77031,-1.5404278999999999,2.5286381,0.46101037,-1.1712396942177056e-06,0.0193495675438468,,2989.3671359750074,1433.6038514686072,13.84415921668581,8.372314588785349,10.685941331009099,20.04771808533184,17.27588359787353,15.83465469331254,18.267218555011297,0.00043555914000000006,1358.671875,0.02896484375,0.0,0.0,0.0,0.01042601242661476,0.020515044406056403,0.004426606325432658,0.0009391782456077637,0.9383217811584472,0.010641723219305278,0.014031389821320772,0.0006982819875702261,0.0,False
00:04:06,5c41c28e896e090001c03bb0,183.5980978156757,0.929299706112821,1.4266781383782832,-16.628190136776475,-183.19754,153.38368,-12.880057,-8.012739999999999,-0.3146074,-1.1379933,1.217489,-4.2483835,-0.67986345,2.6124202999999997,-2.6168892,-14.282205,-54.893524,22.037653,-6.032468,-4.7461459999999995,-8.590175,-20.804861,-18.265438,-7.352174300000001,2.0085490000000004,-0.00021101725156739786,3.5995092353608853,17.340535462460682,2066.826532369491,2458.997636436575,12.976294235154874,13.457172679610649,16.797482340330706,15.298974226518318,19.687162918936952,23.721771083216527,44.08038873390596,2.6925189e-05,4087.5,0.0699658203125,1.0,0.0,0.0,0.01424616117340823,0.003028255894605536,0.03806439880281687,0.2500911143918832,0.025954308453947302,0.047384499882658325,0.4735085020462672,0.14772284232700866,0.0,True
00:04:07,59278c090220760001fda664,,0.7153924474707882,,-62.35173884555794,-487.01099999999997,26.682812,1.6225053,1.0406852,-1.0984448999999998,-3.6143324,-5.3165264,-5.5149407,-4.232035,-2.0790305,0.08954706,1.554074,19.197607,9.413682000000001,0.26569954,-5.855706,-7.9126754,-6.4346857,-3.0999248,0.084454104,0.37205547,-8.31832524690127e-07,0.013821319951543792,,3430.274590209809,1626.682585933643,15.624433235295891,8.004875797354241,11.190310846546113,20.264974986537386,15.621367461123695,14.844967988969481,18.084339765213443,0.0007150894,1688.4375,0.0252587890625,0.0,0.0,0.0,0.0033861223142594103,0.007368062599562108,0.0006401812453987077,0.0010465455285157076,0.9834346532821656,0.0013974346045870331,0.0017154147848486901,0.001011569566617254,1.0,False
00:04:07,5c41c28e896e090001c03bb0,168.2092772950087,0.9268644735387336,0.9314410030115341,-21.705374706245703,-270.29857999999996,151.17372,-14.084710000000001,-25.073715,-7.3273077,0.8239095999999999,2.2122624,-1.8269688000000002,-4.721165,2.4577823,-0.9693299000000001,-11.117569,-26.090965,20.466454000000002,28.753970000000002,-4.307396,-4.1787849999999995,-16.663202,-17.18908,1.4837053999999998,1.6170083999999998,-0.00013228242564523418,2.2171075133074694,13.373286935903733,1669.4214915782215,2047.6070461354104,14.0917903115587,14.163185198557947,18.38620183692548,17.690427410095012,22.324493818963305,27.54491562065657,38.09912748667122,3.62665e-05,3454.453125,0.07080078125,1.0,0.0,0.0,0.08376972302794458,0.00777930391486734,0.09559052661061287,0.15888401176780462,0.028864810708910223,0.12245514392852785,0.4184207051992416,0.0842357783112675,0.0,True
00:04:08,59278c090220760001fda664,,0.7627327884215592,,-59.629999987655275,-477.97162000000003,37.62113,1.9709342,2.035201,0.55035317,-1.7155955000000003,-3.8334792,-4.978292,-4.751582,-3.3796343999999996,-1.6024374,-0.27003765,25.538128,10.608748,-2.133714,-9.4478245,-10.858584,-8.112867999999999,-3.7911801,-0.045212172,0.47149777,-1.2793923476766286e-06,0.02109408183987289,,2958.810838756333,1403.1641821783194,13.247608973493257,8.089666006176008,10.486000693396996,19.094887695895913,17.229710089392878,15.092753223310375,18.53004982556627,0.00043866935,1388.203125,0.0266748046875,1.0,0.0,0.0,0.115317764878273,0.04190818630158901,0.05190359856933356,0.02872331067919731,0.5678346753120422,0.049616990983486174,0.1352749079465866,0.009420555736869571,1.0,False
00:04:08,5c41c28e896e090001c03bb0,157.3197762621692,0.9032613420533709,1.1913053469704984,-19.71917508654088,-242.81284,165.79202,-13.410855999999999,-22.227145999999998,-5.866862,0.14584658,-1.9883578999999998,-3.4359707999999998,-7.733461999999999,1.1411815,2.3610472999999996,-12.440483,-31.353527000000003,19.983938000000002,31.363115000000004,-3.2959400000000003,-8.931517999999999,-14.00244,-16.546843,-6.21546,1.9614346999999999,-0.00014134887759063177,2.356904706978209,14.460700537130464,1662.4288601665849,1631.838561351379,18.82820053659564,13.45383900326041,18.537003133963246,16.955081455123633,21.46430650522052,25.23599257692369,37.43174975343084,8.97876e-06,2986.40625,0.0410546875,1.0,0.0,0.0,0.08803863204084336,0.02576772966422141,0.08313452068250626,0.06411307714879512,0.12740762550383805,0.1963534079492092,0.3795860677957535,0.03559892801567912,0.0,True
00:04:09,59278c090220760001fda664,,0.7387647079746185,,-57.657055378959704,-473.65042,43.098865999999994,1.128399,0.8534288000000001,-0.72549427,-2.5047781000000002,-3.605932,-3.6679811,-2.8463871,-1.5790302999999999,-0.30630630000000003,0.67116904,29.366290000000003,12.383535,-2.155309,-10.578745,-12.32587,-9.360304,-4.6502357000000005,-0.71894234,0.4991955,-1.5155122195026729e-06,0.024917646775529625,,2716.260768627575,1272.9877142687876,14.084274223173413,8.433375699587627,10.929582533628114,19.153609718117423,19.545515912278443,15.321726003713732,17.80481331012155,0.00031512062,1324.921875,0.024697265625,0.0,0.0,0.0,0.030327550694346433,0.11699175164103508,0.025549229700118303,0.00642821688670665,0.716422826051712,0.05221350565552711,0.044863445498049256,0.007203514780849219,1.0,True
00:04:09,5c41c28e896e090001c03bb0,188.4356722487569,0.6859101334317849,3.478477013581712,-52.51160218630656,-379.70532000000003,126.66423999999999,-1.851791,-10.354966000000001,-2.642455,3.732962,7.6107745,3.9692721,-11.369653,-3.6407006,3.1999068,-7.3237877000000005,-29.049954999999997,17.0478,15.887789999999999,-15.783245,-13.934145999999998,-14.973695999999999,-9.104869,1.8614241999999999,1.4296553,-5.611290734597966e-05,0.9450877145679076,18.73133066541207,3408.062818825831,3977.1666581519057,10.889508854891474,8.92308544154012,12.235399301566535,14.534261385950186,18.635108450612996,19.653064346086296,29.0231168798694,0.044259075,7187.109375,0.10158203125,0.0,0.0,0.0,0.15678624734282492,0.009581399516901002,0.04735570061020553,0.17529566623270512,0.01691661822842434,0.224161246791482,0.31050166636705395,0.059401459200307725,0.0,True
00:04:10,59278c090220760001fda664,204.0747751021421,0.751113158562548,3.043848384124842,-33.5449591860174,-350.23877000000005,125.04603999999999,0.9901786,4.679719400000001,3.3089952000000005,-5.7217145,-12.015749000000001,-3.6378682,3.0192432,-2.8779562000000003,-4.7755423,-0.22736175,9.220369999999999,-1.7029032,-5.902721400000001,-18.029766,-4.3922443,0.2100375,-18.41039,-14.119015,1.2771333,-0.0001005263410689994,1.6612761347272176,27.08224524978481,1727.6741738150586,1296.3435829034174,14.327263261985696,11.34300522483218,15.190295545188864,18.17206340106461,25.516567294905343,23.56515888986113,25.16197533286036,7.6633645e-05,1841.953125,0.0387939453125,0.0,0.0,0.0,0.06871462925337253,0.0685715894214809,0.03973886058665812,0.01326090915245004,0.6108729526400566,0.08875301489606499,0.04628725978545845,0.06380081630777568,1.0,True
00:04:10,5c41c28e896e090001c03bb0,,0.4903414752782087,,-59.06826111789905,-425.70232999999996,93.620384,-0.17439555,-2.250763,1.6408107,-1.700218,-0.5943861999999999,1.9005055,-1.3860941,-0.86735827,-2.4691417,-7.138224,-0.11314513,-7.417465700000001,-1.9300336,-5.5486325999999995,1.492169,-1.5641296,-1.8327363999999997,5.263253700000001,2.0440834,-1.618988727230105e-05,0.2705454368697749,,3367.2867806703052,3146.412537986168,11.662489513360415,8.198820393387562,10.6956262499864,14.117347526146519,17.433414980011133,16.290410776138412,24.629343221691947,0.033539575,5995.78125,0.069052734375,0.0,0.0,0.0,0.06511528072878718,0.02110974870156497,0.0198414346203208,0.11915862145833672,0.32556054908782245,0.215530439466238,0.1998531512916088,0.03383078165352345,0.0,False
00:04:11,59278c090220760001fda664,169.91240410870145,0.9187541692802216,1.1574690919867392,-18.59259692628148,-245.415,173.26555,-7.522165299999999,-0.55483,-3.6952488,-6.061891999999999,-9.61985,-8.061963,1.5705767,4.077793600000001,-10.002272999999999,-9.616226,-39.332783,-2.9202334999999997,19.691776,-17.023355,-16.660335999999997,-8.728603999999999,-15.122925,-18.712107,1.6113756000000001,-0.00014481019118885695,2.416246266608073,15.97534157403993,1538.76290432647,1743.111977104728,15.503995889811161,14.403823109180145,16.761463056999368,17.636622866295703,21.276881319682555,27.845370692828563,36.79549451808089,2.9900293e-05,2962.734375,0.0510107421875,0.0,0.0,0.0,0.012539665587246418,0.035471767559647566,0.005551341327372938,0.0033607606193982067,0.9046549201011658,0.011163193266838787,0.025332519877702003,0.0019258629879914226,1.0,True
00:04:11,5c41c28e896e090001c03bb0,,0.976820159936184,,-70.49505263749434,-484.49637,24.855383,-0.6609185000000001,-4.0788709999999995,-0.8594790999999999,-3.1870832,-3.157177,0.08813065,-1.6667102999999999,-1.7705365000000002,-1.4123566,-3.149165,-4.2538656999999995,3.4842105,1.7084938000000003,-1.9255008999999998,6.5866940000000005,2.0294635,-2.3548803,3.2365983,0.8342083,-4.7476184274516525e-06,0.08053296475444625,,4498.721946916095,4564.565896320604,9.674719301836237,11.548237427295964,11.455972583069967,17.849082736258264,19.008347023341923,19.67262081821075,20.956913135368946,0.031334125,8404.453125,0.091513671875,0.0,0.0,0.0,0.03115610894747078,0.01844882038421929,0.011808469612151384,0.011711857351474463,0.6817824751138687,0.126387520134449,0.111935093998909,0.006769649696070701,0.0,False
00:04:12,59278c090220760001fda664,123.36839694675402,0.7800956397514149,0.8726126531403198,-34.81595631023187,-343.11926,98.881546,-3.7194983999999995,3.7026962999999995,8.086998,0.007833805,-6.8182144000000005,-2.8069856,3.7210389999999998,-4.804698,-5.4484997,-4.4599905,8.354105,9.532797,-11.49788,4.3088565,-5.369202,-3.0484762,-14.400025,-15.265017000000002,1.3967148,-5.9869757167780554e-05,1.051920623614978,33.76849712379766,2279.1487444233044,2999.8255534539007,13.206172131953265,9.473919442933225,13.638385695753806,15.618779485483687,21.23451100138121,23.85310282379172,32.83813507575388,0.00032838076,4476.328125,0.107587890625,0.0,0.0,0.0,0.010804275493137538,0.02930087256245315,0.004693886992754415,0.0013073131267447025,0.9363641142845154,0.005926015006843954,0.010756084253080191,0.0008474258473142981,1.0,True
00:04:12,5c41c28e896e090001c03bb0,,0.8715061638087153,,-90.39702266967436,-506.76724,1.4981501,1.9238056000000001,0.027411131000000002,-2.364839,-2.1073728,0.24521413,1.3498721000000002,0.35356190000000004,-0.707472,-0.7968048000000001,-0.08575466,-1.8292238,-1.6271739,0.7138958000000001,1.823259,0.6141187,-1.3157219,-1.2199855,0.941918,0.13331555,-1.0597887661089676e-07,0.0020101423558797804,,5961.327737448247,6681.268299161835,9.102925967967037,10.706350369752846,12.106675555638446,15.269765334087687,18.17824371346908,17.60055233866253,15.910687851280636,0.16595747,13401.3671875,0.08570648521505378,0.0,0.0,0.0,0.09991338476538658,0.026258770376443863,0.03939784746617079,0.04096163699869067,0.13215300645679234,0.4412644773721695,0.1708723284304142,0.049178551579825584,0.0,False
00:04:13,59278c090220760001fda664,120.9510330303467,0.8648013996751759,1.4529181450507629,-20.426723977333864,-256.3893,182.26292,2.16883,-7.7762020000000005,-9.738984,9.707761999999999,1.5303795,-11.020703999999999,1.1651572000000001,0.4066092,-13.614258,-5.579833,-26.329262,8.285181,60.8591,5.5014596,-19.286087,-9.172282000000001,-25.936628,-20.836454,1.4867333999999999,-0.0001303685890132077,2.172653880095176,16.584716721847926,1452.826686666068,1561.8212876571286,15.343258678217303,11.074977921483107,17.032352341024794,15.316557334692748,20.322121491765852,32.90899130735292,30.13315129825735,9.950711e-06,2993.90625,0.046572265625,0.0,0.0,0.0,0.005514453304931522,0.0069928490323945885,0.0010981425060890618,0.0005117997890920379,0.9800718426704408,0.0027278219698928297,0.0027931987948250025,0.00028987865516683087,1.0,True
00:04:13,5c41c28e896e090001c03bb0,,0.5565939768291589,,-87.56417819650233,-500.6717,22.769089,-5.2701693,-5.3680644,1.0954015,4.5488534000000005,1.9347953999999998,-0.7877284000000001,-2.162731,-0.21411833,2.8204389,-1.1747316,-1.6457589,-0.42986348,10.002641,10.164942,2.7808938,-4.758146,-6.079599,-3.6466448,0.7723966,-6.630829848715547e-07,0.011301955557513343,,5805.03493521666,6835.633457513363,9.515232532910508,9.583524237895645,12.261368649819238,12.538209408201807,15.556862439121213,19.86823076637518,13.803111564306185,0.19762316,13291.282894736842,0.08328212780898876,0.0,0.0,0.0,0.11968958638608455,0.024814065359532837,0.022346578305587173,0.0061835226835682995,0.01751380166970194,0.4928148254752159,0.3116884961724281,0.004949129559099675,0.0,False
00:04:14,59278c090220760001fda664,114.69061469505104,0.3116685214719819,1.7307337549635118,-30.24776745257889,-339.9932,137.06201000000001,6.069485,-2.145089,-7.734166,-4.797755,-5.522964,-4.8150587,-1.1899183,-2.015966,-4.2427470000000005,0.9538655,17.055447,13.03887,16.402287,-1.0458684,2.2869675,3.0855867999999997,-12.878386,-7.4426975,1.186971,-7.382782542709894e-05,1.2276672895956042,13.987066447658998,1769.3318244631582,1340.483427077849,15.612729085829933,9.738649797962584,13.914845179146573,16.412524366967745,20.864845655944592,24.77947086882646,29.051303699592506,0.00010595216999999999,2382.421875,0.0344921875,1.0,0.0,0.0,0.01480776444077492,0.01593474447727204,0.005050609237514436,0.002087886101799086,0.9293094873428344,0.013141103787347673,0.017882995959371328,0.0017854716628789907,1.0,True
00:04:14,5c41c28e896e090001c03bb0,196.6113511175877,0.7091402504781064,1.6081422921432644,-46.771040699971046,-333.60352,112.01723,-9.976614,-13.539619,2.2030654,-0.42823502,-3.4364834,-2.3076873,-0.061548325999999993,0.6078916,4.5991635,-5.2386017,-38.375840000000004,3.7479443999999997,5.024782,-3.6108557999999995,-11.761341999999999,-2.3496516,-15.428118,-5.440274,1.8051648,-0.00012177181041206823,2.124238683293388,12.369390960903356,2455.5303710909648,2976.343969847227,12.966367673114641,9.891302926351312,13.100250620949161,13.99671391571658,15.756463409214575,16.510527533119866,30.557112458189696,0.17168826,5425.78125,0.07406180245535714,1.0,0.0,0.0,0.14684232398867608,0.011482028383761644,0.012296994752250613,0.1290588633157313,0.0074736254289746295,0.3555036518722773,0.21376933231949807,0.1235731828259304,0.0,True
00:04:15,59278c090220760001fda664,104.52399527075455,0.8315375816204958,0.8458318959017128,-41.39214342504199,-408.256,89.35601,2.716031,7.477527,4.4696517,0.047438785,-5.141525700000001,-2.3302972,2.2509227000000003,-0.7393378,-3.2279253,-1.9899657,32.912075,13.810414999999999,-5.916717,-0.1731936,-0.17218918,-13.814585999999998,-13.302937,-7.0984697,1.0680806999999999,-2.8538416986320832e-05,0.4750201773100641,25.487628318318468,2292.957797869404,2395.4560323982873,12.910178399612887,8.522312560559035,12.706432305873301,16.76022692587642,22.39740206230122,19.970151971571525,29.127344797603026,0.0010045653,4078.59375,0.0782275390625,1.0,0.0,0.0,0.02548981909640133,0.013733094744384288,0.0031999051803722977,0.0050620956666534754,0.8864503264427185,0.031738098524510865,0.0326663990970701,0.0016602595685981216,1.0,True
00:04:15,5c41c28e896e090001c03bb0,,0.5920804268353411,,-51.33281888294853,-383.9416,37.469566,-9.239919,-10.097392,3.4609775999999997,-3.9460664,-1.0787634,4.716755,2.6877902000000002,0.30309233,4.6102,-7.17997,-46.50477,15.400169,-2.8732655,-1.5626605,-0.40779963,-7.020706,-11.246917999999999,10.208998,0.9594796999999998,-6.460104489698904e-05,1.2427136633571905,,3205.575899020965,4857.912904382652,10.41204871513142,11.143570448829514,12.180949197807292,14.685518894574047,19.241998730462274,20.326995026940644,36.148533751679686,0.01062442,7608.75,0.1717236328125,1.0,1.0,1.0,0.03390492247417569,0.00974669048191572,0.015009112621191891,0.24466445576399565,0.09491819201793987,0.1436169406399131,0.043894687900319695,0.4142450200393796,0.0,True
00:04:16,59278c090220760001fda664,210.27475259658542,0.7524426179601397,2.9658004433914957,-23.235247992888645,-345.79996,134.52846,-10.382002,-2.1485355,-5.972197,-7.949125,-5.104384,-4.031448999999999,-2.5511625,0.14764535,-1.9995803,-5.1893187,13.080246,5.3551736,18.579628,3.4927056000000003,-10.450472999999999,-20.053767999999998,-26.979902000000003,-23.944755999999998,1.5668528,-0.00011379940480315684,1.8794124668330343,29.825035314095572,1484.3177163729526,1406.0652973042857,12.279073890784252,14.336147765782592,17.99867152587316,17.891399039810505,24.00204805060623,23.3798013677188,29.56909126233734,0.00027276957,2453.4375,0.0394287109375,1.0,0.0,0.0,0.005349775822833179,0.008105998625978826,0.002236708323471248,0.001512603681476321,0.9756899476051332,0.002916894422378391,0.0025186770828440784,0.0016694232792360706,1.0,True
00:04:16,5c41c28e896e090001c03bb0,247.42288689969098,0.4357347045158278,1.7983990530905922,-17.337610377062305,-127.12565,137.72641000000002,-12.592015,-1.5975496999999999,5.3667483,-9.195832000000001,2.1084082000000004,-6.042301999999999,-2.9160744999999997,-8.841558000000001,1.4940364,-8.126053,-59.271717,24.855682,-35.212906,2.5348867999999998,-12.676352,3.7118826,-14.471708999999999,-2.2148974,1.9719118000000002,-0.00035080162503919133,6.132686433172738,15.684738334743418,2826.631061572584,3070.7711353154277,10.71229769678278,11.815572281562345,14.398490624206277,15.587206438978141,17.10322337271085,20.28126178088162,47.111101024514845,0.0006833244,5515.546875,0.082412109375,1.0,0.0,0.0,0.12382732573896645,0.01929681149777025,0.0872479057405144,0.3480530321598053,0.14581393226981162,0.028019556845538317,0.01723200764972716,0.2305094137787819,0.0,True
00:04:17,59278c090220760001fda664,209.68569072659446,0.7810177590910258,1.5704605476998892,-42.7582644834096,-390.49478,79.1863,-3.236453,1.3008458999999999,-4.8705235,-5.6641164,-1.8236686999999998,-2.0790386,-1.4731486,-0.17329603,0.12610018,-4.217969,-1.9823697,13.412730999999999,14.314407000000001,-0.042035844,-9.61425,-12.586172999999999,-13.56364,-12.267656,1.2516714,-5.404835554798158e-05,0.9066741463009034,29.940148010905663,2522.4082681810114,2074.719985628576,12.318474117633293,11.021269592057514,14.036804112244036,16.15051698049734,20.497612071477114,20.462937533649033,28.295670898709577,0.0006352069999999999,3618.515625,0.0487890625,1.0,0.0,0.0,0.0014749181922525168,0.01256610369309783,0.0016778922639787198,0.00024543045146856456,0.9803973913192751,0.001437676092609763,0.0016371478326618672,0.0005633943655993789,1.0,True
00:04:17,5c41c28e896e090001c03bb0,129.34516248638081,0.9239952106951482,2.606291675325904,-81.28348485255276,-492.1326,53.945953,-2.098913,-1.8538348999999998,4.4720926,4.779205999999999,-0.44422558,-0.3877368,-0.6127892,-3.4549803999999997,-1.0763556,1.2283343999999998,36.0555,24.589261999999998,14.995460500000002,12.704036,15.784588000000001,9.814389,1.2241808,-0.27881145,0.36858675,-6.513373877129552e-06,0.10546173004170653,21.231868679001092,5481.897576631533,5968.5310454082055,11.247039202126775,8.63595427238117,10.280311564292749,10.919656381223849,17.98046740950061,17.902754595064376,16.450968049199638,0.18310304,12447.286184210527,0.04744289232336957,1.0,0.0,1.0,0.02874768356559798,0.0006337814525068097,0.0058386770469951435,0.26593866338953376,0.009917021117871629,0.02095613094570581,0.6536768088117242,0.014291212394709872,0.0,True
00:04:18,59278c090220760001fda664,193.14194648808885,0.8283414370077989,2.0508292579958844,-17.852732172356273,-253.8643,174.31398000000002,-19.440119,2.185803,4.0643673,-7.258074000000001,-9.012174,-6.8065515,-7.238290299999999,-2.382831,-0.39111456,-4.907562,-30.350033000000003,-15.7276125,18.847347,7.8100320000000005,-4.301226,-6.306147599999999,-21.877892000000003,-33.990704,1.5361975,-0.00015107696490597875,2.506795031493124,28.779895208094445,1559.9125769881105,1718.9696833285675,15.787151792072954,15.026270591867974,18.067184192220427,19.320275887140404,22.629459936147732,27.78584996658871,34.9261970205805,8.239528e-05,2859.84375,0.0483544921875,1.0,0.0,0.0,0.01222240792121738,0.004861611733213068,0.0025370115996338426,0.004117072187364101,0.9625671863555908,0.003695860295556485,0.0057644597720354785,0.004234388284385204,1.0,True
00:04:18,5c41c28e896e090001c03bb0,,0.7194898236754155,,-97.17004068859478,-507.00692999999995,1.3553545,0.737929,2.9017763,1.749353,-1.3469975,-2.8492813,-1.1043565,1.8328574,2.6185894,0.43425410000000003,-2.1633213,-1.9638498,-3.042427,-0.666547,2.445679,2.7604330000000004,-0.049511995,-2.7654276,-2.31702,0.09044575,-3.939523222141317e-08,0.0007817777512089688,,6677.970569887738,7635.723138432094,8.848356859510222,8.08983974136968,9.208614721511038,15.604659003339288,17.831101617582362,12.85871443829371,13.353437644888945,0.44470325,15920.85597826087,0.03891674440298507,0.0,0.0,0.0,0.002853338629938662,5.756169266533106e-05,0.0016473986790515485,0.41649085879325853,0.0013405367062659936,0.0009729430719744414,0.5758260399103164,0.0008113326563034207,0.0,False
00:04:19,59278c090220760001fda664,127.89406898798151,0.799505642162202,0.5831175173970032,-39.697731354774376,-383.45065,90.66322,-4.6745043,-5.8918247,-0.5055233,0.92067295,-6.382821,-8.255082000000002,-1.5141768,2.1261978,-0.4157455,-2.8657448,1.8691153999999999,20.612278,29.355203999999997,-2.4598696,-12.485961999999999,-1.968777,-5.569681,-6.670014,1.0513079,-4.4583618221096864e-05,0.7490273314526656,19.957278047615482,2458.029995496029,2228.6039388839145,12.9582557087302,10.844895955302377,13.637422209314316,16.780113645357844,19.73408606494544,24.261992181281823,27.94540775738749,0.0006473642400000001,3802.265625,0.0561865234375,0.0,0.0,0.0,0.03248408576473594,0.05491710007190705,0.02594419268425554,0.0020876598631730304,0.8392661213874817,0.028656342066824436,0.013206010684370995,0.0034385523525998,1.0,True
00:04:19,5c41c28e896e090001c03bb0,,0.9164640896320336,,-106.65881763688763,-507.33987,,,,,,,,,,,,,,,,,,,,,-1.1380215296706613e-08,0.00024358061208898436,,6651.419987703246,7309.853123235786,8.971011002101498,10.048408671230993,9.930451877424412,10.104655295385042,11.024428712203202,10.854224624869637,11.524802332355561,0.75452036,15591.064453125,0.008544921875,0.0,0.0,0.0,0.004857990844175221,0.00025006167343235577,0.0060418245615437615,0.2484420567750931,0.002773770061321557,0.001700513542164117,0.7351157784461975,0.0008180253877071664,0.0,False
00:04:20,59278c090220760001fda664,147.18083469783332,0.6509845907861125,1.3387240299380019,-35.202599440252655,-377.47794,123.779785,-4.4978228,4.2359653,0.58111477,-4.5127015,-3.143928,0.25087923,-0.7371397,-3.49189,-2.5731392000000004,0.7936923,27.593591999999997,-3.7311034,1.4005212,-2.5805857000000003,-6.854058,-9.91259,-18.548873999999998,-18.19347,1.1455440000000001,-7.406400617141963e-05,1.2129548050019083,17.642998372531878,1882.8428826492059,1536.1914955356788,15.489687190265384,11.163550233410602,14.695472880033732,18.435399307082058,24.90491945302511,21.999891911799637,25.493141490070148,0.00039977167,2438.4375,0.0412451171875,1.0,0.0,0.0,0.042276968806982035,0.07132461443543434,0.014894390385597945,0.0007527930865762755,0.7550631999969483,0.08781108632683754,0.02726311734877527,0.0006138163444120438,0.0,True
00:04:20,5c41c28e896e090001c03bb0,,0.6561463136077178,,-100.66451695277485,-506.74002,16.823936,-5.7807645999999995,4.559958999999999,12.262398,10.8033085,-1.4780883,-10.509362,-9.491615,-2.6614356,7.854805000000001,12.274157,-25.020084,-33.857197,-9.174035,19.63356,26.694426,6.8628350000000005,-15.376473,-16.929632,,-1.2109779829457535e-07,0.0021773986098476005,,6534.985380635644,8304.543631017646,9.064532365508931,9.152330754748476,9.247334756149801,12.449489865373259,12.743462224965274,14.562615722218863,13.266494676777961,0.56756335,16840.533088235294,0.06861909906914894,0.0,0.0,0.0,0.010602718684822321,0.0010834122716914863,0.011499740369617938,0.2854504615068436,0.007500354619696736,0.0073424177011474955,0.6727237462997436,0.0037971446756273506,0.0,True
00:04:21,59278c090220760001fda664,163.293569511953,0.633554706742932,1.8297215493071368,-40.652686766674854,-403.45333999999997,80.90696,4.787428,1.5843472,-2.0737875,-2.0178714,-5.9494524,-9.5148945,-4.5309550000000005,-2.293166,-4.283988,-4.755703400000001,21.29851,15.358818,2.4328446,-2.3465533,-13.294898000000002,-13.412970000000001,-7.992122999999999,-1.1572398000000002,1.010828,-4.8541742564540085e-05,0.8144116553424697,26.810343762209435,2314.3130034199207,2069.064566506569,13.962935427509933,10.086337446236909,14.090762544666527,17.925254304135784,19.9794167214948,22.284358061811048,25.696724119908986,0.0004975752,3216.796875,0.0617919921875,1.0,0.0,0.0,0.14479229524731635,0.04932405948638916,0.036462328769266604,0.003241604857612401,0.5594846904277802,0.14424919337034225,0.06154248788952828,0.0009033963608089836,0.0,True
00:04:21,5c41c28e896e090001c03bb0,321.10495149620283,0.8810681809191266,2.4190744371264237,-37.00948440476474,-287.89943999999997,102.395836,-5.673284,-2.3930342000000002,5.5997157,-3.9755190000000002,-8.608573,-8.205274000000001,-6.5514936,-4.507099,8.923501,-0.48514855,-50.604103,-9.104312,-30.765627000000002,-11.041912,-0.22934780000000002,6.238804,-21.725567,-14.114492000000002,1.4172497,-0.00015264026567905702,2.626829002345696,15.296838679177993,2933.0578325114093,2937.736640110613,9.375864656461896,13.008741853193712,12.907582758769324,18.134031867458084,21.397541727136897,20.119204385246093,34.46046244258298,0.0050808586999999995,5575.078125,0.0679248046875,0.0,0.0,1.0,0.018734341976232825,0.0032052089656644965,0.014931586384773257,0.3562004953622818,0.01767991454107687,0.02795836852164939,0.5532446146011353,0.0080454915529117,0.0,True
00:04:22,59278c090220760001fda664,119.61566215851916,0.6367593220526617,0.7709485489217991,-39.39656409239014,-363.64804,114.07302,4.7500544,0.32204294,-1.9201773000000002,0.10597716,-7.1649020000000005,-8.024614999999999,1.6826236,0.5738331,-8.755746,-5.6256247,6.7660160000000005,4.411506,15.144262,0.95887876,-8.625847,-8.666363,-11.134785,-4.6149025,0.9526131,-8.614231633833196e-05,1.4300194914802615,21.639201492855783,2122.550190135954,1494.9960940251735,14.727393585806775,10.225634773775745,13.282050348216874,16.423470556498067,19.517277419944307,22.72697942647099,25.630258638411142,0.00030223586,2472.65625,0.0395947265625,1.0,0.0,0.0,0.017248856090009212,0.1090484231710434,0.011230093613266944,0.00032641553261782976,0.8024597764015198,0.05209871008992195,0.006884893262758851,0.0007028092164546253,0.0,True
00:04:22,5c41c28e896e090001c03bb0,,0.5161048485783808,,-84.23078156207153,-496.9076,17.487358,3.4405115,3.891003,1.7694337,-4.163793,-3.3992998999999995,5.5577087,6.1945457,-1.1090273000000002,-3.0510447,0.7258635,-9.737252999999999,-4.802504,2.9519333999999997,1.2162131999999999,-1.6274616000000002,-9.479600999999999,-12.29723,-3.0689537999999996,0.64670134,-8.185716733799106e-07,0.01418135970706048,,5576.7683962544,6418.791930219069,11.518952151078384,9.656373655236807,9.999928150703804,13.047897805071532,21.08878598578092,18.16189224668639,16.2836433124712,0.19077235,13125.244140625,0.06470497532894738,1.0,0.0,0.0,0.017582181009597013,0.000878954106675727,0.0081445013971201,0.6934434758233172,0.098409990746794,0.027488791134341488,0.12307701632380486,0.030975106438355788,0.0,False
00:04:23,59278c090220760001fda664,,0.7230884908176932,,-70.03741228491188,-500.17737,9.7377,2.232271,2.266991,1.0086731,-1.0003233,-2.8268588,-3.7408884,-3.5753237999999996,-2.5985105,-1.2460898,-0.0009853095,6.5610037,2.6514237,-0.7934840999999999,-2.9702845,-3.539684,-2.6498985,-0.8767038,1.0011941,0.16953903,-4.33270178250339e-07,0.007343034758207245,,4747.934529018807,2836.0468898800605,13.594150529974772,8.865429297672089,12.711028769361185,19.91283068541237,16.134878970784367,15.639076103183518,16.346226008628847,0.00467545,5794.453125,0.0330859375,1.0,0.0,0.0,0.11753494925796985,0.069143093097955,0.017580022662878038,0.056870576168876134,0.6343635953962803,0.06271831691265106,0.030248095747083426,0.011541327962186187,1.0,False
00:04:23,5c41c28e896e090001c03bb0,165.3645792672447,0.6343126538756395,1.2218071978499658,-30.929644632951373,-275.75372000000004,107.35723,-10.017855,-5.0634120000000005,1.9098821,-6.0146794,-7.8527784,-2.6447675,1.2015553999999997,-1.4537813999999998,0.8837768,-6.9278994,-56.177080000000004,25.941720999999998,-3.567603,-14.453223000000001,-3.4229295,-19.411745,-20.971968,-3.9733693999999997,1.8183569,-0.0001153606208915588,2.0124986010043884,18.380889302675786,2459.311302228979,3417.2184070855487,13.68908288590386,13.169301940247081,13.720479294737627,15.10423084271778,18.620932367446997,19.950545003559128,40.60252511924428,0.0021124727,5132.109375,0.1237060546875,1.0,0.0,0.0,0.0341076886591812,0.01098541410950323,0.03121128321314852,0.24149225555205095,0.15890885796397924,0.11391621734946965,0.3748820188144843,0.03449627147832265,0.0,True
00:04:24,59278c090220760001fda664,106.58165242996401,0.4692283645987869,0.5445459912842717,-35.372916818308845,-343.12787000000003,118.83511999999999,0.25311115,-0.12876073,-5.8767404999999995,1.0581058,0.60952926,-5.3233614000000005,-2.0066025,4.9694023000000005,0.90220237,-5.452936599999999,-5.292517,9.874591,25.056461,4.0579013999999995,-10.710780999999999,-9.510655999999999,-10.01517,-11.490762,1.2888095,-9.133046613622536e-05,1.5209567923335552,28.125189957975522,2418.5991270767213,1979.2095311964167,14.662581770077177,9.478920071689515,14.815192571604369,17.832496092803453,19.52659899105011,24.56948676999189,27.49616890393761,0.00043429419999999996,3065.15625,0.052900390625,1.0,0.0,0.0,0.1333083391189575,0.01498012149386341,0.012322312520700507,0.2842493051663041,0.15293973684310913,0.17880513917189092,0.0416761267464608,0.1817189291119576,1.0,True
00:04:24,5c41c28e896e090001c03bb0,,0.8578620663205165,,-88.28809902143057,-506.38498,4.705489,-2.2358540000000002,-2.4649172000000004,-2.8281287999999996,-2.916049,-2.2822332000000003,-1.6822778000000003,-1.6206323,-1.2823379,-0.5437295,0.16152637,3.1045847,2.088813,1.4896156999999999,0.8245735000000001,-0.5251933000000001,-2.233428,-2.8341644,-2.4133967999999997,0.05761332,-8.688373510111869e-08,0.0016121810220976773,,6423.464195356966,6600.766025653339,10.065297627825665,11.963695614670145,11.136253683189773,14.001887401513605,12.953643483900509,14.137300133797519,15.042699748155437,0.17090553,14396.953125,0.059326171875,0.0,0.0,0.0,0.02027795880308582,0.0035792957900816365,0.016098935157060627,0.3347209973467721,0.1854092607067691,0.028426196374413036,0.366941374209192,0.04454597416851255,0.0,False
00:04:25,59278c090220760001fda664,120.64028655150507,0.9525510710889101,1.1859400126045594,-48.92724244122292,-406.6748,56.687492000000006,2.1424537,2.5651023,3.5560427000000003,-1.2046541000000002,-4.5732503,0.8081497,3.7602458,-1.2159374,-1.6127377,-2.9533167000000002,12.400103,16.73162,-7.3316345,7.787217999999999,-4.1412983,-8.110613,-8.9689,-6.6411643,0.9132879,-2.8921729788319453e-05,0.5042157189799731,29.71793875376717,3493.898149887102,3689.7437588911794,13.01469717513192,8.249445037115855,12.500199088107,16.556799557765213,19.004379608382663,20.231832352538124,29.833597598963088,0.0015504889000000001,6009.375,0.1256787109375,1.0,0.0,0.0,0.02794621158391237,0.01969090527272783,0.0202234928146936,0.048624119535088536,0.6596372425556183,0.019734151428565383,0.013682027650065721,0.19046182855963706,1.0,True
00:04:25,5c41c28e896e090001c03bb0,,0.6727564190000729,,-73.88574292380174,-499.91663,12.716656,-1.8228593000000002,-1.7264605,0.50997925,2.7291248,3.2185435,2.7355661000000002,1.3125194,0.39683520000000005,1.7337141,2.9995363,2.5667443,-2.3244112,-1.3526703000000002,1.0587641,1.0670289,-1.529509,-2.8571307999999997,-1.9544606,0.4128799,-6.047438027274152e-07,0.0102182818109699,,4976.111484508881,4153.576296283021,11.781808071729277,10.670156262977525,13.153724248071173,17.762655783072173,24.050766599275068,21.57924283991095,14.681738455513349,0.01452899,8144.765625,0.0751220703125,,,,,,,,,,,,,False
00:04:26,59278c090220760001fda664,164.17949344238122,0.6113143483711138,1.5622270088023025,-28.657452270337227,-326.05072,148.36943,-7.7503004,8.172494,3.9731596,-2.6399088,-6.444221,-3.9515567000000003,3.7666154,2.8595938999999997,-9.107380000000001,-8.126968,4.4407053,-15.277429999999999,-1.5524124,-7.2477217000000005,-10.191668,-10.981449000000001,-23.544489000000002,-29.007353000000002,1.4331417,-0.00013436134466980756,2.2145045904899807,23.842887171601248,1829.7320893194628,1492.1870293381946,14.190466446751495,12.390629133449645,14.640977205866255,17.316145706478846,24.233080534872126,25.043670151703523,28.844695777539144,0.00037783466,2516.953125,0.037109375,1.0,0.0,0.0,0.05345813445746898,0.008574479329399764,0.00743108415044844,0.0570891696959734,0.6699166893959045,0.06075816685333847,0.017025370337069034,0.12574689984321594,1.0,True
00:04:26,5c41c28e896e090001c03bb0,236.3809735995311,0.5916236420444927,1.2338890503331363,-37.16588336250603,-336.8693,110.48984499999999,1.3670136,0.29550627,-1.4173566,-10.563423,-8.560038,-0.42881298,-1.3188398000000001,-3.8772178,-1.9903593999999998,-4.4052940000000005,-26.287646999999996,-5.7467255999999995,1.0801511000000001,-6.295681500000001,-9.973567999999998,-14.908261999999999,-17.15034,-3.8175657,1.5763361,-9.36140881578236e-05,1.5651055810726309,20.725367818679302,2342.9993076759715,2333.9691222821866,11.367878982886412,13.076275303138685,15.914088409353075,17.178470741848276,19.67221021027549,22.008425342064964,30.14965055469022,0.0057133719999999995,4063.828125,0.0560009765625,0.0,0.0,0.0,,,,,,,,,0.0,True
00:04:27,59278c090220760001fda664,284.3179377346789,0.7062218687135025,32.792583123538165,-64.32943896932359,-488.13037,24.153223,1.6279228000000001,2.29125,1.1211152,-0.7150273,-2.2078283,-3.102473,-3.4909754,-3.307001,-2.4291146,-1.0947196000000001,15.198166,5.7784557,-0.8286858,-4.371748,-5.930076000000001,-5.8776269999999995,-4.0086527,-0.9410837,0.35082895,-9.295078875833418e-07,0.015527178587730887,147.2549201530718,3701.5169961150646,1992.775672326862,14.062028917999482,8.17201779921648,11.226659461289037,18.820836172566672,16.855141044282565,15.218511014727627,18.52473820114597,0.0015229929999999998,3056.953125,0.0298095703125,1.0,0.0,0.0,0.03114947155117988,0.01584744278807193,0.008097409270703794,0.083471061848104,0.5624309182167053,0.06891532149165869,0.008178364485502243,0.2219100296497345,1.0,False
00:04:27,5c41c28e896e090001c03bb0,224.22943578735646,0.8651810113974383,1.629215179244496,-34.2855743655598,-345.61395,126.964096,-10.98,-9.507584,-5.078706700000001,-7.9433975000000006,-12.231167,-5.8404045,-3.4263945,-4.9702720000000005,-3.4762223,-7.080202000000001,3.0846581000000004,17.346443,8.609785,-0.15556185,2.1486522999999997,-8.996274,-4.8956265,-3.9697443999999997,1.7044202000000002,-7.339292426356773e-05,1.2332810445688518,16.43649651651034,2148.893078494973,1891.3208276737612,13.845844489044195,13.03938661166108,15.955969528561006,16.768387701791927,16.609033436401365,19.36764963741967,29.66483190843423,0.009678743,3427.96875,0.0489306640625,1.0,1.0,1.0,0.021395730453410318,0.009026871844460922,0.003014831545962287,0.04841666435822845,0.12427088777933802,0.030926873840923817,0.7625219055584499,0.0004262346088320816,0.0,True
00:04:28,59278c090220760001fda664,,0.7323834937131464,,-70.96488234453778,-502.79117,6.556271000000001,1.0263201,0.8964627000000001,0.22125033,-0.69241166,-1.4837053999999998,-1.8935102,-1.8563827000000002,-1.4979721000000001,-1.0509709999999999,-0.73652226,4.727422,2.3267130000000003,0.07209183,-1.433039,-1.9025408,-1.4393677,-0.45644858,0.5120241,0.14076133,-3.28051155881842e-07,0.005607849311757187,,4868.027279069447,2770.796264122153,13.892451029459536,7.750449529478878,10.887585405163284,20.298303825723828,14.971286186842626,14.322319503783081,16.732237893720384,0.004258406,5509.21875,0.0301416015625,1.0,0.0,0.0,0.21487166061997412,0.029992005415260793,0.03504679650068284,0.08566323602572082,0.4665195912122727,0.08622448984533547,0.05697371121495962,0.02470851950347424,1.0,False
00:04:28,5c41c28e896e090001c03bb0,230.5706646276396,0.8476332874207219,2.9434952146853663,-27.07099153530251,-242.37627999999998,129.11417,-10.170478999999998,-12.536467,4.7472,-1.3581631,-7.803903,-2.245797,2.2363837,-0.49906158,-4.216238,-6.507425,-53.362637,29.968006,4.6639752,-11.217822,-7.1604247,-25.046757,-22.16755,-0.42961955,1.714423,-0.0001449607063808521,2.4850969779571543,18.633497489536268,2447.3326650700346,2830.0891653871754,11.253459433170741,12.150686753892385,15.780441829704461,15.923016400104865,20.606932874390488,22.219855642079807,40.376460188991096,0.0016635275,4992.421875,0.0856640625,0.0,0.0,0.0,0.008755286666564643,0.000702970352358534,0.005576870561344549,0.18678195476531986,0.008686442696489393,0.004237427609041333,0.7845366865396499,0.00072238348366227,0.0,True
00:04:29,59278c090220760001fda664,,0.7050580785842332,,-54.12246183892454,-458.22365999999994,54.596194999999994,3.3670037000000006,6.773082700000001,1.9045258999999999,-4.6236752999999995,-5.3571157,-1.703324,-0.23948285,-2.3340852,-2.7704716,0.43728632,24.05666,3.6371138,-2.5210042,-3.729386,-5.142918,-7.298805000000001,-8.373346000000002,-4.433199,0.6185178000000001,-2.7793786313365454e-06,0.04603950309081537,,2472.8181488192336,1432.170145797863,13.433878957396367,8.281683458223734,11.39901098269536,17.376148838763527,21.587728010180122,19.81104391133769,18.360898504155948,0.00032806772,1905.46875,0.0368505859375,0.0,0.0,0.0,0.4691509068012237,0.007884675869718194,0.05591847710311413,0.03552550971508026,0.3492577334865928,0.029147867579013113,0.03919254057109356,0.01392228724434972,1.0,True
00:04:29,5c41c28e896e090001c03bb0,,0.4676319965231595,,-84.04435647991079,-506.20275999999996,2.2585382000000003,-1.9654638,1.2112517,1.8295974999999998,0.037456922000000004,-0.099359326,0.92840666,0.018376935,-1.4832311000000002,-0.6249274,1.1717578000000002,-3.2346916,-3.4408512000000004,-0.4300138,1.2067591999999998,1.9824575,2.4564402000000003,0.4529102,-2.5484709999999997,0.21755622,-1.2608598837214058e-07,0.0023337527929866426,,6237.2801606581925,6632.2757996955725,11.071778644715765,9.107464619538737,10.288982733916756,17.29147094979839,21.772198298371798,18.101879096698674,15.114344031757353,0.06040367,13975.78125,0.0823876953125,0.0,0.0,0.0,0.021570172719657426,0.0009322637619334274,0.00901712643681094,0.3129670470952988,0.013314807787537577,0.007327258680015801,0.6313310205936432,0.0035402763372985647,0.0,False
00:04:30,59278c090220760001fda664,211.1219690552338,0.6783477647664323,1.3588184600416984,-23.377500336429176,-309.09488,160.0002,-4.4656769999999995,-1.2713541000000002,-5.631739,-7.796710000000001,-7.328332400000001,-7.3918257,-6.050408,-6.3924203,-8.581538,-8.148804,13.687410999999999,-2.9915462,6.990761,3.6898942000000003,3.4338665,4.884754,-7.3568869999999995,-11.98773,1.239787,-0.00010332307846955332,1.7087488716435133,9.429979362797509,1529.8940917224945,1153.437188498327,13.52241067942848,15.056248068664718,16.544403778598635,16.257435227554787,23.307643324108597,23.46471116349555,30.507160864666282,7.0080925e-05,2047.734375,0.027392578125,0.0,0.0,0.0,0.2982839748263359,0.04775692112743855,0.05234191641211509,0.010397023940458891,0.44563292786479,0.10099720060825347,0.03562103621661663,0.008968999795615672,1.0,True
00:04:30,5c41c28e896e090001c03bb0,,0.7951761119970331,,-79.05071655488176,-501.20105,16.176785,3.3881601999999997,1.2892379999999999,-0.3942409,1.0713446000000002,2.3001504,-0.061741184000000005,-2.6961179,-2.0405467,-0.10251115,0.2868363,6.889410000000001,5.3325309999999995,8.585524000000001,10.420019,10.217905,8.185906,5.161358,3.7973042,0.36995953,-9.954971325815146e-07,0.016417632742539674,,5110.623201262672,5692.303639049919,10.81728770470724,9.446712933417997,11.554997749872816,19.182956213213746,22.62354557984081,20.85794602096084,15.946432752037456,0.09790498,11055.0,0.0837841796875,0.0,0.0,0.0,0.03280112324282527,0.006678156336420216,0.005572444177232683,0.0696579959243536,0.020086494868155568,0.10343830194324256,0.7581241071224213,0.0036413866910152133,0.0,False
00:04:31,59278c090220760001fda664,,0.7377254984130829,,-57.172918927551024,-471.91763,44.74568,2.429032,1.9313502,-0.5612361,-3.5856595,-5.6120980000000005,-5.799417500000001,-4.372912,-2.2551386000000004,-0.19037217,1.4443781,29.455755,11.700444000000001,-2.2288194,-9.350977,-10.257966999999999,-7.438777,-3.3035295,0.43765828,0.4850707,-1.6775939377307361e-06,0.027608240362955592,,2698.7503450281947,1286.0561386662855,14.466244767410078,8.145766463463074,12.37751719061334,19.482721869191067,18.95520876485805,17.471319486763388,18.100211414813124,0.00025671683,1347.1875,0.0267041015625,0.0,0.0,0.0,0.2360716320574284,0.09710037615150212,0.08566503301262855,0.0547002607723698,0.2685699611902237,0.12584610655903816,0.10280166007578373,0.02924496359191835,1.0,False
00:04:31,5c41c28e896e090001c03bb0,86.24106240191065,0.7003377031118042,8.410053689577326,-65.3891433367005,-478.1869,35.74006,9.11762,3.7543826,-0.0790042,-1.5477969999999999,2.7626727000000004,4.7042913,0.12640825,-0.24191366,2.7116919999999998,3.559278,1.1482285,-0.79587275,5.3207,7.637302,9.634261,6.055153,5.782,10.798999,1.1287982,-3.8210498046234325e-06,0.06395321599533606,55.96902288734208,4245.566146313714,3873.834989598823,10.42383058849358,8.465644654594225,12.537146421376585,16.85509610197159,20.99112905662234,20.798494398070453,20.54319330394992,0.011673125,7490.390625,0.09177734375,0.0,0.0,0.0,0.04030353799462318,0.02691401820629835,0.005688266851939261,0.033417925611138335,0.07078509833663701,0.26043147444725034,0.5442696750164032,0.018190019158646462,0.0,True
00:04:32,59278c090220760001fda664,206.88645248589054,0.6228941377107339,1.9106234884728268,-30.814891062217804,-316.68448,108.73902,-3.6760328,2.7002382000000003,4.2063227,-4.4358177,-7.9322987000000005,2.5263647999999996,5.28414,-3.905183,-8.540714,-5.4160805,-24.587677,7.376290299999999,6.929197,-0.62617224,-8.706437,-13.56749,-25.528744,-21.31824,1.3775206,-0.00013277143129852335,2.2199229041622117,20.741863423652557,2570.0846492045553,2518.8998240850783,15.74875707006046,12.320675552446295,16.970542063507356,19.50175855511825,22.6450617638227,23.294567652468057,31.75863052815889,0.0004914948400000001,3841.171875,0.073564453125,1.0,0.0,0.0,0.1565184745937586,0.08494226187467575,0.014043000526726246,0.04576386390253902,0.3824245661497116,0.19118885695934296,0.0676619704812765,0.05745701864361762,1.0,True
00:04:32,5c41c28e896e090001c03bb0,,0.544178168873788,,-81.79627942532356,-504.77902,7.427224000000001,-1.8322394,-0.561188,-1.2263178,-4.0002949999999995,-4.854315799999999,-3.8774583,-3.1061558999999996,-1.8119532999999999,-2.2771150000000002,-5.036403,3.6160529,3.7395093,4.2228684,4.26626,3.6833608,0.6627268,-2.2245967,-2.695267,0.21418332,-1.896485545455224e-07,0.003378814494777445,,5702.665485607773,5894.715517631635,12.435048074411831,12.040284424894454,12.579379107089094,19.251999240950454,21.209316421782,22.134225818167877,16.376180236997723,0.05867597,11738.671875,0.083681640625,0.0,0.0,0.0,0.06212735418230295,0.03866557823494077,0.01949923750944436,0.07684344667941331,0.18987739766016604,0.1898075111210346,0.3717408776283264,0.05143862226977945,0.0,False
00:04:33,59278c090220760001fda664,182.53710013011687,0.9301825763041128,1.6710834153217788,-41.95964020642815,-380.28665,102.356735,-3.0683591,9.464483,9.135925,-5.346893,-8.478566,-0.92463493,1.9914319999999999,-1.0277402,-7.3622007,-5.367671,4.2872505,-0.19909541,4.308813,-11.572732,-12.546197,-11.444188,-13.596565,-10.915813,0.64674836,-7.279328488725892e-05,1.206149666466762,17.033253955793235,2200.890432835144,1419.4241215468537,16.673603040658087,11.166680957146996,13.901658718254518,17.70706683695139,20.733214325399704,20.385361036164863,25.727576929364623,0.00019998268,2200.3125,0.03123046875,1.0,0.0,0.0,0.03587394952774048,0.0986766517162323,0.009958999184891579,0.01461919522844255,0.3759274840354919,0.2813447505235672,0.025846194103360174,0.15775279141962528,0.0,True
00:04:33,5c41c28e896e090001c03bb0,,0.6463348709691821,,-81.1484688124568,-506.72238,0.8161329,0.17901237,0.8689565,0.8638035,-0.34644714,0.452625,1.2512126000000001,0.46533874,0.6584466999999999,0.5405518,-0.41556558,-0.67991173,-0.022930626000000003,0.28559393,0.99555844,1.379625,0.27021205,0.23767629999999998,0.60459363,0.04483549,-9.826129967408332e-08,0.0019623082373686268,,5654.904676698948,6675.387573367806,11.288297170989544,11.269901642732284,11.19985613101684,15.236933166748257,23.20589118759925,24.626689535297665,17.239998645247304,0.035763975,12369.375,0.158642578125,0.0,0.0,0.0,0.1322034476324916,0.004469835176132619,0.0495809655636549,0.15631270185112953,0.020004128018626943,0.15778871551156046,0.4052311912178993,0.0744090087711811,0.0,False
00:04:34,59278c090220760001fda664,162.4151675154459,0.5768530071590826,1.3003624195475834,-23.64147047625146,-275.60323999999997,161.39795,-2.1994596,4.192667,2.3445240000000003,-7.156541000000001,-6.633064999999999,1.1838571000000002,-2.548022,-4.272575,-3.2550178,-2.6703533999999998,-32.33259,-21.20758,17.256270999999998,7.3315673,-3.3227483999999996,-6.431878599999999,-18.43083,-17.269438,1.7237338,-0.00013787861258370414,2.2985241132842438,29.119053112145185,1727.9178393361738,1907.033069291497,15.21912998301179,11.825084784532773,15.542348919676106,17.268621968470427,23.067397082752727,25.537452329772854,32.617932108980874,0.00010002212,3029.765625,0.061171875,0.0,0.0,0.0,0.12637386452406646,0.08190030418336391,0.006975375115871429,0.04995629135519266,0.3697530835866928,0.2380981549620628,0.022207925282418727,0.10473501533269884,1.0,True
00:04:34,5c41c28e896e090001c03bb0,,0.5271712056828751,,-73.75417790643208,-488.1618,24.099464,1.4763209,-2.1614225,0.1063693,0.09453085,-0.09837279,1.8913508999999997,-0.56105894,-2.5699742000000003,-0.77492696,-0.28388497,-8.753891000000001,2.3278487,6.664142999999999,0.39615268,5.646916,3.4903478999999997,-2.1352549,2.1403234,0.9854593,-2.953791431659526e-06,0.0503715576254696,,4419.339667892635,5301.971504495056,11.056953395090497,9.144625073357656,12.820435133513147,16.47243537207368,18.31044243222711,19.202617379793523,20.699483945945662,0.039260298,9193.59375,0.13498046875,0.0,0.0,0.0,0.09974546134471893,0.020183530729264026,0.14042760729789733,0.05165030043572187,0.10017639086581767,0.18191330060362812,0.3739630058407784,0.03194040050730109,0.0,False
00:04:35,59278c090220760001fda664,138.11351137085077,0.9168671011056692,0.3195996702693513,-18.453067857181424,-220.57617000000002,180.41788,-0.6071043,7.2587967,-0.30555248,-7.7165947,-3.2193365000000003,2.2825263,-1.8202081,-1.2914139999999998,-5.8690434,-7.502699000000001,-54.210125,-6.450126999999999,27.482934999999998,-7.403756,-10.473486999999999,-5.221971,-22.000944,-22.740837,1.499739,-0.0001886055519198205,3.164422747250751,26.016785363703193,1670.9744003209496,2258.044507135774,15.094863062570855,12.888175562061262,16.23538390503408,16.984399983194294,22.752765208105174,28.91745279265648,36.31593590905817,0.00013052917,3907.734375,0.0773974609375,1.0,0.0,0.0,0.1840371072292328,0.022436745138838886,0.02481404091231525,0.08676815815269948,0.5648042619228363,0.03546980051323771,0.05347004383802414,0.028199841547757388,1.0,True
00:04:35,5c41c28e896e090001c03bb0,,0.9250338988932988,,-78.53071042639601,-493.86102,27.637533,-3.890976,-3.8981687999999997,-3.1212053,-3.7559078,-5.960642,-6.913107000000001,-5.511513,-4.754163,-6.2548103,-6.5708466,8.890574,-1.9158266,-0.7947844000000001,4.735004,7.11005,4.759616,0.7561626,-2.2840697999999997,0.79057837,-1.5601885880289404e-06,0.02580156674418196,,4729.4020431508225,4041.574297668905,13.770416634347384,9.750300115488939,12.18904889703808,15.37255901811447,17.83144418605842,19.309337259359094,14.96713706111973,0.26348746,8341.724537037036,0.0467685797275641,0.0,0.0,0.0,0.02695320313796401,0.05759190078824759,0.04567756066098809,0.023010391579009592,0.5750665664672852,0.1367769531905651,0.10692608952522277,0.02799731874838472,0.0,False
00:04:36,59278c090220760001fda664,156.93614623791618,0.9222142721019946,2.0091337575082986,-40.04832539837062,-382.60083,100.31765,-3.2457705000000003,-1.5676378,0.34447607,2.5127485000000003,-1.6196166,-4.3283486,0.11804351,3.9881947,-0.00254228,-2.691888,4.069736499999999,7.0308649999999995,21.956888,1.1293292,-10.086533,-8.134972,-11.008214,-9.673502000000001,1.2444285,-5.810177065948649e-05,0.956497986531034,30.27269317522121,2210.787720885739,1701.5546235459894,15.291522019271062,10.141198920415334,14.490558030397574,16.290601918766313,19.188647933717945,22.23891732457873,25.738234752675943,0.00037097794,2800.546875,0.0427587890625,1.0,1.0,0.0,0.053516221977770326,0.018059634417295457,0.006847316608764231,0.008234524738509209,0.8403821349143982,0.02049962673336268,0.04954510675743222,0.0029154606483643877,1.0,True
00:04:36,5c41c28e896e090001c03bb0,,0.9385550235697316,,-92.44201903335846,-506.28705,2.7242153,3.2533708,0.44458255,-1.0326591999999999,2.2562935,2.384664,-0.87258804,0.10183500000000001,2.291464,0.57884634,-0.031123936,0.8584734,3.5957258000000003,3.6486986000000003,1.2648753000000001,2.2896520000000002,2.9770896000000002,0.8560593000000001,1.5734317,0.10053104,-1.310361974481014e-07,0.002370228086765746,,5985.800298640923,6181.781443040968,10.839579457166264,7.9880783205728205,12.024225832010718,12.27697764548418,17.119796790353742,19.72959468328966,13.31883007313774,0.30622578,12766.11328125,0.06280048076923077,0.0,0.0,1.0,0.016496462235227227,0.05279383836314082,0.008789120148867369,0.02338573080487549,0.5714808285236359,0.1403301279991865,0.1583031054586172,0.028420783160254363,0.0,False
00:04:37,59278c090220760001fda664,127.23208100337784,0.8576594307329536,1.3931754297384231,-21.041457745317125,-289.27258,137.39229,-5.988841000000001,3.2551572,-2.2603817000000004,-8.627932000000001,-9.904187,-4.0035553,3.2078056,-3.2576148999999996,-4.353592,-1.9604409999999999,10.788007,46.01082,22.704062,-7.8485913,-17.68412,0.505792,-12.845444,-24.333824,1.5410734,-0.00010455574603383703,1.7608745362018214,16.077045040057982,2102.967290387727,2572.403314795379,15.965488925050302,12.587927574241546,16.999181380119776,18.868161142530987,25.55961272081057,28.195772368391843,35.98708299342565,0.00027084200000000003,4273.59375,0.086923828125,0.0,1.0,0.0,0.014081712812185287,0.005791287589818239,0.0019423738005571066,0.001949615532066673,0.9676964044570924,0.003128316928632557,0.004440196929499507,0.0009701122413389383,1.0,True
00:04:37,5c41c28e896e090001c03bb0,,0.650617319670047,,-106.97277991187073,-507.33987,,,,,,,,,,,,,,,,,,,,0.003251791,-7.899803728693898e-09,0.00017257377243447088,,6566.681469063302,7966.824511290808,8.264596428651,7.914666744333638,8.544940245216983,9.107657383654134,10.118213596534341,10.711578613986713,12.443951011073034,0.66389495,16298.011363636364,0.00653076171875,0.0,0.0,0.0,0.00745804881444201,0.07822950687259436,0.00362574151949957,0.00807302531320602,0.7061075687408447,0.11435712240636348,0.04237770773470402,0.0397712747566402,0.0,False
00:04:38,59278c090220760001fda664,145.05984282315973,0.3125495175161549,2.219526710553771,-25.94915764483372,-290.24762000000004,149.5872,1.2770615,2.796661,-0.82647246,0.58657795,-5.598481,-2.214204,8.825878,0.23045279999999999,-10.191730499999998,-5.9549017,-10.985182,2.4705415,7.0967326,-8.16762,-7.0350733,-6.848925599999999,-24.371563000000002,-20.84188,1.6610956000000001,-0.0001313564297265398,2.1859589623568247,36.1834505534705,2009.772560106638,2242.0374231990027,14.53280750464335,10.34205485359651,15.305526214371133,17.166336878606913,22.560580666852246,26.21822771691997,32.81129742091118,0.00031301062000000003,3982.5,0.0699609375,1.0,1.0,1.0,0.05734322001226246,0.017135958606377243,0.006618477468146011,0.006326572102261707,0.8574246287345886,0.011423684605688322,0.041652773882378834,0.00207469949091319,1.0,True
00:04:38,5c41c28e896e090001c03bb0,,0.5369201842391849,,-85.49727091271963,-503.35147,4.298514,3.5540605000000003,0.67413783,-1.2917546999999998,-7.721536599999999,-4.5542445,4.8245344,2.0105326,-4.6036763,-4.998189,-3.1322677000000003,-5.7604322,0.6981696,2.6951478,6.436897,8.298967999999999,-4.2907033,-7.3121979999999995,2.9808638,0.31809315,-4.840643531216254e-07,0.008963464922920557,,5288.381894135349,6414.763256533905,11.242966938184951,8.398439787478852,10.414758542430944,14.25133358414899,20.9257963107723,16.35667295597496,16.87712260355348,0.28455356,12187.224264705883,0.07436810661764706,0.0,0.0,0.0,0.007687180046923458,0.04542719141463749,0.009405413502827286,0.075130954652559,0.6410421384498477,0.12730280349496753,0.06826093746349217,0.02574336035177112,0.0,False
00:04:39,59278c090220760001fda664,155.13297254568946,0.7897109942485537,1.8991838367565543,-23.828315023095552,-303.3222,147.95845,2.013845,-0.11132615,-5.6438775,-5.8615985,-6.747279600000001,-2.7486725,-0.7636505,-1.8826326,-2.1847167,-0.07242219,-8.696201,4.772113,21.814062,-0.08443006,-7.711522,-9.042991,-22.376919,-17.433928,1.7553383000000002,-9.962992199980866e-05,1.658882143676281,30.901283473777386,1707.368905628794,1886.9957935631244,14.266182268921556,11.846700851412695,16.955540529558654,16.826119927585207,23.105553520545104,24.88303958135276,31.510529894346647,0.00010740051000000002,3165.234375,0.056640625,0.0,1.0,0.0,0.009198444662615657,0.008726803842000664,0.0015259969630278649,0.003053109860047698,0.9495286107063292,0.005236429709475489,0.021500639896839858,0.001229979970958084,1.0,True
00:04:39,5c41c28e896e090001c03bb0,,0.9971899962159114,,-81.78035865993434,-505.5491,4.487571,2.4679956,4.523553400000001,3.8297942000000003,1.4287703999999999,0.16933003,1.4120656,3.5967949999999997,4.172013,2.5091615000000003,0.4614602,1.268782,-0.025599307999999998,1.7768830000000002,4.316046,4.465472,1.9078956000000002,-0.55229527,-0.21925506,0.10869475,-1.3180980342027804e-07,0.002316016354487765,,6147.744551478208,5309.210571158896,11.197303468881334,8.540067780863923,15.286290524773516,18.748865667158547,23.47059992193867,13.543643720854863,14.299591295760484,0.03917901,11898.046875,0.0358349609375,0.0,0.0,1.0,0.013067744858562946,0.001808140243520029,0.0039330062456429,0.06345950737595557,0.07200601364020258,0.005062191732577047,0.8390870332717896,0.0015763728704769164,0.0,False
00:04:40,59278c090220760001fda664,124.0767238283482,0.8773150887717719,2.0130347715596058,-34.55834017716278,-347.95837,130.282,0.015639512,6.565972299999999,-1.001017,-2.727234,-3.912126,-5.3532269999999995,-3.0060518,-6.949856,-12.043521,-3.5894239999999997,2.0888734,-3.8937727999999994,14.021607999999999,-8.061017999999999,-8.094793,4.032543,-11.726019,-18.559313,1.0037049,-8.044411819803203e-05,1.3345945309628398,13.693076174139204,1741.6970817404085,1522.7815798747147,14.451163092076788,10.657730776896503,13.706686718124995,16.188665096605288,20.54155366446631,27.68311111987021,26.02413119590929,0.00016307473,2773.359375,0.0399560546875,0.0,0.0,0.0,0.01946835070848465,0.014184605330228806,0.004111685534007847,0.0025010906509123744,0.9361345291137696,0.008624422666616737,0.01224818592891097,0.002727163472445682,1.0,True
00:04:40,5c41c28e896e090001c03bb0,222.4777865240806,0.7660433405306643,4.740981835733413,-74.46740797800771,-426.2199,86.89811,-5.460827,3.4823065000000004,7.569566,-7.651897,-9.525556,-2.0910401000000003,-4.556587,-4.865276000000001,3.305704,-10.048211,-47.46294,7.404891,-21.25853,-7.5462275,4.288653,-16.705285999999997,-18.743767000000002,-4.7981615,2.0573142,-6.072536233848721e-05,1.05701525727145,37.161051526671464,5112.634163069525,5927.809704779062,9.485024520230553,9.49392729688632,11.39223121483594,15.786168990469609,19.70109384358231,15.466417069847028,22.025765843483615,0.23642710000000003,11766.157670454546,0.07637683256172839,0.0,0.0,0.0,0.014473498053848744,0.04040721580386162,0.015429763402789832,0.036824780190363525,0.4057376101613045,0.09006984960287809,0.3870249852538109,0.010032270289957523,0.0,True
00:04:41,59278c090220760001fda664,150.28387724949013,0.6450910762037038,0.8568760078201572,-37.55908751013249,-400.63052000000005,101.399734,-6.262519,-2.87703,-6.049069,-7.205858,-5.595795,-3.448607,-0.30328235,0.8354004,-1.9632173,-2.727226,23.911392000000003,6.144049,18.814120000000003,9.62739,-10.689931,-19.434038,-19.884134,-15.21209,1.2414256000000001,-4.9978922638214115e-05,0.8217602693117376,29.748661302362642,1916.167916691292,1597.7197484055328,13.682057469877162,11.655536741066935,15.897058699553149,15.765821150881909,22.140993064467764,22.89567491156748,24.654726473964892,0.0006749696300000001,2832.65625,0.04462890625,0.0,0.0,0.0,0.005600866628810763,0.003051540558226407,0.0012028747471049428,0.0008983255596831442,0.9861450314521788,0.0010522587923333048,0.001454950764309615,0.0005941670620813966,1.0,True
00:04:41,5c41c28e896e090001c03bb0,162.45431727022608,0.551446033937021,1.988292529010384,-30.59280738178065,-273.52066,129.66248000000002,-0.9134684999999999,-7.362025699999999,-0.15014613,-2.4293007999999996,-4.9943333,0.087791,-3.8058120000000004,-3.4938633,-0.28036300000000003,-9.074516000000001,-45.882374,9.013899,1.904259,-5.466735,4.294667,-15.199709,-20.53806,2.622678,1.6518875,-0.00011343105872812517,1.953762864250657,34.113752664494484,2278.253721094809,2763.039178268032,14.817567151423185,10.823933957422877,12.18730425174028,14.325507097798365,18.59325301369502,22.25625025038665,36.23340164802214,0.002074129,4490.625,0.0950244140625,0.0,0.0,0.0,0.04309222996234894,0.01805599202634767,0.062030791072174914,0.24796002805233006,0.11281735189259053,0.06732262354344129,0.4176180317997932,0.031102978938724844,0.0,True
00:04:42,59278c090220760001fda664,156.70948812331426,0.6562575368537421,1.5950038502773003,-27.323378260100835,-300.545,145.96793,-2.6630647,1.3757437,-5.4653506,-0.31748593,-2.3090043,-8.832173,-2.203368,3.9807506,-5.412197,-6.105382,-15.665378,5.095673000000001,18.385168,-16.55828,-17.976793,-3.1855027999999996,-14.417535,-21.765568,1.5263577,-0.00014487190487684994,2.4042130520967326,28.767221244970866,1981.2236337115344,1723.8526148759665,15.326362418863411,12.599257792627027,16.466957747949323,17.695884578789165,20.22445542876245,27.76573040480234,31.33774990810272,0.00031207214,3380.15625,0.0389794921875,0.0,0.0,0.0,0.007561738695949316,0.004431494744494557,0.002573322877287865,0.0021914926124736666,0.9761331558227541,0.0021941046463325622,0.0012988807633519176,0.0036158053437247866,1.0,True
00:04:42,5c41c28e896e090001c03bb0,,0.8591156430260205,,-90.97745448500228,-506.6496,3.032277,1.8792517,1.6971393,1.1485279,0.63715893,0.5148789,0.646364,0.5833658,0.12761869,-0.42186254,-0.6431753000000001,2.6256744999999997,2.4867472999999998,2.6975398,2.869197,2.6307757,2.0953605,1.7210014,1.7415373,0.054100115,-6.492439736874502e-08,0.0012049017489046256,,6426.426238254513,6114.839098357565,13.335051893403966,10.560679557395638,9.792082100054458,11.78746313091095,14.620390309663042,14.000975836275432,14.055746065692448,0.2296723,13803.869912790698,0.028779871323529414,0.0,0.0,0.0,0.029090787004679437,0.012869193160440771,0.02344004916958511,0.3121147096157074,0.20395355504006146,0.04404293557163328,0.27747745662927625,0.09701131535694003,0.0,False
00:04:43,59278c090220760001fda664,117.1354701123947,0.8751900236619979,0.37262897986595855,-22.18897837396649,-267.28174,170.52919,2.9715292,-3.2134035,-6.287135,5.999253700000001,3.04446,-3.8457358,-1.4136641,-0.41695082,-5.0927753,-3.4137871,-19.979362,2.4672725,34.576874,11.777911999999999,0.5518395,-8.122636,-27.18195,-19.67468,1.7458755000000001,-0.00012751748318215518,2.1237910799745694,29.865124246114483,1593.8625694536734,1846.590821216394,15.815381986797288,11.620090712793546,15.802327306525164,16.384015781551398,23.04242497739789,27.193774174695353,31.929444444327284,6.428281e-05,3097.265625,0.0614306640625,0.0,0.0,0.0,0.4678835600614548,0.006724855036009103,0.027373953722417355,0.08465443216264247,0.12562895277515054,0.12491689585149288,0.018388935737311842,0.14442842975258827,1.0,True
00:04:43,5c41c28e896e090001c03bb0,,0.6755478555005948,,-101.38598113328173,-506.89599999999996,2.4509057999999997,0.21632039999999997,2.2562830000000003,0.84726214,-2.3717055,-3.7741957000000004,-1.9108573,1.003284,1.7874361,-0.11576002,-2.2306836,-1.3401576000000002,-2.6304898,-0.10915250000000001,3.123125,3.1748383,-0.16957237,-3.2777197,-2.8886876,0.10021619999999999,-5.604310296555992e-08,0.0010508171124473298,,6409.206595380432,7415.366143024627,8.822960274563142,9.846343451425929,9.551084956262514,13.304459328774426,15.620367012584548,11.985016919872475,12.375447623062193,0.5905089,14857.730263157895,0.03853934151785714,0.0,0.0,0.0,0.029935459233820436,0.034142307005822665,0.036748470924794684,0.10258634984493256,0.4244443714618683,0.10664627589285372,0.14405439496040345,0.12144238017499448,0.0,False
00:04:44,59278c090220760001fda664,115.220206003789,0.8723373306151786,0.4415309533769808,-17.921756844487184,-258.7411,194.36733999999998,-7.9768553,-1.9752933000000001,3.092911,12.227297,-1.3851962,-18.7443,-3.3104877,10.377291,-7.848859,-10.409256,-2.7920372,-1.9484481,16.606287,-18.304071,-8.770934,9.655375999999999,-12.742742999999999,-23.394026,1.4117911,-0.00015663339376437206,2.59489399833536,23.28858224753222,1360.3858044222454,1296.343303514116,17.201440356179646,12.56468567659935,16.336310554036118,17.313040579681985,22.618251388100713,30.95434443786277,32.332445563146074,3.7392237999999996e-06,2404.453125,0.0369287109375,0.0,0.0,0.0,0.2914750464260578,0.043738920614123336,0.06199456602334976,0.014545180252753196,0.423709723725915,0.13258452489972114,0.028182394616305832,0.003769674070645124,1.0,True
00:04:44,5c41c28e896e090001c03bb0,,0.8020880586975881,,-85.24195548453145,-506.08167000000003,-0.31356168,0.37541482,-2.2702857999999995,0.054516733,-0.25598493,-1.8559461,-0.73097676,-1.1510479999999998,-1.531674,-0.7421380999999999,-1.5316185,-2.6990619,4.8262485999999996,1.6676607,-2.1302328,2.5663080000000003,0.9193323,-1.9603186999999997,1.5246049,0.192072,-1.735555411408756e-07,0.00334530047475217,,5974.106145211642,6989.317694555592,10.273301555747214,12.178747001614301,10.613893986255404,16.178063083745872,17.669305539985288,18.696470500262762,17.123940935991264,0.10769513,13919.700386597939,0.1032689674613402,0.0,0.0,0.0,0.08174946382641793,0.020598853589035567,0.0579337652772665,0.15406129881739614,0.10981065763626248,0.22292605191469192,0.21585289537906646,0.13706703074276447,0.0,False
00:04:45,59278c090220760001fda664,115.55816165008464,0.4121575139367804,0.5772661611979685,-33.398078306353014,-334.87199999999996,119.60994,-0.64741766,-5.4221473,-0.8328333,3.9572684999999996,-4.5861434999999995,-6.212315,2.1433127,2.3267205,-5.2318935,-5.2776685,-3.6353443,22.101482,30.853724,-0.20380753,-13.9639635,-9.9762535,-12.185547,-7.0461925999999995,1.5519097,-7.275000742038609e-05,1.2194564115805446,42.174927348350494,2196.4746530742063,2020.8450083573168,12.936585496099449,9.123118116743738,14.63839911681815,15.169200551085124,19.550226734915267,24.042396090672987,31.020949106787015,0.000317688,3727.03125,0.0545458984375,0.0,0.0,0.0,0.2675391614437103,0.01631447277031839,0.11270560920238495,0.15494418367743493,0.10130784269422292,0.2435553580522537,0.05173817947506905,0.05189519263803959,0.0,True
00:04:45,5c41c28e896e090001c03bb0,,0.9242867205499156,,-89.26748954082254,-494.81537000000003,43.17737,3.39925,-0.2590455,1.4920280000000001,3.7624185,1.5021248999999999,-0.67849517,-0.34045290000000006,0.45200619999999997,1.9917713,1.8639731,0.49611667,-0.30739504,4.9201440000000005,1.9378859,4.591724,5.096389299999999,3.2549542999999996,5.0309443,1.2992685,-1.725377902180098e-06,0.029181511662493324,,5620.949568280887,6179.367313650769,12.03801002829735,11.41010505306015,10.443135239072415,10.678974172575352,13.803968945953164,14.247546880411429,16.355396693883716,0.30762985,12685.403963414634,0.05626220703125,0.0,0.0,1.0,0.07299945987761021,0.016631578141823408,0.06772593818604948,0.060583863966166975,0.01877478398382664,0.3116424009203911,0.38652994483709335,0.06511202529072761,0.0,False
00:04:46,59278c090220760001fda664,118.16983335476247,0.6066002682139597,1.942201871719906,-21.359961538225754,-271.5438,159.80458000000002,2.6080167000000003,-13.238848,-13.74022,6.383174400000001,-1.6726172,-7.626030999999999,6.3745227,2.1240153,-11.303511,-0.90413475,-26.855743,17.907446,59.592307999999996,10.195702,-18.139860000000002,-15.254608,-30.401363,-19.74055,1.3275298999999998,-0.00011765642303528298,1.9628839658215604,10.630330419228846,1813.7215251843202,2137.2503477339396,16.010449075224127,12.648157615784884,19.392825561148282,15.743415211848236,21.519003741801892,34.50577168969068,31.50325592771511,0.00013581931,3913.125,0.0654736328125,0.0,0.0,0.0,0.1026002999395132,0.03128573056310415,0.015443081129342315,0.043275246396660805,0.6401110649108886,0.10940465815365316,0.015712499991059302,0.04216744592413306,1.0,True
00:04:46,5c41c28e896e090001c03bb0,,0.8126882026879044,,-78.68523742669545,-501.98096,7.643532799999999,3.7653703999999997,2.8584876,1.1857360000000001,0.01856368,0.6318168000000001,1.2138828000000002,-0.82361776,-3.3314464,-2.8322979999999998,-0.4404639,-1.2913828,-1.9868058000000002,2.5689144,3.7838222999999997,0.98896426,-0.773559,0.72465914,3.0694067000000005,0.27030542,-5.097864910969465e-07,0.008752363503468842,,5044.1042747167985,4849.968442578011,12.421768082334545,10.72495791942342,12.156772937425721,13.420740705038304,19.705622161675013,19.43368072791895,16.459827805710233,0.06304370599999999,9164.765625,0.0628759765625,0.0,0.0,0.0,0.08373146988451481,0.01737175239250064,0.02732880264520645,0.040806735306978224,0.015990990307182075,0.4891258895397186,0.221319979429245,0.1043243683874607,0.0,False
00:04:47,59278c090220760001fda664,107.16354429025124,0.7606712936442843,0.539494741541153,-37.104759060957065,-398.91302,104.59045,-6.631825999999999,-7.020989999999999,-5.2841086,-4.4299040000000005,-9.00302,-5.8221655,0.51963216,-1.2458112,-2.9610002,-0.5335734000000001,30.741756,9.01181,7.740244000000001,2.7370349999999997,0.30101097,-13.536087,-27.777303999999997,-18.689272,1.0343765,-4.805585123850714e-05,0.7891326977660229,23.879112822513537,1868.118483727037,1432.0516510820062,11.933040206835045,10.802392804980666,16.150437273188864,17.196505599090784,22.58318854382422,21.771765243869165,25.156179161193858,0.00035873358,2769.84375,0.0347216796875,0.0,0.0,0.0,0.4779664482921362,0.017961484531406315,0.08866020087152719,0.07282602018676697,0.22423995919525624,0.07129816804081203,0.017807352356612682,0.029240326676517724,0.0,True
00:04:47,5c41c28e896e090001c03bb0,178.96972183447446,0.6873318513993419,1.829729015250231,-35.476420143703386,-316.4116,151.39426,-14.654228,0.121926874,10.163222,-10.596778,-8.012732000000002,3.0466845,-11.312377,-8.598871,-2.0574016999999998,-14.260109,-13.915687,-0.8749515999999999,0.60582787,-12.062814,4.704293,-4.0900927000000005,-9.338229,-6.265716,1.2846483999999998,-0.0001310225138918126,2.1682342329233597,14.202498059115191,2427.5266770695243,1944.1538401509101,13.645738816765805,14.457202524178864,13.65301750533375,16.132560071559734,21.200560219041613,22.1477189986093,31.42652694533029,0.0024484342000000003,3612.890625,0.043916015625,0.0,0.0,0.0,0.08579068742692471,0.0114556998712942,0.030305286776274438,0.14521820843219754,0.021247082389891148,0.26694210614077746,0.3575590871274471,0.08148183652665468,0.0,True
00:04:48,59278c090220760001fda664,109.38277945493256,0.39476024840613694,0.6445799917543455,-24.434308194910983,-276.0071,157.56366,9.813797000000001,3.8184757000000005,2.266381,8.039846,-7.6535225,-10.033318,6.0269165000000005,5.047383,-8.690421,-5.7587776,-28.363619,-9.6153755,8.656925,-5.598427,1.8155018,-7.199146000000001,-32.25159,-19.26005,1.9411908,-0.00011571281557619316,1.9341267982505688,40.900629140057006,1710.6317315455267,2177.5971569843327,13.281396606402858,10.242631797596141,14.256430194918414,17.80806324738619,24.540034276510656,27.50897131895688,32.489216077133214,0.00011705477,3516.5625,0.078076171875,0.0,0.0,0.0,0.09808870274573564,0.017281399806961417,0.02670905513223261,0.014524478977546097,0.746086573600769,0.05889055840671064,0.011256780847907068,0.027162468247115608,1.0,True
00:04:48,5c41c28e896e090001c03bb0,,0.7487952072306626,,-66.60589777603107,-490.25442999999996,17.593918,2.3833876,3.3826702000000006,5.206196299999999,2.9544034,2.5365992000000004,2.9844682000000002,0.3676707,-0.050515823,0.7889564,1.1363606000000002,2.8609629,10.566213000000001,10.891762,4.916853400000001,6.729369,5.794506,2.9534857000000003,3.3777760000000003,0.51510686,-2.9959282645476415e-06,0.05015766458243099,,4174.885413406335,4052.2885288102793,11.612620568083509,10.222900612895588,14.459601577955024,19.021213340708748,17.34135654244118,19.96080471374752,22.18366013827869,0.00999034,7179.84375,0.093271484375,0.0,0.0,0.0,0.08944570738822223,0.0024618024224764674,0.01877846785355359,0.20070751924067734,0.0029474540613591677,0.12138284337706864,0.5475728809833527,0.016703283839160574,0.0,True
00:04:49,59278c090220760001fda664,142.48705719773503,0.5555397901560902,3.553390889832598,-32.499618869450714,-345.34415,133.98987,-2.750584,5.9573236,-0.5084073,-5.452207,-9.905356,-8.953337,0.5066201,-1.5874462,-11.91817,-4.945747,2.5400188,-5.062719,21.218985,1.608967,-11.700951,-5.503913,-13.855379000000001,-18.93096,1.1311893,-7.228184362772662e-05,1.1971783104924656,20.08190241172737,1860.6194200442064,1591.9962014021219,13.354708458709538,10.097335167990769,13.924621585646028,15.80680439259292,22.11265357175363,27.248685562830172,28.83714715487502,0.00019852944,2871.09375,0.0448486328125,0.0,0.0,0.0,0.32380948960781103,0.01493141963146627,0.012382124457508326,0.07459268551319838,0.4739587277173996,0.012441812083125114,0.07343053021468222,0.0144531752448529,1.0,True
00:04:49,5c41c28e896e090001c03bb0,,0.8978905791053433,,-88.70768546236397,-506.5853,2.7738162999999996,2.2758743999999997,1.8287871999999998,0.22446747,-0.7218689,-0.11290703,0.91821384,0.749542,-0.62533295,-1.6638188000000003,-1.3264488,1.2168403,0.9780515999999999,2.2733576,3.2996566,2.593922,0.9235921,0.25986123,1.2120497,0.08651186,-6.222189170387122e-08,0.0011648928757580373,,6575.730965655996,6281.3341729439535,12.997710260572653,11.331975208723138,10.920509374122567,15.159250049359994,20.254374022155236,13.437895568601274,14.082867817052536,0.16836019,14169.153792134832,0.03849192415730337,0.0,0.0,0.0,0.01795625186059624,0.015084522403776644,0.017443863302469255,0.03038475399371237,0.6686036065220833,0.09016245296224952,0.144936266168952,0.01542832222767174,0.0,False
00:04:50,59278c090220760001fda664,185.3342516176015,0.6687752021490461,2.419985952921775,-46.773799197415435,-428.36992999999995,72.92225,-4.8903375,-1.1948025,-1.6233443,-5.792876000000001,-5.8830013,-1.6254600000000001,-2.8204248,-6.0443735,-2.101785,3.300461,27.301347999999997,11.521167,1.0186414000000001,-3.0775752,-13.513567000000002,-13.138901,-6.379855,-7.2734284,1.0788636999999999,-1.6703320397237542e-05,0.27903986665917946,29.689413161381413,2609.834928866381,2408.701582341661,12.960571038704385,9.810271709297098,12.280326073362579,16.212709930584406,18.96382965138237,21.591344040159736,27.012143219636286,0.0010034628,4234.921875,0.06921875,1.0,1.0,0.0,0.21488299816846848,0.06679905019700527,0.10412343330681324,0.04877178743481636,0.4360806554555893,0.048229080718010665,0.0654844030737877,0.015628564497455956,1.0,True
00:04:50,5c41c28e896e090001c03bb0,206.78752227281296,0.6488614017557379,2.743196351421876,-32.48002559754396,-273.4584,114.96835,-13.801581,-5.2415648,5.9808197,-7.8967075,-8.35614,4.215928,-5.183725,-5.6954947,1.869535,-15.807796,-50.553867,28.04229,-15.280739,-1.4783046,12.3413,-27.702156,-22.759386,-7.2787614000000005,1.8500585999999999,-0.00014037648123170683,2.4337965075993213,24.093765216309585,2728.9988306851906,3781.1322690991137,13.233252876131829,11.984037335781494,14.27122084905016,15.152631715512381,19.122972388833578,21.462157833243705,41.765520293311354,0.043941304,6271.875,0.10470703125,0.0,0.0,0.0,0.08379241181537507,0.01295242253690958,0.0656503803562373,0.06185832016635686,0.3157009953632951,0.1064023496583104,0.33734103534370663,0.0163021094747819,0.0,True
00:04:51,59278c090220760001fda664,101.91013652037373,0.3867134199510969,0.4507278730395677,-34.59518652712903,-349.36212,124.64856,4.6807237,-0.3461188,-8.344122,-5.1828933,-3.796497,-3.3255467000000003,-0.50083303,-3.1145400000000003,-8.2384815,-1.5999123,-0.21219967,-0.1553784,25.894304,13.110432999999999,-5.9155016,-12.239632,-15.269236,-8.245864,1.3708707,-7.075282641789915e-05,1.1797093942617387,26.1196899557634,2054.2652290707088,1943.0647387455926,14.526488131801624,9.708605378283236,14.469805387411695,16.178948994116706,22.762312251970393,24.174352025271517,27.89666816706345,0.00039857803,3251.484375,0.06154296875,0.0,0.0,0.0,0.1262716803699732,0.07644662130624055,0.05550858206115663,0.009721759040257894,0.6294967219233513,0.06607111496850847,0.029978561960160733,0.00650493378052488,1.0,True
00:04:51,5c41c28e896e090001c03bb0,,0.4720743353411918,,-82.41217598528375,-505.64804000000004,4.1432313999999995,2.414479,2.3612467999999995,0.8770329,-0.5704133000000001,-0.64402986,0.21596183,0.42830470000000004,-0.6953691999999999,-2.1176068999999997,-2.4425812000000002,2.4328724999999998,1.9594414,3.1350327,4.30684,3.8212642999999997,2.046021,0.8647519,1.3300047,0.05489959,-1.4580903754390948e-07,0.002566202495144791,,5976.827199972095,5403.245619000189,15.623536662263913,13.325026507630715,10.044470218971107,11.83593438682878,21.665521307767808,13.738216405339992,14.660105867759846,0.107799135,11547.82196969697,0.045587713068181816,0.0,0.0,0.0,0.0918288583867252,0.008549683547244058,0.051869627786800265,0.1537714671343565,0.028241576341679318,0.10147746517322956,0.5560245335102081,0.008236769144423306,0.0,False
00:04:52,59278c090220760001fda664,,0.7209718963450248,,-59.31821411706186,-474.1153,41.127792,1.6490694,1.2239678,-0.64034486,-2.5919244,-3.6719203,-3.7663523999999997,-3.2322872000000005,-2.3250319999999998,-1.1591231000000002,-0.07111716,25.239916,8.319258,-3.4015547999999995,-8.646118,-9.182243,-6.9708276,-3.4450078,-0.0902207,0.48580605,-1.5560209352451134e-06,0.025787924013603702,,3013.310084820268,1560.0633888235525,12.978667934130248,8.404711116959884,10.737706387127561,18.246017140840053,16.815567957281242,15.693296273757467,19.36998836608044,0.0006142367,2074.921875,0.028115234375,0.0,0.0,0.0,0.2569795109331608,0.05574622582644224,0.06620458476245403,0.0338101843604818,0.4333035498857498,0.04950518552213908,0.08516223076730968,0.01928849834948778,1.0,False
00:04:52,5c41c28e896e090001c03bb0,250.2215481419828,0.596566667211966,2.6477572334716157,-34.99615542758253,-268.88277999999997,121.431946,-1.7260628,-4.0019160000000005,1.3419858,-4.673514,-2.8667996,-3.9394343000000003,-3.8948894,-5.686769,2.3381617,-11.909625,-44.257290000000005,15.97765,-10.397766,0.8930030999999999,-12.946046,-5.4674163,-17.460514,-4.4858212,1.8571408999999999,-0.0001855027970145219,3.1677293602356285,9.93262489641111,3527.2802823132793,2675.665956475358,15.139306492026794,14.491601758462096,14.144148160344708,14.590699095618087,18.097598641011352,17.59742155318711,33.176823430127634,0.0027701913,5593.359375,0.03271484375,0.0,0.0,0.0,0.048720399662852285,0.013007896486669779,0.04004312865436077,0.11184444278478622,0.04411236960440874,0.15656535625457765,0.5622781217098236,0.023428290989249943,0.0,True
00:04:53,59278c090220760001fda664,,0.7630594075688346,,-64.89158050582044,-492.97362999999996,19.014395,2.1931187999999997,3.0541446,2.2505324,0.37757626,-1.6840042000000002,-3.1477353999999997,-3.598968,-3.0826982999999997,-2.001362,-0.89527506,13.526957000000001,6.2286077,-0.80031526,-5.750635,-7.6575894,-6.6331234,-3.6979027,-0.3116801,0.29041362,-6.2421423106716e-07,0.010435710479329393,,3843.923924228272,1900.6070176945016,15.629215651901484,7.888471340625224,10.907932300947806,20.956888322757877,15.248703575413964,14.521966324550204,17.463438309088993,0.0011165447,2529.609375,0.027548828125,0.0,0.0,0.0,0.1542147010564804,0.04826190425083041,0.03441557986661792,0.034217649884521965,0.5769807457923889,0.05102607309818268,0.09146150071173906,0.009421787690371277,1.0,False
00:04:53,5c41c28e896e090001c03bb0,174.99654697164468,0.6310399968564948,1.5204855665185897,-23.981222100604228,-232.20628,149.60898,-9.089567,-8.15964,0.0825813,-5.149996,-1.218585,-0.26271763,-3.0320517999999996,-1.2863434999999999,-1.9192546999999998,-5.018246700000001,-36.555157,16.580289999999998,1.9758333,-7.263348599999999,-6.7759194,-12.902483,-16.616062,-7.2148832999999994,1.9437091,-0.00016706229730735378,2.8191852424875545,15.946940065539833,2175.582469084315,2055.0408719848,15.033845719554336,12.659620769453593,16.502591883923714,16.309282372185073,18.912071312542558,22.62953415855051,39.61493224499101,0.0004480892,3796.40625,0.0521826171875,1.0,0.0,0.0,0.05177841056138277,0.0035260886634205235,0.01382421692251228,0.2838543049525469,0.2668873009970412,0.07245690969284624,0.2696749307215214,0.037997834384441376,0.0,True
00:04:54,59278c090220760001fda664,,0.7607732187371739,,-65.90056379159513,-495.1169,16.347008,-0.22972305,-0.034315705,-0.8743905999999999,-2.1696632,-3.2199416000000003,-3.5240583,-2.9659888999999997,-1.8085380000000002,-0.52574784,0.42911097,11.83807,5.831831,0.015097381000000002,-4.165817700000001,-5.9695635000000005,-5.5308237,-3.6940234,-1.6029572,0.28848684,-5.519655005896914e-07,0.00926091928262132,,3979.2390506536517,1974.1001770496573,13.899039770488674,8.656367070827196,10.418063641394278,19.920370202101875,15.269081141817587,14.277783750901456,17.390208494248405,0.0012519071,2737.03125,0.0260498046875,0.0,0.0,0.0,0.29506923705339433,0.02894359016790986,0.0336976470425725,0.05769716314971447,0.4265055596828461,0.02569001875817776,0.12254574410617353,0.009851033636368809,1.0,False
00:04:54,5c41c28e896e090001c03bb0,144.2375825695454,0.9203325038842416,0.8163209696248631,-21.51936983517581,-268.42444,168.56187,-18.451926999999998,-10.530532000000001,2.7406794999999997,-8.839446,-4.6859255,7.160557700000001,-0.40446755,-6.841539999999999,-8.456581,-5.8570123,-5.956787,23.368252,16.092216,-17.23459,0.74982226,-6.346445,-11.961371,-5.356528,1.6829677,-0.00011459895440571851,1.9093979900526676,15.821381225156074,1615.0505287749775,1637.2521715665252,15.522868092493422,14.660831282951383,17.836468360159408,19.528165007924,21.522061229709216,25.74157303893622,37.99431607891968,7.878036e-06,3045.234375,0.044853515625,1.0,0.0,1.0,0.033624043501913545,0.007181505858898162,0.0565489343367517,0.09663971471600234,0.4398996336385608,0.0934569756500423,0.25846955738961697,0.014179642801173032,0.0,True
00:04:55,59278c090220760001fda664,,0.7164289734554443,,-62.22632028589084,-487.24127000000004,26.015214999999998,1.9882128000000001,1.8782303,-0.16353764,-2.8464806,-4.8329787,-5.3046684,-4.21096,-2.1550493,-0.03243611,1.3819863000000001,17.636963,6.752467,-3.2886302000000005,-9.769922,-11.529891000000001,-9.199786,-4.7205195,-0.40967295,0.36589575,-8.312485431453589e-07,0.013799543124108282,,3433.5509400705737,1645.6907709642162,14.217043727217163,8.825865940204508,11.910564730015787,21.943234830006734,15.796483042400599,14.725559389687431,17.5086472171575,0.00068383984,1726.40625,0.02765625,1.0,0.0,0.0,0.2262039121240377,0.015034163510426881,0.04407052034512162,0.08275901417946444,0.5242653638124466,0.016417715605348347,0.08313334910199048,0.008115964394528418,1.0,False
00:04:55,5c41c28e896e090001c03bb0,145.6447599134597,0.6230441821466187,0.34808943235623024,-20.51188215881901,-291.16296,131.49985,-10.991244,-1.5777885,4.6719254999999995,-6.935386,-2.623047,5.9947753,-5.2644157,-4.419450299999999,-1.839423,-9.089705,-19.083235000000002,31.401021999999998,18.369602,0.8678359,13.153110999999999,-13.647919,-14.679969,-4.0925769999999995,1.6380073999999998,-0.00011600500723469499,1.9624373373217328,9.166101066265542,1552.3309267264756,2347.027440675795,17.034354364789476,14.792030154551142,18.637282870468265,19.1905987976603,20.221129589002334,23.821274249275017,41.446467471532905,1.1178203e-05,3384.609375,0.0799560546875,1.0,0.0,0.0,0.03791679721325636,0.00916475247358903,0.015438019065186381,0.2040208661928773,0.244702186062932,0.18028365783393385,0.2779834747314453,0.03049024129286408,0.0,True
00:04:56,59278c090220760001fda664,,0.7456680342032919,,-64.0356068980911,-491.43167,21.24426,-0.37651548,0.37887874,-0.077092245,-1.3097577,-2.6419694,-3.4451612999999996,-3.3675861000000005,-2.4338197999999998,-0.99919826,0.4098001,15.867435999999998,8.639603999999999,1.5050516,-3.8483004999999997,-6.504428400000001,-6.508729,-4.698549,-2.2851691,0.320103,-6.72805293012206e-07,0.011214192994867702,,3696.4104196067256,1754.6248756859861,13.753040566363998,8.688640685679653,10.299621181606794,20.40722939881347,16.021615975200586,14.56390915652698,17.622425638784954,0.000898516,2062.96875,0.024150390625,1.0,1.0,0.0,0.4443664819002152,0.010349953453987835,0.1387554459273815,0.16971548926085234,0.021554929576814173,0.09335957309231163,0.0592343132942915,0.0626638378482312,1.0,False
00:04:56,5c41c28e896e090001c03bb0,128.36630740121694,0.9282435310483186,0.34945229818004403,-20.747887227781934,-267.77774,164.83313,-11.598092,-6.720927199999999,-0.6116005,-5.373471,3.9854227999999994,4.2497888,-7.110084,-2.2453759,-2.4766984,-5.936760400000001,-13.551751000000001,19.946875,26.973145000000002,4.1059665999999995,3.9927235,-21.285835000000002,-19.591484,-3.1561716,1.5461456,-0.0001077543167565584,1.8093183831048367,11.40920939963334,1475.905398066052,1802.607612203616,15.970143311374756,13.72929411448063,18.042469577502803,17.575220826840994,21.38203607445507,24.02997639669001,39.32551130101125,5.5364885000000005e-06,3021.09375,0.0592333984375,1.0,0.0,0.0,0.02496888809837401,0.010602596672833895,0.04729754297877662,0.32503653392195697,0.13654007390141487,0.06097002236638217,0.052556255063973364,0.3420280681923032,0.0,True
00:04:57,59278c090220760001fda664,82.8523784883198,0.6508733973990376,8.75848201498419,-53.63570975154428,-463.9923,46.72037,6.266166,5.6936316,0.48623359999999993,-3.8383937000000006,-4.701016,-2.5729609,-0.89698195,-2.3531346,-3.9749288999999997,-1.9900252,16.382772,-3.6432865,-7.642548,-6.414183599999999,-8.219247,-11.215767999999999,-8.932808,-0.5684201,0.6276673,-8.509527396470379e-06,0.14148392398289986,13.734169873827494,2693.4592062223073,1488.255379209669,13.090291694673722,8.44814924962212,11.550540730963053,19.463164583888076,19.69468680542678,15.872759153406156,19.035374243809848,0.00040889156,1521.328125,0.0334130859375,0.0,0.0,0.0,0.1234379168599844,0.03842416144907475,0.0811449543107301,0.019083519652485847,0.4310318022966385,0.2095475470647216,0.032486163824796674,0.06484391391277314,1.0,True
00:04:57,5c41c28e896e090001c03bb0,132.80176851653886,0.9129921914444716,0.3929584309271785,-22.66175811827897,-274.8858,153.42917,-5.7686176,2.765419,2.5504506,-5.284201599999999,2.4976716,0.5913483,-5.089151,5.191908,-0.83605313,-11.6205015,-27.476736,5.81945,17.879831,-0.7641321999999999,4.312924,-20.22167,-29.217258,-11.315538,1.6299671,-0.00011750943757568638,1.9773195799131649,13.79800786399112,1558.3965925864725,1871.8887635362119,14.764501121843775,13.365679157115247,17.18787565314009,16.300886596370706,24.285874876119145,25.518233941318027,37.78514095486602,2.1725475000000002e-05,3069.609375,0.058095703125,0.0,0.0,0.0,0.01401080093346536,0.019715682952664796,0.026106957159936432,0.04650024360744283,0.6706270456314087,0.05218486459925771,0.15256203021854162,0.018292361032217742,0.0,True
00:04:58,59278c090220760001fda664,269.1228833932674,0.8167681453965224,10.371469881009748,-56.13316563089175,-461.3687,52.851505,4.394944000000001,4.1267524,0.18713503,-4.227263,-5.667221499999999,-3.7518133999999996,-1.7059046000000002,-1.9472611000000002,-2.7832482000000005,-2.0857368000000003,25.702457,4.01555,-5.2922544,-7.293455000000001,-7.214652,-6.205488,-3.471259,0.89845186,0.54434484,-5.228157337090131e-06,0.08637052982253544,32.24357470774798,2716.170003286293,1480.9829552933038,13.24916376625186,7.691715166921678,10.987590190132623,18.018085745531906,19.061473367028853,16.021485465420188,20.347289608541626,0.00045207031999999997,1924.453125,0.0298388671875,0.0,0.0,0.0,0.4213012255728245,0.021812598733231426,0.030141789093613626,0.06831683097407222,0.3704147860407829,0.02365383766591549,0.04265592098236084,0.02170304302126169,1.0,True
00:04:58,5c41c28e896e090001c03bb0,131.80236421261418,0.8660829934908894,0.8331634191259879,-31.444776795685772,-330.4883,122.42714,-9.9836855,-6.7703185,-1.7969172999999998,0.34254846,2.808976,-0.5388665,-6.0599300000000005,-0.17859438,-2.4833662999999997,-11.792139,-13.971473999999999,29.776407,31.575027000000002,-2.5140233,-3.6789352999999996,-19.644253,-25.230601999999998,-13.0172,1.3310326000000001,-7.77994790797701e-05,1.3050257494848148,11.990207905278986,1782.480037534913,2587.179258793269,15.682488184830707,12.606622539220462,17.9496928053429,17.158541712474495,22.436091607419094,23.205507678394774,35.36101584708405,0.0017626607000000001,4005.0,0.093125,0.0,0.0,0.0,0.006650032836478204,0.017554513551294802,0.01395572079345584,0.01527370014227927,0.8702273607254029,0.019555530650541185,0.04320202451199293,0.01358111931476742,0.0,True
00:04:59,59278c090220760001fda664,,0.6962518955481208,,-59.28878700369009,-478.15317000000005,37.968224,0.9106733,1.6892785,1.1227218,-0.22166523,-1.6885616,-2.6948392000000005,-2.8708177000000004,-2.1901805,-1.0131477,0.04048996,27.29144,13.642698999999999,1.2428296,-6.8598490000000005,-9.736607000000001,-8.424936,-4.990975,-1.4518337,0.45313144,-1.35093337294935e-06,0.022221704835470427,,2968.455085405385,1408.0870104944765,14.339633837887455,8.205540316526193,11.455626688792567,19.636021788024355,18.035230010073985,15.101904550908873,17.692208038857007,0.0006208675299999999,1759.21875,0.0250927734375,1.0,0.0,0.0,0.09456001110374927,0.0820831726770848,0.010839568963274359,0.06915956237353385,0.5904976010322571,0.07314853146672247,0.043893054500222205,0.035818467708304526,1.0,False
00:04:59,5c41c28e896e090001c03bb0,114.8127753390024,0.27489891958302304,1.1780830129294122,-39.92665657650355,-356.89737,133.51852,-4.4970074,-6.9503508,1.8343198,4.145127,-4.4286957000000005,-5.27491,0.42109817,2.5043132000000004,-3.6647879999999997,-8.640928,3.5651800000000002,9.575128,19.950782999999998,0.5572402,-9.751930999999999,-10.07815,-4.8351517,-1.1443726,1.4747188,-6.333991826817882e-05,1.0554963637637804,16.4565450415712,2538.37190887133,2148.4418350555843,15.09353437137584,11.280990297329453,12.383447758336251,14.583587153362846,18.077339210550644,20.61734131980685,26.751557960431377,0.011076596999999999,3929.765625,0.051728515625,0.0,0.0,0.0,0.004920666024554521,0.008129975653719156,0.003982104262104258,0.01861333933193237,0.8574665665626526,0.0212853938806802,0.08040914162993433,0.005192825524136424,0.0,True
00:05:00,59278c090220760001fda664,,0.7900096247917053,,-62.45490896718203,-488.27393,24.999563000000002,0.39347940000000003,0.6716949999999999,-0.69860625,-2.7995143,-4.5727897,-5.279474700000001,-4.7416599999999995,-3.3105937999999995,-1.6290046,-0.3261506,17.758242000000003,8.201513,-0.8974536,-7.2173758,-9.646345,-8.519150999999999,-5.287417400000001,-1.8125589,0.34682336,-8.427453473391712e-07,0.0139842607336405,,3483.4252396082447,1672.6897999849493,14.44610876231473,8.448543559260623,10.984326823391156,20.940719664038056,16.173351210920288,14.818349113685956,17.61177182072533,0.0007908762,1951.875,0.026396484375,0.0,0.0,0.0,0.0384713364765048,0.03331548050045967,0.008022716944105923,0.034212579717859626,0.75348179936409,0.062149384617805475,0.0097437656018883,0.06060295980423689,1.0,False
00:05:00,5c41c28e896e090001c03bb0,185.3228901270763,0.964753008244426,3.5074062833491157,-29.50673604758723,-280.96106000000003,128.00063,-10.297127,-6.0692635,5.0663066,-2.7432293999999997,-6.382959,-3.3422492,-5.3373165,0.5846876999999999,0.28045657,-8.109946,-43.804256,13.104439999999999,3.4102364,-20.193363,4.90615,-12.846259,-16.824189999999998,-1.7404028999999999,1.4952803,-8.676152657313363e-05,1.4861060328666835,32.21908882614614,1910.773280441496,2628.835177401497,13.368644286950587,10.494842795859533,12.908732357297676,16.222445083149378,18.114994296059717,19.583571180334307,40.207808008313776,5.7426874e-05,4348.359375,0.0967529296875,1.0,1.0,1.0,0.00579842489096336,0.008880981092806906,0.002917707171582151,0.06413377560093067,0.7095451489090919,0.06593621298670768,0.06204730235040187,0.08074041444342582,0.0,True
00:05:01,59278c090220760001fda664,178.267336544823,0.8065600971847546,1.4137323075709367,-40.36569028958938,-372.17548,109.9284,-2.4211543,-2.9294586,-4.980626,-0.07109489,-1.3678173,-5.852876,-0.09591937,2.0363860000000003,-6.080793,-5.0528975,1.6049476999999999,-2.0836358,13.440742499999999,-8.863527000000001,-16.663116,-4.127046,-4.018181299999999,-7.334067299999999,1.0133507,-9.13933525051512e-05,1.5155364764826629,23.057891349522748,2118.496076820485,1357.0053579412936,14.190986958038769,10.569945508344569,12.849989494720454,16.703810606876065,19.4090167981698,23.63823602104036,23.08535129320715,0.0002634146,1991.015625,0.030947265625,0.0,0.0,0.0,0.2448486886918545,0.10029967947339173,0.031329998327419166,0.11682682279497385,0.3571940753608942,0.11003700774163007,0.027149368636310102,0.012314333370886743,1.0,True
00:05:01,5c41c28e896e090001c03bb0,156.40880155112458,0.7636862592487483,0.9268459587234882,-41.410621484439204,-355.79467999999997,84.9107,4.8384895,4.0483203,10.147151,-6.5855193,-9.552367,5.570753599999999,-2.3340914,-11.394047,0.6523207,2.790018,-37.070118,-3.5062904,7.7053449999999994,5.7623167,4.744511,-2.4484046000000004,-7.784546000000001,5.3894367,1.6184925,-7.089245821880624e-05,1.1959048792814988,5.481698467692302,2404.5199753785896,2711.7171039056475,14.235980329163773,11.649043067444225,13.671354458035795,16.28079385921392,20.04666357901932,19.515205094136284,32.058946050465416,0.0034889271,4862.109375,0.08236328125,0.0,1.0,1.0,0.005483414418995382,0.005020181566942483,0.0021574758749920873,0.013792945141904057,0.8125069469213486,0.038783872150816016,0.11365872230380772,0.008596466574817895,0.0,True
00:05:02,59278c090220760001fda664,125.37278096631545,0.960287588042088,0.4300780480513894,-54.904707566538846,-462.30535999999995,50.343674,1.6292094,1.1672893,-3.189524,-3.408784,-4.0666347,-5.0808279999999995,-3.3030584000000003,-3.9788012999999998,-3.7952730000000003,-1.9999526,29.140888,13.282088,-0.9368428,-7.188075,-10.471250999999999,-8.180224,-0.76638806,0.5929382,0.53364253,-6.8523563683945055e-06,0.11349633261216273,14.533132281427516,3025.6857964167407,2347.097636454291,13.468978409021595,9.064833934578006,11.976143550851619,18.377854092167823,18.05935587428497,17.391831544870755,25.87898374249844,0.0010060803,4263.046875,0.0648193359375,1.0,0.0,0.0,0.08595337830483914,0.03989240191876888,0.01772437789477408,0.013473790499847382,0.7748545348644257,0.028377402760088443,0.025296788057312367,0.01442733365111053,1.0,True
00:05:02,5c41c28e896e090001c03bb0,125.26698593559635,0.9381543690743864,0.6212336775771101,-54.50530104368521,-423.86832000000004,78.66504,-11.782874000000001,-5.088858,4.3195553,-2.1755419999999996,-5.791803,0.5008116,-0.19456800000000002,-4.499875,-3.8467913,-2.1736112000000003,-12.665906,-2.3498787999999995,11.322331,-3.489221,-0.63695174,8.401996,5.914724,-3.2882328000000003,1.3639647,-2.6291850500757667e-05,0.4359524687410567,16.653625473673767,2839.7636008871473,3154.1442857184243,12.197474760615544,9.6702296137711,13.007466764005887,14.233490377825424,19.11896422604989,19.879378454766574,27.568441317666704,0.007370387,4818.984375,0.104833984375,0.0,1.0,1.0,0.02174504399299621,0.012859875295544044,0.011400517052970826,0.10892173812026157,0.4885994892567396,0.10701807755976916,0.2231578841805458,0.026297339587472383,0.0,True
00:05:03,59278c090220760001fda664,120.61589874323714,0.6497017891098933,0.343949030663241,-37.813668957452784,-376.6728,97.43574,-10.880886,-3.7253156,0.57297623,0.19186491,-0.42575157,-5.448297,-4.1816072,1.6621119999999998,1.0570681,-4.019957499999999,21.181782000000002,18.944288,5.2802067,3.8137839999999996,-3.2138555,0.08469123,-0.39101994,-10.345481,1.2298308999999998,-5.0869701157987435e-05,0.8499004505993316,20.860809626707894,2599.4683365911037,2431.243770571513,15.186993895592813,10.729793043953864,14.357956107589548,17.72402262685274,20.798237002010147,22.51004915050284,29.646041169313797,0.001109985,4431.796875,0.0721240234375,0.0,0.0,0.0,0.0488985356874764,0.013537778984755278,0.004866349161602557,0.017383514752145855,0.8823579192161558,0.010714859422296285,0.017021074332296847,0.005220003493013792,1.0,True
00:05:03,5c41c28e896e090001c03bb0,,0.678001109948043,,-91.59083196928772,-499.39877,51.67163,-6.607729400000001,-11.938288,-3.1175401000000003,5.780822,2.341788,-4.808732,-5.5970783,-5.452195,-9.837209,-11.007365,-8.763446,-27.317938,-3.5321722,12.626738000000001,2.540091,-7.069487599999999,-1.2384381000000002,2.3534355,1.7137657,-1.1406425842199728e-06,0.01910666538017061,,5617.695951396718,5107.90738638947,12.105113148927849,7.971635129076984,8.549569024379437,11.278026083761585,14.091282533815479,13.036312639914286,14.30456671407076,0.3091177,11256.167763157895,0.04791581003289474,0.0,1.0,1.0,0.018183231807779518,0.009377853851765395,0.005308632890228182,0.1482074337080121,0.4172370374202729,0.07410396076738834,0.21408803686499595,0.11349380952306093,0.0,False
00:05:04,59278c090220760001fda664,135.59678110680443,0.6150344232598804,2.177539117508181,-27.02400808921674,-306.76764,154.7147,-7.507898,-0.86766297,0.5451954999999999,7.806537,3.4556943999999996,-6.230471,-1.6726386999999998,6.0673895,-1.4529951,-10.469975,2.571786,2.8971433999999996,22.021223000000003,2.821384,-7.993236500000001,0.42944226,-11.965319000000001,-22.232198999999998,1.3951031,-0.00010348994515901168,1.7142778313165383,15.971139427260908,1925.0289075030225,1801.0634651645723,14.893454943868045,11.748696234239,15.77245172868703,16.019679960097935,19.7151185699751,27.56599683542878,31.174205597802,0.00040167372,3387.890625,0.0512109375,1.0,0.0,0.0,0.022468657745048404,0.04475068780593574,0.0017997334478423,0.017297005755244753,0.8754520773887634,0.015301872824784369,0.019407990609761328,0.003521960537182167,1.0,True
00:05:04,5c41c28e896e090001c03bb0,,0.9331522607678252,,-74.51205255609112,-498.26227,3.4515765,-6.0627627,-5.507707,8.241968,4.3685303,-5.99429,-0.26003339999999997,3.7491572,-2.5824599999999998,-5.2328978,-0.44400096,-14.594188,2.6629297999999997,1.4143639,-3.1967470000000002,9.124735000000001,5.7488823,-1.8572147,0.6706006,0.8360796999999999,-1.365268038661957e-06,0.02518623569286133,,4587.194208830471,5476.95903055216,10.92837977377792,9.57569433850398,10.101709470807783,17.479095746608635,22.000962575408767,19.597202716592463,20.410223300495048,0.04089535,9853.125,0.13025390625,0.0,0.0,1.0,0.04374634716659785,0.006075361720286309,0.01679678363725543,0.3294957369565964,0.02622037474066019,0.13846887797117233,0.1405599147081375,0.29863663464784623,0.0,False
00:05:05,59278c090220760001fda664,126.33086045391369,0.8737814573050908,2.3715706385916207,-30.121210465603184,-320.44604,147.49147,2.1244915,1.6837089,-2.492027,7.713789,6.084828400000001,-5.6876430000000004,-4.1176195,4.0216646,-3.5412953000000003,-12.561376,3.097178,-3.4746650000000003,19.423251999999998,10.586775,-8.791511,-10.785395,-12.003281,-12.676392,1.0876113,-8.080401453240231e-05,1.339719582414937,14.7350079508368,1984.4339490708896,2243.0018646636227,14.08331525956445,11.176068722857929,15.086545273567724,16.042045904502597,20.617892875506502,27.203753618229605,30.49089471361576,0.0005733766,4008.046875,0.072734375,1.0,0.0,0.0,0.018570581451058388,0.1374544370919466,0.007993209455162287,0.003550246470695129,0.77575763463974,0.03073630034923553,0.011577677214518191,0.014359928552585187,1.0,True
00:05:05,5c41c28e896e090001c03bb0,,0.5365705082170062,,-89.5947726930603,-504.96164000000005,5.134131,-0.3940391,0.33109546,2.209167,-0.08735742,-1.1412151000000001,0.98454297,-0.05800769,-2.8833759999999997,-1.2614155,3.6129339,-17.40476,-11.785256,6.623313400000001,11.0118475,1.5014883999999997,-5.541637000000001,-2.6312582000000004,0.91698706,0.82719463,-3.132501849083323e-07,0.0055408089696515755,,6120.974335428889,7383.002699445146,8.085360944589407,8.161260017949484,9.321163756201752,15.897786709151811,17.027595088432886,17.055805653888573,14.7529060584991,0.17314994,14775.46875,0.0845703125,0.0,0.0,0.0,0.0591905664652586,0.014889405868598259,0.08376790238544345,0.3129567269235849,0.0630245802924037,0.12492889510467647,0.2418067567050457,0.09943517372012138,0.0,False
00:05:06,59278c090220760001fda664,110.91699705282008,0.3922119697939026,0.5527492520702161,-26.101951447715372,-289.35724,159.18707,-8.32737,3.8297752999999997,0.7022124,5.9929695,2.7355552000000003,-9.657814,-1.6765908,9.833712,-0.5709869000000001,-12.267046,-14.153294,-5.1960287,26.147024,2.2981974999999997,-14.316377,0.5666637,-10.334118,-26.221892999999998,1.7352304,-0.00012159077352704849,2.0254210779241326,30.111080028919506,1898.628868668492,1942.0654542013046,14.682023247045644,10.042342189672658,14.296417119842758,15.968272378436131,22.11423550975649,28.342417834609453,30.98970055563655,0.00026453528,3481.40625,0.0603125,0.0,0.0,0.0,0.012700909143313763,0.0814368911087513,0.0066069671884179115,0.0011750390112865714,0.8267059206962586,0.036461441032588485,0.0335073696449399,0.0014054234023205936,1.0,True
00:05:06,5c41c28e896e090001c03bb0,,0.6135546770558036,,-84.08294406270184,-500.70758,13.009385,-0.9242198,7.2343864,5.7353754,-5.124771,-11.573777999999999,-3.7629623,8.469667,8.445772,-3.2265108,-10.4744,-3.6011374,-6.7562284,3.5874254999999997,10.951673,6.2595873,-4.2578907,-10.880555000000001,-9.331731,0.31416693,-7.365606143357951e-07,0.012342353165855429,,4703.758156319845,4646.196931723877,11.013939168880148,8.542005063653264,10.927899421955944,17.319481704485035,22.6109842658544,14.582971414708126,12.766676477314286,0.33247614,9139.322916666666,0.052768761003521125,0.0,0.0,0.0,0.028868740098550918,0.006493102433159948,0.036145047098398206,0.16739274188876152,0.3617555618286133,0.04899737210944295,0.2986514687538147,0.05169595079496503,0.0,False
00:05:07,59278c090220760001fda664,134.77890915591317,0.8245734052717605,3.308492329895041,-37.93623187687936,-369.0229,122.3027,-2.3688965,7.005025,2.4624462000000005,1.1682291,1.9903305,-0.6024046,0.5478641,2.1783028,-3.6962006,-7.7281995,10.833475,-8.112515,16.22457,7.4309306,-11.149999000000001,-16.305319,-22.34711,-20.124905,0.89189434,-4.746323688742025e-05,0.7816014218035379,18.811004936132225,1745.954915506787,1318.2917324556454,13.179711566860352,8.767539000174303,14.45023477634824,16.32292762054349,21.391595212510254,25.296946160563458,23.54044479590044,0.00015282536,2061.09375,0.0327978515625,1.0,0.0,0.0,0.012974667828530071,0.12101640701293945,0.006812109984457493,0.0005331785127054901,0.8063005447387696,0.03541076518595219,0.016171047650277614,0.0007813212519977242,0.0,True
00:05:07,5c41c28e896e090001c03bb0,,0.6329266902893048,,-89.3581914934793,-505.8222,2.4095998,2.3150517999999995,5.404649,2.159738,-3.5430346,-5.0309196,-0.6700789,4.3221984,4.1296349999999995,-0.8588912000000001,-4.7026634000000005,-3.7638276,-5.461447,-0.7355636999999999,4.8215866,4.7206945,-0.84494317,-5.3352447,-3.5617528,0.072850235,-1.400545537464597e-07,0.002481302040200652,,5908.467701056,5541.780369938834,9.715055038405401,9.784901867700984,9.918150020252924,18.36869478308704,22.756944410732235,13.978566265526776,13.332936914562614,0.27913234,11496.242088607596,0.04424969561688312,0.0,0.0,0.0,0.0160486969165504,0.003192472748924047,0.009751312946900726,0.1152640361338854,0.5513918220996856,0.03511183336377144,0.2089851416647434,0.060254684090614324,0.0,False
00:05:08,59278c090220760001fda664,,0.7459009440058579,,-65.49573818452501,-494.86154000000005,16.700926000000003,0.59883416,1.1318376,0.4704649,-0.8675663,-2.164504,-2.8256786,-2.6040137000000003,-1.6503023999999997,-0.3952913,0.66233593,12.162119,6.0876036,0.16063674,-4.1464314,-6.0356154,-5.574578,-3.5641242999999996,-1.1580626,0.25355524,-5.798679481653484e-07,0.009692547876623074,,3972.025966085871,1954.533124646196,14.49512757949234,8.383122695343532,11.738351790645092,20.54158652202225,14.98173637428602,14.588364876082366,16.669735040684348,0.0013006461,2708.203125,0.025517578125,0.0,0.0,0.0,0.06736236438155174,0.10529192984104156,0.02733554020524025,0.00554804450366646,0.6435881972312927,0.09700590819120407,0.04957730434834957,0.004290730366483331,0.0,False
00:05:08,5c41c28e896e090001c03bb0,130.05486996840654,0.6217437302504123,1.5774537776471007,-27.27530714314301,-257.33688,172.14427,-1.6754771000000002,4.7773012999999995,10.167114999999999,-8.886805,-14.645121,-0.54242074,3.032251,-4.0860867999999995,-9.402915,-6.2399497,-33.596268,1.5873902,13.707238,-8.497917,-6.960864,-13.176426000000001,-18.647185999999998,-5.425732,1.7046932000000001,-0.00015810986792699037,2.640772099027131,15.178966201533795,1735.3475089915241,1705.1062478639185,14.422345848160756,10.427855608612838,13.618239283559301,16.024802998476698,20.747824974903537,20.4743281522496,36.311537607203626,0.05562779,2878.371710526316,0.04539473684210527,0.0,0.0,0.0,0.014458132069557903,0.005343356530647725,0.017037192941643298,0.06945544313639403,0.7349020540714264,0.03427647249773145,0.07636505011469126,0.048162324773147705,0.0,True
00:05:09,59278c090220760001fda664,,0.7471068749252494,,-63.017822185084235,-489.35225999999994,23.957972,-0.814032,0.35737085,0.21988747,-0.7740965999999999,-1.9089936,-2.546904,-2.375736,-1.4854571,-0.27286768,0.75931627,17.945960999999997,9.805613000000001,1.6738113000000001,-4.550033,-7.776548,-7.9684386,-5.9941163,-3.1879918999999997,0.32408816,-8.102450364119912e-07,0.013441856098500468,,3629.9931490989397,1766.7854649802573,13.665918345581849,9.2031140908934,11.309384342389365,20.857206686252926,15.607264250830118,14.637116827650932,17.552228445436555,0.0010132035,2415.46875,0.02521484375,1.0,0.0,0.0,0.010851620510220528,0.04582645259797573,0.0038884939858689904,0.0005903521436266602,0.8874389052391052,0.03926456309854984,0.011082939710468054,0.0010567448334768414,0.0,False
00:05:09,5c41c28e896e090001c03bb0,281.47743420752164,0.600565386461031,1.7039341306814382,-33.34745124847802,-328.55922999999996,95.70944,-22.088322,2.940285,20.657073999999998,-3.0171402,-5.9060016,7.526592,5.266498,0.08446102,-6.901708,-2.5187695,-46.9911,5.1294785,2.1098552,-15.509317999999999,16.948805,2.03052,-12.673621,-11.798749,1.8652360000000001,-4.7830283053529327e-05,0.8279328907788387,31.82906686967248,1738.1072677643488,2881.4089750281505,11.949257042431064,8.082187242300295,14.504472544226566,18.038609581228627,21.344722525823336,19.787872082615994,38.64824536120762,0.00010860923999999999,4616.484375,0.11630859375,0.0,0.0,0.0,0.026570083433762198,0.005569221213227138,0.020771177718415856,0.1460819024592638,0.4248451068997383,0.02468226472847164,0.33732152059674264,0.014158719312399625,1.0,True
00:05:10,59278c090220760001fda664,164.82787028241438,0.6554966272663068,0.22313647321452548,-36.59849030903717,-414.78722999999997,97.04299999999999,-13.922822,-11.783895,-6.7530766,-2.5534189,-2.1431239,-4.947905,-4.182750700000001,1.0277952,1.5982127,-3.208158,39.567818,17.935098999999997,16.627216,1.4492816000000002,-15.216754000000002,-14.120687,-8.036036,-10.370440499999999,0.9168241,-6.137230075239698e-05,0.9965484511273452,12.730029486918449,2057.4010020514106,1081.3821102368286,15.131902143885993,12.850655107561407,15.7737199690621,18.891757484647886,20.52362496007664,19.390337796196533,22.630361749570174,0.0003594426,1354.453125,0.0206884765625,0.0,0.0,0.0,0.013409713096916676,0.04587768837809562,0.0047362166922539466,0.0011510093114338814,0.8851569175720215,0.03877921402454376,0.008882261160761119,0.0020069889025762675,0.0,True
00:05:10,5c41c28e896e090001c03bb0,186.78686852399207,0.6620202992475877,11.050543918968993,-32.3782593868286,-322.29883,114.169876,-20.92269,-7.104661999999999,5.6125355,-6.357725599999999,-8.618115,0.75840837,5.2011747,2.3052342,-9.101686,-8.6364155,-33.661663,-4.2019720000000005,4.651984,3.5821794999999996,16.15353,-8.596097,-12.514139,-8.431892,1.7357745999999998,-5.414196292021858e-05,0.9354473255859652,43.82594597006132,1722.8183282478626,2465.8536811114386,12.803955842041747,8.78437616971599,13.64833716678017,15.921723611951913,20.937200993558953,24.46159740116619,38.11061691055741,7.736264500000001e-05,3974.765625,0.0928662109375,0.0,0.0,0.0,0.02515001818537712,0.0044157079282740605,0.009933903184719385,0.11514340955764055,0.18195317174540832,0.0246252098295372,0.6337960451841355,0.0049825367874291255,0.0,True
00:05:11,59278c090220760001fda664,188.90854899462738,0.9372099720878038,3.72419577567346,-35.29728012103387,-389.1762,118.98385,-10.505211,-9.524884,-7.0283804000000005,-2.364521,-2.037613,-4.814787,-1.2113398000000002,3.9740443,0.20099239,-4.8379188,39.704536,13.667929,18.353638,7.2527539999999995,-7.6258917,-8.822721000000001,-7.895389,-10.261585,1.0133729,-4.0631982456188e-05,0.6624857334258242,16.891603585331367,1682.6429832738067,1079.6870627585809,15.12900489475567,9.936880388878544,15.619761811354675,14.863010007178989,20.60863002655205,20.926094687534846,25.50658103185895,0.00016976756000000001,1781.484375,0.0220263671875,1.0,0.0,0.0,0.025257878005504608,0.02465431503951549,0.004498981568031014,0.010833179776091129,0.8848596692085267,0.017805707268416883,0.02889002244919538,0.003200264798942953,1.0,True
00:05:11,5c41c28e896e090001c03bb0,,0.4652482997972021,,-82.1665663844172,-495.83575,15.245904000000001,6.075653,5.882787,1.2902688999999998,-4.0420823,-1.6553591,8.039399000000001,7.672066,-3.9027964999999996,-8.597119000000001,0.9152556000000001,-30.590181,-7.044630499999999,15.726041,12.13368,12.241859,3.5844955,-9.893737,-4.111721,0.97538877,-1.6518191465331115e-06,0.028808959899394262,,4638.0257896620005,5310.684326230145,9.33408130503704,8.709483798456713,10.606630898852943,14.973878313984402,15.323467745478844,15.180264657672687,18.81692523904737,0.19580843,9488.802083333334,0.10032552083333332,0.0,0.0,0.0,0.04848577878437936,0.003974688304515439,0.01046114852069877,0.22460326496511696,0.03868124986765906,0.06564431063161465,0.5907152205705642,0.01743432141665835,0.0,False
00:05:12,59278c090220760001fda664,,0.7166955871622894,,-65.20181483615967,-491.09824000000003,21.31454,1.44389,1.0436314,-0.2606248,-1.6444216,-2.4358292,-2.3743220000000003,-1.6336734,-0.6586562,0.0717017,0.24340807,14.991083999999999,6.891407000000001,-0.4219001,-5.0065875,-6.206382,-4.698627,-1.9813515,0.3906991,0.27062747,-7.834221852011176e-07,0.01301261074204326,,3856.1642769418077,2019.8587123066488,14.0481959829375,8.102417148729291,11.304878034731553,19.692732361399717,16.377597671223434,14.899223762551165,17.213746222639976,0.0021240639999999997,3368.90625,0.028857421875,1.0,0.0,0.0,0.011516778357326984,0.07483898624777792,0.0033287111204117533,0.00034539677144493906,0.8611574292182922,0.038182901218533516,0.009755810862407087,0.0008740211138501764,1.0,False
00:05:12,5c41c28e896e090001c03bb0,246.73167437315442,0.8928166225192621,0.4069979397885209,-22.792513681473665,-213.06107999999998,91.61417,-13.957118,-2.1951065,6.308678,-8.193746,-7.228289599999999,-6.7303467,3.537204,-8.5224905,-5.121809,-8.352273,-76.765526,22.094341,-23.217657,-3.445035,1.8477983,-1.0337902,-23.398844,-6.797745,1.6744581000000003,-0.000205762614403914,3.667887254658656,14.009167595440722,2756.1007378214026,3727.4214083269153,11.54697867541676,12.959694711232565,14.363575830530193,18.779695469348862,21.750725997555367,22.21405972767697,44.5464337019341,0.0017493679,6305.390625,0.110986328125,0.0,0.0,0.0,0.13201862908899786,0.0062464148686558465,0.028331110579892994,0.3696956895291805,0.0208575930504594,0.15725519503466784,0.14196796510368587,0.1436273895204067,0.0,True
00:05:13,59278c090220760001fda664,,0.7367626365920283,,-62.061881138855426,-485.3248,28.923439000000002,1.7018887999999999,1.5856667,0.22497925,-1.5154727,-2.8295793999999996,-3.2751224,-2.848913,-1.8777831000000003,-0.8266528000000001,-0.113591336,21.080343,10.893189,1.4389741000000003,-4.869841,-7.0884337,-5.8513017,-2.8330069,0.11131816,0.38340518,-9.573913018225643e-07,0.01582811924604758,,3402.8717286903106,1599.785942909314,13.014284135909483,9.364806573960037,11.401981622374288,20.77113681323827,16.02870726266525,14.785820099133241,17.58927250926855,0.0007820884299999999,1897.734375,0.024453125,0.0,0.0,0.0,0.009860672522336245,0.10140151679515838,0.0034692178480327128,0.00041571647743694485,0.8198946118354797,0.05452911704778672,0.009187781997025014,0.0012413607444614172,1.0,False
00:05:13,5c41c28e896e090001c03bb0,163.42645076580837,0.7701834801245742,0.5471611933870123,-24.803200199717907,-233.12662999999998,122.57503999999999,-3.7461227999999998,0.30938455,1.769954,-7.481555499999999,-2.9859278,-1.8952528000000002,0.39786956,-4.643249,-3.0813155,-5.4536643,-36.52527,17.830984,-16.33372,-3.2004397,-8.371869,-10.737515,-15.880892000000001,-1.0939219,1.7583833,-0.00020702538574936887,3.54134309358087,20.32250432239469,2410.8022998594142,2650.636038653899,14.94936985477607,11.100242044961872,14.508580085117094,17.82000584895279,21.222416490293643,22.965187245567517,39.97222774873377,0.0005799014,4375.078125,0.0776513671875,0.0,0.0,0.0,0.1055212811463409,0.002167348942344284,0.029244860272026725,0.33052926593356663,0.007964940301866995,0.15328749972913,0.09981785186876853,0.2714669522311952,0.0,True
00:05:14,59278c090220760001fda664,,0.7212514592772715,,-63.24301113570469,-489.25577000000004,23.750145,1.506368,1.977525,0.7346746999999999,-1.3689089,-3.30764,-4.33857,-4.2500706,-3.33494,-2.1503474999999996,-1.2121367,16.879501,7.806728,-0.8318164000000001,-6.811661,-9.042945,-7.812506,-4.4929223,-0.88532674,0.33244166,-8.164423457519999e-07,0.01355901388156003,,3622.734845256721,1792.7366242764385,14.141293753593825,7.750978443406466,11.552324896218677,20.326048977599967,15.390263603516734,14.656756200231529,17.54244238319325,0.0010624491999999999,2519.0625,0.0265966796875,1.0,0.0,0.0,0.024646709859371185,0.06488237828016281,0.009460180159658192,0.0007843382540158927,0.8147343635559082,0.06391592174768447,0.020413153804838657,0.0011629986809566614,0.0,False
00:05:14,5c41c28e896e090001c03bb0,154.437365005647,0.8991051481665033,0.7944833721300456,-21.78782871670686,-311.27975,118.64071000000001,-18.355139,-4.5553550000000005,2.4967227000000003,-12.6838875,-11.057454,3.8424466,-0.21480672,-12.378103999999999,-7.3164463,2.5347169999999997,-4.3425055,40.237885,-2.9063463,-21.408839999999998,13.492807999999998,-8.075942,-11.881098,-4.164568,1.7363939,-0.00010382076591123165,1.7971223340360294,12.127286920898642,1454.851884580045,2559.804123166571,14.091236833169765,13.229175261755133,17.31114208883725,22.95732029319723,27.375516603139538,25.66269112257678,40.48340548364579,1.4469301e-05,3454.453125,0.0988134765625,0.0,0.0,0.0,0.16935400366783146,0.0036591663345461713,0.01761605404317379,0.3393540345132351,0.007261259155347944,0.12363060805946588,0.06182963028550147,0.27729522064328194,0.0,True
00:05:15,59278c090220760001fda664,,0.8854986115422497,,-63.144694995405295,-489.569,23.308332,2.6028545,3.0945504,1.9573357,0.019506445,-1.8046533,-2.9141173,-3.1836026,-2.870129,-2.3692154999999997,-1.9769039000000002,16.462502999999998,7.486412,-0.9452648000000001,-6.61475,-8.493348,-6.957902400000001,-3.4513797999999993,0.21663064,0.3477499,-7.565651947535174e-07,0.01258331848047948,,3580.1423055838795,1719.5129716445053,14.662837130378215,7.9332877309251035,11.07881326593787,20.883913712274182,14.869041885980769,14.542051293546994,17.544204445775918,0.0008414621699999999,1945.78125,0.026181640625,1.0,0.0,0.0,0.04747838629409671,0.009759695746470242,0.0025452744332142173,0.11791723817586901,0.7213032603263855,0.016445100447162984,0.02730286906007677,0.05724817798472941,1.0,False
00:05:15,5c41c28e896e090001c03bb0,133.9118516580063,0.7221959099743844,0.48416635934125796,-16.99305626028625,-237.64641,195.2815,-14.040323,-2.7793354999999997,11.202021,-3.300786,-9.850888000000001,3.4602171999999998,2.4146967,-8.084178999999999,-9.936555,-3.4165695,-18.2049,-8.491052,8.240350999999999,-5.9401493,0.8923544,-12.845409,-18.988543,-10.57399,1.3805497,-0.00015478762513197758,2.565104208037562,6.911220488033469,1311.3856237012064,1458.7075752343699,18.291132675990827,15.65693951945193,18.68460107282051,19.413999974129744,23.07956691658737,27.03590236100894,35.472721704243476,3.4990750000000005e-06,2305.78125,0.0453125,0.0,0.0,0.0,0.23692734986543654,0.0026932364911772307,0.05629626642912626,0.11643062010407447,0.005890776787418872,0.0729836044833064,0.3137237258255482,0.1950544327031821,0.0,True
00:05:16,59278c090220760001fda664,,0.7116905486300197,,-56.61110233570154,-469.01822000000004,47.591583,-0.20754838,-0.84610194,-1.3772918,-1.8359889999999999,-2.359159,-2.7692223,-2.6888695,-1.9614519,-0.8900386999999998,-0.07232102,29.238264,8.463902000000001,-6.5033174,-12.141062,-10.291302,-5.5030035999999996,-1.6314763,-0.07711911,0.52133125,-1.9540919112092862e-06,0.03205484724783005,,2706.7383643585445,1341.0409768009426,14.485428237837588,8.166066544710644,12.072920865761946,20.280166893397745,19.724451032028192,15.942721282697685,18.01537801459545,0.00045180769999999995,1598.4375,0.0269384765625,1.0,0.0,0.0,0.062360861897468575,0.02929199114441872,0.009861998073756695,0.014021419640630485,0.7958382129669189,0.03187274970114231,0.05118447337299585,0.00556827241089195,1.0,True
00:05:16,5c41c28e896e090001c03bb0,127.81025506940136,0.8289092693809159,0.4953941474395242,-46.428789580921055,-409.77414,62.68029,-1.923673,-8.670196,3.5643272000000006,-0.2625166,-3.9908322999999997,2.9830593999999997,-0.83640766,-5.7483406,-2.7928212,0.357663,-36.16774,12.881527,32.475777,-1.7223613999999998,-3.8546617,-6.1386843,-5.344851,8.682227000000001,1.0500448,-3.891964847841472e-05,0.6529657909392901,10.355900280932627,2352.018565230638,3224.389785784179,13.546815134150018,12.207145006307409,16.378562325159358,19.09884994109645,22.265491279673,21.622350921393913,30.4108161980802,0.005820119,4848.046875,0.1073583984375,0.0,0.0,0.0,0.35314359962940217,0.003907243418507278,0.07815143764019013,0.10473281927406787,0.015368363226298244,0.04480032939463854,0.3950978070497513,0.004798383067827672,0.0,True
00:05:17,59278c090220760001fda664,,0.7047158531151546,,-59.106557980280286,-475.4402,39.552997999999995,1.8569381,1.6160417999999999,-0.5792695999999999,-3.26514,-4.641037,-4.060639,-2.4350612000000003,-1.2270676,-1.1720448,-1.924727,24.10866,7.220574000000001,-4.535006500000001,-9.211628,-8.78631,-6.112263,-2.8980273999999997,0.053116597,0.46938599999999997,-1.5739774430824698e-06,0.025891769972817,,2929.987384536334,1431.8197818149026,13.402496718871605,8.599103091092859,11.561600286446348,19.462257558012354,19.261358528634037,15.799628280650179,17.959713046597148,0.00046285498,1533.984375,0.026357421875,1.0,0.0,0.0,0.10553209781646727,0.1021171860396862,0.05150296539068222,0.008177597913891077,0.5995201289653778,0.07880811933428049,0.048668935894966125,0.0056729718344286076,1.0,True
00:05:17,5c41c28e896e090001c03bb0,143.59271946373786,0.9417680484344454,0.325909309354038,-18.6605037425879,-212.49661,183.1282,-2.8063707,-1.9303540000000001,4.9564843000000005,-8.036147,-10.320305000000001,2.791874,2.367525,-8.010059,-10.069475,-0.67918026,-42.227447999999995,8.925649,18.970325,-16.39986,-8.006525,-8.931526,-21.965792,-8.527061999999999,1.3857558,-0.00016764032242309992,2.7992160316181565,8.419987759324291,1596.3114622747519,1770.7126811728067,16.972578188214467,14.978841395692177,17.19128287146746,19.25986029683552,22.466171378572785,25.591534813650284,38.653431179524176,1.1874176e-05,3078.984375,0.05248046875,0.0,0.0,0.0,0.275541028380394,0.005147483781911433,0.07383958473801612,0.11336228381842375,0.026793373795226217,0.12243841923773288,0.3676971793174744,0.01518066441640258,0.0,True
00:05:18,59278c090220760001fda664,,0.7267663385625049,,-59.094776002796046,-477.18622,38.565697,-0.8673519000000001,-1.477992,-2.5643644,-3.3806646000000002,-3.4925308,-2.8655097,-1.8107234,-0.7975611,-0.20454615,-0.14668755,26.139666000000002,11.018947,-1.5568999,-8.465086,-9.620935000000001,-7.172513,-3.8382444,-1.5291370000000002,0.45703253,-1.4297533417522829e-06,0.02350232280785459,,2997.498402279741,1413.749404518252,14.372536917169008,9.824741427006783,10.857158187841218,20.319473062887248,17.46002984545372,15.835441090357019,17.902890998499714,0.00049499044,1509.140625,0.023935546875,1.0,0.0,0.0,0.10483120335265994,0.0353673295583576,0.02850083487574011,0.017371010797796772,0.6921688050031662,0.06139752864837646,0.04791209045797586,0.012451221747323871,1.0,True
00:05:18,5c41c28e896e090001c03bb0,179.74645255609414,0.941952209565538,1.030092486610424,-23.831774749826845,-267.79357999999996,121.97411000000001,-10.255517,-4.474529,4.9627495,-6.4473443,-4.9779029999999995,4.9967766,2.3959593999999997,-1.0272408000000002,-1.9032441000000002,-3.3035443,-52.908924,7.674867599999999,12.931181,2.5773726000000003,2.0419052,-12.112733,-18.333376,-6.5178447,1.788359,-0.0001432678512751517,2.408773954517349,10.769704943208591,1884.8914778662834,2434.177245250972,13.839191322626428,12.810623820907551,16.879084420229212,18.60585296041217,20.409448246614236,21.747107957851366,39.75616298193527,0.00016203853,4013.203125,0.07611328125,0.0,0.0,0.0,0.2230418138206005,0.010623580985702574,0.1349816255271435,0.12103493083268405,0.054505639430135484,0.17070297598838807,0.25140181109309195,0.03370761696714908,0.0,True
00:05:19,59278c090220760001fda664,,0.6775486361805313,,-58.90063331283528,-477.7871,38.21174,1.2315017,1.0064732,-0.67080647,-2.3598282000000004,-3.0160723,-2.521848,-1.4527955,-0.45879066,0.1254045,0.23040368,26.910734,12.686542999999999,0.011259256,-8.063882000000001,-10.672742999999999,-8.858788,-4.7888827,-0.84891236,0.43827742,-1.3448915051496333e-06,0.02213323794629964,,2931.1403122630204,1361.5929632521832,14.375322480637472,8.50910420360792,10.890946477013607,20.608041564688673,16.962000679425493,15.288173450055687,17.72954088633405,0.00043573364,1420.78125,0.024853515625,0.0,1.0,0.0,0.004080061707645655,0.0030664415797218678,0.0007536244753282517,0.0021085358661366627,0.9829280018806458,0.00207317708991468,0.0014891772996634244,0.0035009839397389447,1.0,True
00:05:19,5c41c28e896e090001c03bb0,165.8062107282215,0.91949730955495,0.3127143686025607,-34.394259640789215,-300.75305,78.88734000000001,-5.255312,3.877699,5.615549,-11.910214,-2.6326706000000004,-2.0297573,3.3432286,-1.01693,-3.5830742999999994,-3.8057055,-77.62383,20.205053,5.0575185,-9.05213,2.5054345000000002,-1.3273951000000002,-19.089851,1.8916830000000002,1.5436393999999998,-0.00014534820070705206,2.601833635915796,8.392038686422854,2518.2417794552543,4010.484692541608,11.619467072613693,10.098181135586248,11.733616276816795,14.782532310365575,22.742432553387665,21.34595835186561,39.72103556589402,0.021341262000000003,6284.53125,0.135703125,0.0,0.0,1.0,0.11627756742139655,0.011086957703810185,0.06216456989447276,0.18158727201322716,0.1002699628782769,0.2632110311339299,0.17211743195851645,0.09328519258027276,0.0,True
00:05:20,59278c090220760001fda664,,0.7216134907622727,,-60.32621504573845,-479.71814000000006,34.47871,-0.11380901,-0.23830919,-1.3007095,-3.0819509999999997,-4.720836,-4.683703400000001,-2.7843167999999996,-0.94941336,-0.7968597,-1.4827148,21.81566,8.347283000000001,-1.6947863999999997,-7.610129400000001,-9.727426,-8.314375,-4.764318,-1.5340409,0.44030792,-1.2581858828996037e-06,0.020785836460752598,,3073.712183224296,1503.2655902362515,13.597913525110506,9.208607040236672,11.067641362924853,19.7124051775514,18.310541538154915,15.887225009643213,18.10644086485457,0.0005517572,1727.34375,0.0270703125,0.0,0.0,0.0,0.025937655381858347,0.027538948738947508,0.004951907764188945,0.025834089214913543,0.8243513226509094,0.022553685726597904,0.062250438518822185,0.006581916694995016,1.0,True
00:05:20,5c41c28e896e090001c03bb0,156.7610646298223,0.9332461452186264,0.22585243128348034,-19.01555686539505,-214.8715,124.7359,-13.329476999999999,-1.9950098000000003,3.0296543,-14.217236499999999,-10.340314999999999,0.6695566,3.712436,0.0035527612,-4.4811935,-8.547906,-60.29955,39.7133,8.668439999999999,4.6854424,12.281728999999999,-18.744035999999998,-21.461354999999998,-4.899067400000001,1.6975438999999999,-0.00017933800219097407,3.1214180494513464,11.38456465278312,2094.144652487813,3219.8839872703456,15.891679621620517,12.949044908967755,16.57823051251956,17.931127950289994,24.31437702368137,23.787242182988663,46.929941212365605,2.9786929999999996e-05,5032.265625,0.1196630859375,0.0,0.0,0.0,0.1324826369062066,0.036406974541023374,0.06471905787475407,0.056559523078612985,0.17899909764528274,0.2424834158271551,0.2603734903037548,0.0279758031014353,0.0,True
00:05:21,59278c090220760001fda664,,0.7771527281924834,,-65.18242235659119,-493.31467000000004,18.456204999999997,0.8123066999999999,1.338062,0.44924605,-1.0963951,-2.4024646,-2.8454695,-2.3029144,-1.1261963,0.092427135,0.82512605,12.782134,5.2869225,-1.8455877,-6.760091,-8.534448,-7.394660000000001,-4.485722,-1.3256835,0.28801283,-6.272285376289257e-07,0.010488947023576587,,3903.388050093761,1977.942524180067,13.956683233152685,8.485515483178379,10.120035658230243,21.546182624186663,16.145444682804204,14.541546714974801,17.445254218348285,0.0014159657000000002,2827.96875,0.0282470703125,0.0,0.0,0.0,0.038454245403409006,0.050856918841600415,0.012811321718618271,0.0039293956127949056,0.7730959773063659,0.025596322491765026,0.09360064789652824,0.0016551894601434466,1.0,False
00:05:21,5c41c28e896e090001c03bb0,160.42370586354954,0.87719659303478,2.7913207823635964,-29.28021333565818,-273.17056,151.6694,-8.938924,-14.747909,0.5639871,2.7361414,-4.92935,-2.0046356,4.073757,-4.786262000000001,-5.0977845,0.42422462,-28.703634,17.279428,23.296064,1.4347807,-9.253139,-11.5970955,-15.829585999999999,-2.3128182999999995,1.4364736,-0.0001332218635906422,2.24865827407576,16.01610140036382,2317.6840778613496,2267.3582797021413,16.23371922569546,13.736643448954654,16.23799949360399,17.498209083038024,20.305537832836272,27.310569812949762,34.06584135350633,0.0027543523,4477.5,0.0471142578125,0.0,0.0,0.0,0.3793088518083095,0.0097305623581633,0.12212809659540655,0.049776147119700916,0.03820555252023041,0.16775279715657235,0.2122930593788624,0.020804906915873292,0.0,True
00:05:22,59278c090220760001fda664,,0.6805581127869726,,-60.803059878293716,-482.12552,33.09234,1.7821522,2.4088566000000005,1.24605,-0.8119088000000001,-2.6826195999999998,-3.5502910000000005,-3.1449187000000003,-1.7775599999999998,-0.14739370000000002,0.98953927,24.249336,12.611044,1.5489941,-6.1786346,-9.308525,-8.278556,-4.7679553,-0.8595898000000001,0.41918042,-1.0356683192749156e-06,0.017099156117510332,,3170.40529779533,1443.208025443957,15.42105181584932,8.495253348356776,10.531836191911651,20.573656856364035,16.111402564594126,15.012848071794634,17.699417178552906,0.0005453135,1541.015625,0.024052734375,0.0,0.0,0.0,0.12575454786419868,0.07330495864152907,0.06893361322581767,0.0024392441380769016,0.5825686037540436,0.06918834671378135,0.07555728405714035,0.0022533890092745427,0.0,False
00:05:22,5c41c28e896e090001c03bb0,172.10943303549197,0.3382885260196188,3.6627843347913345,-36.63753479443167,-350.6818,88.590614,9.4318285,-6.4029784,-9.066803,-2.5579836,2.980499,-1.1154122,-5.453961,0.8035779000000001,2.6666481,-2.8855932,-40.874638,-0.096588634,8.893882000000001,-0.49551308,-0.3756211,-16.376104,-17.324274,7.175089,1.7490968999999996,-7.276258400321301e-05,1.2270112303393799,18.79858830823668,2184.034246352795,2813.4322094999743,12.438978310615619,9.830913850163164,13.28545031858708,17.436510868908357,22.592599423720284,23.414546066009226,33.34206336728997,0.0031059245,4744.921875,0.0861083984375,0.0,0.0,0.0,0.3030605152249336,0.007595452712848782,0.02024730853736401,0.060456924512982374,0.013276815856806934,0.2072812713682652,0.336842405796051,0.05123927695676685,0.0,True
00:05:23,59278c090220760001fda664,,0.7435041960516163,,-66.22215332947425,-496.14532,15.008038500000001,2.2168832000000003,2.9870164,2.2544055,0.44800276,-1.6781542,-3.3573964,-4.0839156999999995,-3.7542272000000003,-2.6443713,-1.2552701000000002,10.797944000000001,5.1601024,-0.33026743,-4.2672787,-5.8516808,-5.0963616,-2.7417388,0.06842313,0.2601243,-5.227933231288675e-07,0.00879010150237949,,4069.0264437521614,2048.2464976586784,15.165928548547306,8.4971781515084,10.9932996970752,21.35147001838913,14.727827464454595,14.3931799732365,17.623616375198885,0.0013471565,3060.9375,0.0281640625,0.0,0.0,0.0,0.17092838734388352,0.12683461755514144,0.12063568122684955,0.006766083592083305,0.43344277441501616,0.0907571204006672,0.044620506092906,0.006014805485028774,1.0,False
00:05:23,5c41c28e896e090001c03bb0,152.90243306430062,0.922068232249577,0.4471543120782632,-17.871746488894836,-213.02531000000002,158.13855,-7.668980599999999,-2.0806198,-2.2529318,-15.954583999999999,-4.562181,6.5020857,-4.697508,-5.2721367,1.5473629999999998,-6.605183599999999,-44.396667,34.618675,16.969160000000002,-6.5641007,6.646412,-14.84265,-25.032885,-9.526403,1.7568926999999999,-0.00016569027712123898,2.8328141068583874,13.694764011818853,1895.8284160300616,2318.9182912312176,17.931672561198265,13.829453276735071,17.723457835552598,16.856189178222586,21.604560957645344,22.281405499927388,43.08674322268137,1.2544651e-05,4066.40625,0.0737548828125,0.0,0.0,0.0,0.2308073975145817,0.002777333377161995,0.021488146809861063,0.27838459312915803,0.0033509302273159853,0.11859010383486747,0.09452579244971276,0.2500757060945034,0.0,True
00:05:24,59278c090220760001fda664,,0.7383906802509425,,-66.62191700913951,-497.02814000000006,13.881975,0.7318017,1.9748974999999998,1.9670968999999998,0.9312153000000001,-0.60326827,-2.0302165,-2.8844687999999996,-2.9760353999999998,-2.4097299999999997,-1.5026928,9.984735,4.709291,-0.53781664,-4.4753733,-6.3285403,-6.0171075,-4.101344,-1.5257003,0.24767162,-5.063941081349595e-07,0.008530110520469874,,4195.972054345459,2184.485525856482,14.387796937529751,8.466198105851985,10.7109452524147,20.462898153672548,14.918347848973108,14.29420789246929,17.273792827235063,0.0016979076,3614.53125,0.0276806640625,1.0,0.0,0.0,0.17683470398187634,0.1146522168070078,0.0900761228054762,0.009331359202042222,0.4335305392742157,0.10765114277601244,0.048442136868834494,0.019481808040291072,1.0,False
00:05:24,5c41c28e896e090001c03bb0,146.17228153856286,0.9233935715430271,0.27277589489786885,-20.32742116331721,-250.39934,149.59253,-19.257735999999998,-1.8711846999999997,13.646157,-9.479006,-11.854764999999999,-0.83909875,-2.8599514999999998,1.310867,-2.7691474,-7.800151,-32.6499,33.37208,18.4419,-14.644471,-0.3082232,-16.046747,-13.592613,-4.860636,1.594478,-0.0001299042696253099,2.1870878880484463,11.544897818707796,1856.182726986116,2270.972041244441,14.94922263458926,13.9875652115981,19.54463527664425,19.768013884424718,23.562630879979764,27.47017297633579,43.244199861606674,1.0487115e-05,4028.203125,0.076259765625,0.0,0.0,0.0,0.10317887775599956,0.0004841588495764882,0.01400336918886751,0.6261625945568084,0.0010748668282758442,0.020827741362154484,0.01576386666856706,0.2185045450925827,0.0,True
00:05:25,59278c090220760001fda664,,0.7190088221591971,,-65.51277840789976,-494.335,17.397493,0.47752985,1.1398063,0.6183536999999999,-0.6180800999999999,-1.9013991000000001,-2.665393,-2.6531916,-1.9659786,-0.9620781999999999,-0.07330219,12.72707,6.469635,0.34750918,-4.1341734,-6.1573625,-5.780447000000001,-3.7995977,-1.3650683000000001,0.27091065,-5.813898866331031e-07,0.009737886176978764,,3940.197661698896,1951.3368102718368,15.871099557501525,8.05393181704971,11.077297588888635,20.31167245037343,15.001143015779698,14.875537769129515,17.373450473926653,0.0012106996,2761.875,0.0266650390625,0.0,0.0,0.0,0.05716575384140015,0.09889430254697802,0.021410528942942614,0.0041071175364777454,0.6001706719398499,0.03754718452692032,0.17813616916537284,0.002568284072913229,1.0,False
00:05:25,5c41c28e896e090001c03bb0,149.17765043930848,0.4664947351138439,3.9840088276735246,-22.623792100856985,-273.43448,137.11227,-11.040907,-3.3359258,11.402344,-2.9288945,-13.215089,-0.860281,5.6581936,-6.995275,-11.984834,-3.8561818999999997,-25.152441,29.052288,15.216838000000001,-5.7893333,11.288489,-11.841379,-18.226162,0.39638090000000004,1.9420538,-0.00011589275448398284,2.0324147581836502,24.529821820871177,1524.8832213701198,2443.997457916837,14.374279455985016,11.508490608512233,14.732475383578686,16.275339187695767,24.40108089782693,27.21744928613461,38.12119343933906,1.1379052e-05,3633.515625,0.0878466796875,0.0,0.0,0.0,0.05392476357519626,0.00042763001692947,0.011822847835719585,0.6773597277700901,0.000924070322071202,0.022431202884763482,0.07144530061632395,0.1616644599940628,0.0,True
00:05:26,59278c090220760001fda664,,0.7245113401960989,,-62.28871720469848,-486.6774,27.039185999999997,0.84186566,0.85961944,-0.5764443,-2.455594,-3.7440773999999997,-3.8457928,-2.791245,-1.1142513,0.471959,1.4101653,19.259281,9.117393,-0.35180783,-6.725612599999999,-8.984103,-7.661803,-4.3854226999999995,-1.0727155000000002,0.36307767,-9.119846151960808e-07,0.015099116192945954,,3440.4899892400044,1670.4217904846591,13.59488817334782,8.39137968246083,11.99680767341648,20.400841472930146,17.086859671133222,15.007928679698148,17.481204301934508,0.00094751804,2129.765625,0.0265625,0.0,0.0,0.0,0.08146181106567382,0.04169149063527584,0.029803269729018214,0.005552952829748392,0.5816352367401123,0.06627374291419982,0.19044644981622694,0.0031350427074357872,1.0,False
00:05:26,5c41c28e896e090001c03bb0,138.56265642295637,0.32824913280139817,2.159723164285961,-38.83926574074411,-352.77547999999996,72.90160999999999,1.8073965,6.1116779999999995,6.821799799999999,-3.7844330999999998,-2.1185262000000002,5.2486014,0.85115516,-4.7485137,-0.07649452,-0.7551338000000001,-36.341266999999995,15.782599,2.1684189999999997,0.63930506,11.451635000000001,-7.9230094,-15.093719,-0.49749209999999994,1.5691156000000002,-7.3498224960009e-05,1.2887106660643906,24.514397830581988,2442.081290806445,3351.761442333081,11.666171888803786,10.81519089447578,12.306207776346062,16.750764773710102,21.43063953012092,21.00793271459371,36.59969552524423,0.0020179364000000003,5246.953125,0.10884765625,0.0,1.0,0.0,0.10050945654511452,0.013725212309509516,0.15826253849081695,0.05484508224762976,0.04794652443379164,0.07176053766161203,0.5497843936085701,0.003166255555697717,0.0,True
00:05:27,59278c090220760001fda664,,0.7447289737737629,,-64.09184349209404,-491.07245,21.596092000000002,1.4402864,1.8374566000000003,0.8162417,-0.9327178,-2.5394864,-3.3398103999999997,-3.1107178,-2.0879008999999997,-0.7956145,0.20987855,15.824941,8.157432,0.76943946,-4.480926999999999,-6.6493945000000005,-5.9188232,-3.3800027000000004,-0.5064919,0.3290842,-7.241964968185486e-07,0.012050559296927934,,3713.624547027744,1816.6677632414853,13.775485897857866,8.840123909560502,10.566243348726287,20.56584523330422,15.100860797687595,14.430105127040642,17.547059748270946,0.0011302952,2502.1875,0.026357421875,0.0,0.0,0.0,0.09752882346510887,0.06642946526408196,0.05397391468286514,0.003623093687929213,0.5523612022399902,0.1750239074230194,0.0446990367025137,0.006360547617077828,1.0,False
00:05:27,5c41c28e896e090001c03bb0,184.7276462371788,0.8002019600958415,3.700549665904857,-19.24336466765316,-224.18922,116.39673,-15.568863,2.8496199,10.199678,-8.538232,-13.575064000000001,-0.08500072,4.4543614,-5.1419783,-7.283792,-6.5982389999999995,-61.14885,47.672604,-1.7410383000000003,-7.872735499999999,18.643158,-19.410951999999998,-23.733038,-11.485652,1.7894567,-0.00015079091354736805,2.6389847265043342,12.79391445215698,2062.622767925076,3384.4544321401586,14.994855191913455,13.543836900916714,16.54259616236299,17.467370331399707,23.20578549546795,21.996933249193987,46.81997553251462,2.1599963e-05,5187.1875,0.125,0.0,1.0,0.0,0.13447639075192538,0.007504199822009964,0.15179849407550966,0.06785578602416949,0.05745013464580882,0.1070340716026046,0.4686364436691458,0.005244495024354282,0.0,True
00:05:28,59278c090220760001fda664,,0.7500276113284564,,-63.48748506115582,-489.11752,23.047268,0.7001427,2.0935643,2.0484042000000002,0.69505954,-1.4249763,-3.3927104,-4.1395726,-3.4339116,-2.106421,-0.9816521999999999,14.511733999999999,4.7996078,-2.7938669,-6.7437195999999995,-7.304618,-5.918016400000001,-3.8694832000000003,-1.5569811000000002,0.37574333,-8.439718417917523e-07,0.014059869047430718,,3650.081527240327,1837.4710394787546,14.054186764071511,8.702677635296528,10.953267308973448,20.089840910628208,15.388382036934129,15.353647934516392,17.65762183435241,0.0009653762,2320.3125,0.028984375,0.0,0.0,0.0,0.06201297640800476,0.09253712445497513,0.03845410943031311,0.001768975012237206,0.7058011293411255,0.07140386253595353,0.02528651747852564,0.0027353159384801984,0.0,True
00:05:28,5c41c28e896e090001c03bb0,271.3854289847873,0.9325065526664826,3.736527182412551,-19.18073001624116,-177.59427,130.8561,-4.2960167,-0.67435783,2.0039635,-10.71839,-8.294788,-8.37225,2.6222112,-3.0047026000000003,-5.494398599999999,-14.918926,-47.967648,31.800528000000003,-19.425354000000002,4.8932905,-3.4106099999999997,-18.25056,-25.791930999999998,1.3446225,1.9778360000000001,-0.0002582807527856692,4.537315555063767,21.400038600157206,2545.9304403179917,3097.589209967414,12.143753348283026,12.095315447402106,15.082997168848884,16.815483889079108,21.434524443274427,24.60836626402245,46.277368539648144,6.037196700000001e-05,5252.109375,0.0958447265625,0.0,1.0,1.0,0.17005636584427622,0.004878874570648704,0.1906073368671868,0.15417213365435598,0.014326144475489857,0.12551595436202154,0.319963018099467,0.020480157755729225,0.0,True
00:05:29,59278c090220760001fda664,,0.7254178902332272,,-64.78676769747321,-492.4499,19.976361999999998,-0.58497155,0.13435338,-0.20929858,-1.3833908000000001,-2.838269,-3.938528,-4.2336480000000005,-3.6416197,-2.452884,-1.1625098999999999,15.094546,8.59844,2.2492356,-2.517225,-4.9964260000000005,-5.276899299999999,-4.027648999999999,-2.1723404,0.31058753,-6.639922856038922e-07,0.011084448963940136,,3801.00025777567,1860.597783918401,14.615487258713419,8.347475571845214,11.318507297335605,19.30133364036331,15.171040348250516,15.24810505040605,17.438144511672142,0.0011457073,2609.765625,0.0247900390625,0.0,0.0,0.0,0.0345253873616457,0.05067122802138328,0.02160777002573013,0.0016403793881181628,0.8406337022781372,0.029287510737776763,0.019398166052997108,0.002235885919071734,1.0,True
00:05:29,5c41c28e896e090001c03bb0,225.67271892657791,0.6526870759455338,1.0978843531009688,-19.87609333016764,-196.06544,135.47205,-11.514417,0.7799334,6.017124,-11.798708999999999,-8.103852999999999,-2.8796391,2.2573795,0.5511801,-6.971421,-12.004466,-74.86901,17.848246,-4.060403,-13.76419,1.6830374,-5.7239629999999995,-20.183037,-9.609639999999999,1.841577,-0.00021172522054569839,3.6640142815903305,21.04095082233159,2113.748305339076,2691.314497904744,12.446617735962864,11.670876999954116,16.636065865453965,16.520028163368853,20.99437430206035,20.73084411197156,43.66915008438631,4.187786e-05,4633.125,0.081181640625,0.0,0.0,1.0,0.040535146539861504,0.004424522005220669,0.024846999220079102,0.32092707710001955,0.31038091026923875,0.059269323839213364,0.20170756768096576,0.03790843587326394,0.0,True
00:05:30,59278c090220760001fda664,,0.7556639585051943,,-65.44017526476749,-494.45493,17.249360999999997,1.3020923,2.1066743999999997,1.4274029,-0.28923932,-2.2669417999999997,-3.731351,-4.196754,-3.6083903,-2.3071797000000003,-0.85377914,12.624856,6.397164,0.2603163,-4.2662973,-6.3047595,-5.839078,-3.6271782,-0.8582371999999999,0.26874608,-5.88779121813649e-07,0.009859738095002341,,3964.1738996881336,1989.6480000013823,14.707765552804373,8.475763760017895,11.273809570584225,20.614277121647834,15.182491565140989,14.624234188053922,17.628085493309637,0.0013667454,2930.859375,0.027578125,0.0,0.0,0.0,0.049778534471988684,0.03629282228648663,0.025316356122493743,0.0029624203220009805,0.7758116364479065,0.054414115846157074,0.05253396816551685,0.002890103845857084,1.0,False
00:05:30,5c41c28e896e090001c03bb0,188.21340301604943,0.9531826841932992,0.9202825299747052,-19.053763307253078,-214.1007,129.57873999999998,-18.097732999999998,-12.339349,2.4331553,-7.732226,-6.6293435,-4.1898,2.4746375,0.44493806,-7.948944,-10.115419000000001,-49.739113,50.6345,20.515823,1.8795397,-1.1687438,-21.133549,-21.366026,-2.6670945,1.871573,-0.00018293728150060108,3.136282331847432,20.056536645787613,2245.057552446039,2670.527213500069,12.824645619145178,13.277345298285516,18.360285374393502,17.163068818870315,21.0241684083028,23.24407531670757,44.659354775037116,2.4351199999999998e-05,4761.328125,0.07802734375,0.0,0.0,0.0,0.03278428316116333,0.007739444665276095,0.0675504052778706,0.4157671220600605,0.0668248082511127,0.046670231502503164,0.3518775030970573,0.010786163620650768,0.0,True
00:05:31,59278c090220760001fda664,,0.7249602098702984,,-62.05942497521859,-485.18262000000004,29.337465,1.2991476999999998,1.9845171000000001,1.2036124,-0.35973188,-1.8127255000000002,-2.4725332000000004,-2.1258497000000003,-1.0358614,0.25923193,1.2151955,22.003548000000002,12.298358,2.9522798,-3.7925718,-6.864787,-6.5188475,-3.999743,-0.9328661,0.36423033,-9.793493217104315e-07,0.016179519288577485,,3404.670489067697,1662.1330077923185,13.978871869587973,8.358479289988942,10.847833105683694,19.044491330148823,16.063585221737945,14.922642326590154,17.613289676826422,0.0012565273,2390.859375,0.025732421875,1.0,0.0,0.0,0.07003157511353493,0.05055023692548275,0.04134327284991742,0.00322814907412976,0.6821000099182128,0.0929145947098732,0.05529318787157536,0.0045390033163130285,1.0,False
00:05:31,5c41c28e896e090001c03bb0,164.94530574228207,0.7423153164518865,0.18456286643717248,-36.32868494842501,-323.25986,78.786705,0.6652843,10.298108000000001,2.5216067000000004,-11.180609,-4.7480435,-2.3555636000000004,0.43131536,-4.506037999999999,-4.277602,-2.8748837000000003,-48.882057,10.019559,-16.596386,3.681685,9.384169,-10.26861,-14.367007999999998,-3.3920949,1.2962818,-0.00014094031631236526,2.411930370880189,6.8400944527407725,2591.6341267621824,3675.8549234482753,13.303473588563982,11.062935895108547,14.627889252483918,20.31487940413185,25.913683629643568,25.69444595502416,36.1255390513834,0.0067082336,5598.28125,0.1187353515625,,,,,,,,,,,,,True
00:05:32,59278c090220760001fda664,,0.7457506262090788,,-66.0438624072644,-495.74683,15.580151999999998,0.24196328,1.3677682,1.1693969,-0.063265346,-1.7046466,-3.0673152999999997,-3.6599182999999997,-3.3386742999999997,-2.3118937,-1.01581,11.366622,5.6421785,-0.09040883,-4.4534454000000006,-6.603644999999999,-6.4414883000000005,-4.5619073,-1.9820788,0.26681736,-5.406932652621628e-07,0.009083208447981557,,4055.885611360915,2060.182778979278,14.22686241337459,8.141466681714562,11.210376538225862,20.32171806703377,14.51730072649252,14.831619085168226,17.32051108354809,0.0013959688,3185.390625,0.02640625,0.0,0.0,0.0,0.030764305032789707,0.051829371228814126,0.018703153519891203,0.0012931053890497426,0.8355996489524842,0.034036196768283844,0.026364402333274483,0.0014098070125328375,1.0,False
00:05:32,5c41c28e896e090001c03bb0,169.06611161390754,0.9074743392631732,0.5492954868745176,-21.466710412734393,-236.12991,172.5077,-10.671968,-9.415892,3.2764213,-3.6257877,-8.504251,-1.2392403,1.8761648999999998,-0.7234101,-6.781280499999999,-7.535057000000001,-33.396324,0.38811365,8.865186999999999,-4.118536,2.9998188,-10.290337,-19.320679000000002,-7.695722999999999,1.7584540000000002,-0.00014602729037201679,2.4352740212598327,20.736426362995232,1721.2163222807385,1723.3365642855374,15.18358151622764,13.578777579168381,16.733249251404125,17.113209760248232,20.86067520728861,23.44602027900249,37.279607696442035,2.040064e-05,3241.171875,0.0485888671875,,,,,,,,,,,,,True
00:05:33,59278c090220760001fda664,,0.7542858715899642,,-63.07757768905579,-489.1916,24.17645,1.0248727,0.5038066,-1.0860584999999998,-2.9800033999999997,-4.382469,-4.787979,-4.1299253,-2.7405815,-1.1760318,0.00820686,18.224982999999998,10.406497,2.9953861,-2.1721075,-4.303683,-3.7828796000000002,-1.8262154,0.13045839999999997,0.33016938,-7.91471708232949e-07,0.013134360724586307,,3625.338796362097,1716.3907375851131,14.05846757954035,8.569728577759166,11.898834493890199,20.678087459907555,15.8066538806163,15.0228054591215,17.60898691411116,0.0009213185400000001,2286.09375,0.022421875,0.0,0.0,0.0,0.018682705285027624,0.05837715491652488,0.008152459375560283,0.0006516624969663098,0.8708308696746826,0.0322024654597044,0.01033115522004664,0.0007715376748819835,1.0,False
00:05:33,5c41c28e896e090001c03bb0,150.50494921183417,0.8973550073719871,0.34337882745680304,-24.11730922951307,-270.09116,104.44739,0.053260222,-3.7513053,-4.7178035000000005,-7.431907700000001,-1.7903574,3.0410292,3.9587955000000004,-6.676941,-9.127158,-1.3256143,-53.3277,35.000607,7.836566,8.174610000000001,11.843753,-33.092644,-24.272415,6.335957,1.4216598,-0.00014286540940275212,2.474707932265105,11.788744420774243,1935.739419568486,3289.7184623339185,14.64717734826251,12.840384625814586,16.722859328830875,18.27402337587397,25.62801036189228,26.119990196493603,42.18498519884207,0.0012505974000000001,4724.0625,0.1170166015625,,,,,,,,,,,,,True
00:05:34,59278c090220760001fda664,,0.7330604649438349,,-65.20719121153704,-493.6633,18.436752,-1.4562993,-0.35767847,-0.19606586,-0.74225795,-1.549264,-2.1809914,-2.3867555,-2.1630762000000003,-1.7004044999999999,-1.2597931999999998,13.967951999999999,7.858279700000001,1.6471721999999998,-3.2656515,-6.0289993,-6.5301347000000005,-5.3183856,-3.3177072999999995,0.28854924,-6.036932162153842e-07,0.0100993059771092,,3921.075552631692,1922.2307612645952,13.748589611505162,8.237875138441254,11.14723392662145,19.739447646686713,15.070482908450526,14.625882446035195,17.494026492028848,0.0011922913,2699.296875,0.0240234375,0.0,1.0,0.0,0.17336211601893106,0.04256075962136189,0.031193816568702463,0.010437817312777042,0.31849583238363266,0.31964534521102905,0.09463300183415413,0.009671353579809269,1.0,False
00:05:34,5c41c28e896e090001c03bb0,145.125673422749,0.6890292549401678,0.4871910530187366,-19.046327676003074,-277.2407,113.88085,-12.478833999999999,-12.899148,-6.560021000000001,-5.1209598,-4.65977,4.7017940000000005,0.73543024,-6.4250903,-2.411043,-2.3449419,-42.343235,46.249621999999995,23.609762,0.96628827,22.828514000000002,-16.590029,-29.670565000000003,-12.123416,1.5656807,-0.0001225023714796925,2.1138613011782668,5.848556761258603,1585.5241373601173,2795.412299284096,17.312468081609786,13.649663707986413,20.438725593672725,18.765817030926502,24.699990551274468,23.1243133324786,41.96971451178901,1.0793519999999999e-05,4086.796875,0.101884765625,0.0,0.0,0.0,0.1213154336437583,0.004680719532188959,0.025423060636967417,0.22368689021095636,0.013715081848204136,0.19071135018020868,0.37686315923929214,0.043604310601949685,0.0,True
00:05:35,59278c090220760001fda664,,0.7116620147658999,,-64.27659976382034,-492.56107000000003,19.706518,0.46183157,1.5817589,1.2805853,-0.0037284186,-1.5284075000000001,-2.5851342999999996,-2.7734970000000003,-2.1135142000000005,-0.9762796999999999,0.11517648,14.477856,7.419281,0.4218281,-4.8225675,-7.334956,-7.082078999999999,-4.8666797,-1.9453485000000001,0.29227054,-6.744853263120121e-07,0.01124568943913013,,3855.850694141301,1895.047307328698,13.793162078694095,9.155826494122287,10.90560197765191,20.700166156233987,15.54137814035837,14.776407314878162,17.13892993728275,0.001138603,2689.453125,0.0259912109375,0.0,1.0,0.0,0.06346010621637106,0.12017756327986714,0.00802789346780628,0.005947477085283026,0.662630033493042,0.07560955546796322,0.06184709202498196,0.002300281444331631,1.0,False
00:05:35,5c41c28e896e090001c03bb0,133.6026196312853,0.9055157734527328,0.5927336682430487,-28.05314223202504,-321.08386,129.45734,-6.0055575,-8.957138,-3.7419062000000007,-8.010803999999998,-4.779146,7.206188,2.732012,-6.547952700000001,-5.504562,-2.9111862,-27.744142999999998,-10.363392,13.983445000000001,-6.512541000000001,0.8721634,1.6665946,-7.858617999999999,-2.6663419999999998,1.2898557,-7.865940626774409e-05,1.2961829515277357,14.076985004469293,1400.2424494776008,1814.6156331313755,15.836747123248722,14.125994472379642,16.568685892162794,17.81242063814376,20.853668602072688,27.311254173337865,33.017920614535406,1.0386488e-05,3070.3125,0.0561328125,0.0,0.0,0.0,0.1465603102530752,0.0037904114495696775,0.062150119936891964,0.1906209582728999,0.012843841952936991,0.19692445865699226,0.3438778264181955,0.04323207507176058,0.0,True
00:05:36,59278c090220760001fda664,,0.7242770197944081,,-62.94401552682418,-487.27304000000004,26.570422999999998,0.6303201999999999,1.1589351,0.2430652,-1.4015722,-2.891181,-3.5691907,-3.2345433,-2.1450632,-0.8370970999999999,0.13372847,19.720613,10.600081,1.7573701000000002,-4.644824,-7.515383,-7.0597395999999994,-4.503389,-1.4805431,0.33024353,-8.849622499826462e-07,0.014655160306383362,,3526.3970710727363,1700.2104263802923,14.388020090144243,8.3737305635919,10.83616842288868,19.98361354209188,15.725023419857322,14.629971761963716,17.701205016643247,0.0010406263000000001,2356.875,0.025087890625,1.0,0.0,1.0,0.07849748432636261,0.13248808011412622,0.01906206272542477,0.002253987372387201,0.6071555912494659,0.11256352663040163,0.04641857072710991,0.0015607074834406375,1.0,False
00:05:36,5c41c28e896e090001c03bb0,154.72473405704133,0.6785427594930676,0.18294722827050447,-24.10518444943058,-223.93627999999998,169.01645,8.023557,1.7326247,0.41766283,-7.5770836,-11.169880000000001,-2.8739288,-2.2977819999999998,-5.824865,-4.1497593,-5.9296427000000005,-51.999126000000004,3.024252,2.9685919999999997,3.6150925000000003,-7.091199400000001,-12.377627,-20.41755,-9.129715,1.621646,-0.0001864322601656251,3.1271591833121137,6.618565326730327,2257.5020774293703,2237.8258872654787,16.907043477431888,14.923114017336655,16.648107915871698,19.32840796792697,22.27270596761854,21.30839953314364,37.79765576115884,0.004822345,3825.0,0.0609326171875,,,,,,,,,,,,,True
00:05:37,59278c090220760001fda664,,0.7375707091596044,,-63.59790147630253,-489.74393,23.418537,-0.49532664,-0.17846805,-1.009677,-2.3806705000000004,-3.5341747000000003,-3.9025769999999995,-3.3230515,-2.0653509999999997,-0.6828754,0.23910417,17.489893,9.586328,1.8927703000000002,-3.7487233,-6.417635,-6.2906733,-4.3936677,-2.082994,0.31516474,-7.621669186844431e-07,0.012673578034878185,,3677.736805987744,1787.5198241063495,15.214451729854504,9.017865639144164,10.869583865866373,19.930983480748807,15.502181687547186,14.48224029580305,17.423653468612013,0.0010868422,2468.4375,0.0252734375,0.0,0.0,0.0,0.03085492569953203,0.2292945921421051,0.011309692542999985,0.00045784994435962286,0.6125821590423584,0.0885572612285614,0.02592016821727157,0.00102333955001086,1.0,False
00:05:37,5c41c28e896e090001c03bb0,213.25942151607455,0.8482588340672691,1.2018608485904885,-39.24970134553857,-319.51724,119.16657,-14.959527,-9.435210000000001,3.2137144,-5.404017400000001,-7.189733500000001,-4.786691,-0.595763,-0.6723806999999999,-3.3071954,-4.3407645,-36.244377,18.01898,11.660582000000002,5.930613,-1.9791731,-16.233686,-16.459917,-5.8240099999999995,1.8764116999999998,-0.00011408183459955503,1.9405499328333216,17.413571488045605,3253.3677831916984,3173.28254628284,12.478981741643693,11.649296858321517,16.566614959124816,15.33652998225434,17.28617274692489,20.71524039415332,33.50589411758661,0.018018998,6243.515625,0.06460731907894737,0.0,1.0,0.0,0.08335750922560692,0.05013544950634241,0.003263047663494945,0.03160967421717942,0.13631869666278362,0.2814631909132004,0.40809358656406397,0.005758852697908878,0.0,True
00:05:38,59278c090220760001fda664,,0.7855276159160199,,-65.76172202330896,-494.95007000000004,16.517889999999998,1.4137903,1.8570403999999998,0.86437976,-0.9680331,-2.7934155,-3.8817977999999997,-3.8912833,-2.948452,-1.5314357,-0.22978145,11.830667,5.584038,-0.4530366,-4.734627,-6.430604,-5.635461299999999,-3.2339392000000005,-0.49791422,0.28299409999999997,-5.560990963777457e-07,0.009330474986566606,,3978.804381257451,1984.2444833860832,13.91101235975528,8.549813787211923,10.969996472865601,21.75098963041816,15.366478483594484,14.69538835055608,17.214340360825958,0.0012519041000000001,2844.84375,0.0273486328125,0.0,0.0,0.0,0.07574798241257667,0.2934319883584976,0.03802087903022766,0.0006270227895583957,0.4241545855998993,0.14630472362041474,0.01989111267030239,0.0018216710770502687,1.0,False
00:05:38,5c41c28e896e090001c03bb0,167.84994958053488,0.9287187611526342,0.5435630245627645,-17.740630507441818,-209.09413,178.85912,-13.194945,-1.9050900000000002,5.669555,-7.061480499999999,-7.572345299999999,-1.3465918,-0.71935725,-3.9390066,-8.029893,-7.409197,-32.21559,13.052246,0.061911184,-4.663253,4.464246,-16.19288,-15.115039000000001,-7.3601766,1.6223968,-0.00017904785321507446,3.0105520506575427,12.821492166947055,1800.0446480799628,1929.53076306073,15.863878288731193,15.986117988948765,17.981916219383162,18.088551637459467,21.762836878469034,23.6631697675536,41.163460276577844,8.744856999999999e-06,3327.890625,0.0574462890625,0.0,1.0,1.0,0.05300773587077856,0.026645912320236675,0.013653497619088741,0.09795506093651056,0.11209113290533423,0.2067479221150279,0.4507945701479912,0.03910418541054241,0.0,True
00:05:39,59278c090220760001fda664,,0.7292387518340612,,-62.78172163977481,-488.54303,24.951954,0.44562462,0.82725966,0.12911722,-1.0667666999999998,-2.1047437,-2.53551,-2.255321,-1.4882109,-0.6492701999999999,-0.15545017,18.606392,10.22445,2.1916735000000003,-3.5408251,-6.077266000000001,-5.715974,-3.61439,-1.1914053,0.35926265,-8.019428188040292e-07,0.01331723106033367,,3570.764765118233,1687.3698449756002,14.185711402007422,8.63822223962021,11.268827637065087,20.139779131991247,15.736815697736617,14.747847586904118,17.685016193223944,0.00084277004,2088.28125,0.0238818359375,0.0,0.0,0.0,0.0845836043357849,0.2823014736175537,0.04084908552467823,0.0005146683601196855,0.4081013560295105,0.15739040523767472,0.0245802778750658,0.0016791359754279255,1.0,False
00:05:39,5c41c28e896e090001c03bb0,201.8262272635409,0.5517607013800095,4.659793323733758,-48.73222183512369,-384.09604,51.342724,-21.580894,-18.446312,11.457626,-4.1755676,-9.691753,2.0241835,-2.1551042000000002,-0.72878563,-0.25696929999999996,-1.7381853999999999,-73.711174,21.233984,15.299341,-17.296215,23.724352,1.7051843,-10.671738000000001,8.308817999999999,1.119272,-3.412132075531396e-05,0.6138707308873496,51.704747046315994,2878.044080892889,4419.881316816802,10.349668697267589,9.516476754977141,14.78837617463372,17.01706843986238,19.05354261622068,18.307361939116173,35.71045464709067,0.016278766,7024.453125,0.1666748046875,0.0,0.0,0.0,0.028009122470393773,0.059187949309125534,0.005634060472948477,0.04604326856788248,0.2964969970285892,0.28528793156147003,0.23080493211746214,0.048535722214728585,0.0,True
00:05:40,59278c090220760001fda664,200.69726787388038,0.6164487518876997,5.9467303109396665,-48.06799223057652,-417.05634,80.68330999999999,-0.58418566,-1.2641846,-3.7375116000000004,0.05646261599999999,-2.3330214,-7.466853599999999,-2.0468125,0.15342022,-3.7302892,-1.5502652,19.033548,10.676094,9.961882000000001,-3.6527010000000004,-13.257836,-9.945291000000001,-2.4623506,-1.7705473999999999,0.8978309999999999,-2.345734829799374e-05,0.39187492158319465,68.06420110715429,2711.348205312057,2099.38875499111,13.991406200230546,8.681209694768514,11.665693461206038,16.152232801331294,18.46424069234997,22.163960019193524,26.505627111810263,0.00055881316,4013.671875,0.05775390625,1.0,0.0,0.0,0.07211816534399987,0.2270779013633728,0.020386882126331333,0.0005346187041141093,0.4651835978031159,0.18576694428920745,0.02759909182786941,0.0013327943161129954,1.0,True
00:05:40,5c41c28e896e090001c03bb0,143.56763836371968,0.7258712763076819,2.071670089984453,-48.276398936455614,-344.52002000000005,108.8697,-5.3732424000000005,1.7515956000000001,5.815423,-4.439875,-7.464442999999999,-7.810438,-1.5159271,0.5927467,-2.6309085,-6.526548,-47.134116999999996,2.0303853,-5.067446,-1.8454064,-1.2490752,-1.7093643,-7.863933599999999,-3.8690165999999997,1.8504179,-9.92745656173479e-05,1.7015096234628797,7.2995570699820975,3386.782337844203,4285.680476925623,15.472701451601438,9.753809313935363,13.242402450915945,15.087611590193038,18.62757875500718,19.514716207708656,33.46585172918149,0.042070147,7515.46875,0.1141064453125,0.0,0.0,0.0,0.0292627576738596,0.0495113343000412,0.009352991258492694,0.010318129789084196,0.5669531464576721,0.12675121687352658,0.19954149127006526,0.00830891791265458,0.0,True
00:05:41,59278c090220760001fda664,,0.7078277371092527,,-61.04837052380071,-483.6166,31.208920000000003,0.8391446,1.5452757,0.82623374,-0.616873,-2.0105038,-2.8172991,-2.8541281,-2.2467612999999997,-1.3045635,-0.3903018,22.966892,12.10915,1.7623324,-5.5247470000000005,-8.597593,-7.873197,-4.8886970000000005,-1.5059505,0.38950223,-1.010477569059772e-06,0.01670583774197483,,3248.0252950803224,1556.5585545187735,13.51768218770633,8.484805089383183,11.687369126297126,19.747592806647425,16.3057589745488,14.861356392512526,18.141708876920948,0.0007976406,2066.484375,0.0258642578125,0.0,0.0,0.0,0.02970296265557408,0.1548309415578842,0.0076586757320910685,0.00026882444508373736,0.714266574382782,0.07838540952652692,0.014319929969497025,0.000566672341665253,1.0,True
00:05:41,5c41c28e896e090001c03bb0,228.8025584752305,0.8198571780931773,1.3918740378506418,-34.384804170563854,-294.28796,100.1098,-9.789966,-7.3618507,3.4399571000000004,-7.9087380000000005,-11.037377000000001,-5.978391,3.1488023,2.9749112,-5.931994,-10.6928005,-54.46784,6.4596696,-0.21453023,-2.9068297999999997,0.16775204,-7.8142023,-20.993008,-6.0069413,1.9002561999999998,-0.00012264895169034838,2.114279922699449,11.53984911037065,2395.3053193939113,2871.427082012489,11.562193709174974,10.876830245492725,14.018631717858494,16.892675512365734,19.25641786539096,20.40106153234427,36.391222143537604,0.0022674954999999998,4731.328125,0.094296875,0.0,0.0,1.0,0.03689713017083705,0.006992258492391557,0.012121373269474135,0.08393384842202067,0.6071820246055722,0.040020970976911485,0.19923012517392635,0.013622298859991134,1.0,True
00:05:42,59278c090220760001fda664,,0.7738851221165844,,-66.6347799862776,-496.89697,14.286253,-1.4478248,-0.9750805,-1.2285671999999999,-1.9724103,-2.7849886,-3.2537122000000003,-3.1379318,-2.4438016,-1.3958913,-0.33106178,10.966764,6.418236299999999,1.7745587,-1.9310186000000003,-4.0694203,-4.560504,-3.8206487,-2.5494869,0.26022097,-5.053983943086304e-07,0.008503890974143738,,4131.918122576808,2071.0404748470764,14.155313515779342,8.5756521332846,10.386568187190075,19.78270586397765,14.445183569146812,14.326258631917026,17.444963588870333,0.0014857396,3229.21875,0.02533203125,0.0,0.0,0.0,0.003474650532007217,0.005794178461655974,0.0009790178155526519,0.00034204159455839537,0.9838637232780456,0.0026822334970347584,0.002511088945902884,0.00035303061595186585,1.0,False
00:05:42,5c41c28e896e090001c03bb0,171.00344628546185,0.928469259203786,0.6856221062492464,-18.64986067079901,-212.98233,161.06181,-13.421657000000002,-7.707483,3.3234943999999995,-2.7671816000000002,-7.185071000000001,-7.5477395000000005,2.285001,-0.18885377,-9.369307000000001,-12.252833,-34.014713,18.285555,5.7923613,0.40001970000000003,-0.46706107,-5.9028893,-16.656218,-10.247976,1.7712214,-0.00018907959617375116,3.1836018865515583,15.321034033005107,1908.8661933614042,1847.5146748482432,15.400316709264017,14.2190974512004,15.641687304390821,17.788855083913642,24.52187229417109,21.563165172078882,39.67217119004221,2.0760284e-05,3238.125,0.0506787109375,1.0,1.0,1.0,0.05960507165374501,0.0013797922251147351,0.03823057123060737,0.3086099624633789,0.027729819728327647,0.03269829062212791,0.5029601880482265,0.02878630590359015,0.0,True
00:05:43,59278c090220760001fda664,,0.7437040295982345,,-62.59192249621949,-486.78067000000004,27.122496,1.1712503,1.2731053999999997,0.1937817,-1.2207834,-2.1637788,-2.2281709,-1.5111698,-0.47141874,0.34393979999999996,0.5530497,19.931797,10.494382,1.5758535,-4.5794845,-6.9878697,-6.0940027,-3.358989,-0.5124452,0.36022627,-9.19900677717715e-07,0.015220431102824353,,3506.723223298106,1687.8990074378837,14.6103046241432,8.61590285902512,11.196321032047845,19.863594877497228,16.52869525884413,14.735134596026395,17.477613488483065,0.0010057656,2323.359375,0.0237255859375,0.0,0.0,0.0,0.0033738037222065032,0.005819518398493528,0.0007454645179677755,0.0002929773705545813,0.9859510540962221,0.0015158550697378815,0.002025099145248532,0.0002762338670436293,1.0,True
00:05:43,5c41c28e896e090001c03bb0,180.06117239697895,0.8973626375675591,8.176704586766991,-37.4777014738576,-307.54944,124.15258,-7.849341000000001,5.545751999999999,14.003329999999998,-2.9467995,-2.5715463,1.0483308,-1.3391923000000001,-1.2374067,1.7090633999999998,-0.8952778,-40.32693,9.575853,-0.06510135,7.8991294000000005,7.9326677,-20.206017000000003,-21.85375,-4.630872,1.7587401000000003,-0.00011501525631366431,1.949204516898498,22.26390860878449,2935.7914423060106,3175.0599421737566,11.853828767238404,9.223741867631636,14.26109051693598,17.188960424633127,20.34689398566201,22.089819826299795,35.458894761992944,0.016372012,5943.75,0.0866796875,0.0,1.0,0.0,0.02181824166327715,0.008113430120283737,0.006631078151986003,0.186296796053648,0.13155231364071368,0.0345270624384284,0.5987161874771119,0.012344910297542809,0.0,True
00:05:44,59278c090220760001fda664,,0.7439844311856858,,-61.432150604555886,-484.3581,30.07852,1.8959216,1.4606912,-0.5663626,-2.9214997000000005,-4.3159246,-4.113805,-2.5818617,-0.60037625,0.9019181000000001,1.3860118000000001,21.718128,10.965496,1.0986888000000001,-5.4196352999999995,-7.677503,-6.3228029999999995,-3.0381317,0.20925677,0.39244264,-9.699431719565323e-07,0.01604395135247029,,3348.597838715318,1555.0052482695733,13.738872869339847,8.690590528434784,10.83436300497426,22.184459383312078,16.98119323578161,14.852484766573825,17.625876813312605,0.0006908489,1767.65625,0.026123046875,1.0,0.0,0.0,0.002322780608665198,0.007722337637096644,0.0007581038575153798,0.0006265379954129457,0.978607177734375,0.0029610668309032915,0.006194015964865685,0.0008080016821622848,1.0,True
00:05:44,5c41c28e896e090001c03bb0,142.235566158641,0.6442396841914776,0.6741617301672539,-39.87534254106536,-321.28833,118.89962,-7.7738943,3.8354738,16.140059,-6.637898,-11.1264305,-0.80536646,-2.7657847,-2.8903727999999997,-0.9079665000000001,-1.7556628,-51.980675,5.611487,5.6846476,-10.135108,7.4389520000000005,-1.1259155,-11.306252,-1.4714744,1.7998191000000003,-9.78058719696759e-05,1.6529863797286404,15.522537105727494,2554.2936313966125,3267.865361085225,11.747457502205243,10.814708113865695,13.16355774247806,17.015787290729744,20.09251788132889,18.395410897574827,35.996931264225125,0.011704458999999999,5309.0625,0.1089111328125,0.0,0.0,0.0,0.04143490898422897,0.0057479910494294024,0.004601364495465532,0.31845288500189783,0.21577706951648,0.045118882111273705,0.3493160352110863,0.01955086542293429,0.0,True
00:05:45,59278c090220760001fda664,,0.7149945530472243,,-61.824688390265806,-484.78732,29.423851000000003,3.6641746,3.7438693,1.7330023999999997,-1.1459187,-3.4755154000000004,-4.452654,-4.1236067,-3.021267,-1.6919008000000002,-0.5326335999999999,21.037867000000002,10.47278,0.9966436,-5.168227,-7.305936999999999,-5.9638925,-2.5127308,1.2612863,0.37639531,-1.0044340703352313e-06,0.016606727791970415,,3290.7555661096108,1560.6684600554206,13.652413613879546,8.888709461019921,11.278085805730445,20.352059325264356,17.83178285406792,15.777347029952596,17.779941406554713,0.0006697446000000001,1803.28125,0.0265283203125,0.0,0.0,0.0,0.009087663050740958,0.06450738348066806,0.004962294246070087,0.0002572388591943309,0.8913887500762939,0.017002581991255282,0.012253534933552144,0.0005405300675192848,1.0,True
00:05:45,5c41c28e896e090001c03bb0,130.3021910266828,0.9161056917957447,0.5356306496953667,-21.05828336571632,-268.8978,180.34091,-8.457792999999999,0.2370685,6.6788177,-4.4174942999999995,-9.681633,-2.3114102,2.2730432,-3.5545726,-9.780434,-4.2492514,-1.9105682000000002,4.641077,20.190084,4.1235669999999995,-2.6144540000000003,-17.254182999999998,-12.404363,-3.5544105000000004,1.3940318,-0.00011177658920815377,1.8608569875839305,10.479443084590374,1274.9532953912676,1471.757076408948,18.576951232446273,13.732021555111409,15.812675774432908,17.769419461909887,22.179169696054725,25.613498820756245,35.69788604353599,2.117005e-06,2430.0,0.047587890625,0.0,1.0,0.0,0.0939249408741792,0.023785661026421517,0.07764748613246614,0.04158805235702959,0.21697117057111528,0.23637622429264915,0.30281729499499005,0.006889170967042446,0.0,True
00:05:46,59278c090220760001fda664,,0.7206641047779656,,-63.300568150304535,-488.79947000000004,24.653803,0.86573845,1.9056096999999999,1.3673401,-0.20162493,-1.9540249,-3.1331937,-3.3587708,-2.7129908,-1.6266444,-0.6439,18.420767,10.021131500000001,1.7131745999999999,-4.503806,-7.5025535,-7.2895885,-4.8489895,-1.6651592,0.3209648,-8.012696254590314e-07,0.013302623119583695,,3601.4765672610874,1739.3374685851845,14.798896922254155,8.846020361294078,10.932037435947445,20.24731241938685,15.288254002641995,14.79420075237941,17.544203437210818,0.0009985846,2359.921875,0.024833984375,1.0,0.0,0.0,0.004286267142742872,0.07978352978825569,0.0018009835621342067,9.079078372451476e-05,0.8977684140205383,0.011230394337326288,0.004845571052283049,0.00019400678284000602,1.0,False
00:05:46,5c41c28e896e090001c03bb0,130.30494233017222,0.7159764384414384,0.8179327096367326,-35.43122117821854,-314.86087000000003,146.03822,-10.301581,-2.0175195,11.648633,1.0399334,-9.027394000000001,0.06305938,-0.02449115,-5.829971,-5.0972004,-5.152074,-16.16072,5.633388,1.1021893999999999,-11.678677,1.3244065,-4.768408999999999,-6.433492,-4.177521,1.4788063,-0.00010061253769612857,1.6709089930483736,11.187141904791368,2494.346569147978,2434.443997349353,15.323651973418233,11.832956810388856,14.040266078506582,16.39110816620463,20.668636367107943,23.177227022237712,31.46277690971129,0.006855414200000001,4320.703125,0.0648046875,0.0,1.0,1.0,0.04211585526354611,0.0235881385859102,0.016380689851939682,0.07644420322030783,0.3880714632570744,0.1685557935386896,0.2467532213777304,0.03809067327529192,0.0,True
00:05:47,59278c090220760001fda664,200.5336151690624,0.8692038280955727,7.378354694826483,-37.81653643844025,-387.097,114.7417,-4.089753,-4.8682203,-5.6406517,0.39390263,3.118256,-0.67598474,-0.81537133,1.4618950000000002,-1.5274997,-4.434188400000001,24.139793,-2.854372,9.678198,3.6458837999999996,-14.308067999999999,-21.042215,-18.350773,-10.882247999999999,1.1568947,-5.122251853848476e-05,0.8424503586034326,25.6556410185095,1977.1485741748857,1448.852013427358,13.081738825251849,9.197862881689252,13.96056894455302,15.18467763024949,21.448051027725807,20.980860992305715,25.475653990523853,0.00031880257000000003,2441.015625,0.031767578125,0.0,0.0,0.0,0.0039339740294963114,0.07073680683970451,0.001809783698990941,6.342631968436763e-05,0.9086657047271728,0.010516918916255237,0.0041278721764683715,0.0001455208606785163,1.0,True
00:05:47,5c41c28e896e090001c03bb0,144.5334696958995,0.4716852521976012,1.725990500745899,-54.24412459186815,-395.75494,122.6648,-6.374126,0.8237728999999999,7.729973299999999,-7.1975465,-14.555507999999998,0.78498816,5.1569867,-0.06384719,-4.0588455,-11.811358,-9.901743,18.25207,22.821815,2.2744912999999998,3.775515,-8.475694,-11.233830000000001,-4.3748794,1.6194593000000002,-4.691635843667833e-05,0.784895476785458,19.48611611948284,3457.7321142403416,3855.417548548283,13.85163559630625,10.822591592858211,12.368123445787544,15.830298555188,19.094533060901533,17.438986162712336,27.385665686883808,0.06132888,7230.234375,0.073505859375,0.0,0.0,0.0,0.04390334412455559,0.02408817985560745,0.054333717981353405,0.16104322969913482,0.31716842725873,0.17442102469503878,0.13218453228473664,0.09285754337906836,0.0,True
00:05:48,59278c090220760001fda664,,0.7224391771248024,,-59.24199968642049,-474.83023,41.108505,1.3922948,0.8757539000000001,-0.85136884,-2.7742150000000003,-3.9205918,-3.8736839999999995,-2.9045398,-1.6159295,-0.48024252,0.2967218,26.973755,10.519997,-2.319236,-8.749506,-9.366652,-6.561425999999999,-2.8174624,0.12606362,0.47649878,-1.5155031277980206e-06,0.02502678189462458,,2954.097977772459,1467.3200553733532,13.203203686296241,8.565209560274685,11.485999719758734,19.509101899497853,16.09514115000807,15.115702791957085,19.327066736980115,0.0005130485,1722.65625,0.02625,0.0,0.0,0.0,0.002768970746546984,0.04392192289233208,0.0020468651317059995,0.00012137693265685813,0.9392584919929504,0.008503241185098886,0.003072597179561853,0.0003065445082029328,1.0,True
00:05:48,5c41c28e896e090001c03bb0,164.59854541363745,0.9013979602811358,1.3436469142858898,-24.41744647485572,-228.77611000000002,124.213104,-10.010678,-5.7977123,2.0274503,-6.57787,-5.426810700000001,-0.5953569000000001,3.4503686,-0.62333494,0.64603996,-16.221989,-44.552868,32.413105,8.644618,7.0550679999999995,-4.851643,-14.553663,-22.722366,-4.8600197,1.8455317999999998,-0.00017457753304041233,3.043175541160501,18.78669495205497,2527.8289262428584,2759.23472169648,16.086336770731506,11.564507622702909,15.060539118638196,14.865996976834216,18.930819247681164,19.71714400987088,41.09450147991785,0.0010901834,4422.890625,0.0850927734375,0.0,0.0,0.0,0.0539538074284792,0.012804559897631409,0.06757887974381446,0.1553061282262206,0.27056297212839125,0.17122176606208087,0.21342739760875698,0.055144498310983184,0.0,True
00:05:49,59278c090220760001fda664,,0.7345470011559623,,-62.71360720942221,-488.4807,24.89643,2.570177,2.948271,1.4642692,-0.9812924999999999,-3.2232955000000003,-4.350558,-4.053361,-2.6793005,-1.0082178,0.12899823,18.144117,9.181503,0.5733981,-5.47719,-7.839309,-6.7253055999999996,-3.4526532,0.17084706,0.35877675,-7.785356237187265e-07,0.0129566568544737,,3512.337317255235,1680.5328104329853,14.376214452782076,8.408344796802515,11.623579489704671,21.343946833410005,15.029551364019616,14.588605112665476,18.312702084082662,0.0007241427999999999,1922.109375,0.025693359375,0.0,0.0,0.0,0.0049060222692787646,0.05343363806605339,0.002492712577804923,0.00014450936869252472,0.914313817024231,0.01678491197526455,0.007647092454135419,0.0002772959735011682,1.0,False
00:05:49,5c41c28e896e090001c03bb0,171.73844724376758,0.9422428326441216,2.6222778034934504,-19.552089374227407,-242.34627999999998,174.4227,-8.897625,-5.237117,0.13327454,-2.0664127,-8.505073,-2.1009222999999997,-0.9999520000000001,-5.680292,-3.3391817,-2.1777432,-29.795757000000002,0.6635203000000001,10.788665,-7.554202,-4.190868,-11.143574000000001,-15.9266815,-13.780195,1.679357,-0.00014293035620468818,2.382426675449432,11.72812085718082,1527.458937514748,1742.750092220965,17.994187976001434,14.403756642776111,17.350704112086675,17.924268395418167,20.023707382865762,24.578933205343915,35.607762759652,7.9537795e-06,2820.234375,0.054921875,1.0,0.0,0.0,0.06933548655360937,0.012985992620087929,0.1981011382304132,0.3685599729418755,0.10887441583909094,0.0602747309487313,0.07974295802414418,0.102125327847898,0.0,True
00:05:50,59278c090220760001fda664,,0.7096306331785562,,-58.09241334864173,-474.44287,42.58033,1.5479972,0.40916458,-1.5981201999999999,-3.18867,-3.6777458,-3.1201482000000005,-2.021614,-0.92939883,-0.17836307,0.1251816,30.265724,14.672733,0.8545234,-7.562479,-9.641389,-7.0284770000000005,-2.7098348,0.59300137,0.48195285,-1.4385561801541036e-06,0.023651917335983163,,2818.8249206131004,1287.1920239066128,13.629478217759269,8.410792905604643,11.41121255787009,20.638318967400146,15.755614952549212,15.035850198605775,18.31930865677296,0.00035846197999999996,1330.078125,0.0240234375,0.0,0.0,0.0,0.0035913434578105814,0.06799038052558899,0.0017846998525783422,9.665449470048771e-05,0.9099593281745909,0.012724256329238414,0.0034552884753793482,0.00039802048122510313,1.0,True
00:05:50,5c41c28e896e090001c03bb0,155.58179718479957,0.6170316216727717,2.347327305791564,-37.08152809049117,-361.1614,73.4528,-7.0264014999999995,0.050710108,3.5390707999999997,-4.2331047,-7.2965503,3.1556040000000003,3.2305447999999997,-5.0102839999999995,-3.9109085,-3.6678042,-49.490359999999995,3.4613047,12.995814999999999,7.124287599999999,8.1182995,-16.881203,-12.570452000000001,-3.6730775999999996,1.5871723999999998,-5.660084867066626e-05,0.979536017698109,20.522214051535443,2091.5347617279094,2923.286558403056,14.423108450964243,11.57137765330974,13.454576367597289,21.183797447326093,19.982951559497614,23.137502074536897,34.56186466921345,0.002654459,4525.78125,0.1035693359375,0.0,1.0,0.0,0.01717976919774498,0.0022423676522781272,0.012531083409807513,0.37957329781992094,0.08542725490406156,0.02523346897214651,0.44941578725618975,0.028396950169865574,0.0,True
00:05:51,59278c090220760001fda664,103.96306483025637,0.7879805021235748,5.330675448098454,-53.20500823330353,-459.1358,58.570198,2.329052,1.387946,-0.31815556,-1.6319115,-2.1047664,-1.8445725,-1.7710625,-1.7420830000000003,-0.9801689,-0.7051528,36.125107,15.214903,0.9466104,-6.420896,-7.361369,-4.768182,-1.5713336000000002,1.182325,0.6470296999999999,-4.7739871778010805e-06,0.0779218892360845,34.296544324754315,2554.907411000137,1323.4031404648365,12.617848284380072,8.760284495369918,11.051242137933636,17.751501621664147,17.475898825292486,16.485713481210105,20.79137956348331,0.0003812992,1840.78125,0.025908203125,0.0,0.0,0.0,0.0016889521619305016,0.04544729925692082,0.0011102812248282132,5.5711730965413146e-05,0.9423270583152772,0.006704422365874052,0.002459644665941596,0.00020659954752773048,1.0,True
00:05:51,5c41c28e896e090001c03bb0,157.46037220380805,0.5543954120098619,4.821736426827434,-53.83580014837159,-390.81366,111.75253000000001,-6.4953127,12.062149,10.150687,-8.907496,-8.613666,-1.2351341,-4.060434,-2.4795082,-5.987925499999999,-12.291214,-11.934422,20.015017999999998,-2.1779284,1.1999338,12.721607,-23.470604,-25.9504,-13.578916,1.460294,-5.390318107982124e-05,0.9057082025492532,21.386173041861614,3671.197399914406,4375.6383282770585,12.446747492695525,10.179399406702203,14.884103295094787,18.025956521037635,21.353453018225967,19.197075480363196,30.811285307574853,0.08378344,8194.21875,0.090302734375,,,,,,,,,,,,,True
00:05:52,59278c090220760001fda664,,0.7016062047140287,,-55.0359266102521,-460.3456,58.068923999999996,0.7776966,-0.11929598,-1.8940036,-3.1809540000000003,-3.2162879,-2.4960127,-1.9597018,-1.8262057,-1.5764359,-0.9337075,35.917159999999996,12.281303999999999,-3.4009087,-8.954688,-7.9496984,-4.822453,-1.9083477,0.10383651,0.5932524,-2.400945294673918e-06,0.039330847454418255,,2346.589727806116,1144.3368975648827,12.571000736340704,8.354458574591371,10.807896571828108,17.427912839479855,20.969778212221907,16.539829292269356,18.520090215014534,0.00022309593999999996,1283.4375,0.0249365234375,0.0,0.0,0.0,0.0023543949937447906,0.041539436578750616,0.0010988429421558976,0.00014056055515538902,0.9416438937187196,0.008800855372101068,0.003871721681207417,0.0005502597196027637,1.0,True
00:05:52,5c41c28e896e090001c03bb0,181.2819881077779,0.6428470580062574,2.4488380465218182,-24.852941832967428,-289.8486,127.71866999999999,-12.471814,-8.691658,0.90187365,-0.17868012,-4.6932845,-0.8013437,-2.7250897999999997,-4.149527,0.13822195,-4.196477400000001,-21.486263,16.172178,9.027643,2.869985,-3.0601962000000005,-19.584585,-19.400188,-12.779798,1.7154580000000001,-0.00012125970819097175,2.05329285890347,20.518038382166868,1735.2606950704408,2143.795697906476,17.781795811474634,11.95126555063652,16.494962342060273,18.956304949016424,19.124450128045424,21.075491193245718,35.93668162535996,5.5403387e-05,3168.984375,0.0701025390625,1.0,0.0,0.0,0.11828185152262448,0.021290810429491103,0.16752574779093266,0.09830052312463522,0.16408309526741505,0.10143179725855588,0.2940701199695468,0.0350160455564037,0.0,True
00:05:53,59278c090220760001fda664,,0.7377702913520704,,-57.367178219640635,-472.51822000000004,44.010525,1.8293082999999999,1.8596211999999999,0.4058921,-1.4997972,-2.7689626,-2.8729832,-2.1571867,-1.4884996000000001,-1.48081,-2.0089488,28.773996,10.649322,-3.9141013999999994,-11.459916999999999,-12.238237,-8.811507,-4.105443,-0.21429925,0.51216877,-1.5620777014117691e-06,0.025700587057083547,,2721.3857693877576,1291.9717848992354,14.034058721214723,8.900313819536155,11.282220349256955,19.484886826219125,18.68972285113796,15.337900258877845,18.307117449326302,0.0002994949,1259.765625,0.0257177734375,1.0,0.0,1.0,0.014459941163659097,0.03142309272661805,0.0011980850948020815,0.005133564726565965,0.905155348777771,0.029084173683077093,0.009550743969157338,0.003994980250718072,1.0,True
00:05:53,5c41c28e896e090001c03bb0,136.98931306744058,0.7572991554316869,1.033010151903494,-36.467308774529634,-344.22345,153.17102,-7.921861,-5.509539,-0.29114017,-5.874093,-7.733996,1.7029724,3.1867764,-3.2819302,-7.058578,-4.340917,8.446422,23.972826,20.316187,-13.760391,-3.7359160000000005,-5.347193,-18.323373999999998,-11.814995,1.6119584999999998,-7.35485200011445e-05,1.2169001837303872,14.465103650034838,2444.732323723123,2189.444340359487,15.479235011122105,12.042843581160398,15.103501769729792,17.648724406249432,22.4834910656034,22.041925117980323,29.82583778809466,0.011692413,4271.484375,0.0489404296875,0.0,0.0,0.0,0.2153298698365688,0.006521954969502986,0.10273953005671503,0.18046252597123386,0.014142813766375184,0.1237454779446125,0.22115318421274424,0.13590462594293054,0.0,True
00:05:54,59278c090220760001fda664,,0.7082352501942206,,-56.14539662373429,-468.68800000000005,48.40971,1.3936652,0.9056605,-0.25758758,-1.5108527,-2.633341,-3.22175,-2.849042,-1.8117849,-0.773359,0.012109834,30.992696999999996,11.0660925,-4.104541,-11.035778,-10.602386,-6.4872937,-2.2465017000000005,0.46419492,0.51327145,-1.85722579636548e-06,0.03052279939349638,,2592.44332409615,1252.5543144332069,12.851128884102618,8.025392749747473,11.264428098494516,18.32424263235427,18.86150479530275,16.094249473156406,18.666343778870512,0.0002773518,1318.828125,0.0262353515625,1.0,0.0,1.0,0.012743845954537392,0.006445661908946932,0.0011098832706920802,0.0014590655511710793,0.9702430248260498,0.004287919111084193,0.002922023506835103,0.0007886006613261997,1.0,True
00:05:54,5c41c28e896e090001c03bb0,136.1777472286238,0.8641184881912987,0.8159009673870454,-28.074113802158088,-289.6524,169.58571,-8.721662,-7.7369766,3.3096019999999995,2.3854094,-7.8722449999999995,-6.6120367,2.6425242,0.97791123,-7.4701595,-6.991249000000001,-7.9432864,-9.5837965,14.369589999999999,1.8127816000000003,-2.8773541000000002,-5.9258657,-15.068135999999999,-10.467546,1.4887525,-0.00010627497667352852,1.7570410034919792,12.628314470257608,1634.4296399190414,1542.761281617325,16.893921393459046,11.991461310553989,15.703801295127775,15.608943514021645,20.30940578255449,25.666479163081004,30.63864699479879,0.0012993213,2652.890625,0.043466796875,0.0,0.0,0.0,0.0534695565700531,0.039074800023809066,0.09056793563067914,0.08855678532272578,0.22284047175198796,0.18222945779562,0.26784413754940034,0.05541686257347465,0.0,True
00:05:55,59278c090220760001fda664,320.0662929847246,0.947285808533463,3.205183189124268,-53.11379734575266,-445.17355,64.8223,5.461953,3.3023366999999997,0.23744778,0.7670326999999999,0.14062001,-2.3493676,-2.9572182000000002,-3.221014,-4.087021,-2.5745397,23.609076,3.4173913000000002,-2.0214357,-8.92734,-13.361739000000002,-11.583383999999999,-6.605289,0.6521501000000001,0.8207819,-1.5030615252231576e-05,0.2472683133388021,28.701835351613607,2604.654543977438,1553.049024095896,10.930671434594672,8.209580267104693,11.506649143477144,17.611465719797458,18.870463709549146,17.72081163495001,22.16419879863098,0.00043309,2208.28125,0.0325537109375,0.0,0.0,0.0,0.002366399235324934,0.0031532683409750467,0.0005382378963986412,0.00028949399784323766,0.991652238368988,0.0008239572489401327,0.0008542423893231899,0.0003221271341317333,1.0,True
00:05:55,5c41c28e896e090001c03bb0,140.1933380244171,0.7612526949562728,0.5549407941216186,-20.24493467229793,-247.60922000000002,183.0727,-5.311832,-5.0705184999999995,5.680869599999999,-1.2675046,-10.54744,0.38582313,2.3891463,-3.2282745999999998,-2.0122244,-2.0960755,-20.393585,-5.5563507,5.7600183,-10.557233,1.2619214,-9.793439,-23.945124,-10.858868,1.8156896,-0.00013635904868998665,2.251133569877372,13.942435052097766,1495.816001756523,1418.8889782670285,17.801315961025217,13.596544543765562,17.06966494878875,18.11310386111394,20.17969680154904,21.702154110602045,35.02646247291247,5.7618025e-05,2371.875,0.0401611328125,0.0,0.0,0.0,0.03021144466474652,0.0350460703484714,0.028108625672757626,0.038131223758682616,0.5617250934243202,0.10810850225389004,0.1721513319760561,0.026517732953652742,0.0,True
00:05:56,59278c090220760001fda664,,0.7395331987682241,,-57.43992318219429,-470.7536,45.73829,3.6534495000000002,2.6576395,-0.6911478,-4.3371572,-6.1415687000000005,-5.455809599999999,-3.4219651,-1.7101965000000001,-1.0270447,-0.86314446,28.842154999999998,9.474203999999999,-5.1498394,-11.887024,-11.792806,-7.8156229999999995,-2.6862242000000003,1.625729,0.51359177,-1.7211242158423984e-06,0.028301888361134724,,2696.1261952187056,1309.9561572469595,12.976495584929705,8.524349895243517,11.080414412389148,20.655210866769266,18.50262902782588,16.08053459062536,18.420433237329494,0.00032261194,1309.921875,0.028232421875,1.0,0.0,0.0,0.0025796247646212573,0.006838071160018444,0.0008304391638375817,0.0002783968375297263,0.9864739418029784,0.0012907649506814778,0.0013479323242790995,0.0003607973922044039,1.0,False
00:05:56,5c41c28e896e090001c03bb0,134.5768653352156,0.4313959986416789,0.7746176438464932,-30.840073598900968,-317.62744,153.72052,2.277297,-4.8287580000000005,-3.2670133,-2.824237,-4.791326000000001,-5.212891,-5.6993849999999995,-1.8000962999999999,-0.9184576999999999,-3.2026002,-2.3362951,1.6194731000000002,18.151041,3.8978580999999997,1.270704,-3.641947,-14.417034,-4.9088970000000005,1.5739676999999999,-8.249926665376875e-05,1.3659135272817329,16.68501080612463,1860.3777501353595,1626.4221264778687,16.68771263529693,11.576508575494481,15.223131043182185,16.224426463924534,21.363015071874198,20.854234805411586,30.93445048742779,0.0037033432,3023.90625,0.0396630859375,0.0,0.0,0.0,0.047402909351512784,0.03762780846882378,0.04082519629155286,0.1125136607704917,0.40015497952699663,0.15811291267164052,0.10687208417803047,0.0964904552878579,0.0,True
00:05:57,59278c090220760001fda664,,0.7318626085838651,,-63.134296832902244,-488.6964,24.44515,0.33736333,0.57586646,-0.47994030000000004,-2.0107098000000003,-3.2074742,-3.6331046000000002,-3.331667,-2.6850111,-2.1363887999999998,-1.9458278000000002,17.349901000000003,8.06751,-0.64872086,-6.574021000000001,-8.742882,-7.6087275,-4.633521599999999,-1.5523742,0.36974895,-7.621313223658156e-07,0.01270058774219172,,3537.6897798327336,1721.0566982688308,13.984911439727894,9.217288843951046,10.416285578275652,20.4099063689488,15.03587033131772,14.822741388458375,18.15188207104921,0.0008062202,2023.125,0.0270361328125,0.0,0.0,0.0,0.0007725245610345155,0.0035369614604860546,0.0003260444209445268,0.00019290752534288912,0.9930062890052797,0.0008135789772495628,0.0006735838367603719,0.0006781618314562366,1.0,False
00:05:57,5c41c28e896e090001c03bb0,140.47770565331535,0.9215205737722462,0.4868268461224444,-19.558192352392343,-256.75452,182.26396,-5.5295515,-2.6819456,-7.630542999999999,-3.7195199,6.489445,-5.759349299999999,-12.711957,0.5007289,-1.0870222999999999,-4.229903,-8.933722,8.532794,25.294424,-1.5542481000000001,-4.2032676,-13.083169,-26.537733000000003,-17.273325,1.6026453,-0.00012261250806104684,2.034290919255154,13.758140316113597,1392.2318541048528,1304.4085167663625,19.488690680211352,16.043187533522058,19.71556180901093,17.856287921213102,21.612301715699445,27.121240735031858,38.949731281754396,5.4840066000000006e-06,2359.21875,0.0310986328125,1.0,0.0,0.0,0.027639712835662068,0.05020564591395669,0.072426537447609,0.1455852942308411,0.33292464055120946,0.12356692913454025,0.12539983307942748,0.12225140063092113,0.0,True
00:05:58,59278c090220760001fda664,,0.8000447533853151,,-55.95686980260162,-471.5796,45.579395,1.4329404,2.0305624,1.0926619,-0.7176183,-2.505712,-3.5617553999999996,-3.6472385000000003,-2.9378067999999997,-1.7853231,-0.5850666,30.95989,13.498728,-0.8106754,-8.80822,-10.628113,-8.375402000000001,-4.5039926,-0.8773671000000001,0.51176363,-2.3450812055536077e-06,0.038350993158724096,,2749.2912332364112,1307.284927221215,13.339937293606106,8.538865520997339,11.266203133964913,18.99942926832082,17.74764764535497,15.879817581530617,18.41498945767932,0.00037594741999999996,1394.296875,0.0247021484375,0.0,0.0,0.0,0.0017017514677718285,0.006299129407852888,0.0010750490007922053,0.00023316490987781435,0.9870360255241394,0.0017526368261314928,0.0013115741137880832,0.0005906648642849178,1.0,True
00:05:58,5c41c28e896e090001c03bb0,189.23982098357223,0.6294785432646953,3.156465258824943,-38.32974492151357,-329.43292,75.20881,-18.90188,-5.267602,10.1993265,-8.831304,-5.089946299999999,4.0593004,-3.121471,-0.9307576,-4.6500697,-11.064859,-66.78697,14.772986999999999,4.5910845,-14.350518,17.183956,0.20566958,-8.247421000000001,-0.059182867,1.1345237,-7.522338090576738e-05,1.3331835972800117,17.131398365551114,2398.6232406110184,3619.102863498997,13.238068299837927,10.934419441609773,13.165970938037185,18.041317980378142,21.5845028446813,23.518682865257983,39.6926758127878,0.0024001957,5599.453125,0.1501953125,1.0,0.0,0.0,0.0056739329826086754,0.01078401857521385,0.0027561380295082925,0.1865036517381668,0.2505407337099313,0.0158283265773207,0.1183448173396755,0.40956837236881255,0.0,True
00:05:59,59278c090220760001fda664,277.70497530126966,0.9958754510528028,9.892204505276196,-47.06191525381052,-435.8893,84.29375,1.6810166000000002,-0.44107324,-2.3737322999999995,-2.2659118,-1.7312558999999998,-2.1725187000000004,-2.7808344,-2.4071426,-1.1198165,0.32799029999999996,45.9121,12.610661,-3.8350635000000004,-9.1948395,-11.098164,-10.129255,-5.280743,0.13758805,0.7842720999999999,-1.0616383426965237e-05,0.17293470933788715,13.142575055399627,1986.1190174822311,1085.876264978371,12.902190473028414,8.37302229995678,12.874157983894325,16.80277380296167,20.58160270115496,16.832894088574353,22.186327651485357,0.0001345043,1441.171875,0.0244677734375,0.0,0.0,0.0,0.004363370127975941,0.056925642490386966,0.0019905492314137518,0.00017214245744980868,0.9231380462646483,0.00990146743133664,0.003114211140200496,0.00039457744860555983,1.0,True
00:05:59,5c41c28e896e090001c03bb0,125.60516954977824,0.5219862653886882,1.7750834756701843,-54.77848766235453,-440.50347999999997,54.990140000000004,-3.1112185,3.1958447,5.381977,-4.64571,-1.6440241000000002,2.4965909,-0.14200442,2.3922963,1.5074142,-1.1159815,-19.300003,-4.4992529999999995,3.8714726,10.468349,18.493317,-7.8571134,-16.984201000000002,-3.6181282999999995,1.1854055000000001,-1.1500821012449945e-05,0.1953068023123772,28.16373124105742,3002.788724706439,3347.1591528110653,11.684277169643106,9.440918060386883,13.875416461338984,16.655703582472256,19.856834272393773,22.06665902240819,29.104645470057797,0.011113055,5673.046875,0.101796875,0.0,0.0,1.0,0.031607419811189176,0.023325571278110142,0.07346790749579668,0.0365947742946446,0.6080498665571212,0.07679982241243125,0.0968946335837245,0.05326000731438398,0.0,True
00:06:00,59278c090220760001fda664,,0.7570042642947943,,-58.16381033569976,-471.68325999999996,44.80996,2.1223457000000003,0.94258046,-0.7780047,-2.0475106,-2.612307,-2.6525958,-2.2620914,-1.4597863000000002,-0.5266753000000001,0.029519191,29.007265000000004,11.131171,-2.1855783,-8.299947,-8.329066000000001,-5.0263743,-1.0790642,1.5832982,0.49983844,-1.7347288615983761e-06,0.028521519676383836,,2779.386937524123,1353.3519930131113,13.880018113844766,8.679668068445999,10.880413275981526,17.81797495701552,17.871380789593093,15.990225074762625,18.413561296978862,0.00043807160000000004,1566.09375,0.025205078125,1.0,0.0,0.0,0.009530523698776959,0.02391779725439846,0.0020698244567029177,0.0029589028563350443,0.9508479475975036,0.003987445798702538,0.0031497697695158427,0.0035377852385863663,1.0,True
00:06:00,5c41c28e896e090001c03bb0,157.80580116009912,0.5791508298086766,0.8329684070843533,-26.396245373647552,-234.50002999999998,177.88933,-10.784642,-4.7408047,5.7718096,-2.3139098,-3.0919354,-5.048322,-9.17267,-4.157207,-1.6005871,-7.8635173,-42.782546999999994,20.622486,-2.168126,-7.6873816999999995,-2.2665257000000003,-18.477781,-18.975355,-9.516562,2.0595725,-0.00018012942362778477,3.0308358828237703,17.431838341247158,2520.2679775310435,2635.0578890834154,16.26884847753325,12.837418521222405,14.281180742699428,16.25610531043638,17.476623220796608,21.02464620329085,39.59434704412409,0.009740999,4777.265625,0.072890625,0.0,0.0,0.0,0.04221641207113862,0.011055971775203944,0.026215233351103963,0.19108639769256114,0.32923528030514715,0.09707223642617464,0.25461667459458115,0.048501782957464455,0.0,True
00:06:01,59278c090220760001fda664,,0.7713859485808628,,-59.939563932717284,-480.03185999999994,35.41925,-2.068845,-2.1296623,-2.8938797000000003,-3.5402625,-3.5265377,-2.8467854999999997,-1.8843254,-1.0431735999999998,-0.49760637,-0.22027434,25.134254000000002,12.236083,0.8050535,-6.489832,-9.101069,-8.192751,-5.674681,-3.2926712,0.44900423,-1.198260761529465e-06,0.01976850135574056,,3071.188208210274,1438.4534452748348,12.186096151076688,9.741381926503127,10.770427446702204,18.7808493447388,16.231428325547895,15.284385299481892,18.413135305688613,0.0005203113,1547.8125,0.024619140625,0.0,0.0,0.0,0.003971788263879715,0.016514951083809137,0.0016320169204846026,0.00034405204496579245,0.9681924939155578,0.005273816618137061,0.003380478313192725,0.0006904396097525022,1.0,False
00:06:01,5c41c28e896e090001c03bb0,183.14377310543992,0.8739029547402022,0.8652294948979306,-28.37734545680975,-286.6867,122.79443,-7.5706014999999995,0.32297507,6.557330599999999,-3.6573997000000005,-6.079887,-2.2622628,0.120462015,4.5737879999999995,-0.70537305,-10.961575,-32.984196000000004,14.007142000000002,-0.2312308,-0.9777162,14.427268,-13.043436999999999,-26.71487,-12.765921,1.8520405,-0.00013562308547743844,2.2875676460320227,21.89611928411996,2018.836763296669,2530.919495678838,13.860450892899012,11.550419447123716,14.99816842306562,17.128822521198202,24.74694082709142,23.681316633447686,37.37912894205045,0.0003911483,4013.90625,0.08453125,1.0,0.0,0.0,0.11319012474268675,0.0029839212584192865,0.0470033073797822,0.4008765504695475,0.010116573772393169,0.18579529761336744,0.183228611946106,0.05680561764165759,0.0,True
00:06:02,59278c090220760001fda664,,0.7433720253733541,,-56.58573439337884,-468.2206,49.319266999999996,0.29193065,-0.94813347,-2.4184693999999998,-3.270309,-3.2896525999999997,-2.863114,-2.492914,-2.259241,-1.7868387,-0.79500824,32.268615999999994,12.405005000000001,-2.8745418,-9.974914,-9.838,-6.004037,-2.0006744999999997,0.19629059999999998,0.5208997000000001,-1.9404014612338884e-06,0.03183802449075873,,2628.57355761955,1274.3050347483286,13.306427437287054,8.556048719332587,10.440082982199618,18.92659325895065,19.468078216729303,15.664270650158642,18.193017470957887,0.00036938127999999997,1489.453125,0.02490234375,0.0,0.0,0.0,0.0033779396209865807,0.035597339272499084,0.0012753878603689373,0.00015408619074150918,0.9456153273582458,0.010860010236501693,0.0026173663092777127,0.0005025094840675592,0.0,False
00:06:02,5c41c28e896e090001c03bb0,162.74421303795472,0.7278843699988669,0.3393824654945608,-31.697429009265505,-289.71597,129.03302,-8.004849,-5.61864,-1.3832790000000001,-5.7578096,-3.1314123,-1.5580788,-1.0426809000000001,4.7477593,-1.4085416000000002,-14.9726095,-43.233513,17.64325,15.664280999999999,-4.4527483,-3.3155157999999996,-11.651809,-12.848678,-6.144361,1.5692239,-0.00013005537254101433,2.1903359629663783,11.492687446971981,2337.9897385539184,2741.2613268832265,14.829562005331931,13.280285436374447,16.528063294233235,19.285575417642207,23.414686669841245,24.055645702929912,36.08020526228753,0.0025647904,4477.734375,0.0882861328125,0.0,0.0,1.0,0.07782962173223495,0.001867417304310948,0.053354479372501366,0.31237248331308365,0.003936626890208572,0.20608939975500107,0.218289352953434,0.1262606717646122,0.0,True
00:06:03,59278c090220760001fda664,,0.7746370249319405,,-61.29378524052285,-484.336,30.154,-0.28015408,-0.29909274,-1.3345621,-2.6588060000000002,-3.5235817000000003,-3.5309982000000004,-2.7755606,-1.6940769,-0.7665254,-0.29152653,21.954439999999998,11.509274000000001,2.0216882,-4.267271,-6.7140226,-6.082964,-3.8698645,-1.5881752,0.40743977,-1.0102027522493844e-06,0.016718003540815884,,3357.1981702307953,1583.5908941727068,14.23555938749495,8.116501820327919,10.82739680472543,20.885593107039387,16.393901636454046,14.892539792235365,18.03565616853965,0.00066077785,1764.609375,0.024912109375,1.0,0.0,0.0,0.001650651916861534,0.028832470998167988,0.0008941254229284822,6.17453410086455e-05,0.9629361510276796,0.004060477064922453,0.0014028483303263786,0.00016151500603882595,0.0,False
00:06:03,5c41c28e896e090001c03bb0,159.54811795035133,0.924981472935394,0.32346652003908466,-40.19626646951874,-342.71777000000003,148.55261000000002,-28.978102000000003,-14.192684,3.8303663999999995,0.6213438,-2.3307450000000003,-4.1235056000000005,-5.1431336,-1.5427473,-2.2248517999999997,-4.400420700000001,-26.787981,8.766188,19.114643,-1.7979891,13.558526,7.159427,-2.6110554,-13.089869,1.2079476,-8.933993835500362e-05,1.4841163901574352,6.965494572034871,2815.709672931809,2691.6647233456315,15.612949438019873,14.149952709293972,17.010008985477572,19.603637074577804,19.056429603098994,23.776291701670484,29.62536806281549,0.019515835,5328.28125,0.0538525390625,0.0,0.0,0.0,0.03461095065410648,0.0014720021946621792,0.013344638249171632,0.5082664537642684,0.008173606724345259,0.0966776545558657,0.21116403809615544,0.1262906515704734,0.0,True
00:06:04,59278c090220760001fda664,,0.716302063480058,,-58.081751375789395,-473.009,43.501553,2.8144447999999995,1.1612917,-1.5011928999999997,-4.0086949999999995,-5.4881644,-5.4859542999999995,-4.052151,-1.7381131999999997,0.5917786999999999,2.1094232,28.636597,10.776529,-3.6048288,-10.69943,-10.554815,-6.085098,-0.9433877,2.2973645,0.4797281,-1.5451583926285985e-06,0.025420464346391603,,2747.981596338001,1325.7602985891765,14.105261071901346,8.267723758490748,11.786434697490424,19.81657458793996,17.40071446280469,15.471256719554779,18.462624143090792,0.00039235199999999995,1425.9375,0.02693359375,0.0,0.0,0.0,0.015701311081647868,0.07015762403607369,0.005927075957879425,0.00043009910878026857,0.8668699145317078,0.025126305036246774,0.015365644847042859,0.0004220419068587944,0.0,False
00:06:04,5c41c28e896e090001c03bb0,264.3948108065001,0.7979368717686284,3.068079041609524,-26.9023041294,-246.23517999999999,121.04941000000001,-9.946394,-0.8748866,7.71668,-13.247032999999998,-8.885371000000001,-5.1366744,-4.210626599999999,-1.4440726000000002,-2.2993622000000005,-12.102998,-58.31689,1.6834754,-16.136816,-3.4554975,6.957273,-6.699725,-22.028488,-5.5348287,1.7749692,-0.00018148238571213523,3.124807798696642,14.619350594413117,2433.229294815773,2919.1723565714005,12.515376604612534,12.186220732219944,12.614359408536494,17.68295060063904,21.825962014026636,22.905447753990654,42.653382891516266,0.0010727197,4813.359375,0.096904296875,0.0,0.0,0.0,0.05949375908821821,0.0020910449529765174,0.01899044881574809,0.15964567847549915,0.005698718212079257,0.1838212428614497,0.5416215643286705,0.028637537080794574,0.0,True
00:06:05,59278c090220760001fda664,,0.7710792450750259,,-62.99533145163686,-488.80002,24.498325,1.6600413,1.2841854,-0.62069035,-3.0613985,-4.943459,-5.54742,-4.777531,-3.1143772999999997,-1.3364811,-0.16134724,17.915245000000002,9.247444999999999,1.0330712,-4.616492,-6.718329400000001,-5.636528,-2.7684853,0.12780818,0.36987612,-7.789190337555752e-07,0.012961389886747506,,3547.4383518823865,1703.8804181781175,15.017082106647868,8.576573625202597,10.614344660027657,21.112324153023813,15.428590652551652,15.049311804706186,18.288711552683523,0.0008246541,2002.734375,0.026083984375,0.0,0.0,0.0,0.040854072012007234,0.14578761160373688,0.013356300722807643,0.0005863125494215638,0.6964537620544433,0.07490747645497323,0.02740459851920605,0.0006498519913293421,0.0,False
00:06:05,5c41c28e896e090001c03bb0,212.90644215519703,0.7992374644342473,2.805822558316775,-16.10709720693364,-219.1696,173.02716,-23.654626999999998,-7.640452000000001,4.0734425000000005,-8.952622,-6.7084589999999995,-1.4893768,3.2070703999999997,10.077765,0.031807587000000005,-14.015556,-26.739414,19.291424,12.051666,-3.4665654000000004,-10.199557,-19.878649,-13.318738,-11.748418,1.7840955000000003,-0.00017330856119421314,2.8989707069248634,11.851229562056705,1844.25074439374,1655.2923860959884,15.635193192026575,14.255700678857062,19.37472787190305,17.740788354018648,22.123724119962567,24.236552810853855,40.47911450892818,9.277245e-06,3472.265625,0.03875,0.0,0.0,0.0,0.07423123717308044,0.002636110800085589,0.09337367259431632,0.22356347516179084,0.010432109935209157,0.1831267338246107,0.30824811235070226,0.10438859090209007,0.0,True
00:06:06,59278c090220760001fda664,,0.7214613256571067,,-60.74875417822909,-481.96547999999996,32.887809999999995,2.4896007,1.6864116000000002,-0.42822966,-2.6513042,-4.0404987,-4.2163377,-3.3396559999999997,-1.8916124,-0.42487479999999994,0.60745513,23.044365,10.530331,-0.6185102,-7.4237839999999995,-8.989813999999999,-6.503232,-2.3493664,1.1106116000000001,0.420996,-1.1096215363679229e-06,0.018333700923448968,,3242.398020844121,1561.2912497269458,12.440485539369588,7.823445129151088,11.818439330750566,20.847686236890112,16.35436694581451,14.793649042057051,18.027732482889093,0.00069851725,1885.078125,0.0256982421875,1.0,0.0,0.0,0.004586450941860676,0.09210713356733323,0.002023803349584341,0.000133766487124376,0.8779116630554199,0.019528123177587987,0.0032089194748550647,0.0005001728364732117,1.0,False
00:06:06,5c41c28e896e090001c03bb0,154.08874529105347,0.921232710668316,0.5210045168385242,-62.64290226011149,-418.3973,128.52646000000001,-20.441149,-1.0353522,21.951876000000002,7.770900200000001,-10.196326,-7.04392,0.46308845,1.7705355,-6.836803,-6.9038143,-9.569158,-4.359065,-4.6122413,-5.433146499999999,24.278275,6.504719000000001,-22.835112,-21.878132,0.8852620999999999,-4.953815581225657e-05,0.8157564233625458,10.222490270980652,3728.053230683091,4533.609248167183,11.993142976694564,11.381803371717801,13.058988570284368,18.98011055382763,19.517419065302047,19.517566117017452,26.823234216398355,0.1495296,8318.338815789473,0.0875,0.0,0.0,0.0,0.12028885136048001,0.002573230730680128,0.11498936783108445,0.13139390666037798,0.010871908653320538,0.19236757026778328,0.39388907617992813,0.03362607704992923,0.0,True
00:06:07,59278c090220760001fda664,,0.7316630217447472,,-57.59663917546917,-472.23557,45.16382,0.678508,0.41473454,-0.78512543,-2.0133452000000003,-2.7174985,-2.7977526000000004,-2.4383008,-1.8608349999999998,-1.1996717,-0.56419986,31.5569,14.623795000000001,-0.03344467,-8.739728999999999,-10.884883,-8.402071000000001,-4.2370852999999995,-0.83053046,0.48713455,-1.529317648129593e-06,0.02514424154126113,,2664.0252250747244,1228.6754766951008,14.602771358238005,8.215666942364862,10.920315811016293,18.53297291391277,19.6647299685912,15.496322785912955,18.23709660523305,0.00028738045,1254.84375,0.0246826171875,0.0,0.0,0.0,0.0019269409589469434,0.04195153862237929,0.0010264349402859807,0.0001118470056098886,0.946124267578125,0.006829100660979748,0.00159300381783396,0.0004368753172457218,0.0,False
00:06:07,5c41c28e896e090001c03bb0,150.58076300852144,0.5185435495466274,1.155507272748444,-43.32421239589095,-323.2786,145.77469,-9.298808,-12.046539,0.3850088,1.2521584,-5.0049872,-4.161008,-3.2821422,0.4908757,2.528874,-4.8876987000000005,-24.261795000000003,3.6344583,6.6545559999999995,-1.3869915000000002,-0.40692607,-9.154388,-18.162264,-10.107717,1.9632628,-0.0001314781964786475,2.188929696471565,10.949144463307194,2358.3643477484875,2310.8358548881674,14.067918899467536,11.875571208724384,14.930253886113508,14.563093228356564,17.5908699120544,19.166816338279176,29.73815149385499,0.16601078,4207.03125,0.045520600818452384,0.0,0.0,0.0,0.19728251844644545,0.005936521710827947,0.14034580532461405,0.06455005444586277,0.021885741548612715,0.22299596220254894,0.32994399666786195,0.01705938852392137,0.0,True
00:06:08,59278c090220760001fda664,,0.7326106284770284,,-62.989541698767006,-487.69995,26.100372,-0.04491945,0.8949414000000001,0.6730701,-0.29522863,-1.4759543,-2.4515655,-3.019775,-3.166944,-2.983318,-2.5892377,19.603771,10.926461,2.4460845,-3.8276315000000003,-6.8758364,-6.852959599999999,-4.811916,-2.150098,0.3679143,-8.069670327666009e-07,0.013415043919424665,,3522.9359655797803,1670.7791090629862,14.753436848003552,8.739896212967981,10.364600653963015,19.20217575399921,15.257730635851955,14.302245904437914,18.06257306161004,0.0007988692999999999,1928.90625,0.0239501953125,0.0,0.0,0.0,0.012938273139297962,0.0884948367252946,0.0037737317383289342,0.0017508834556792866,0.86221764087677,0.016534851212054492,0.012573268497362731,0.001716538067557849,1.0,False
00:06:08,5c41c28e896e090001c03bb0,168.16570571385043,0.9256675922078133,0.372804586079465,-17.387052202731482,-224.84775,133.98328999999998,-18.660828,-6.715617999999999,1.7765131,-9.856002,0.24354367,7.605694000000001,-0.042612802000000005,2.1475557999999997,0.81800526,-10.599205,-48.820206,45.07679,8.53312,-10.110076,12.743267,-16.63328,-27.420599,-12.15983,1.7533929,-0.00016171589338853965,2.7992764331936346,13.662609917010775,2014.1013788404869,2676.5184098594923,16.268277263731846,13.506285119793768,19.81943951215408,15.596024408714626,20.597260582144553,23.01118980379787,45.262542521816684,1.4332458999999998e-05,4538.4375,0.0813671875,0.0,0.0,0.0,0.12924402289920384,0.004528301573979358,0.08787396850271358,0.19228223318027127,0.018740191538300782,0.20215907361772328,0.3200841231478585,0.04508804498861233,0.0,True
00:06:09,59278c090220760001fda664,,0.7717985236621842,,-62.51072481487992,-487.19968,26.446928000000003,2.2177331000000002,2.8237758,1.6509445,-0.42687893,-2.3774178,-3.4666615,-3.4914174,-2.7363975,-1.7346169999999999,-0.9795315999999998,19.010595000000002,9.192494,-0.1556654,-6.633294599999999,-9.070806,-7.783726700000001,-4.2479677,-0.3844646,0.36569592,-8.446770680663744e-07,0.014022972564721506,,3442.917214067081,1657.1948050518986,13.66668796380235,8.885764871382795,11.225119945251864,20.71324939823894,15.364661889340933,14.64579116803288,17.99362259563734,0.0007440386,1920.234375,0.0260986328125,0.0,0.0,0.0,0.004913194407708943,0.07379337958991528,0.0042113631032407286,0.00015569417737424374,0.8932092189788818,0.01843795054592192,0.004710039054043591,0.0005691580241546035,1.0,False
00:06:09,5c41c28e896e090001c03bb0,141.54965546480906,0.6476201607741459,0.8381501486942834,-20.819904673950067,-253.21247999999997,166.09056,-5.3923879999999995,1.8235712,4.786075599999999,-2.7778375,-4.3755984,-5.6675787,-7.461175,-0.069337636,-0.79100835,-9.476836,-29.687371999999996,-3.5878707999999997,3.8891058,-3.983017,9.388008000000001,-8.803305,-19.853745,-8.4384575,1.4639567,-0.00014611257814096427,2.4709906366684886,10.860630433293105,1406.5325256079266,1857.1860101597329,15.551555420454465,14.153176018926153,16.28123335125639,17.384420134507373,22.227102161687565,27.1921571706628,35.28078760776967,8.019374e-06,2864.296875,0.0634033203125,0.0,0.0,0.0,0.20319831709970126,0.01673436507751996,0.3531912172382528,0.028457220918922263,0.024627320637757133,0.15561986375938766,0.2062765915285457,0.0118951065920886,0.0,True
00:06:10,59278c090220760001fda664,,0.7153417812803118,,-58.665157045333345,-475.65088,40.585471999999996,3.4800038,1.7539409,-1.2227613000000002,-3.7033519999999998,-4.5939136,-3.8034396,-2.0351616999999997,-0.25530666,0.81912625,0.9622755,27.587559000000002,11.341977,-2.655349,-10.544967,-11.462176,-7.377246400000001,-1.7112534,2.4238005,0.48058206,-1.3487639734480505e-06,0.022244486992804003,,2919.4774359598437,1393.5706229154205,14.520389240660455,8.225173702940085,11.190175899268965,19.683712661124908,17.24305019341317,15.09089465477274,18.067956816043374,0.00044880684999999996,1434.140625,0.02763671875,0.0,0.0,0.0,0.007426459342241287,0.1120151162147522,0.003149231616407633,0.0001991546043427661,0.8387750387191772,0.03144854046404362,0.006288428604602814,0.0006979878467973322,1.0,False
00:06:10,5c41c28e896e090001c03bb0,,0.9799923791654068,,-99.4791953682128,-506.4567,13.800845,7.567526299999999,6.5507,5.538442,4.547966000000001,3.5945370000000003,2.6911294,1.8482062,1.0736201,0.37259305,-0.25214780000000003,13.571470000000001,13.195464999999999,12.682013000000001,12.043491,11.295014,10.453894,9.539015,8.570199,0.026665077000000002,-2.963885135278531e-07,0.004966045758724249,,5954.102455481109,5490.750095570856,9.341931487573897,8.833498669042031,9.64028398426442,10.612923929173665,11.19914492597243,12.040002547545937,12.816267529902849,0.56336844,12202.5,0.031510416666666666,0.0,0.0,0.0,0.1420539066195488,0.034168868616689003,0.13474620692431927,0.05373696656897664,0.11954538207501172,0.3128162566572428,0.18771932646632195,0.015213078819215298,0.0,True
00:06:11,59278c090220760001fda664,,0.7532806579774836,,-56.00960409520868,-467.26672,51.314679999999996,3.4893199999999998,2.0354736,-0.9146045,-3.6740456,-5.0667005,-4.794064,-3.3336647000000004,-1.5211073,-0.08955729,0.5887535,35.413113,15.637670000000002,-1.3493534,-11.060544,-12.663395,-8.539563000000001,-2.5247831,2.0354521,0.5139085999999999,-1.7572575872114208e-06,0.02886270740537577,,2485.7805672233458,1142.2151553353524,13.871160759111818,8.201413814352769,10.597593838335891,19.021020815572914,19.626888563097808,15.550039411167624,18.149175912424898,0.0001962925,1137.65625,0.0249609375,0.0,0.0,0.0,0.006122871534898877,0.08428022563457489,0.004771445691585541,0.00015155775181483478,0.8783315181732178,0.021474281325936317,0.0041332155466079715,0.0007348665967583656,1.0,False
00:06:11,5c41c28e896e090001c03bb0,135.06377107147242,0.7080076556348017,0.7913028110188312,-68.82698853797591,-403.5729,124.10616999999999,-9.199931,-3.0796959999999998,5.3719415999999995,-7.2536526,-1.5803291000000002,1.6661971000000002,-9.372622,-2.0271098999999997,1.4844186000000001,-8.855758,-33.34935,2.2097882999999996,-0.7116626,-3.8232074000000003,10.277508000000001,-8.081187,-14.562615,-2.9230959999999997,2.133597,-0.00010340006806720147,1.7256604681771317,8.09220402645665,2702.0406233377644,3344.494225665375,12.232368682836373,10.352726491891405,12.264187324698398,13.557327630800135,15.63680872155867,16.075014137020286,25.292791018276272,0.45298952,5576.912715517241,0.0962085389254386,0.0,0.0,0.0,0.035064368322491636,0.1440568558871746,0.0077004411956295375,0.0010284484538715332,0.4745654739439488,0.292294579744339,0.037348349858075384,0.007941482216119766,0.0,True
00:06:12,59278c090220760001fda664,,0.6628079123052066,,-64.20590411590007,-490.40323,21.985996,1.2605598999999998,1.3015139,-0.12262101,-1.9734566000000002,-3.2629333,-3.4845386,-2.7419689999999997,-1.5741143,-0.61379874,-0.26938424,14.795520000000002,5.475174,-3.0928276,-8.595041,-10.073624,-8.105881,-4.358045,-0.76721346,0.34096740000000003,-7.120034956763559e-07,0.011893220630689993,,3620.4603521224376,1820.3603758515872,13.374397091675945,7.448604612352084,10.092413674347334,20.229960615647133,15.075429942788944,14.553755346428714,18.18688044308353,0.0009771123,2242.03125,0.0286669921875,1.0,0.0,0.0,0.13833215944468974,0.07649853602051734,0.05039424942806363,0.029154410713817924,0.4754673555493355,0.1079600378870964,0.11445809677243232,0.007735147501807659,1.0,False
00:06:12,5c41c28e896e090001c03bb0,170.20140525860467,0.9339145812558359,1.6997173161744006,-19.360093632596094,-251.99322999999998,172.63054,-17.680452,-16.907866000000002,-6.6545467,-4.6015434,2.5683901000000002,-2.8048408,-8.226324,5.8933800000000005,0.40688774,-12.304278,-17.75221,19.507187,24.272736,-3.5115762000000004,4.725213500000001,-11.215361999999999,-19.636817999999998,-9.610563,1.6567441000000003,-0.00012849040121371092,2.126880628304586,18.32333961880368,1651.4118517681366,1392.078062133409,16.649327376510293,13.852261200052615,19.102611565607663,16.877845328745607,21.05522999922612,23.42719941353389,38.91385670854967,4.9118285e-06,2850.703125,0.0257470703125,0.0,0.0,0.0,0.05440246751531959,0.048878779634833336,0.04021758598973975,0.03001656917622313,0.3219760715961456,0.29563913941383363,0.10523470975458622,0.10363469542935493,0.0,True
00:06:13,59278c090220760001fda664,,0.7287200738699796,,-60.70465503742739,-481.051,33.899834000000006,2.4279597,1.995271,0.21787369,-1.8169065,-3.1889133,-3.4650612,-2.7496294999999997,-1.5060598,-0.28581852,0.48471805,23.381645000000002,10.176292,-1.3723203000000002,-8.234131,-9.676577,-7.0655589999999995,-2.8243587000000003,0.7756978,0.42416850000000006,-1.131533996390433e-06,0.018691001101851144,,3143.131739360828,1511.8575459554165,13.388516745769609,8.385888135680492,11.015390821731728,20.236725791386363,17.701596613695692,14.984862579843956,18.33689204560586,0.0005914280000000001,1675.78125,0.0265771484375,1.0,0.0,0.0,0.03088076747953892,0.1747277148067951,0.00904125003144145,0.00031837601563893263,0.6383878648281097,0.1176224023103714,0.028176261484622957,0.0008453607268165798,1.0,False
00:06:13,5c41c28e896e090001c03bb0,173.1603313791457,0.8599488786097619,0.8502118283861129,-30.797771464228035,-303.26746,86.51416,-13.014886,-6.559321400000001,6.8738885,-7.457231,-4.4012995,0.4932561,-0.69199663,1.0502089,2.7792888,-7.281901400000001,-40.50168,33.244423,2.1102602000000004,-1.927609,12.47151,-17.077667,-19.671265,3.1545267000000003,1.553134,-0.00012399482675530521,2.182330381595973,16.102865203547445,2197.568491796571,3799.5368788448773,12.046024406832215,11.544075654900286,16.605873604148787,16.047398723028426,22.579562602661372,25.310157741497612,42.51908537832132,0.00044891817000000005,5278.359375,0.1533447265625,0.0,0.0,0.0,0.10795953404158354,0.025043613836169244,0.0669566459953785,0.05541786709800363,0.08684189831838011,0.322914656996727,0.2672634534537792,0.06760234571993351,0.0,True
00:06:14,59278c090220760001fda664,,0.7156082948181732,,-61.42321572423682,-484.36224000000004,29.786379999999998,4.2937946,3.6317592000000003,0.8909573000000001,-2.4159787,-4.798813,-5.4034949999999995,-4.2490087,-2.0627284,0.13786748,1.4963899999999999,20.633978,8.822759,-1.9319531000000003,-8.66925,-10.206201,-7.368649499999999,-2.4024744,2.1058865,0.40109795,-9.750959474433544e-07,0.016152621520295785,,3315.850097843652,1609.0855073156365,14.385549629484975,8.282709859376725,10.834411322971132,21.3234071896919,15.829364086342471,15.054311482046087,18.346021473242647,0.00069041713,1805.390625,0.0278857421875,0.0,0.0,0.0,0.021658335439860826,0.25181710422039033,0.005965845100581646,0.00011422677634982392,0.61528160572052,0.09241828247904778,0.012139671575278043,0.0006049533782061191,1.0,False
00:06:14,5c41c28e896e090001c03bb0,135.20188227463305,0.6737083802885211,0.8716870661903499,-28.873923984445554,-328.24643,104.78241,-12.276792,9.384248,19.916933,-1.0075844999999999,-9.840691,-6.2747636,-4.031639,6.105722,4.6190104000000005,-3.004614,-34.52668,-2.644059,-5.966034400000001,-5.563578,19.77086,-6.502493,-24.917624,-16.946754000000002,1.3629146,-8.280802364088719e-05,1.4064277491197683,18.673815701717675,1715.4090526995649,2434.1787268926682,12.20461685205566,11.208984791921134,17.085085057835016,20.43546374298924,27.772334717820378,25.95453675815098,37.51202211814915,0.00011329883,3602.8125,0.0824560546875,1.0,0.0,0.0,0.01516616134904325,0.012573338928632438,0.01690244044099624,0.014223603040186897,0.7795725895298852,0.05747427496438225,0.09278406306273408,0.011303509786052423,0.0,True
00:06:15,59278c090220760001fda664,,0.7233093396274457,,-61.809899541017984,-485.13915999999995,29.136368,1.2031251,1.2791195,-0.49313158,-2.9793662999999997,-4.8959775,-5.3922358,-4.360012,-2.3767414000000002,-0.35863593,0.8835622,21.090122,10.446674,0.27585733,-6.8316917,-9.612894,-8.419984,-4.876926,-1.0943361999999999,0.36497644,-9.330825969623606e-07,0.015462028049274868,,3360.1356625013177,1600.1552556052718,13.72102178188766,8.139717291570474,11.031559486228304,21.59905565467166,15.53282562658507,15.052445624048291,17.926660223685477,0.0006944596499999999,1778.203125,0.025390625,1.0,0.0,0.0,0.0033461117651313547,0.1122788816690445,0.0014749080291949213,7.270962742040865e-05,0.8625224709510804,0.016236552037298683,0.003698269883170724,0.00037008617364335804,1.0,False
00:06:15,5c41c28e896e090001c03bb0,167.16401849593183,0.9182813935621698,1.0459056128536852,-17.517040406732217,-177.18364,164.21196,-7.517304400000001,-0.17792259,4.6080239999999995,-4.068329299999999,3.1811314,-2.750038,-6.8931127000000005,-0.13672048,1.9478669999999998,-11.585567999999999,-50.418987,9.237486,-9.321166,2.8500047000000004,2.5239735,-7.5140305,-27.148253999999998,-14.953464000000002,1.6361276000000002,-0.000230322291604734,3.895433412515314,14.119458042230027,2091.1686503802043,2067.574324612734,15.596611791677141,13.078899161976235,16.550679291944036,17.02684476545053,23.682923611785174,21.223757201699172,42.725442690253246,2.1322220000000002e-05,3664.453125,0.0556591796875,1.0,0.0,0.0,0.025117852989668874,0.009448595461435616,0.033570605859329763,0.08870926387184723,0.3995177176865665,0.08695145137608051,0.3048849674788388,0.05179954426024448,0.0,True
00:06:16,59278c090220760001fda664,,0.6876510865636716,,-59.944737831048776,-478.4501,37.29912,1.9708709999999998,0.9967516,-0.9480384,-2.7988752999999997,-3.8917288999999995,-4.1149654,-3.7280241999999997,-3.0540675999999998,-2.2864516,-1.5130036,26.079833999999998,12.075782,-0.05022125,-7.136642,-8.565024000000001,-5.9664626,-1.9979504000000001,1.0239049999999998,0.45609596,-1.2388198568353493e-06,0.020434032209854958,,3086.326700195886,1457.1934927522982,14.399285880561647,8.512564831980088,10.364564566332627,20.505994650199963,17.469997966870398,15.085234607404635,17.99899043977475,0.00057829375,1643.90625,0.0252734375,0.0,0.0,0.0,0.0061445789411664,0.14208596646785734,0.002048890374135226,7.276205051311991e-05,0.8224845170974732,0.021120429644361137,0.005847564258147031,0.0001953050625161268,1.0,False
00:06:16,5c41c28e896e090001c03bb0,139.9176187257144,0.8847533635347428,0.554157398346104,-64.09728264834881,-419.73375999999996,111.86738600000001,1.6853702000000002,-10.684366,-6.695166,-0.8915424000000001,-3.8249536,-2.3911834,5.1075954,-1.4959443000000001,-16.989076999999998,-10.745898,-9.920671,15.897904,25.842113,5.61952,-1.4706761000000002,-12.854775,-14.900542000000002,1.9120021,1.6320002,-4.458077469911539e-05,0.7406707347811712,14.556940729192233,4358.032306193079,4367.549926925161,13.19792254807063,10.42987876697361,11.823549071602885,13.155232612930265,15.314995622820867,17.70335636779882,24.094941691993476,0.10564189999999998,9083.671875,0.0312060546875,0.0,0.0,0.0,0.1271776296198368,0.0068701879237778474,0.05569896921515465,0.13022132255136967,0.05284376880154014,0.24218829870224,0.3555006340146065,0.02949917069636285,0.0,True
00:06:17,59278c090220760001fda664,,0.734040165306979,,-61.590115903305815,-483.48163,30.966257000000002,1.8636651000000002,1.3063850000000001,-0.6593391,-2.917561,-4.475418599999999,-4.8061867,-3.9334655,-2.3055107999999995,-0.559034,0.7277786,21.691637,9.845672,-0.80785143,-7.455410499999999,-9.186619,-7.017802199999999,-3.1133412999999996,0.31114697,0.40768835,-1.0059825129276917e-06,0.01665014366527714,,3286.780822617349,1582.8014542520766,13.935943153587425,8.230904262428089,10.586616769369936,20.57826015180941,16.5379065085811,14.855170034281914,18.20414897107327,0.0006861858400000001,1779.609375,0.02662109375,0.0,0.0,0.0,0.004285612283274532,0.0833670362830162,0.0023214722517877822,0.0001259596654563211,0.8890213012695313,0.015115125849843024,0.0054083869094029065,0.00035511757305357606,1.0,False
00:06:17,5c41c28e896e090001c03bb0,150.45267802034917,0.9302844154152744,0.5098787355962395,-19.064559666078488,-202.46947,175.0981,-10.28669,-1.6077683,7.9897860000000005,-2.8893732999999995,-2.0816456999999997,-3.110302,-7.496958,1.9558827,-0.56426764,-12.309646,-48.257748,7.077367,0.7591089,-10.653385,7.2042823,-8.869725,-21.560856,-10.008564999999999,1.6558306,-0.0001742524096844985,2.931994865900452,18.010537172262573,1800.447078840462,1985.7368267681961,15.884265273480453,13.181427127967071,15.673957072611044,16.657096062603422,20.15640807880632,21.529933298965613,41.8966188154874,1.3883558e-05,3507.1875,0.05962890625,0.0,0.0,0.0,0.1625414215028286,0.01656945697031915,0.09399520196020604,0.13919100887142122,0.1369460042566061,0.16394420601427556,0.2640457533299923,0.02276693204184994,0.0,True
00:06:18,59278c090220760001fda664,,0.9248737439901841,,-61.755671354865676,-486.02606,28.0602,0.22943752,0.8160534,-0.23633362,-2.07805,-3.6920687999999995,-4.3568773,-3.8947945,-2.6421576,-1.2079713,-0.16546826,20.474698999999998,10.383641,0.6260332,-6.3821650000000005,-9.420185,-8.726174,-5.6952370000000005,-2.18857,0.38800004,-8.767776678175095e-07,0.014546063340370119,,3372.194471952036,1591.6637414388342,14.767115901681786,8.637365158849446,10.85265377876057,20.596814797725987,14.816274812024036,14.504121120898551,18.06003033327513,0.00065344194,1696.171875,0.0249072265625,0.0,0.0,0.0,0.0025280710309743878,0.06806226745247841,0.0020028115133754907,6.397210891009308e-05,0.9138020873069764,0.0093889644369483,0.003924631304107607,0.00022713251819368453,1.0,False
00:06:18,5c41c28e896e090001c03bb0,139.90012671887814,0.8989989268730889,0.7846659696085587,-19.259674191575648,-251.26315,161.36195,-10.795383000000001,-3.640915,5.1261306,-0.8120556999999999,0.89369625,-0.42881054,-5.8899946,0.45178297,-1.1839998,-8.883188,-15.192338000000001,29.67898,14.280166,-12.6855545,-1.1463921000000001,-12.858914,-19.508175,-8.20079,1.6520398999999997,-0.00015482286819622687,2.5961351393819814,12.076739037146629,1645.1632193339728,1640.3533581019376,16.200294180753975,13.090330250451073,16.958721475705808,18.092122277800666,21.41827931847646,22.793210089933556,39.53843713684212,8.31236e-06,2778.984375,0.0443994140625,0.0,0.0,0.0,0.06656761523336173,0.032782411435619004,0.07077634762972593,0.06678429692983627,0.2811488755047321,0.18579562231898308,0.2728157564997673,0.023329084110446274,0.0,True
00:06:19,59278c090220760001fda664,,0.692653370372301,,-61.01897780220157,-482.65833,32.422684000000004,0.6443321999999999,0.573788,-0.7027788,-2.293784,-3.4158760000000004,-3.7036050000000005,-3.2411868999999998,-2.3886425,-1.5494648000000002,-1.004895,23.837398999999998,12.630478,2.1234963,-5.058079,-7.8529800000000005,-6.896511599999999,-3.9514415,-0.9858253,0.4289354,-1.0238150852549641e-06,0.01692764393073075,,3234.8437261704944,1505.539868062011,14.159160577203238,8.63052390896789,11.083593616089628,21.20056727464841,15.899635549642856,14.718264985882444,18.269383334651753,0.0006049906,1640.390625,0.024736328125,0.0,0.0,0.0,0.0045015249401330944,0.14422657787799836,0.0026085849851369856,5.135937099112198e-05,0.8225119113922119,0.021159273386001588,0.004756211303174496,0.000184551376150921,0.0,False
00:06:19,5c41c28e896e090001c03bb0,107.9590652651625,0.40532806417114137,1.4195655938837417,-42.781241365751455,-384.7578,65.404884,5.410945,-9.256463,2.8591251,4.779903,-4.884172400000001,-3.1452703,5.6839433,6.155869,-2.7182713,-4.0269246,-39.845356,26.862888,20.458176,-11.309382000000001,-7.5884447,-31.933515999999997,-20.013026999999997,16.784285999999998,1.5288472,-3.9688672556982454e-05,0.6951756559338113,18.15668344544144,2372.7017660634306,3750.2427546388267,11.54137772312292,9.045220398703986,13.943034642831588,18.590196658513264,20.154405216907467,24.21376366790657,33.361382719787336,0.010057613,5764.921875,0.1355126953125,1.0,1.0,1.0,0.21702317325398326,0.009187931107589977,0.11564146857708693,0.15743454582989214,0.057870636251755064,0.11322571001946928,0.3154503189027309,0.014166217553429306,0.0,True
00:06:20,59278c090220760001fda664,,0.7299014115398414,,-53.461361437280566,-454.59393,63.2336,2.3764372000000002,2.1036322,-1.4542476,-4.618769,-4.6986685,-2.4770972999999996,-0.49568549999999995,0.037037767,-0.041956164000000004,0.28521979999999997,35.42483,9.202434,-4.528901599999999,-7.467564,-6.971840400000001,-6.623578500000001,-4.978694,-1.0760100000000001,0.6848731,-4.077012941843419e-06,0.06687791516499665,,2320.1342525443483,1245.970135266265,13.696085031082314,8.427369624357878,11.658219519538688,17.748770111466342,20.827755497518197,15.997223524468614,20.689104162096072,0.000253929,1627.96875,0.028896484375,1.0,0.0,0.0,0.0034099527169018985,0.17610639929771424,0.0020027551101520656,4.255145613569766e-05,0.7986014485359192,0.016419068537652494,0.003158555412665009,0.00025927588576450943,0.0,True
00:06:20,5c41c28e896e090001c03bb0,172.8930172396928,0.5164359704426246,0.7782089720497635,-33.67722305577751,-321.74343999999996,109.02238500000001,-6.440067,-16.335041,-3.017289,1.1293321000000003,-3.2725554,-7.0063148,-3.8545175000000005,4.4121084,-2.1666837,-13.033050999999999,-32.7276,30.299646000000003,27.534983,-5.193506,-12.6211,-23.243229,-10.485128,9.343384,1.7107822,-9.003956708415029e-05,1.5251183915969275,14.56002026220398,2337.331642602072,2751.2304423947962,17.153243748896198,13.50902189683984,15.285243612643,17.49001637851563,22.105264748352557,21.300994811738214,35.25775430492856,0.0033943825,4368.984375,0.0838427734375,1.0,1.0,0.0,0.14083183817565442,0.010175869427621364,0.005503003182820976,0.09102449431084096,0.4341817863751203,0.10947983525693417,0.19426230788230894,0.014540850045159459,0.0,True
00:06:21,59278c090220760001fda664,,0.7510480040747433,,-60.991059923877145,-483.01132,31.65393,2.0233018,1.4153373,-0.8299108000000001,-3.295695,-4.709566000000001,-4.4995666,-2.9369264,-0.87360287,0.7338974,1.2597089,22.373423000000003,10.345991999999999,-0.7279544,-7.9125266000000005,-10.040244,-7.912547999999999,-3.6889129,0.18856625,0.40206948,-1.0022669510582005e-06,0.016588872458607053,,3217.3202016092705,1513.8445709543273,14.131677820280531,8.676049753030817,10.606136666350338,21.242075229597486,15.244297104960998,15.000594746116596,18.027796680284254,0.0005728205,1500.0,0.0262841796875,0.0,0.0,0.0,0.007506224419921636,0.2475989907979965,0.005960883200168609,0.00012884288298664617,0.7082182407379151,0.025146103650331496,0.004686960205435753,0.0007537085388321428,0.0,False
00:06:21,5c41c28e896e090001c03bb0,160.34634646070373,0.9528196705663712,0.4671663387045011,-21.953005845534406,-257.9974,130.542,-13.733635999999999,-6.187414599999999,2.3550332000000003,-7.7860702999999996,-5.929317,4.263106,-1.6728944,1.1776178,1.3654875,-14.494136,-35.786559999999994,29.195790999999996,-5.712886,-10.91855,15.935551,-11.056382000000001,-16.097322,-8.011441,1.8344696,-0.00011960695508744058,2.030884695789449,19.91671253038047,1980.79386040556,2757.6327027755547,17.057720497513124,12.002918969217026,19.127898053692665,17.187280740204887,22.236912747161583,20.577507794589838,43.862475971339094,3.7031543000000004e-05,4377.65625,0.0963330078125,0.0,0.0,0.0,0.10284971119835973,0.02432366358116269,0.11621657576179133,0.06236740276217461,0.23069958221167325,0.2274077273905277,0.19524217918515205,0.040893144486472015,0.0,True
00:06:22,59278c090220760001fda664,,0.7062349534586846,,-61.420417785198794,-483.70462000000003,30.875513,2.2685584999999997,2.8851945,1.4480788,-0.9837804,-3.0783129000000002,-3.9319095999999996,-3.4336064,-2.1174345000000003,-0.7047723000000001,0.28709698,22.148243,10.833267999999999,0.28802148,-6.898738400000001,-9.639513,-8.390145,-4.702968,-0.56879437,0.41749245,-9.76481237366806e-07,0.016172395656400558,,3250.0954905161684,1540.351261733199,13.723230501022053,7.868214082322303,10.950367853018026,20.260214358904047,16.431201638466572,14.712565814291006,18.49544638674843,0.0006179451,1676.015625,0.025341796875,0.0,0.0,0.0,0.014363883621990682,0.2437310785055161,0.010166565980762243,0.00017406791157554836,0.6891716003417969,0.0346839040517807,0.0069947270676493645,0.0007142137852497398,1.0,False
00:06:22,5c41c28e896e090001c03bb0,160.31698651223886,0.6342842845800276,1.5194754625047893,-36.09094747285569,-337.1165,128.03075,-7.6532100000000005,-13.426482,2.9252933999999997,0.6157822,-5.743723,1.3373461000000002,-3.709103,-6.460430000000001,-2.1574416000000003,-7.0339884999999995,-11.867792999999999,15.809894,10.237382,-7.8134274,8.204115,-9.526597,-20.63147,-2.2705464,1.6715119999999999,-7.327478970778737e-05,1.2285538668589595,14.793160965599279,2163.6845600959477,2653.65138374135,14.972138038248305,11.930023623663974,14.585320447999434,16.870827677982806,20.63114090577917,24.332258362736816,32.32074509346348,0.0047445659999999995,4213.59375,0.0906787109375,0.0,0.0,1.0,0.04553202288225293,0.022464158269576727,0.038021715404465785,0.11137585574761033,0.16700538340955973,0.20641138227656486,0.27289348021149634,0.13629599753767252,0.0,True
00:06:23,59278c090220760001fda664,,0.7742408542140573,,-59.71360826765667,-477.04498,38.406002,2.9566232999999995,2.6607623,0.7874827,-2.0058177,-4.564512000000001,-5.7573237,-5.1737269999999995,-3.3766332,-1.4555987,-0.26193604,25.254723000000002,9.769732000000001,-2.3762397999999996,-8.271142999999999,-8.402246,-5.2641654,-1.4260680000000001,1.5320283000000001,0.45489615,-1.3415881553265697e-06,0.022112966315020344,,2990.506412183529,1438.7811507643116,12.279526580057574,8.150861461889436,10.735551556581855,19.215953746969873,17.675117784347478,15.169729734547042,18.227449735178247,0.0005212604,1592.578125,0.027001953125,1.0,0.0,0.0,0.011452191695570943,0.3245029091835022,0.005319655127823353,0.00011576501856325193,0.6096148610115051,0.04227667078375817,0.0059881335590034725,0.0007297962554730475,1.0,False
00:06:23,5c41c28e896e090001c03bb0,205.91770477573957,0.6522786304440926,2.1850890357177852,-22.548793800341922,-248.27482999999998,174.20183,-2.936774,-10.794960000000001,-1.7017801,-1.2585899,-5.273029,-3.1888237,-1.2154516000000002,1.3553901000000002,-0.23515429999999996,-8.889466,-28.680721000000002,1.6460682,17.492357000000002,7.202561,-6.82654,-19.544893,-30.457788,-11.8791685,1.7978009,-0.0001506071128439846,2.5176285461639334,14.417004998214766,1954.6355505166669,1884.2294499126624,17.961122622237042,13.45201942619426,17.021227271050492,16.690721611133057,21.686168111456706,23.417820350973074,35.06554945366093,0.004664015,3384.375,0.0444091796875,1.0,1.0,0.0,0.13864770490262246,0.05654018630998003,0.025773824063233204,0.03376811339209477,0.20337303769257334,0.27190154956446755,0.1695385980937216,0.1004569713647167,0.0,True
00:06:24,59278c090220760001fda664,,0.7135331154949716,,-60.68755002573917,-482.57446,32.544525,0.86947083,0.34977207,-1.4437592,-3.4362025000000003,-4.658328,-4.6525115999999995,-3.5719216,-1.9979862000000002,-0.614851,0.09108753,23.9711,12.791013000000001,2.3358470000000002,-4.760427,-7.440639,-6.3698483,-3.3710072,-0.48790616,0.42538518,-1.022907404611701e-06,0.016910136653819387,,3202.150013165301,1467.458046035761,13.894396553927931,7.8496645532609275,11.206432254069355,20.051548973199967,15.95088149138107,14.931937083834127,18.155317439147424,0.0005322896,1448.90625,0.023564453125,1.0,0.0,0.0,0.01587531790137291,0.3521727919578552,0.007753109326586126,0.00017794969899114218,0.5729143142700195,0.04377833306789399,0.006415263190865517,0.0009128923644311726,1.0,False
00:06:24,5c41c28e896e090001c03bb0,175.98741542888936,0.9280814388240148,3.85930696617964,-27.47703876809309,-304.3751,110.42981,2.059901,-2.6780837,0.97752756,-2.7616565,-1.5142014,-3.5477117999999996,-3.9719453000000002,5.752421400000001,-3.1264944,-14.536245999999998,-53.728790000000004,-0.7443898,8.473474000000001,-5.4216604,9.648972500000001,-12.2548065,-12.982428,9.146498,1.5777857,-8.174419645676203e-05,1.391488563835241,18.483268593193916,1509.672317447353,2609.231150663687,13.474689116816466,13.010138407069492,15.596130099463007,19.35440987614948,21.778448397356637,23.226062673177157,38.97305988403822,1.7474898000000002e-05,3780.234375,0.098974609375,0.0,1.0,0.0,0.011000071396119892,0.041239763912744816,0.011300513707101344,0.11085513276048004,0.37829219438135625,0.08244779873639345,0.2533004455268383,0.1115640733856708,0.0,True
00:06:25,59278c090220760001fda664,,0.7024719322031198,,-58.30081957355282,-473.31268,43.572340000000004,3.0204124,1.0449331,-1.8764622,-4.2322197,-4.993164,-4.0037947,-1.9629484000000001,0.023338208,1.086016,1.0358207,29.902359000000004,13.2248,-0.62175465,-8.004973,-8.653642,-4.975121,-0.31264925,2.7100272000000003,0.50263953,-1.5142807963001803e-06,0.02489799609170986,,2795.705712031516,1297.6231975988585,12.790571791734509,7.93732313535572,10.693982831730963,19.101699810546066,17.936859742132594,15.078954687131304,18.362318429920773,0.000390802,1274.296875,0.02486328125,0.0,0.0,0.0,0.014983998984098438,0.3538572490215301,0.009567092359066007,0.00014129295450402424,0.5746865630149841,0.04206723347306252,0.004055826924741268,0.0006407562643289566,0.0,True
00:06:25,5c41c28e896e090001c03bb0,153.13834728821809,0.512562261342525,1.0715616860295871,-35.181195350346194,-314.88855,138.78203,1.6073053999999998,-3.0990623999999998,-1.9380662,-0.7267399,-0.79328066,-8.180147999999999,-7.488749,3.6386254,-4.4006553,-12.849028,-21.611063,6.847117,17.539522,-11.476289999999999,-11.864556,-7.033447,-9.999395,-1.5785857,1.7441799999999998,-9.950026014817428e-05,1.6613705277958948,11.393695456462613,2204.938493259239,2346.337023016879,15.306903235366851,11.493327322942937,12.863943185462684,16.539671660975106,18.913452225582024,25.28850698311396,32.92787214248243,0.0026773672999999996,3812.109375,0.0696240234375,0.0,0.0,0.0,0.02161557970102877,0.003121931850910186,0.010105334024410694,0.4594411015510559,0.09041753709316254,0.024947172985412183,0.0690553266555071,0.321296026557684,0.0,True
00:06:26,59278c090220760001fda664,,0.7407247649328427,,-61.67973204558216,-483.55014000000006,30.940756,1.7309450000000002,1.2079859,-0.75737613,-3.024753,-4.532251400000001,-4.6956815999999995,-3.5421332999999997,-1.5965296999999998,0.38056293,1.688294,21.84427,10.191329,-0.35744458,-7.047575999999999,-8.948049000000001,-6.986935000000001,-3.2304995,0.14972949,0.39842805,-1.0403158418096659e-06,0.01720914584281306,,3298.387371761491,1601.8532299548651,13.242216648907213,8.154464424857048,10.316892244304494,19.525837956898762,15.738646787728696,14.960526853479044,18.09363194230221,0.0007632422999999999,1926.5625,0.0258447265625,0.0,0.0,0.0,0.01845104526728392,0.3885349929332733,0.016328454948961738,0.00017952911002794283,0.5316988706588746,0.03982485234737397,0.004324990324676037,0.0006572748476173729,0.0,False
00:06:26,5c41c28e896e090001c03bb0,157.6256556259612,0.7374136852397074,0.6875494770735723,-17.35887370521616,-207.36406000000002,184.09691999999998,-6.781928,-8.369023,-2.3524866,-2.4542822999999996,1.1672758,-3.6984019999999997,-1.4910153999999998,6.291195,-1.7842984,-11.175723,-31.563131,12.172875,10.869539999999999,-4.1404343,-4.532041,-21.848822,-25.801094,-6.573975999999999,1.5168698999999999,-0.00018041759623062633,3.017080791011216,12.676346528104455,1718.0019249211587,1669.1149689664705,16.42088785486193,13.658273886915786,17.73259139472529,17.41272240309156,21.225698307345414,24.46139988029737,40.04823349935939,6.696414999999999e-06,3061.171875,0.0396630859375,0.0,1.0,0.0,0.007924831798300147,0.012996222800575195,0.006056084576994181,0.1369160046800971,0.4896274417638778,0.045345026813447466,0.03870630329474807,0.2624280881136656,0.0,True
00:06:27,59278c090220760001fda664,,0.7210594859568275,,-62.684253028759095,-487.6004,26.13102,-0.33532449999999997,0.4655215999999999,-0.23250131,-1.8034415000000001,-3.3767762,-4.221564,-4.010025,-2.887425,-1.3552727,-0.036839828,19.327969,10.220019,1.299981,-5.286201999999999,-8.406369,-8.178874,-5.734915,-2.6548102000000005,0.36266184,-8.054548529506207e-07,0.01339007157995817,,3501.924980333573,1660.6712891518102,14.549756910036313,7.913417051850008,9.864957311319973,20.57261829871371,15.299897127288098,14.329370250955705,17.97739845514757,0.00075013825,1844.296875,0.02505859375,0.0,0.0,0.0,0.01887952107936144,0.2680882036685944,0.008150242967531085,0.00031444780761376024,0.549972528219223,0.14174530953168868,0.011647284030914308,0.0012024833355098962,0.0,False
00:06:27,5c41c28e896e090001c03bb0,155.59006737872994,0.5077405981897855,0.9473968303318128,-23.472359697103325,-280.0213,118.50581000000001,-7.347487400000001,-7.6710887,-0.7445723000000001,-4.112181,0.7952656,-2.5472693,-9.510442999999999,1.2840865,0.22101751,-8.308384,-41.684063,51.716053,41.44703,-7.1155567,5.2762199999999995,-14.852635999999999,-15.280559,3.5508595,1.6482743999999998,-0.00012119300334393032,2.0970405408837283,13.997709585622154,1791.5523984943604,2483.1902191139466,16.81315201158485,11.373561719644888,16.167641319105165,17.214001797522453,22.82910956920943,21.620580856988287,41.3453432761789,1.1912537999999999e-05,4125.46875,0.0839013671875,0.0,0.0,0.0,0.02501328960061073,0.046820750832557684,0.16030980204232034,0.05714380219578743,0.4727848261594773,0.05953598450869323,0.021126676769927143,0.15726487524807453,0.0,True
00:06:28,59278c090220760001fda664,,0.7203063970909614,,-62.08228061453762,-486.40542999999997,27.725199,-0.47590852,0.57833046,-0.01228799,-1.6533585,-3.4465458,-4.59544,-4.6942434,-3.8137708,-2.3920982000000004,-1.0085361,20.642529,11.10086,1.6567047,-5.4450054,-8.9588,-8.914575,-6.418178599999999,-3.1025723999999997,0.37692565,-8.646559337880587e-07,0.01434665820512964,,3397.123028447109,1593.6856600167441,14.22208302887733,8.41962077903433,10.956975484760694,19.713848459001447,15.231827297391565,14.610172531936051,18.161211697743067,0.0006676678999999999,1719.84375,0.0240087890625,1.0,0.0,0.0,0.00946365650743246,0.08635302484035492,0.0016007711412385107,0.00020575506496243182,0.8071313261985779,0.09005986526608467,0.004408999695442617,0.0007766061229631305,0.0,False
00:06:28,5c41c28e896e090001c03bb0,129.23810082981186,0.6014185429303239,0.8189515742078628,-23.11620364244144,-279.27808,158.36517,-7.6068835,-0.74595577,1.3530928999999998,-1.0338043,1.2238567,-6.0251145,-5.8825970000000005,4.750519000000001,2.7117223999999998,-4.922818,-7.848382000000001,12.544852,4.172887,-1.081508,17.951221,-10.760529,-16.910707000000002,-3.8948142999999997,1.6343098999999999,-9.881929772846932e-05,1.6793069901332431,13.319593903108572,1482.2793408588018,1906.400585251367,14.452828482931439,12.506597938646676,14.895077142446347,16.530929308913766,23.78960011787701,23.94007920696568,37.05256151710244,5.0843855e-06,3186.5625,0.0686767578125,1.0,1.0,0.0,0.003255992854246869,0.006607659708242864,0.0017386515188263726,0.018357568368082867,0.7974296033382415,0.027438826393336058,0.1256231610663235,0.01954856609227136,0.0,True
00:06:29,59278c090220760001fda664,,0.7542727948948014,,-60.291494399527394,-481.59542999999996,33.630287,-0.53733593,0.20871803,-0.25091928,-1.234292,-2.1122587000000004,-2.5285217999999996,-2.4208076000000003,-1.9284769,-1.2837591999999998,-0.73318326,24.268734,12.075613,0.6643333,-7.1520967,-10.265878,-9.351511,-6.212656,-2.821848,0.4184313,-1.0943222224757729e-06,0.018077461358698282,,3162.04033251224,1486.0104901669085,15.18941900501823,8.210282155859161,10.465088615046117,20.155807253429252,15.95002886388604,15.349158856748426,18.311322740762233,0.0005613375,1623.515625,0.0250048828125,0.0,0.0,0.0,0.007978847064077855,0.08413306847214701,0.0023155064089223744,0.00017906874127220359,0.8257566452026367,0.0755277156829834,0.0032642370788380504,0.000844923232216388,0.0,False
00:06:29,5c41c28e896e090001c03bb0,116.95715143307172,0.884657902672622,0.433581227060137,-33.73708335515483,-342.92355,121.97038,5.6622959999999996,10.510143,5.165521599999999,-1.8365362,-4.186991,-10.436333,-1.1851072,14.230879999999999,1.2557954,-9.121516,-23.777160000000002,-5.6569657,20.554192,2.6903646,-0.079246506,-6.855607000000001,-13.149347,-3.8097415,1.2792854,-6.90519626732453e-05,1.1428527138294955,12.565759875079115,1793.9167220963384,2046.5105827344985,13.964890586367693,12.098684592863824,14.5824650133131,21.038380537649804,24.136693384792448,26.643546532407466,33.461178684408786,0.0020895782,3405.9375,0.062099609375,0.0,1.0,0.0,0.03595409626723267,0.006086812374996952,0.06849577693210449,0.1955565259209834,0.30429175328463315,0.04982053758576512,0.3237227316945791,0.0160717304359423,0.0,True
00:06:30,59278c090220760001fda664,,0.7146138750839586,,-57.92219319722247,-474.22485,43.049614,1.8953375,1.0879166,-1.2236329,-3.6336178999999995,-5.017051,-4.933686,-3.6384864,-1.8185042000000002,-0.24459733,0.51439744,31.075638,15.678579999999998,1.6431339,-7.407673399999999,-10.242307,-8.088849,-3.6645515,0.23734115,0.48279005,-1.4355760163658904e-06,0.02360429050778937,,2754.230645501269,1244.7744293045,16.047758661093713,8.242029681091818,11.008790167291595,19.150957289838328,16.28285786125123,15.265770300377678,18.525282793231693,0.00031474547000000003,1189.6875,0.0232080078125,1.0,0.0,0.0,0.012823238316923379,0.07765069007873535,0.0021940397447906433,0.0004082563275005668,0.7720595955848694,0.1269997701048851,0.006750509282574058,0.0011139004316646603,0.0,False
00:06:30,5c41c28e896e090001c03bb0,180.75200897627968,0.943051534935538,9.355454055712444,-37.384118913781634,-363.48126,92.6659,-22.100711999999998,-5.1352954,6.914783,-6.920210000000001,-4.034621700000001,-2.2535431,-5.1853055999999995,4.122577,-3.433867,-9.687527000000001,-12.783855,29.341976000000003,12.647741,-6.6858296,4.926864599999999,-17.588402,-12.781989,-5.577686,1.7238386000000003,-4.619212890754686e-05,0.7969317686133192,21.599216820465468,2281.447660443095,2906.1118504933197,12.42935898467649,9.475001485894449,14.141077087970054,18.149670659071464,22.858571776568912,23.40044041443129,38.478899989713774,0.0028639457,4778.671875,0.1037548828125,0.0,0.0,0.0,0.04278451520949602,0.00492704080825206,0.0247505365870893,0.2375234929844737,0.3259989839047194,0.08273265454918148,0.24019980877637864,0.04108297338243574,0.0,True
00:06:31,59278c090220760001fda664,,0.7477223452708215,,-60.39664050794613,-480.31865999999997,35.042202,1.186633,0.89538574,-0.5088497000000001,-2.0107448,-2.8456156000000004,-2.7779992,-2.055386,-1.1461438,-0.46382612,-0.23252219,24.756655,11.707174,0.054772027,-7.220431,-9.285694,-7.3316740000000005,-3.6284578,-0.3636123,0.43207112,-1.1371906641693866e-06,0.0187759387609463,,3122.3513890004065,1457.0373777324808,13.566070557642451,8.848238942153486,10.849124503067602,19.893922861580826,17.08028217181963,14.862251565986616,18.118682488786078,0.0005232522,1497.1875,0.0253076171875,0.0,0.0,0.0,0.00772769581526518,0.06244479045271874,0.0015912153292447328,0.00022269705950748173,0.873659896850586,0.050132023915648465,0.003702732920646668,0.0005189284594962374,0.0,False
00:06:31,5c41c28e896e090001c03bb0,182.0634785904788,0.731449447782424,3.102086720857153,-26.709463602008764,-263.68942000000004,120.62543500000001,-6.450808,-9.685653,0.6663413,-6.2056093,-9.078853,-0.87367207,5.7337193,1.3150495,-4.670903,-12.936155,-55.856792000000006,-2.3954306,5.215596,6.5555496,4.954299400000001,-9.540799,-21.212284,-3.1919615,1.4183344,-0.00015275987883838865,2.5820559468000432,18.005518669281475,1889.647377637057,2285.880628005858,16.291230194511552,12.388192251123565,16.261472265681,17.615320777616112,21.916724850847373,20.311276134626386,38.10760075577599,2.7031356e-05,3902.109375,0.07025390625,0.0,1.0,0.0,0.08129804637283086,0.009747078618966044,0.012726886733435094,0.08134831099305302,0.27773195430636405,0.10935317911207676,0.4165003836154938,0.011294167389860377,0.0,True
00:06:32,59278c090220760001fda664,,0.7294600513436533,,-59.76146782410277,-479.38568,36.421820000000004,1.2422757,1.1591758,-0.5903745,-2.7931322999999995,-4.326788,-4.630612,-3.8207638,-2.4830081,-1.3088214,-0.76962656,26.171173,12.836583000000001,0.43398353,-7.8620496,-10.773048,-9.089966,-5.000678,-0.97671896,0.41551077,-1.2145729473292989e-06,0.02000738506273216,,3001.309606738007,1373.1686636881793,13.497081380111347,8.639403649199794,10.950913064454005,19.432920112463254,16.182142099838178,14.487925041490842,17.982911239452825,0.00042656835,1295.390625,0.02453125,0.0,0.0,0.0,0.005916095245629549,0.07930142730474472,0.000890028919093311,0.00015772348851896822,0.840435016155243,0.06900483593344689,0.0037164916284382335,0.0005783751490525903,0.0,False
00:06:32,5c41c28e896e090001c03bb0,192.48647611156184,0.7764225425837455,0.6743709556665787,-15.911768821815533,-197.29381999999998,150.98808,-9.813961,-8.087996,-4.113619,-7.01337,-3.0805986,-4.3974304,-2.3301833,3.4393580000000004,-0.9697051999999999,-9.557858,-53.634530000000005,25.463665,0.94020605,-2.30349,4.426819999999999,-17.629921,-26.989101,-11.589903,1.9421013999999999,-0.00021787065594502098,3.7016935014490002,13.686970247487276,1949.9571823053436,2333.2857150435802,14.475996767929544,14.112683248968766,17.943432565049935,17.95646855067356,21.96532938640498,22.85408440371221,43.952380235950976,2.8165081e-05,3891.328125,0.06603515625,0.0,0.0,0.0,0.052378252148628235,0.006252684380160646,0.056425323267467326,0.13191158557310698,0.05945691538508981,0.15284901317209004,0.4796509742736816,0.06107526617124678,0.0,True
00:06:33,59278c090220760001fda664,,0.7560734864092848,,-63.430590956905185,-489.72443,23.334805,-1.6277287,-0.75586796,-1.195176,-2.3737795,-3.520541,-4.0288129999999995,-3.6794624,-2.6573792000000003,-1.3945789,-0.3409699,17.079432999999998,8.667464,0.36684823,-5.843863,-8.887402999999999,-8.82419,-6.657964999999999,-3.8294337,0.34750605,-7.235182952964451e-07,0.012039892285055144,,3533.4603349397007,1672.4042393407212,16.008320962756613,8.754045548381622,10.799912302666405,20.021795786949962,15.127360073184436,13.744978216649427,17.581412664791028,0.00075033185,1761.5625,0.0252880859375,1.0,0.0,0.0,0.07219740143045783,0.10258803814649582,0.010272658872418105,0.0009702211566036569,0.6062668263912201,0.18093239068984984,0.02583981929346919,0.0009326232771854848,0.0,False
00:06:33,5c41c28e896e090001c03bb0,175.1705467893085,0.9440042659409564,0.6846828666294884,-19.36612226529948,-215.98937999999998,146.13454,-6.9586387,-0.18120396,6.531358,-7.365615400000001,-2.0232108,-0.09030075,-3.7695877999999996,-0.18677735,-4.406855999999999,-10.331546000000001,-44.076153000000005,27.619904,5.3742485,-1.3247575,0.68696195,-18.79566,-18.534897,0.33402526,1.8751335999999998,-0.0001921953481727631,3.2658964051944217,17.99354291502218,1984.8112078786432,2369.892054365113,15.009313917429507,13.982122548682055,16.522008150360215,18.416736890325392,21.451556579757444,22.17669385171249,44.207361896157096,1.8886329999999998e-05,3971.71875,0.0663671875,0.0,0.0,0.0,0.0477909148670733,0.0030137597321299838,0.06127108898945152,0.4069814119488001,0.0064979098504409204,0.14703206103295088,0.13178667146712542,0.1956261679530144,0.0,True
00:06:34,59278c090220760001fda664,,0.7319932554778452,,-61.536392567666724,-484.10873,30.260195,1.803082,0.65935755,-2.084949,-4.977525,-6.7215724,-6.7157855,-5.187183999999999,-2.9345767000000005,-0.87459475,0.36409432,21.411382999999997,9.974875,-0.49693823,-7.206357000000001,-9.080655,-6.9572735,-2.9755043999999997,0.48355258,0.38946974,-9.5006911154389e-07,0.015718169854763514,,3217.165385653388,1502.6775517167182,15.862911678132221,7.683427534367909,11.800651637735355,21.491874674266075,15.940090823620727,14.368118727754435,17.828834840944946,0.0005680004,1455.9375,0.0262353515625,1.0,0.0,1.0,0.04588057212531567,0.041803171206265685,0.009916678175795824,0.043155807742732574,0.6264402506873011,0.10788587667047976,0.023434914462268357,0.10148272935766726,1.0,False
00:06:34,5c41c28e896e090001c03bb0,189.35307470716486,0.9275115221235108,3.1016967904245383,-22.95999054413973,-302.93567,133.4408,-16.309347,-7.202807000000001,-0.38674262,-8.646401,-5.2423687,1.5737318999999999,-3.1630933,-0.53000313,2.141527,-7.774303999999999,5.612544000000001,34.62185,18.591427,12.6331215,11.454132000000001,-22.36455,-31.954077,-15.681637,1.7393782,-9.772985117798159e-05,1.663468817406455,12.897187116871926,1619.6619046130081,1866.7789024636436,15.714123929356141,13.29426230571325,19.313974837115573,17.80402712217037,26.291422758001932,23.34624799750335,37.472376862435496,1.017816e-05,3015.0,0.0606982421875,0.0,0.0,1.0,0.16827757904926935,0.009641430489460213,0.04533206961221165,0.1590577130102449,0.057093995002408825,0.15873777142001522,0.3001370078159703,0.10172240275682674,0.0,True
00:06:35,59278c090220760001fda664,,0.7350058248274977,,-61.325573786427796,-484.00128,30.614162,1.4240423,1.0232215,-0.9254481999999999,-3.3120575,-5.042548,-5.5035176,-4.730626999999999,-3.2678545,-1.8382987000000002,-1.0041949000000001,22.265776000000002,11.361498,1.1541252,-5.7429485,-8.227549,-6.8958693,-3.541203,-0.25793254,0.3938507,-9.883367858499205e-07,0.01633475321650529,,3208.489866567739,1493.7741165091236,16.611725030704786,8.157370618674001,10.849849314824946,19.652710362334467,15.989643425204198,13.669708359504462,17.889314652098427,0.00059601,1524.609375,0.0252099609375,0.0,0.0,0.0,0.007847748673520982,0.09837107956409456,0.001875062577892095,0.00011824811808764934,0.8406198978424072,0.045005903393030164,0.005580806406214832,0.0005812258285004644,1.0,False
00:06:35,5c41c28e896e090001c03bb0,163.67299505676615,0.9106062786871482,0.7488545150848724,-26.34538326053649,-291.08215,126.5779,-11.862352,-9.256209,-0.9935940000000001,-2.8700695,0.33167276,0.53413135,-0.6281724,7.4394784,1.7986841,-9.976123,-36.791126,9.134936,14.005107999999998,-9.0545845,-4.528999,-12.521485,-19.210894,-10.217046,1.5676978000000001,-0.00011418590125533557,1.9025809496776085,14.585922922404356,1861.6527583463205,2049.305376378803,16.315712071591452,13.396477130427805,18.519445656194094,17.032671609250272,21.934448403347613,22.437355817208548,36.94240366043106,0.00038603792,3478.359375,0.0586474609375,0.0,0.0,0.0,0.09325610846281053,0.008708382793702184,0.035692068096250286,0.10982245691120623,0.08273947108536958,0.15811622887849808,0.3839425563812256,0.12772274147719145,0.0,True
00:06:36,59278c090220760001fda664,,0.7656566560093371,,-63.57609848227409,-490.47604,22.528025,-1.481263,-1.245778,-2.2069992999999997,-3.7571077000000006,-5.0862870000000004,-5.5541487,-4.941358999999999,-3.4960046,-1.7826753,-0.42062956,16.958254,9.444253999999999,1.9836532999999998,-3.6739394999999995,-6.569921000000001,-6.754861999999999,-5.126176,-2.9808931,0.32811424,-7.055117710928995e-07,0.011745329806861757,,3574.4442367449706,1687.2157566848414,15.474198510730796,8.276170385852351,10.82059405263326,20.480161415973566,14.939458199638409,13.81508016503292,17.66880324777519,0.00077452196,1832.109375,0.023544921875,1.0,0.0,0.0,0.0701252818107605,0.25696971565485,0.007505265669897198,0.00042625920614227655,0.3863712877035141,0.2485672324895859,0.02875847835093737,0.0012764628743752837,1.0,False
00:06:36,5c41c28e896e090001c03bb0,136.75269521040752,0.8581554476966301,0.5490951116007134,-26.984494161509428,-286.90454,168.16148,-21.859827,-4.941137,8.072419,-3.1200447000000002,-5.3641,-4.7181372999999995,-4.5556564,3.0211713,-3.3934681,-10.399455,-1.9788876,0.81721336,-0.6003976,6.0704374,13.812551000000001,-12.057336,-13.830502,-12.09903,1.2800833,-0.00011420475661253858,1.9035363786189616,11.187789166522393,1803.9227106852884,1830.8849930790466,15.465211413843546,12.260791185260606,16.420724151752662,16.72134148187359,21.873763679812203,25.859096734159817,36.80538165358536,0.0011999242999999999,2964.140625,0.06060546875,0.0,0.0,0.0,0.12251928225159645,0.009001057659042999,0.0490689467638731,0.28340987078845503,0.034529797290451816,0.15296783708035944,0.2545799382030964,0.09392327116802336,0.0,True
00:06:37,59278c090220760001fda664,,0.7671166724384646,,-60.34751061942596,-481.59314000000006,33.621296,-0.3465184,-0.5633136,-1.9850421999999999,-3.8115212999999994,-5.2562346,-5.786848,-5.2332434999999995,-3.7926302000000005,-1.9501944,-0.32342815,24.285622,12.284183,1.2941109,-5.9606624,-8.588369,-7.487071,-4.572232,-1.7813377000000001,0.42689679999999997,-1.0948820860013384e-06,0.018064031511239458,,3073.4049273741857,1415.4534799711325,15.723805971707113,8.169399279728085,10.894586491668015,19.23389466382128,17.118920744538727,14.252847745849124,17.803855149986447,0.00047824042999999996,1433.90625,0.0237060546875,0.0,0.0,0.0,0.1236271470785141,0.1723765730857849,0.010180712584406138,0.000544472789624706,0.17708191201090812,0.4513310730457306,0.06302630677819251,0.001831787219271064,0.0,False
00:06:37,5c41c28e896e090001c03bb0,185.46265354039338,0.6480429192752181,1.8467942436770728,-24.02044068456781,-260.3017,147.5424,-13.37079,-4.9040669999999995,3.1154412999999996,-10.620204,-2.567964,0.042612374,-5.0851717,2.5993562000000003,-0.0015028727,-8.812046,-29.038054,16.944118,-0.7131045,-11.819069,16.467229999999997,-11.509635000000001,-26.247734,-7.233790400000001,1.7973267,-0.0001335947999016341,2.252930347504308,18.126011666754106,2011.1611765845125,2172.3114100913813,12.362549866210461,13.41489186364474,16.35251572815335,15.402271810750651,22.004813089508247,21.969941287597614,40.29746618109486,3.7123373000000004e-05,3904.6875,0.065458984375,0.0,0.0,0.0,0.10279800072312356,0.011723975162021815,0.032065973151475184,0.09785333946347237,0.15257124127820135,0.1303110510110855,0.4205146327614784,0.05216181995347143,0.0,True
00:06:38,59278c090220760001fda664,,0.7782546256985302,,-62.46001094877266,-487.07047,26.633705,0.13020177,0.80787975,-0.3499285,-2.4980025,-4.481057,-5.356201,-4.7665496,-3.0200622000000004,-0.87085927,0.8601839,19.191566,9.307675999999999,-0.2313435,-7.066729,-10.002874,-9.246996000000001,-6.1280317,-2.467284,0.37066674,-8.343238031808538e-07,0.013843189674193478,,3383.060242019499,1602.1242270354933,16.0348794147716,9.012454965493225,10.756111390421562,20.060921235391586,15.683562677337902,13.906374464059628,17.622506902940305,0.00066905265,1682.34375,0.026630859375,1.0,0.0,0.0,0.07618407607078552,0.22361479103565216,0.004733663983643055,0.00021120795863680545,0.1937943398952484,0.4557360589504242,0.044621285423636435,0.001104576385114342,0.0,False
00:06:38,5c41c28e896e090001c03bb0,131.24425391071242,0.9197003118838544,0.7965253583922727,-26.532378512318324,-321.29967999999997,141.30078,-5.263599,-7.665120599999999,-3.5301163,-5.5004287000000005,0.24856713,1.2945898,0.81292,7.0497108,-4.2436013,-12.315291,4.238423,13.07341,17.679052,0.91053426,1.3750292,-13.87614,-14.094129999999998,0.87747854,1.4210504,-7.651404676208469e-05,1.2701308942416525,14.548361694059627,1402.3113617869174,1614.3286737963776,16.370311895526374,13.375229433643787,18.81929726269265,19.775125809801864,25.779662386935453,23.75839520471347,33.16489764597416,4.1423760000000005e-05,2728.828125,0.052490234375,1.0,0.0,1.0,0.13600217625498773,0.00508299571229145,0.06997100599110126,0.1768789092078805,0.0558417412918061,0.18570908680558204,0.3033147037029266,0.06719938023015856,0.0,True
00:06:39,59278c090220760001fda664,,0.7565345568464915,,-61.094127316301936,-483.6575,31.024738,-2.1929889,-1.6024753999999999,-2.1135227999999997,-3.0337492999999998,-3.7101222999999997,-3.7873538,-3.2546048,-2.3422563,-1.3719971000000002,-0.6354148000000001,22.457307999999998,11.202308,0.5083882000000001,-7.029788000000001,-10.304431,-9.823665,-7.1807113,-4.2008376,0.38718070000000004,-9.882444772658993e-07,0.01634210475872952,,3196.779895616609,1484.3234630044253,14.885158972899056,7.724626610025256,11.235201243844642,19.65164173614408,15.898675866420138,13.815061340133012,17.702258180789162,0.0005311348400000001,1461.328125,0.0239501953125,0.0,0.0,0.0,0.06178347021341324,0.250336953997612,0.00418267110362649,0.00022280262492131446,0.2681114673614502,0.383943235874176,0.030473225563764576,0.0009461576002649963,1.0,False
00:06:39,5c41c28e896e090001c03bb0,165.61566337727356,0.8962927171476356,1.9172445028061729,-26.490822514680282,-294.16823999999997,151.38477,-8.030153,-2.3899624,0.23025404,-2.6799657000000003,-2.3176014,-1.9225491999999997,-4.6823764,0.14295007,-2.6852708,-12.178675,-12.133099000000001,0.8944061,13.6842,5.932860400000001,3.7729256,-14.513822,-20.1135,-12.916762,1.4601781,-0.00010845672923628656,1.8105132775694088,19.107587805644844,1536.407484977913,1495.9126782586893,17.42427510339773,13.800980861015413,16.443823237170502,16.846062455011005,19.70119385078371,23.057621976121283,33.75647773050326,1.9356525e-05,2347.5,0.044541015625,0.0,0.0,0.0,0.12957053817808628,0.011167668727284762,0.07289238143712283,0.213593509234488,0.0390033052302897,0.14172112457454206,0.3684584930539131,0.023592951707541943,0.0,True
00:06:40,59278c090220760001fda664,,0.7663586845494518,,-59.088928701055295,-475.96112,40.309113,0.5026626000000001,-0.024944907000000002,-1.4497583,-2.9159071,-3.7474171999999997,-3.7311556000000006,-3.1110384,-2.302437,-1.5850859,-1.0405314,27.915917999999998,12.820394,0.17341310000000001,-6.9866242,-8.530938,-6.4015699999999995,-3.0962267000000003,-0.50613004,0.47008082,-1.3924306443119914e-06,0.022901436782125945,,2881.0490229593793,1340.9912025597368,14.972943657524285,8.209045328181796,10.653538356100716,18.61186603271296,17.226417601154655,14.245653106083125,17.772628091618387,0.00045859,1474.453125,0.0234033203125,0.0,0.0,0.0,0.04400604702532292,0.27722750455141065,0.004069570824503899,0.0002765387151157484,0.30615890920162203,0.34139044880867003,0.02526763714849949,0.001603322010487318,0.0,False
00:06:40,5c41c28e896e090001c03bb0,140.29288280180185,0.5596753237883861,2.5544720973248585,-48.901785642780006,-384.45016,104.65793000000001,-4.1480904,-0.89745384,4.248433,-2.3924517999999995,-3.2407155,-3.4891052000000005,-3.0157123,4.5144587,-3.2491684,-10.079741499999999,-27.234820000000003,-1.209824,18.418986999999998,0.46971685,2.1067697999999995,-8.676108000000001,-13.854222,-2.8521042000000003,1.1695086000000001,-5.360593465181571e-05,0.8895385749675521,14.910486914418376,2997.971522308186,3305.265479918988,13.690019622946416,11.50569610654068,13.274354387111291,17.537410358174288,21.19393409366472,22.727277933757648,32.32764636546724,0.010482335,5981.953125,0.100693359375,0.0,0.0,0.0,0.01158230877481401,0.004895768786082044,0.007649790868163109,0.037026559165678916,0.5341320496052504,0.014654172491282225,0.3881928753107786,0.0018664622795768087,0.0,True
00:06:41,59278c090220760001fda664,,0.7391824084515881,,-62.516710443532936,-487.08838,26.751213,0.799441,0.974641,-0.3002192,-2.1744032000000004,-3.6881519999999997,-4.1978498,-3.590333,-2.2379234,-0.76183087,0.26232436,19.702663,10.370822,1.4202428999999999,-4.919667700000001,-7.576762700000001,-6.85579,-4.1163554,-1.0972966999999998,0.3877565,-8.332911123589029e-07,0.013816103359892229,,3398.9196204418213,1582.6698753060764,15.049712482874913,8.73896860056524,10.099930442419426,20.01553972970443,14.88385636234684,13.501773300296426,17.666777769433228,0.0007194288000000001,1678.828125,0.024609375,0.0,0.0,0.0,0.03878079429268837,0.24542135894298556,0.005649679200723767,0.0003482182219158858,0.4403814554214477,0.2490125924348831,0.018179549463093282,0.0022263353224843737,0.0,False
00:06:41,5c41c28e896e090001c03bb0,177.01913936967162,0.9270053005503754,3.692673471112196,-19.881131628324137,-250.00102,135.90112,-18.217133,-3.9300892,4.8385935,-4.3882074,-4.2473792999999995,3.1841736000000003,-4.494731400000001,2.6076744,6.346028,-10.881555,-41.643485999999996,44.619106,20.712395,-5.458789,12.814582000000001,-22.843956,-24.986216,-14.09409,1.9733657999999998,-0.00012501332419696177,2.147034143667347,15.67333700693229,1867.0452865156594,2652.6479493426104,16.847844503788245,13.857872382980654,19.04938114530318,17.511218685622538,21.673193594882527,22.580627796850308,44.382894282807605,9.866762e-06,4275.703125,0.094990234375,0.0,0.0,0.0,0.02098801196552813,0.0124572581902612,0.011719646281562746,0.05820764319505543,0.6563918143510818,0.04955579335801304,0.18149007130414246,0.009189746819902209,0.0,True
00:06:42,59278c090220760001fda664,,0.6898361251477453,,-62.94775361647898,-487.4327,25.902517,0.68695724,0.12956207,-1.6820443999999999,-3.417413,-4.1407112999999995,-4.0188684,-3.544625,-2.68174,-1.3698957,-0.20090935,18.322107,9.097139,0.85663205,-4.7314057,-6.870639,-5.8834634,-3.2025732999999996,-0.5822075,0.37003059999999993,-8.594330276924403e-07,0.014266447558629478,,3408.444034517356,1650.3942484079284,15.316194177362455,8.419622072712151,10.476931415626495,20.21441614356397,15.932290314061254,15.995821103516086,17.822434122334204,0.0007943281699999999,2031.09375,0.02546875,1.0,0.0,0.0,0.03891938403248787,0.2163395434617996,0.006907721096649766,0.00019323131418786944,0.5390835285186768,0.17811767756938934,0.019705067574977874,0.0007338690687902273,0.0,False
00:06:42,5c41c28e896e090001c03bb0,139.8644613698037,0.8490948981610076,0.8943970417394742,-21.63711103757013,-234.50713,137.22919,-2.0481591,2.7234151,11.032714,-6.3364519999999995,-8.866083,-4.7636614,-1.6514741999999998,5.017521400000001,-2.4417741000000004,-13.05452,-62.37290600000001,22.49762,8.509605,-8.634323,17.40727,-17.540636,-18.182562,10.713581,2.006191,-0.00014071242482320364,2.4339423083875182,22.433012196979796,1811.0249911377932,2874.0196635723714,13.875331103151515,11.83278731615381,15.271232550414107,17.065689383582953,19.2004507535063,23.43917921527772,43.671569899791,2.009349e-05,4607.8125,0.107001953125,0.0,0.0,0.0,0.07252198802307247,0.019138656940776856,0.07574196967761962,0.04675132385455072,0.3765554836019874,0.1141796054551378,0.27403042912483216,0.02108052423573099,0.0,True
00:06:43,59278c090220760001fda664,303.05932155125544,0.8138534069158364,10.111173123122091,-55.15955501682315,-464.18948,52.19352,-0.097424,0.5308109000000001,-0.09434498,-1.7096436999999998,-3.3405647000000003,-4.3471193,-4.809028,-4.224629,-1.9109334999999998,0.86765885,30.60963,10.089098,-3.0196728999999998,-9.951178,-12.409052,-10.579073,-6.1670584999999996,-2.2122588,0.60296106,-5.4954738608630256e-06,0.0898132271083398,13.900368115196269,2773.8666611961144,1480.4440306776776,14.41046053306813,8.639621281743604,11.667697267101824,19.326017229786032,16.371811819988437,14.416826820315439,20.69264144764813,0.0005071985,1967.8125,0.0277587890625,0.0,0.0,0.0,0.03880915567278862,0.19141054153442386,0.007887091115117073,0.00045508056064136326,0.4720488905906677,0.2650718927383423,0.02177602518349886,0.0025413576746359467,1.0,True
00:06:43,5c41c28e896e090001c03bb0,168.47295845479647,0.9352283636346334,0.5046495736262655,-30.41977149442575,-317.38372999999996,80.638336,1.7793192,0.34974396,0.33271784,-9.300006,-3.3863343999999995,3.5008809999999997,-1.3547752,-2.4649959,-5.111925,-7.395244,-76.50904,4.8673577,20.588005,-8.422514,6.661638000000001,-3.4499385,-16.536953,-0.11851427,1.4004276000000002,-9.174644357394423e-05,1.5887225741915578,21.952510137962093,1811.4936721033166,2760.2808191616577,15.694919934845204,12.706553233598079,19.837119836934352,18.6593110047582,21.30206508601147,23.84355984657812,37.13406457999445,0.00026897376,4304.0625,0.0944384765625,0.0,0.0,0.0,0.009983847208786756,0.0010442329708894248,0.002615596810937859,0.0956706919707358,0.019770165800582617,0.0017370813642628492,0.8689948797225953,0.00018348921039432756,0.0,True
00:06:44,59278c090220760001fda664,,0.7258133849960203,,-59.84009561385837,-479.6202,36.125766999999996,1.7509197,1.3349375,-0.74431694,-3.189936,-4.7896667,-4.9210505,-3.7057369,-1.8167167000000002,-0.089225605,0.8562018,25.988889999999998,12.854871000000001,0.7253970000000001,-7.2750864,-9.941139999999999,-8.1291065,-4.0590534,-0.19665408,0.42669799999999997,-1.2170220815724262e-06,0.02004348917777396,,2994.2701032540244,1383.4084888875257,14.778276514373895,8.532689250359635,10.429867129187302,19.89128422581084,16.88694236539716,14.090837517254498,18.008640466386264,0.00048613583,1446.328125,0.024609375,0.0,0.0,0.0,0.037773553095757965,0.22299330532550807,0.004560904391109943,0.00027557277644518763,0.4176613628864289,0.2989374428987503,0.015765271522104742,0.0020325891207903625,0.0,False
00:06:44,5c41c28e896e090001c03bb0,167.3311709303866,0.6035457838286311,0.8553463144814124,-23.152860356049327,-229.02993999999998,167.33176,-10.096244,-6.356656,3.8046453000000002,-2.6448405,-4.874175,-4.303888,-3.2764692,-6.180695,-4.875051,-6.939033,-34.43334,13.532694000000001,-0.6927113,-2.095818,3.200646,-5.760797,-17.671667000000003,-8.7401,1.9629186,-0.00019261164280728364,3.231828627069761,13.569379656932336,2212.653167654219,1939.6435014428241,16.083966273605895,13.518284896368279,16.06067146024084,17.45791900827446,19.840507854177805,21.148485458361378,38.58107744741019,0.003338849,3547.734375,0.0448681640625,1.0,0.0,0.0,0.013930501602590085,0.0007283127858499939,0.0015164360022026813,0.5703608881682157,0.13198787830770015,0.003406059302506037,0.2614060014486313,0.016663919563870876,1.0,True
00:06:45,59278c090220760001fda664,,0.7113499726905073,,-59.36130668160693,-477.37976,38.294865,2.7577257,1.5915195,-0.44858283,-2.183096,-2.98692,-2.8198986,-1.9801872,-0.84979856,0.22141309999999997,0.9242021,25.77176,10.30331,-2.7615845,-9.862402000000001,-10.459832,-6.660572999999999,-1.6879562,1.8128950000000001,0.43618359999999995,-1.3244693151261998e-06,0.02181082146266511,,2988.269703788754,1443.341290249979,14.643537378249054,8.110321235511519,11.462027826851324,19.993963405000642,16.45962829078529,14.059350776986802,17.730136239152788,0.0005751821,1725.0,0.02615234375,1.0,0.0,0.0,0.01756009953096509,0.10643249601125718,0.002354718034621328,0.00020658444045693611,0.7891824662685394,0.07706658681854606,0.006640607817098498,0.0005564161285292359,1.0,False
00:06:45,5c41c28e896e090001c03bb0,161.33326626969685,0.9625814387013718,0.4908515060852946,-64.97071727964425,-460.3244,41.344654,-8.196741000000001,-6.2724314,3.2388287,-2.945774,-3.169505,2.7717285,2.6395535,2.22725,-2.5670377999999996,-3.3393028,-11.605288,13.1344,9.636543,3.1034122,10.688283,-5.2220263,-8.152868,0.7833625,0.7972538,-1.7511334035231908e-05,0.2957226942370335,19.237190027510337,4077.051731667712,4838.450476835534,12.77256843352916,9.607620725746768,12.852964388317352,14.151336368125827,16.118954839890804,19.770251441672986,26.590992433805965,0.056118604,8547.1875,0.12010732323232325,1.0,0.0,0.0,0.021569850598461927,0.013336301973322407,0.050083125825040035,0.11990033220499755,0.28686563279479743,0.09430430275388063,0.3711741223931313,0.0427663067355752,0.0,True
00:06:46,59278c090220760001fda664,,0.7119636686688987,,-58.5761846559396,-473.81244000000004,42.406203999999995,0.9142251,0.00821821,-1.6771456999999999,-3.5624154000000003,-5.1342735,-5.869661,-5.3817,-3.7188906999999998,-1.5148654,0.25257483,27.749233,10.379435,-3.3379312000000003,-9.976507000000002,-9.975005,-6.2977676,-2.2003049999999997,0.34431112,0.4792701,-1.4633510490202282e-06,0.024069172831485332,,2782.3357894928718,1309.8251183962325,14.551933157373394,8.85421829660351,10.672967111636792,19.68324842484641,16.57157188857111,14.221881463606358,17.988621424532194,0.00036477225,1315.78125,0.025810546875,1.0,0.0,0.0,0.0015606191358529032,0.016663486696779733,0.0005254528950899839,7.643847347935662e-05,0.9760594010353087,0.00320972022600472,0.0017164319287985565,0.00018847771862056103,1.0,False
00:06:46,5c41c28e896e090001c03bb0,203.83051274236905,0.8180045878646676,2.2419195530491622,-20.474042293194003,-222.45537000000002,160.82263,-14.194773000000001,3.0271156,5.7886105,-10.478827,-2.3317187,-2.6196917999999996,-7.5630717,1.7330759999999998,-2.1665997999999997,-8.579047000000001,-46.547836,8.776752,-9.734981,-13.164553,11.92812,-18.704922,-21.023844,-8.014624000000001,2.1777492,-0.00014798347176194247,2.5075536209722604,20.368968617086995,1871.4437498477123,2258.3162089908083,12.61766155228011,11.653164090010922,16.290161968460648,16.014376620604214,20.628875546798792,21.45686301608284,44.63187056151585,1.2168117999999999e-05,3749.53125,0.0757958984375,0.0,0.0,0.0,0.018204724043607717,0.015098801272688431,0.038341755419969564,0.3864599978551269,0.17668104777112606,0.05633625350892544,0.08320958660915494,0.2256678454577923,0.0,True
00:06:47,59278c090220760001fda664,,0.7198045970618477,,-57.5402466709124,-473.04318,44.244873,2.4832566000000003,1.4955411,-1.1299398,-3.7211864,-4.9272566,-4.4135523,-2.857407,-1.3220538999999998,-0.5414286,-0.62596285,31.193531,14.860006,0.5453779000000001,-8.173204,-10.470277000000001,-7.902253,-3.236443,0.8056769,0.49063927,-1.5401345254397082e-06,0.025286771931231897,,2686.485539426823,1211.3001883425245,14.383486665679404,8.42186441876358,11.332285453491172,19.242869967846715,17.901669301941105,13.651188488273124,17.88751344110043,0.00029443213,1144.921875,0.0236181640625,0.0,0.0,0.0,0.0009266842331271619,0.053806579858064654,0.0004370810289401561,3.676584892673418e-05,0.9389910101890564,0.004012783663347364,0.0015302131418138743,0.00025883626076392827,1.0,False
00:06:47,5c41c28e896e090001c03bb0,173.52647963525365,0.4159747346085552,3.316721286412424,-22.985161693780523,-273.38773,108.42296599999999,-16.228926,1.2569708,10.885144,-2.5182164,0.79357743,2.527731,-5.1594067,-0.8642908000000001,0.43664554,-7.560312700000001,-57.652634,20.416418,-17.32616,-12.74901,12.521809,-14.252742000000001,-11.926944,-3.9431949,1.5056602,-0.00017096416842172414,2.979170174338148,15.845149331714294,1901.1912269242832,3202.8388054305306,13.040669827889563,11.539241831571386,14.889786155857198,18.996143882207306,20.91536717600929,23.853383444184214,43.69050976104642,0.0031630339000000003,4378.359375,0.1123486328125,0.0,0.0,0.0,0.019486392941325904,0.011088983435183764,0.052893135813064866,0.3703392207622528,0.09243186246603728,0.05405782046727836,0.0423367029055953,0.3573659032583237,0.0,True
00:06:48,59278c090220760001fda664,,0.7706245724580987,,-61.71781455621574,-485.68124000000006,28.600594,-0.8154680999999999,-0.38293582,-1.281825,-2.744261,-3.9266968,-4.298531,-3.8016627,-2.760352,-1.6402835999999998,-0.8053272,21.157059,11.248709,1.638454,-5.345925299999999,-8.554733,-8.244761,-5.7528553,-2.8093667,0.38332564,-8.782947714833048e-07,0.014546709560628087,,3292.1189512867372,1506.7063112180194,13.97511383789834,8.160943117774835,10.900036274194827,20.258059033092398,15.203462321094054,13.637450345312034,17.948564285876483,0.0005664354,1390.546875,0.023154296875,0.0,0.0,0.0,0.02841963695827872,0.15442123115062714,0.007508708897512407,0.0011965300062001913,0.7085654497146606,0.07633651681244373,0.021508566592819987,0.0020433626370504497,1.0,False
00:06:48,5c41c28e896e090001c03bb0,166.1192182802476,0.9246218127493394,0.7276973484980549,-17.204733153481094,-224.1735,188.07123,-5.9003515,-8.919433,-2.9526844,-5.654174299999999,-1.5858686000000002,-1.8496588,-2.7386340000000002,5.455025,-4.917832,-11.712277,-35.18052,12.176259,38.985233,1.9437453000000002,-6.274511,-26.567343,-27.386362,-3.0432124,1.6852067,-0.00016533281275734468,2.743369842535424,12.518981223293686,1494.7632016849705,1467.1785087988114,15.192112212164956,13.747909169875937,18.58799626145536,17.95253551777705,21.527103682027086,21.89219752215539,38.44739613610568,3.2502232000000005e-06,2664.375,0.0345068359375,0.0,0.0,0.0,0.014864770276471971,0.01110268448392162,0.010233458247967064,0.4675760172307492,0.08939884044229984,0.053967549558728935,0.033008145121857534,0.31984854489564896,0.0,True
00:06:49,59278c090220760001fda664,,0.5693462894701615,,-56.62658353077736,-468.77264,46.357872,2.154832,1.1923404,-0.76914525,-2.5719645,-3.8756745,-3.690637,-2.5521529,-1.0151879000000001,-0.22314091,-0.3425821,31.060046999999997,16.335379,1.0850216000000001,-6.541462999999999,-7.032239,-5.307705400000001,-1.8631939999999998,1.0524105,0.5409941999999999,-1.9072019900085488e-06,0.03207512850639583,,2723.8962602218153,1353.8878586544774,14.934633177652126,8.324967459926697,10.353306794499408,18.682746584649838,18.099513392637288,14.656357616959786,18.943184594384558,0.00038808453,1500.9375,0.027734375,1.0,0.0,0.0,0.021306547336280342,0.3234281808137894,0.004069038247689605,0.00019159728835802526,0.5311314880847929,0.103523188829422,0.015583296865224838,0.0007666715187951923,1.0,True
00:06:49,5c41c28e896e090001c03bb0,148.99422644595703,0.8288938513673982,1.3822584313591328,-64.5641312390002,-442.38995,90.84607,3.5670998,7.340917,6.607436,-6.2096805999999996,-11.549694,-0.34154275,8.293814,1.1790842,-8.512399,-3.0228095,-9.643436,-16.68212,-2.5924735,-6.8946423999999995,-2.8174477,-0.6893428,-2.3317973999999997,1.2588516,0.79085773,-2.3750913324247785e-05,0.3919263021771015,20.383491016655874,3871.6785677731677,4014.9263480459963,13.659391083417205,10.508105972177432,11.607215460012794,15.802675172561969,20.23611633746541,21.199234241428048,22.544894408020806,0.08921837,7627.710459183673,0.06977937659438775,0.0,0.0,0.0,0.03128570271655917,0.00983790850477817,0.023112946619221475,0.27214285358786583,0.049367594765499234,0.0790262037771754,0.4629130968824029,0.07231366696578334,0.0,True
00:06:50,59278c090220760001fda664,,0.6745308100408401,,-55.39277726875152,-456.78378,48.43546,3.5184238,0.4834377,-1.0351428,-3.980654,-5.2315664,-3.5867983999999997,-2.6073327,-1.4560095,0.008596451,-0.68828046,26.999134,16.05645,-3.5554636,-11.001292,-10.099644,-5.2573075,-1.0703236999999999,3.551311,0.66836286,-3.1956193670027236e-06,0.05821471130149521,,3038.990091858531,2017.6642317541007,13.464927989311787,8.706498929696162,10.569003936251413,18.83604682285,16.17718795071211,14.248741786933985,22.75896202918072,0.0008472233300000001,3067.265625,0.05068359375,0.0,0.0,0.0,0.020656556636095048,0.4621868968009949,0.003889531549066305,0.00011879677476827055,0.389656126499176,0.11241968721151352,0.010418318770825864,0.0006540549686178565,1.0,True
00:06:50,5c41c28e896e090001c03bb0,141.11970061406925,0.6857062811147813,0.19153813434965752,-27.499103704272827,-266.8479,148.31267,6.852625,-1.5408973,1.5243785,0.8918712999999999,-7.3843646,-6.7084904000000005,-1.6582818,5.981443,-1.8735377,-11.647109,-49.31223,-0.7994749,21.95857,-5.7880709999999995,-8.640066000000001,-14.938987,-18.727654,-2.163729,1.4246477,-0.00012606572385014846,2.1004672007528646,5.9437251145183785,1817.500675033035,2138.566824814716,16.944122216195428,14.375701085108645,15.336671463441563,18.53564641047192,19.784215676585085,22.221515119959477,35.240832773520864,0.0009939796,3569.296875,0.0693701171875,0.0,0.0,0.0,0.03936885856091976,0.003127722768113017,0.014848525170236824,0.1895488277077675,0.08864244632422924,0.05549465492367744,0.5835535526275635,0.02541536232456565,0.0,True
00:06:51,59278c090220760001fda664,,0.7226261224369953,,-60.72469580323106,-483.22797,31.556343,0.78859735,1.2646852,-0.059522938,-2.2361093,-4.177234599999999,-5.1110168,-4.810347,-3.5610404000000004,-1.9452999,-0.56840926,22.773054000000002,11.211222,0.22987665,-7.4094496,-10.435067,-9.292729,-5.696046,-1.7732099,0.39769986,-1.0094502614218636e-06,0.016707982078084802,,3170.669841183955,1490.7722308319994,14.048362906014633,7.91779793563487,11.267223965323165,19.363138044305447,16.697322605471598,15.462704177819537,18.273751157212878,0.00051583606,1518.515625,0.0250146484375,0.0,0.0,0.0,0.018932082317769532,0.3795108258724213,0.0032708474900573488,0.00011836867779493333,0.4667564272880554,0.12095049172639845,0.00955544114112854,0.0009055408998392523,1.0,False
00:06:51,5c41c28e896e090001c03bb0,155.56200901729144,0.6517620636678684,2.9029206176151328,-22.02883461389063,-263.97986000000003,167.03082,-10.425205,-17.699137,-5.904694,-0.48879293,0.7003592,-3.799181,-5.3874106,1.0275379999999998,-3.9946322,-9.314946,-9.217106,24.007816000000002,29.566665999999998,0.08280981,-6.2266974,-17.111156,-13.031883,0.90805584,1.427619,-0.00012173893249074512,2.0225412062330346,12.630671260358689,1575.178201931479,1388.4447318956854,15.751722543113694,13.588350919110505,17.445777375928937,17.657742525699483,22.30845636533675,24.23323051768516,37.335040896706964,1.0356076e-05,2665.546875,0.0308935546875,0.0,0.0,0.0,0.01818597689270973,0.007337539782747627,0.009523234097287059,0.1981489185243845,0.3510224178433418,0.05475797019898891,0.2647260528057814,0.09629788370802997,0.0,True
00:06:52,59278c090220760001fda664,,0.7528799007045017,,-59.8566427476991,-480.1253,35.700626,0.32260525,0.74304485,-0.33699882,-1.9746633999999998,-3.1921906000000004,-3.43676,-2.7697177,-1.7319363,-0.9853668,-0.9374752000000001,26.282469,13.922194000000001,2.2038484,-6.002898,-9.455447999999999,-8.694192,-5.4945765,-1.9594665,0.41772094,-1.1577239892819828e-06,0.01910294429872681,,3066.152100035777,1406.4110703949752,13.504094261322935,8.497953125411764,10.475521896783027,19.17574396249967,16.772327854037798,15.451007570675369,18.4249069319286,0.00045544608,1424.296875,0.0233251953125,0.0,0.0,0.0,0.02448582705110312,0.3142766684293747,0.0031542861834168434,0.00035872903681593015,0.4748673796653747,0.1680090010166168,0.012393357139080763,0.002454749564640224,0.0,False
00:06:52,5c41c28e896e090001c03bb0,142.4175520367707,0.7706409326888526,0.652412573116443,-30.236627891305886,-313.05536,159.62686000000002,-6.972792,-7.517019,-1.7819202,-3.0558562,-0.8416220999999999,-0.8677787,-4.73885,3.522267,4.3557,-6.8070188,-9.100332,3.0767474,18.398042999999998,0.20573899999999998,4.392908,-14.031039999999999,-27.538607,-10.820286999999999,1.6986088,-9.652528480290656e-05,1.5949429772112491,14.818488879960167,1899.011059610192,1905.514024825816,15.188612404168255,13.800324167550151,16.785312195841566,17.346485492505188,25.21617888902285,23.84137969915535,31.101009880232738,0.0025599927,3276.09375,0.05412109375,0.0,0.0,0.0,0.013525931700132788,0.0170297502540052,0.013421903154812755,0.0449758212082088,0.6525464326143264,0.07257587546482683,0.08541836962103844,0.10050590354949236,0.0,True
00:06:53,59278c090220760001fda664,,0.7570101540029649,,-59.394467590851285,-478.79236,36.821667,2.6143901,2.071289,0.039619133,-2.3088512000000003,-4.031078,-4.6466074,-4.116944999999999,-2.728782,-0.98608017,0.49593168,25.533514,11.225199,-1.4605663,-9.139781,-10.844917,-7.9712152000000005,-3.2170415,0.8108052,0.46844634,-1.212363603650291e-06,0.02000366816462564,,2984.915035555323,1397.499462647732,12.93421433003249,8.054887979863894,11.039072747737599,21.10174475467109,16.03405475774506,15.10309548821668,18.342787438925452,0.00043592398,1361.25,0.0265771484375,0.0,0.0,0.0,0.0353483285754919,0.4151452660560608,0.00503267371095717,0.0002376206874032505,0.3617558896541596,0.16978661715984344,0.011039806995540856,0.00165379554964602,0.0,False
00:06:53,5c41c28e896e090001c03bb0,142.83505713914485,0.9291433080167192,1.235461572949944,-21.612523165882347,-285.2953,127.81947,-11.285708,-12.323481,-1.4727573,-1.4866747999999999,1.1793467,-0.025011962000000002,-3.6813486000000006,3.2697651000000003,-1.2147478999999999,-16.382298000000002,-21.338043,38.996959999999994,15.018067000000002,4.5202947,24.315247,-22.770661999999998,-25.230733999999998,1.2084867,1.6328979,-0.00010221756828494636,1.7660839040899468,15.164557246252013,1598.5716792479711,2471.9653161495803,15.667771500382928,13.70436447491425,17.64763008400256,21.26258991658355,23.002934537696675,27.56557939726563,42.360637797186854,7.1003765e-06,3850.3125,0.0892236328125,0.0,0.0,0.0,0.004880159193734554,0.009385958292775531,0.004249976762697439,0.047751960842023516,0.8208505294539712,0.017186889043924482,0.06448380852287466,0.03121067562394521,0.0,True
00:06:54,59278c090220760001fda664,,0.7142349514610024,,-60.221868184794275,-481.2169,34.030018,2.48772,2.441378,0.41908306,-2.4446392000000006,-4.9313845999999995,-6.191662,-5.9524045,-4.4831786,-2.4021914,-0.42087945,24.309910000000002,11.677906,-0.036062296,-7.7910748,-10.344501,-8.432457000000001,-4.151515,0.08093109,0.43124038,-1.1331737444683493e-06,0.018709612405281226,,3103.720112071855,1463.6763878272104,13.099611353950909,8.24748194209069,11.153675322976039,20.096181410006896,16.403660108731106,15.184399217004295,18.453075691396734,0.0005123273,1512.421875,0.025703125,1.0,0.0,0.0,0.026045907661318774,0.3250014364719391,0.0037168705835938453,0.0002948341745650396,0.4434185206890106,0.18162296414375306,0.018618153408169743,0.0012812818866223096,0.0,False
00:06:54,5c41c28e896e090001c03bb0,153.32306338678146,0.6912785159689888,1.5205774428396601,-20.603727208557512,-262.44592,159.81861999999998,-3.7709236000000006,-11.952141000000001,0.85781854,-3.4071580999999997,-2.38147,5.532030000000001,-0.84605515,-1.3217803999999997,-1.2645587999999999,-7.9005694,-26.851336,19.440075,25.575891,-5.2220297,4.841422000000001,-23.202454,-29.816145000000002,2.878734,1.7584703000000002,-0.00013044482961672063,2.205146243155606,14.851023132293825,1409.2078972804654,1990.4030010062077,14.848368658599565,12.304908852771511,16.14438911099294,17.32228265820105,22.11126823059248,23.57492194825529,37.88855397390425,8.514246e-06,3158.203125,0.0695947265625,0.0,0.0,0.0,0.014255626243539156,0.01960641611367464,0.026951724870337385,0.044538481833620205,0.6554314626587762,0.07135414642592271,0.12148279634614785,0.04637933470722702,0.0,True
00:06:55,59278c090220760001fda664,99.27992130534822,0.7102416463963372,0.9591101747770734,-51.29540820898922,-435.1154,70.68899,1.0134459999999998,1.2785841999999998,1.7518616999999999,-1.9529324000000001,-4.439481,-2.7405057,-1.9826276000000003,-2.1431918,-2.2810025,-2.384117,20.862852,5.2924523,4.375555,-5.731338,-14.313158,-12.4903145,-4.7316375,0.8510658999999999,0.7587589,-1.3784120418862673e-05,0.2277991998956276,16.403465832323338,2618.5651788220125,1536.5249145654236,11.897558257791953,8.438289424919173,10.850620989678138,17.821513227825374,17.633964633162655,17.981192860619856,22.171873858601888,0.00045738797,2196.328125,0.03140625,0.0,0.0,0.0,0.021644148230552676,0.24940299093723295,0.004396661790087819,0.00047625339939258985,0.5614518404006958,0.1512620896100998,0.00908232918009162,0.002283700928092003,0.0,True
00:06:55,5c41c28e896e090001c03bb0,134.03020898594005,0.8119491595293922,0.9803928238402276,-44.82573840086961,-380.67535,140.62883,-7.227053999999999,-12.109657,1.9963715,7.732042,-2.1318507,-10.471332,-3.8085883000000003,5.8947997,0.39990976,-6.060278,23.499176000000002,7.58327,10.492277,2.8793439999999997,5.1219187,-3.7570155,-6.056364,2.1108352999999997,1.0955011000000001,-4.699762431671574e-05,0.7711448314877074,16.159529481813347,2714.3656639328883,2289.1657169217497,14.863539819091717,10.963366694394066,14.601965176700315,15.110284219008546,18.61316445939498,21.85607887926596,24.715167144056764,0.01263644,4737.1875,0.0378369140625,0.0,0.0,0.0,0.01922633703798056,0.013386380625888705,0.03944042176008224,0.06628156313672663,0.5381900131702423,0.08549195220693946,0.18044142182916406,0.057541924621909865,0.0,True
00:06:56,59278c090220760001fda664,,0.7191459616096013,,-57.56130050831826,-472.0962,45.243095000000004,2.2019708,1.2038642,-0.8155675,-2.7037046,-3.7867427000000005,-3.9118053999999995,-3.2399836,-2.0482218,-0.6664227,0.50733083,31.317590000000003,13.992642000000002,-0.8985706,-9.439065,-10.944792999999999,-7.5583167,-2.633779,1.0294948,0.48773512,-1.5712948455307046e-06,0.02582350687872044,,2689.0737019416624,1245.3692465203696,12.374855685620105,8.061668477055802,10.629391084610779,18.966952081670154,19.1939645832557,15.386027244042484,18.10365225595979,0.00029473685,1210.546875,0.025302734375,1.0,0.0,0.0,0.06878224052488804,0.22864290699362755,0.010021370369940996,0.00046822883887216444,0.4070989072322845,0.2507940769195557,0.033134248666465284,0.0010580364498309794,0.0,False
00:06:56,5c41c28e896e090001c03bb0,123.06219614422348,0.2338364769014655,1.026766743173981,-35.22918536624415,-328.3741,139.22324,-7.143934700000001,0.9003829,9.705261,6.801665299999999,-0.03233962,-10.827592,-10.443594000000001,10.430227,10.702439,-6.4537214999999994,-12.551072,4.1108932000000005,4.082095,-3.4303339999999998,7.9086704,-12.217652000000001,-17.042133,-6.4578457,1.7482102,-5.069997645470993e-05,0.8552980174690222,14.298019704073726,2215.4990435426944,2671.4333676470237,16.692632522585573,10.025883975147902,13.127777369224065,15.522096057416467,20.637801484180013,21.268520623879127,35.04561404049812,0.016996976,4807.734375,0.0746533203125,0.0,0.0,0.0,0.053116675652563575,0.03452874321956188,0.057635806873440734,0.02044082684442401,0.4639706623740494,0.14695001128129662,0.2111051246523857,0.012252160770003684,0.0,True
00:06:57,59278c090220760001fda664,,0.7333537145599056,,-60.74142635767393,-483.0844,31.663258000000003,1.1154972,1.3615801,-0.20882861,-2.5044296000000004,-4.366923,-5.061944,-4.478171,-3.0217052000000004,-1.3302294,0.023322053,22.636475,10.798286000000001,-0.35869578,-7.981046000000001,-10.791178,-9.3217325,-5.4286895,-1.3702638999999999,0.41880533,-1.0068696473440408e-06,0.016671880140584336,,3160.73157785951,1490.8089152709174,12.749237533073194,8.695958171459742,10.490337042523944,20.525134405512517,17.336137738947993,15.186056328913615,18.530342493144005,0.0005093356,1465.546875,0.02634765625,1.0,0.0,0.0,0.07975885644555092,0.1396082319319248,0.02875428516417742,0.005719920748379082,0.4690011322498322,0.21077958345413209,0.04479410350322723,0.021583923941943795,1.0,False
00:06:57,5c41c28e896e090001c03bb0,140.07806037734352,0.913137823322262,0.5485219768647133,-21.14845255872609,-271.765,178.53242,-1.2598673999999999,-0.16332962,2.8065126,-0.47426724,-2.9644985,-7.17727,-11.480678999999999,-3.3312277999999997,-1.5809163999999998,-7.8777604000000006,-9.168311,-11.792750999999999,8.441987,4.269521,5.866111,-16.370182,-25.034845,-7.529176700000001,1.6611191000000003,-0.0001209439832646656,1.997184798789436,15.668875380176882,1279.1169295523696,1521.0072532021725,19.0776700127145,15.072036256575984,17.735222089403226,20.678339446062935,23.12291732451631,22.483051327442602,35.30947971902233,1.7660723e-05,2610.703125,0.048837890625,0.0,0.0,0.0,0.013348422246053815,0.0011446268754298214,0.006547683049575426,0.18667603470385075,0.037058743851957836,0.0074768131198652546,0.7449667491018772,0.002780920042823709,0.0,True
00:06:58,59278c090220760001fda664,,0.779465349617106,,-57.28814099373793,-472.37372,44.15909,1.4074056000000001,0.44080266,-1.6469904,-3.461457,-4.141483999999999,-3.6241057,-2.4228158,-1.1405184,-0.11685745,0.56401944,28.626305,9.806708,-5.654008999999999,-13.738731,-14.238651999999998,-9.840483,-4.160605,-0.012422026000000001,0.50734574,-1.6438401785279972e-06,0.02702477470586379,,2678.5272335526693,1290.3346782797548,13.716574303039474,8.876834459235955,10.76000171297143,19.768443019530107,19.485839304686838,15.517398280111955,18.60424404607675,0.0003059054,1276.171875,0.026484375,1.0,0.0,0.0,0.055565161257982255,0.2707996934652329,0.00924879964441061,0.0002148181389202364,0.3547590106725693,0.2769742727279663,0.031822546198964116,0.0006157053634524345,0.0,True
00:06:58,5c41c28e896e090001c03bb0,128.42434836886557,0.5045238831375737,0.8565278350690512,-22.922527675523806,-296.96466000000004,153.89972,-11.258612,-4.5191684,3.8460734,0.52747476,0.5488209,0.3520933,-5.783321,-1.6057426000000001,-1.2605662,-12.339991,-1.2603309999999999,9.224644999999999,10.575513,0.8112779999999999,3.3878286,-15.918277,-14.107948,-5.286782700000001,1.7166082999999999,-9.63285555597702e-05,1.6054744292555911,16.856861978624373,1278.34643062796,1877.4540941481268,17.975008729108406,13.847337979297144,15.377568782900774,18.65673423795493,22.99578756755032,24.54170308528497,36.947886128050854,1.4880031e-05,2781.5625,0.0660791015625,0.0,0.0,0.0,0.06156368004158139,0.02931686504743993,0.06434799320995807,0.08616357548162341,0.204750064201653,0.14807469062507153,0.3861546598374844,0.01962848836556077,0.0,True
00:06:59,59278c090220760001fda664,,0.7070296304681567,,-57.791192552978366,-473.66983,43.01766,2.9004707,2.5192810000000003,0.34334576,-2.2682962000000004,-4.0659566,-4.349896,-3.1678054,-1.2111176000000001,0.54934865,1.3262827,29.087229999999998,11.730653,-3.2506776,-11.926263,-13.484575,-9.84296,-4.185666,0.60358727,0.5048577000000001,-1.585428091135276e-06,0.026065321359622952,,2764.7618191258116,1326.0851576641905,12.543677751829305,8.198828168791183,11.123550328108658,20.02877597974129,18.327417943750586,15.601460838699648,18.57201740667569,0.00036779440000000004,1360.078125,0.02693359375,0.0,0.0,0.0,0.05101505592465401,0.3918262004852295,0.008366244845092297,0.0001360252543236129,0.2647951751947403,0.2573365867137909,0.026009994000196456,0.0005147330753970891,0.0,True
00:06:59,5c41c28e896e090001c03bb0,128.33929645566758,0.7180938099743817,0.5307172049187139,-22.45917081784127,-284.89575,122.59879,-11.460780999999999,-2.7103457000000004,7.7229095,-5.4315,-6.3476014,6.588203999999999,-1.0571191,-1.8259468999999997,-0.5115197,-10.113047,-30.372646000000003,45.5304,25.27733,-4.1551089999999995,18.697868,-14.816370999999998,-26.441359999999996,-8.6922455,1.9979814999999999,-0.00010039382194969072,1.7283421460199633,16.790262344182885,1636.7886546092984,2554.349662114399,17.40841436225513,13.119318321290564,17.665353827036867,18.94736339169789,23.06589248020349,18.75264207264008,42.42790137052393,1.5587308e-05,3994.921875,0.0929541015625,0.0,0.0,0.0,0.15654021975668994,0.02622605305673047,0.13491157035936008,0.03426328686658632,0.12936039014973424,0.14259851622310551,0.368178740143776,0.007921218861487101,0.0,True
00:07:00,59278c090220760001fda664,,0.7336366778104632,,-56.28646198885857,-469.41534,48.22959,4.304741,2.7751353,-0.4496963,-3.4905527000000003,-5.2764120000000005,-5.604451999999999,-4.6414914000000005,-2.7715368,-0.78029317,0.35155088,32.50827,13.580701999999999,-2.1212835,-10.896125,-12.338642,-8.432483,-2.3771963,2.5628808,0.52273655,-1.8066518208044602e-06,0.029648998012023774,,2552.3309313175914,1207.126912376113,13.087843917781115,8.303904256692181,11.186539715914105,20.168339774362163,19.39633107433508,15.91620214967136,18.45383604782797,0.00026687693999999997,1232.109375,0.0257958984375,0.0,0.0,0.0,0.043883366882801055,0.3686631202697754,0.00851910887286067,0.00019291310454718768,0.2934591233730316,0.26529560685157777,0.018955825269222255,0.001030894904397428,1.0,False
00:07:00,5c41c28e896e090001c03bb0,133.0585957362955,0.7470332161687603,1.4786917957267838,-36.07919950702311,-375.93982,65.42690999999999,-16.178825,-14.609520999999999,4.23029,4.443868,-3.0669475,-5.0385327,-7.076888,-1.1272432,0.1927266,-7.2653813,-52.849815,-9.444295,7.665066,-10.487213,11.9920845,15.166394,1.0557629,-3.0379967999999997,1.3151368,-3.295254627385366e-05,0.5608708087982357,18.48555173281609,1467.0957839606388,2684.092108595757,13.60029849512408,10.998636350034637,16.119358275233278,19.050524169564444,22.970378678587608,18.85930317762269,32.439356224115315,5.670585e-05,3940.3125,0.103310546875,0.0,0.0,1.0,0.08047016503082381,0.010868490182070268,0.06665032755376564,0.11679671187367704,0.04600933049288061,0.07148722010768123,0.5804931090937719,0.02722459709427009,0.0,True
00:07:01,59278c090220760001fda664,,0.7061170565863216,,-58.78224517567459,-474.39995999999996,42.1176,1.4834892,0.28153154,-1.5113885,-2.9215796000000003,-3.4736830000000003,-3.1826967999999995,-2.343845,-1.3171916000000001,-0.40946895,0.16249129,28.677845,12.316279,-1.2377895,-8.485269,-9.254069,-5.9466124,-1.7527317,0.9843508,0.46503744,-1.5463579782177747e-06,0.025425339920213192,,2872.9784938369103,1387.604480153143,14.159544342378016,8.445032468976933,10.311222223082067,19.21352469183345,18.71603007018869,15.46506518017166,18.391888712071786,0.0004893992400000001,1648.125,0.0256396484375,0.0,0.0,0.0,0.2611003249883652,0.16715696062892674,0.11837488114833833,0.0026041842822451143,0.16317263920791447,0.23472466319799426,0.05109577365219593,0.0017705603153444827,0.0,False
00:07:01,5c41c28e896e090001c03bb0,240.58716742082538,0.7821292473446363,1.0943778253551608,-25.372730626269426,-267.1055,143.0461,-13.958966,-1.4793406999999998,5.476732,-14.08329,-13.562342999999998,-3.3011332,-3.2342798999999998,-2.0988952999999997,-9.313746,-12.746817,-49.386692,14.831118,6.6811504,-13.492804000000001,2.2353196,-17.399,-12.100636,-1.3666691999999998,1.8335931,-0.00013079479538461353,2.2040064368936765,8.358985728117744,2072.764265041386,2486.539407940263,10.900476622190087,14.964856643186149,17.44484427891877,17.95138425738914,20.935588192836963,19.852440978114426,40.61248558200795,0.002717572,4053.28125,0.075576171875,0.0,0.0,0.0,0.009777518949704243,0.0024357614718155678,0.009132228427915834,0.3792204950004816,0.0871111040978576,0.010137989898794329,0.4733608737587929,0.028824000830354638,0.0,True
00:07:02,59278c090220760001fda664,,0.7442521338671372,,-61.24598934401551,-484.03787,30.336237,1.9017088,2.5680091,1.5648911,-0.20373994,-1.8282933999999997,-2.760775,-2.9158779999999997,-2.5452726,-2.0151784,-1.6195061000000002,21.395342000000003,9.750794,-1.0895255,-8.319647,-10.758881,-9.02626,-4.9869695,-0.8103625,0.4069461,-9.674029108565307e-07,0.016030030964605868,,3270.487417534884,1561.4118982831696,13.309380512131055,8.9690448503472,11.248793340779082,20.19590131227625,16.460463003199788,15.215410664542375,18.108805418931684,0.0005990971,1672.734375,0.025263671875,0.0,0.0,0.0,0.5485927462577821,0.10053991805762053,0.04385603927075863,0.0017294381512328982,0.03016979156527668,0.20097886621952055,0.07304562777280807,0.001087539445143193,0.0,False
00:07:02,5c41c28e896e090001c03bb0,267.6097431118446,0.9562199865828124,0.556945435121995,-21.39783198408752,-251.06853999999998,151.89027,-19.9643,-19.959072,-1.0806764,-5.847643,-8.502156,-4.9255853,-3.8059769999999995,-1.4243917,-4.6517043,-9.328231,-31.214909999999996,10.347897999999999,-5.8826585,-13.107614000000002,1.3709049999999998,-16.503328,-15.132029000000001,-1.1055113,1.5746707,-0.00015551331037420125,2.602110129528599,12.646176531024,2001.7164412961733,1710.821336006311,9.524501962185642,16.555791441399418,19.294199564037772,19.057742936024358,22.007293723939323,23.96875150311732,39.163752154204076,0.0006668253999999999,3132.421875,0.0355029296875,0.0,0.0,0.0,0.0451009776443243,0.0021601144617307,0.011490381439216437,0.324919193983078,0.0481130457483232,0.017255297396332026,0.5457089394330978,0.005252071772702038,0.0,True
00:07:03,59278c090220760001fda664,,0.6710806909526048,,-59.579033700543754,-477.99683,37.57087,2.078591,1.4577336,-0.22414581,-2.0987398999999995,-3.4940602999999997,-4.0172706,-3.5502693999999995,-2.246625,-0.5320335999999999,0.95993465,25.477654,10.625327,-1.8721191000000001,-8.764033999999999,-9.689394,-6.618402499999999,-2.359228,0.862568,0.46247858,-1.279320091150326e-06,0.021109705156826017,,3010.112344866236,1458.9074193397232,13.371817021771653,7.750292942873468,11.475230573223019,19.181501793795945,18.80364759208736,15.26596929024427,18.201111879614405,0.00056231534,1692.421875,0.026025390625,1.0,0.0,0.0,0.18455237336456776,0.09643674492836,0.01650753733702004,0.004310301039367914,0.4942539773881435,0.14902805238962175,0.045650907605886464,0.009260084002744407,1.0,False
00:07:03,5c41c28e896e090001c03bb0,225.4417536226817,0.9533510901297048,0.8581522960363928,-51.085657593933384,-345.60693,153.2232,-18.938135,-10.907657,-0.18149479,-7.6421779999999995,-1.2653113999999999,1.4006493,-2.895156,-0.31371522,-3.1748557,-8.579555000000001,-32.941063,20.292177,-1.7144158,-7.0236073,-5.5597057,-8.0870285,-10.083236,-12.177521,2.180939,-0.00012400063868764995,2.0737792909709505,15.803792769588778,4102.76994997359,4040.9073954261535,11.592727450066164,11.209336244280946,13.56306666801501,14.201320992607462,16.39697015581573,17.105070773310757,29.744438427145692,0.057696905,8435.390625,0.0489306640625,,,,,,,,,,,,,True
00:07:04,59278c090220760001fda664,,0.6952586080497691,,-59.42904532535623,-478.07822000000004,37.325066,1.1376358,1.1687561000000002,-0.5051422000000001,-2.62601,-3.8916828999999997,-3.7863013999999997,-2.7027973999999997,-1.3880563,-0.36104205,0.20158944,25.104637,10.523315,-1.4420131,-8.213161999999999,-9.879332000000002,-8.0123415,-4.4801736,-0.97443044,0.46016273,-1.3098000943807215e-06,0.02160271056635596,,3045.299469543113,1460.5647265278574,15.226869848505965,7.914938060582963,10.854448507728641,19.883899950332925,17.6736669762183,15.121891049670776,18.34249495881959,0.0005379801999999999,1626.796875,0.0259521484375,0.0,0.0,0.0,0.12158824801445008,0.09848666340112686,0.011216516513377428,0.003825299069285393,0.2279672533273697,0.4589159309864044,0.06702128872275352,0.010978826379869131,1.0,False
00:07:04,5c41c28e896e090001c03bb0,140.971084550868,0.6760967186651303,6.21732817568458,-36.17880586617817,-354.4336,56.958523,-6.508665000000001,-2.1849439999999998,4.424798,-2.7477272,3.7468903,2.0511231,-8.017022,-1.5530498,1.2445496,-3.8760357000000005,-61.904476,15.707859,4.6951575,-12.530353,14.075763,-15.902844,-14.342137,7.614475,1.1468782,-4.140494999320939e-05,0.7424872871365037,49.52396761229858,1785.706123931825,3714.457144115709,11.559438251160874,9.663317272124253,16.653657103642676,15.752949602187464,19.26490103634322,22.75953968864253,41.576922402688844,8.683852e-05,5450.859375,0.1489111328125,0.0,1.0,0.0,0.04912551492452622,0.021504638410988264,0.014559569768607616,0.0803373655071482,0.16522618615999818,0.1888236370868981,0.468156561255455,0.012266529549378902,0.0,True
00:07:05,59278c090220760001fda664,114.09606371559835,0.6428747702754144,3.2872657073799085,-42.116944075705774,-387.71143,114.44977,0.07641991,5.422755,1.5564708999999999,-1.7487843999999997,-5.434281299999999,-9.6975155,-6.984425,-1.1951839,-1.2749499,-2.2869669999999998,23.094393,-12.2401495,-10.604987,-9.315729,-1.309712,5.773008,-2.985155,-8.751983000000001,0.9034013000000001,-6.341199468088779e-05,1.0459653152539878,18.880167845212807,1924.3488880508855,1347.4479450897509,13.398120557277329,9.240088926289646,12.15592650820559,15.944559883260686,21.74782294927341,21.05209094785737,23.94093023157476,0.00023764321,2094.609375,0.0363916015625,0.0,0.0,0.0,0.0939289852976799,0.18404568284749984,0.011207869090139868,0.0020762955653481187,0.2398135513067245,0.4260705769062042,0.03653397895395756,0.006323094991967082,1.0,True
00:07:05,5c41c28e896e090001c03bb0,240.9469345630321,0.6560743169367688,1.2327132185169178,-35.260268801197164,-286.961,110.71191999999999,-2.3072953,-2.9411134999999997,3.9340994,-4.600371,-4.335044,-2.1466537,-1.782815,-3.9353782999999996,3.3636699,-8.981479,-44.632534,2.9942113999999997,-10.203102000000001,7.0665603,-11.887618,-11.707415,-21.456263,-7.5921636,1.7832956000000002,-0.0001827535151953127,3.096755719083814,17.57535599373128,2906.7784723789478,2839.2024160599585,11.344019544796886,11.44044313567053,14.242759759061675,15.78617574993118,21.53696184708756,19.12220220990114,34.087376566653475,0.00526855,4784.0625,0.0734814453125,0.0,0.0,0.0,0.052834858779202805,0.04271198495883833,0.03126359527761286,0.06955141889524054,0.29326985725624993,0.2282295111905445,0.1791542185978456,0.10298452534797516,0.0,True
00:07:06,59278c090220760001fda664,,0.7239417587574061,,-59.043712935934465,-477.05502,39.19044,1.1361953000000002,0.7783352,-0.8891892,-2.724059,-3.7788315000000003,-3.6846870000000003,-2.7092495,-1.502169,-0.69308263,-0.5753979,27.686644,13.119938000000001,0.14155325,-7.9552727,-10.284985,-8.185519000000001,-4.150707,-0.57102215,0.45505363,-1.2673575593312094e-06,0.020906950121079026,,2908.3936237068815,1347.4210791415367,15.235265693888106,8.282097942195078,11.124649866828136,18.98818676432151,17.65522828368804,15.387503394025398,18.58558175624809,0.00037203370000000004,1304.53125,0.025693359375,1.0,0.0,0.0,0.028003479912877084,0.12851230651140216,0.008772571943700314,0.0006867836695164442,0.7154409348964691,0.09676627423614263,0.02007779218256473,0.0017398256168235091,1.0,False
00:07:06,5c41c28e896e090001c03bb0,185.90597668848147,0.9092075257057372,1.2778802769643138,-16.714557704058347,-210.11186,128.86923000000002,-6.764608,-8.178819,-1.6931977999999999,-6.918660000000001,-3.02528,-4.936085,-3.8812580000000003,-3.3200730000000003,-2.3467476,-9.156549,-48.3894,44.143046999999996,11.060866,2.0217855,-2.4047117,-19.313894,-26.603025,-3.4830019999999995,1.7593017,-0.00023371777423754022,4.015431460524233,16.576390749015662,2060.1872396216563,2493.528223904404,13.809981713805412,12.493586184170567,18.155936597108415,16.656783710138807,23.7419835304764,22.760743553589396,44.49398042968193,2.2572415999999998e-05,4302.421875,0.0664892578125,0.0,0.0,0.0,0.04379804618656635,0.003989272745093331,0.023911385983228683,0.4357721034437418,0.016862393636256457,0.12024948410689833,0.2408718764781952,0.1145454227924347,0.0,True
00:07:07,59278c090220760001fda664,,0.769944901913893,,-61.68314087108777,-485.23257,29.156078000000004,-0.9276011000000001,0.368031,0.15755755,-0.9888715,-2.2896794999999996,-3.1128554,-3.1860343999999996,-2.6123392999999995,-1.7361548999999998,-0.9507131,21.479483,11.200556,1.122254,-6.3520199999999996,-9.959123,-9.823468,-7.173907799999999,-3.711971,0.3806323,-9.127347651819413e-07,0.015137285728187169,,3302.282340918691,1553.8164715223081,14.797436977078135,8.383371834873758,10.34805380783958,20.02634104082808,16.285111248628258,14.596736717155904,18.520149601465228,0.0005981337000000001,1590.703125,0.0241845703125,1.0,0.0,0.0,0.006166536221280694,0.17441321313381195,0.0040264599956572064,0.0001814228038711008,0.7893528938293457,0.018718369584530596,0.0068106088321655996,0.00033048710611183196,1.0,False
00:07:07,5c41c28e896e090001c03bb0,143.55140046821631,0.9124644306623084,0.6864182794227247,-27.067203163352733,-325.67545,132.33788,-14.253708999999999,-7.451523299999999,0.7582913,-1.6951029999999998,1.5121824,-5.0310245,-10.839898,1.270425,0.41620478,-4.586746700000001,7.165367,38.431713,34.063179999999996,-2.63023,-1.8289113000000001,-7.3126802,-11.0633745,-8.099848,1.4943806999999998,-9.2517853818161e-05,1.5315053747936829,11.615296211091565,1748.640723266465,1542.5771132835682,15.274779400363755,14.048658769669833,18.726180481836693,18.851476484865454,25.9954598484695,21.938924162439715,34.165296815541325,0.0007365739999999999,2997.421875,0.033876953125,0.0,0.0,0.0,0.04639056771993637,0.002446609161597735,0.024319429876049983,0.5895467549562454,0.010181207477580756,0.05361905109602958,0.22161587588489054,0.05188051797449589,0.0,True
00:07:08,59278c090220760001fda664,,0.7565638103704625,,-57.43447303327911,-472.62485,44.284676,2.18755,0.24580345,-2.5756736,-4.8133116,-5.6223974000000005,-4.938998000000001,-3.2935748,-1.4572339,-0.09584882,0.44647354,29.901165000000002,12.265369999999999,-2.4611142000000004,-10.326361,-10.919647,-6.786545299999999,-1.592185,1.769432,0.5033146,-1.5497239272800215e-06,0.025486380460923545,,2710.057389867976,1277.9966754015395,14.514489181918984,8.287803950996711,11.992894728633122,19.622980126596698,17.708210812066106,15.310834614411547,18.453071692477838,0.0003215879,1267.265625,0.025576171875,1.0,0.0,0.0,0.009873697254806756,0.08012047931551933,0.005209048138931393,0.0008286461190436968,0.8786295890808106,0.00767699107527733,0.0173383058514446,0.000323245431354735,1.0,False
00:07:08,5c41c28e896e090001c03bb0,136.35699561732545,0.5903155571089486,0.6639734007744793,-41.59467391049565,-354.48654,145.56543,-11.619357,6.6022495999999995,14.892504999999998,-6.427975,-6.0492153,1.6837178,-5.787933,-6.2407727,-8.005084,-6.988400500000001,-0.20340398,-12.332114,-10.258808,-13.895617499999998,-1.7140157999999999,-8.823378,-8.777947,-5.2189440000000005,1.1512953000000001,-8.668403887252579e-05,1.4248756894903087,12.369068248442122,2539.0172953721108,2416.5128965843687,13.720108839273095,11.639457167383664,15.08137562265903,17.53036606465696,22.022796768022488,22.58542328247744,29.788247979534297,0.00831287,3797.34375,0.06666015625,0.0,0.0,0.0,0.043035098661979035,0.009046540178436166,0.010836310063799223,0.3547424400846164,0.03912488345910485,0.09501781159391004,0.3980338722467423,0.05016305483877659,0.0,True
00:07:09,59278c090220760001fda664,,0.9553921904001618,,-53.70578962620162,-456.75717000000003,62.086063,3.0105093,0.7885635,-2.1039993999999997,-3.8302169999999998,-3.6913892999999995,-2.4941914,-1.4160607,-0.8417367,-0.45636708,-0.08989911,37.351383,10.976258999999999,-6.3114247,-11.774544,-9.260036999999999,-4.0480304,0.52289236,3.0445533,0.62722087,-2.632058055573649e-06,0.04312199571538716,,2214.3446836838416,1110.5640806028368,13.165970585523649,8.000427756058702,11.663585893654508,18.64569915013004,21.572579797292164,17.133669514118836,18.758854935231103,0.0001790903,1288.125,0.0267333984375,0.0,0.0,0.0,0.06237419098615647,0.0696337252855301,0.02004838045686484,0.00489246902288869,0.7347021579742432,0.0241403148509562,0.0832799255847931,0.0009288132656365633,1.0,False
00:07:09,5c41c28e896e090001c03bb0,139.0581308996625,0.4195296701177217,0.3842010623850359,-41.795286398452504,-316.72073,207.97253,-20.688951,3.7635032999999996,12.619714,-10.332889999999999,-3.8068277999999998,3.3899496,-10.468919999999999,-4.630245700000001,-2.7513049,-8.188533999999999,-12.950861,-13.69026,2.7620742000000003,-2.6472857000000003,4.665496,-12.169144000000001,-19.021233,-17.351027,1.7692369,-0.0001223199422541455,2.0140894701597616,9.481416193815468,2855.484913308568,3122.5635266486793,14.169549866687186,12.631804068127494,13.843099622976775,15.63700436784906,19.87399120928981,20.847156440192546,30.078784407219075,0.10755189,6076.111469072165,0.04372194980053192,0.0,0.0,0.0,0.054239902412518866,0.00032479129731655115,0.0089609261485748,0.7248509377241135,0.0040146551618818185,0.018628778168931603,0.15010659769177434,0.0388734070584178,0.0,True
00:07:10,59278c090220760001fda664,,0.7043221339372087,,-54.02143264461294,-459.06586,59.220195999999994,1.1015663,-0.4357115,-2.4893273999999996,-3.71366,-3.511268,-2.568449,-2.0107908,-2.117142,-2.1620077999999996,-1.5361178999999998,35.426445,10.019117999999999,-6.608414,-11.770175,-9.317039999999999,-4.5878120000000004,-0.79895645,1.1046888000000001,0.645497,-2.5087786606675824e-06,0.041113669783864035,,2272.4429093018107,1135.9807863644212,12.192241388738609,8.6993394882403,11.535880013728583,17.764231567423955,20.986546940434266,16.743644120977258,18.62139231803531,0.00020213523999999998,1285.3125,0.025185546875,0.0,0.0,0.0,0.033390139043331137,0.3984412968158722,0.009212945215404032,0.0001620533235836774,0.469284862279892,0.07001258283853531,0.019190618954598903,0.00030551368545275184,1.0,True
00:07:10,5c41c28e896e090001c03bb0,129.89046541171712,0.8854092097735677,0.610083934599891,-47.03447458349456,-379.48965,142.61088999999998,-11.9911785,-3.2840545,4.2636685,-5.912381,-7.9834538,-5.0327215,-5.274488400000001,-1.6404703,-6.959542999999999,-8.700138,6.332685,2.90977,21.635642999999998,12.463401,2.2637498,-12.376663,-12.398178999999999,-7.007722,1.1563113999999999,-5.889657150526241e-05,0.9692529489226084,14.336788913282216,2939.932240191567,2497.578397841965,15.075391078418331,12.900180473105276,14.317647021392824,14.530244393088847,18.535716429503218,19.706202841028787,27.99708986162139,0.019180289,4977.1875,0.0452001953125,0.0,1.0,0.0,0.01646807295037434,0.00035723886958294315,0.004737833107355982,0.727791965007782,0.0048619449371472,0.029246740217786282,0.13890409423038366,0.07763212081044912,0.0,True
00:07:11,59278c090220760001fda664,,0.6665838577298754,,-59.77761463667037,-479.13474,36.342422,1.8647343999999997,1.3211997,-0.525316,-2.4841197,-3.7477744,-4.0981607,-3.7440309999999997,-3.0224552000000005,-2.1956467999999996,-1.4267408000000001,25.061264,10.747236000000001,-1.9612519,-9.667976,-11.390892,-8.529843,-3.8095586000000004,0.14434104,0.43690568,-1.2274187975404144e-06,0.020260539572797102,,3072.223617610075,1490.9233128835697,13.480773748284786,8.318161132746328,11.686835904219992,20.600373672660208,17.076450724641724,15.495177043534145,18.364366423718,0.0006192033,1746.328125,0.026318359375,0.0,0.0,0.0,0.027347562648355958,0.2508239686489105,0.007880108058452606,0.00022264532599365342,0.6207082152366639,0.07400921136140823,0.01860853685066104,0.00039978287531994283,1.0,True
00:07:11,5c41c28e896e090001c03bb0,135.42959162637493,0.5685010780080012,0.4491598701222692,-47.26999801137286,-389.32864,137.30257,-15.400170000000001,-11.142072,4.6413455,1.5442685,-10.172588000000001,-10.062082,-4.9001193,-2.7400752999999995,-5.4861627,-8.121186999999999,9.639569,-9.161268,12.656177,15.019743,6.3920074,-7.929769,-10.498424,-7.4626474,1.0976045,-6.434211121715867e-05,1.0547793887989991,10.18561253409249,3149.670693336339,2623.685498012529,16.824372012401025,13.94397561004585,14.743729658987194,15.432798731174994,18.656181656718925,20.547362938463174,23.06892561724485,0.016525798,5467.734375,0.0389892578125,0.0,0.0,0.0,0.06668522013351323,0.008285582764074206,0.008326553064398468,0.2613542445003986,0.057367009017616516,0.15072529911994936,0.37881860584020616,0.06843747282400728,0.0,True
00:07:12,59278c090220760001fda664,,0.7281710337184875,,-56.78648478102549,-469.28625,48.70193,3.0451577000000003,1.8741776,-0.5900215999999999,-3.0017655,-4.4410467,-4.606321,-3.7001692999999998,-2.1905923,-0.61668336,0.50946844,33.486034000000004,14.691018,-1.2810088,-10.255139999999999,-11.627317,-7.789977,-2.345114,1.7218113999999998,0.50866276,-1.707953061554591e-06,0.0280480493039592,,2535.080709851421,1179.380363151763,14.387495046264148,8.437842976853684,10.98073751546358,19.31472544753584,19.802848782499925,15.51387344548335,18.41322067365396,0.00024297676,1244.296875,0.02513671875,1.0,0.0,0.0,0.009129716269671916,0.30147497951984403,0.0027998433681204913,7.450929697370157e-05,0.6335870742797851,0.041695624217391015,0.010951877199113369,0.0002863655012333765,1.0,True
00:07:12,5c41c28e896e090001c03bb0,133.81763845788552,0.7520378283646195,0.5839518230489744,-56.43844490200925,-390.63254,123.30847,-1.9577255,-0.5449874,4.4482245,-3.7561069,-3.2045605,0.71062857,-4.954313,-2.1043165,-3.1339650000000003,-6.7413,-28.512804,6.0868519999999995,16.092772,0.29115975,6.1269584,-15.128544,-21.006514000000003,-2.4901803,2.0826292,-5.71064969279595e-05,0.967901905116716,31.786501803071257,3984.5821377511747,4621.717919860018,13.87592777656802,10.577097360178703,12.109205458207278,16.564647131592224,20.924722957124605,19.04284492793901,26.52793602034223,0.054925818,8998.59375,0.0823095703125,0.0,0.0,0.0,0.09898968320339918,0.061283682298380875,0.010736696858657524,0.024040674034040418,0.09823872032575308,0.3047529272735119,0.3942618183791637,0.007695789390709251,0.0,True
00:07:13,59278c090220760001fda664,,0.7208267444364044,,-62.4132634996984,-487.7824,25.890210999999997,0.40957713,0.95371145,-0.1510201,-2.1521687999999997,-4.0531163,-5.0663743,-4.903121499999999,-3.8052752,-2.3488189999999998,-1.1401687,19.1298,10.078289999999999,1.2292936,-5.2501893,-8.20308,-7.751034,-5.079521700000001,-1.863779,0.36285812,-8.1252036689635e-07,0.013506862133961538,,3489.6905225721694,1658.0469259536062,13.751639715922224,8.347878762037425,11.360366664603387,20.349373896946975,15.839620801203267,15.01323478743134,17.902592125922038,0.00073745765,1865.15625,0.0247265625,0.0,0.0,0.0,0.006405567098408936,0.20690371096134186,0.0026511715492233637,8.966286986833437e-05,0.7468603014945984,0.032354164123535166,0.0043775382917374366,0.0003578420379199088,1.0,False
00:07:13,5c41c28e896e090001c03bb0,135.80446917864708,0.7935385204718064,0.36201563106119067,-21.07909302337071,-258.51687999999996,165.37752,-17.161842,-14.334091,1.3622988,-4.752382,-9.985135000000001,-3.260421,-1.0609198999999998,1.1485285,-7.683860000000001,-13.448374,-25.717245000000002,12.476257,24.588226000000002,0.6499522,5.857975,-9.901224000000001,-12.664123,-4.476607,1.5663395,-0.00013685813909921954,2.2916146495383347,10.475606598236556,1503.408397722237,1784.7990158137188,18.546533709341873,15.216091895733914,17.966284696313735,17.208347518048576,21.43047863198486,21.56866027811349,39.57402267230885,8.300994500000001e-05,3013.59375,0.0584814453125,0.0,1.0,0.0,0.22611168697476386,0.00982379331253469,0.05207105465233326,0.16451690085232254,0.02520870571024716,0.2552949003875256,0.21548986285924912,0.05148306619375944,0.0,True
00:07:14,59278c090220760001fda664,,0.7154907247804277,,-60.37027916759903,-482.13974,32.999763,0.41319373,0.24094373,-1.3781424,-3.4954984,-5.179962000000001,-5.8613824999999995,-5.4339949999999995,-4.163873000000001,-2.5094075,-0.9532905,24.006252,12.291402,1.3492954,-6.072849,-8.878527,-7.747736,-4.5375123,-1.3289052,0.40599215,-1.0723964836051328e-06,0.017723344612206256,,3165.956894466892,1475.2986909317356,13.270836272173442,8.354686594182901,12.076647481729104,19.24322784037393,16.69732781115433,15.186894253834724,18.136314518631547,0.0005122335,1543.828125,0.02509765625,0.0,0.0,0.0,0.012738249381072821,0.15342143387533724,0.004240703477989882,0.0005187862589082215,0.7676839679479599,0.03941114316694439,0.02151933440472931,0.00046641297376481816,0.0,False
00:07:14,5c41c28e896e090001c03bb0,177.45596254445374,0.7448417319228372,5.758422250754862,-21.597701573129694,-287.01825,101.14288,-11.154023,-7.197586,2.7920794,-8.86893,-15.233309,0.2936323,2.9067385,5.658716,-0.28732379999999996,-19.747528,-57.78329,34.565792,17.448723,-1.0924813,24.779573000000003,-9.387189999999999,-15.884135,-2.4697056,1.8169161,-0.00011401648519281555,1.9857583924372335,12.817367724611769,1680.3428185091166,2987.1261977888344,15.20670082395733,13.054419604218099,17.078233814715958,19.44832406220024,21.42732763558673,21.134658621813053,42.18512465031147,0.00039834718,4424.0625,0.110390625,0.0,1.0,0.0,0.159839922355281,0.015516329155717459,0.17041892105610007,0.19623007439076898,0.020413212917952075,0.1915091648697853,0.13599697252114615,0.11007536854594946,0.0,True
00:07:15,59278c090220760001fda664,,0.7450379204001106,,-59.08640290552282,-478.52844000000005,37.25776,1.5485916000000002,1.4441421,-0.7000529000000001,-3.5517260000000004,-5.7465544,-6.441571,-5.5577445,-3.6741562000000005,-1.6807927,-0.37285227,26.057484,11.631912,-1.5605601,-10.103403,-12.735599,-10.439272,-5.639195,-1.0115446,0.4450197,-1.2381547474119535e-06,0.020419711708388463,,2955.926222302961,1389.559459250574,13.554340665834253,8.396140754308831,10.781643020741237,20.843188576815432,17.313510290296808,14.795506185159676,18.302260171758295,0.0004221629,1345.78125,0.0259423828125,1.0,0.0,0.0,0.03661242825910449,0.017046604305505753,0.004169504521996714,0.009327789302915336,0.8758942782878876,0.0199520398164168,0.034780141431838274,0.0022172566823428497,1.0,False
00:07:15,5c41c28e896e090001c03bb0,154.43915701723586,0.7722504956744158,2.0900525024842507,-30.04367285717484,-308.65167,123.83131999999999,-6.660365,-0.9682276,11.341393,-5.513046,-11.870747,-1.6580335,-4.1159973,3.088966,1.1931778999999998,-14.954220999999999,-22.561039,10.777257,-2.7099946,-13.608827,8.720838,-12.811728,-12.899897,3.7606057999999996,1.6330631000000002,-8.359381498638125e-05,1.430086910360654,22.932291318581147,1690.8575556852145,2485.541781962276,14.874170275621688,11.784875458854618,13.97146140424254,19.105622141772326,20.647101911527525,22.228406565851866,37.19753254237015,4.7390575e-05,3796.875,0.090712890625,0.0,1.0,0.0,0.11534939482808113,0.04684341722168029,0.12845049016177654,0.10183973112143577,0.12282490907236936,0.20638703145086765,0.2305138625204563,0.04779115398414433,0.0,True
00:07:16,59278c090220760001fda664,391.920600015652,0.7075411414165187,5.257642147082044,-51.406710813977355,-444.70044,65.78284000000001,-2.4659934,-3.5997498,-1.6096495000000002,-2.441305,-6.0229588,-5.327997,-2.8823366000000004,-4.2158737,-4.5674267,-0.5524264,27.987558,13.148231,7.916,-3.9901303999999995,-12.142749,-9.846194,-3.7940373,-0.8103843000000001,0.7628742,-9.561135093999893e-06,0.15848905869641766,18.110030580819,2467.079444428666,1258.6904471515327,15.176492352258876,8.361681523367217,11.812002832188087,17.1685370800755,19.644729694908744,18.101104761479302,20.0981100652545,0.00023836909,1537.96875,0.0261474609375,0.0,0.0,0.0,0.007119390560546891,0.07094378932379186,0.0015746214703540318,0.0002605556928756414,0.8839204907417297,0.018390251876553517,0.017603721498744562,0.00018717981402005532,1.0,True
00:07:16,5c41c28e896e090001c03bb0,,0.5826165392629188,,-87.83872658265051,-506.47225999999995,0.678613,-2.227558,2.353327,2.0991077000000002,-1.8256172999999998,-0.99463487,1.9971125,-0.15675923,-3.0293927000000003,-0.09201574,2.800384,-3.2246032000000002,-0.25865468,1.9494483,-1.3413775,-2.084276,2.11688,2.311219,-2.3090764999999998,0.13009818,-1.495534179160375e-07,0.002747802796126661,,5797.636546684308,6292.386481441764,9.817646943110603,10.108137211327085,10.156852921294174,14.579073946443186,18.16053509070806,19.553112250561682,15.762332700895849,0.16147645,12619.140625,0.07464090983072917,0.0,0.0,1.0,0.05598414121195674,0.028242930676788087,0.04778076997026801,0.051229338487610215,0.3274461433291435,0.10557158775627612,0.3642688967287541,0.01947616861434653,0.0,True
00:07:17,59278c090220760001fda664,,0.6569161865961886,,-50.68863261855395,-427.12683,56.746283999999996,0.95824736,-1.1845967,-0.1390535,-1.3527951999999999,-6.0788910000000005,-2.9428332000000004,-0.52689373,-1.8810188,0.1221058,-0.93549556,25.747429999999998,20.421495,-13.009587,-4.870517700000001,-6.195337,-6.3532205,2.7778218,1.916954,0.7668556,-6.473604634341778e-06,0.1261391877240181,,3138.8824515451124,2932.7350623391144,12.902443599217772,7.958394251072839,11.263153315931584,16.749207730852426,17.65461022349552,17.547270555339793,27.735596229612714,0.0009988932000000001,4723.828125,0.0943408203125,0.0,0.0,0.0,0.022622287087142468,0.23567909598350525,0.005607074312865734,0.00017245005001313983,0.6306667447090148,0.08577141314744949,0.0191329849883914,0.0003479351638816297,1.0,True
00:07:17,5c41c28e896e090001c03bb0,139.90487240605796,0.5253809880287179,2.4968124148245465,-69.20536224687392,-390.07300000000004,182.0216,-8.853581,-2.4294806,14.175920000000001,-11.588014,-15.69849,5.8967457,-0.28449282,-2.2763402000000004,1.5156653999999998,-11.121823,-44.116405,-6.505456400000001,-3.4119794000000003,-1.303128,3.431865,-8.501121000000001,-13.556675,-0.48812932,2.0370803,-9.526634930701855e-05,1.6017738839769822,20.746171603952007,4450.900601259779,4932.524236512069,11.839513721451794,9.562909067627587,10.657770082173698,12.590814029777002,15.689521480103695,16.049786527703215,25.06449841677105,0.22809091,10134.265988372092,0.05249591206395349,0.0,0.0,0.0,0.008024149447340857,0.01895729638636112,0.007591150976209478,0.006741098578045653,0.8758562369780107,0.036072180945087566,0.03791828081011772,0.008839641983451491,0.0,True
00:07:18,59278c090220760001fda664,121.86775805131188,0.9328837898685116,16.19626041127147,-58.310388400894034,-478.99268,36.532,-1.1617662,-0.8372822,-1.3513608999999998,-2.51025,-3.8802202000000006,-4.6446559999999995,-4.2322264,-2.9040084,-1.561951,-0.8911825999999999,26.1792,14.404654,3.8987832,-4.2712035,-8.7198105,-8.687164,-5.773532,-2.7641167999999996,0.49519986,-4.819229815482865e-06,0.07836480736752628,16.93473449832163,3129.418479025323,1433.0905552185507,15.617193683747056,8.48388385393984,11.963828527403676,19.424739688053037,18.432674988711348,16.092066035351433,17.651577755043014,0.0004865765,1415.859375,0.0234619140625,0.0,0.0,0.0,0.03319740518927574,0.07890365682542325,0.030861129285767674,0.0016595571214566007,0.8058880567550659,0.02654876820743084,0.0213745360262692,0.0015668825653847307,1.0,True
00:07:18,5c41c28e896e090001c03bb0,,0.9678608845157848,,-56.19515948910409,-414.8699,58.20900699999999,-15.961798000000002,-7.267825599999999,7.160116,-3.104475,-9.6727,-3.3189707000000004,-1.3638772,1.4802706,-0.18591216,-5.134043,-38.68468,-2.6538258,2.5080240000000003,-7.498788,6.40008,-7.276827000000001,-12.721231,-6.679537,0.9276718,-2.7153962828372077e-05,0.4740001153077263,,3682.757243317748,3625.10559545181,12.302015458431312,11.43668187384012,14.302655859731953,17.29792923576968,20.303340733777908,18.040803803820776,28.218077173567853,0.013198763999999998,7153.359375,0.08791015625,0.0,0.0,0.0,0.026814726029988373,0.01766050294972956,0.0395278770243749,0.015547524785506538,0.6811555773019791,0.05187940783798695,0.1516520540229976,0.01576233182568103,0.0,True
00:07:19,59278c090220760001fda664,156.15199099197886,0.8942028027565034,1.2774249379556353,-18.974021658245206,-284.8177,190.78256000000002,-1.5078382,11.440647,2.2522967,-6.9525146,-5.2904935,2.3556147000000003,7.977219,-1.5657265,-14.3274,-5.920076,10.808042,-13.513089,22.365651999999997,6.439157499999999,-17.351886999999998,-20.045052,-25.058441000000002,-22.9172,1.2987586000000002,-0.0001672614101994114,2.7549769355637994,28.978151297459558,1094.3799896611715,1071.4802246081401,16.369725549578014,12.651150523869774,17.471807448195783,17.68578411363729,25.25286883918936,27.882767619280106,29.283217104253787,2.6543933999999998e-05,1909.6875,0.026279296875,0.0,0.0,0.0,0.009899979433976112,0.014113099128007891,0.005130845762323588,0.00093885698588565,0.954258155822754,0.005987873848062009,0.008537806663662195,0.0011333852191455665,1.0,True
00:07:19,5c41c28e896e090001c03bb0,87.77130581652472,0.4869100731693713,13.04828142748687,-47.421901058897284,-418.7752,52.14277,-3.324061,0.8934770000000001,5.6569886,-2.7149982,-4.6800003,0.10363557,-1.8887839,-1.7537471000000002,0.29694298,0.57306784,-29.499907,-21.68169,-10.08334,-3.1874425,8.574459,-3.2406064999999997,-9.053626,-1.7532365,1.0404985999999998,-1.3611203161469495e-05,0.2365601742438273,195.95284776305158,2155.3340805379867,2337.018830456625,11.647544825384175,9.864375469796123,15.623921878637654,18.59480068899958,23.1464195757894,19.112013330743586,27.530741268051873,0.0005815149,3724.921875,0.074677734375,0.0,0.0,0.0,0.04101691633048984,0.0370949614379141,0.05252012237906456,0.029577116921751037,0.5021288593610128,0.13203393667936325,0.17075568934281668,0.03487243317067623,0.0,False
00:07:20,59278c090220760001fda664,121.31167362552964,0.7448687928333635,0.4216961925034536,-43.351308229741385,-389.3598,85.00296999999999,1.8782046000000001,0.39309543,-0.10140803,1.9738041000000002,-0.5762906,-2.2323612999999995,-0.38800538,1.1679126,-0.27863723,-3.3220742,5.627328400000001,-3.7428155,-8.660665,2.5682718999999996,-1.4404902,-3.5270445,-4.6101813,-4.863332,1.0184654,-4.5551441890628606e-05,0.7662154118634994,15.964759816527119,2910.514332680918,2956.1934585692243,14.77379180971534,9.391235264234316,12.918469712067573,16.25949838551384,19.6601672128145,21.25155156624416,28.340976781623997,0.0011684052,5074.453125,0.0922509765625,1.0,0.0,0.0,0.003515045624226332,0.007376377563923597,0.0022309437394142147,0.00034797972475644203,0.9803165078163149,0.001845599641092121,0.004079474695026874,0.00028807461785618216,1.0,True
00:07:20,5c41c28e896e090001c03bb0,,0.5227310373481682,,-59.31512177334383,-469.42922999999996,45.988609999999994,8.131191000000001,1.8488806,-3.7993502999999995,-4.35466,0.63980114,1.9315817,-3.6672714,-6.076494,-0.9474847,2.8531063,-5.146306,-37.33825,-41.019220000000004,-27.190533000000002,-4.4155483,15.694723999999999,21.499423999999998,15.584973999999999,0.745324,-4.5245882707677285e-06,0.07484472319202874,,3296.1304298628233,2653.674065421303,11.063445387065322,9.408950177422076,18.84975632655781,20.178921463851356,20.660156101907333,21.65606778832097,17.110998969339118,0.008641041,5178.984375,0.04634765625,0.0,0.0,0.0,0.06362974913790823,0.04906626623123885,0.03041725661605597,0.02035148655995727,0.15154482163488864,0.4036221086978912,0.22689784839749336,0.05447042621672153,0.0,False
00:07:21,59278c090220760001fda664,97.98652852250143,0.2841879460257696,0.6249825430813958,-42.65431057520398,-394.10222999999996,100.50131,-3.1065962000000003,-0.007257188,1.6379645,2.2196734,-3.4140277,-6.337212999999999,-2.9832883,-2.6312439999999997,-4.575844999999999,-2.0877664,13.286763,-2.1250257,6.3946046999999995,-2.9614272,-3.3715205000000004,0.59651893,-7.882421000000001,-10.438139,1.077707,-4.360042144498486e-05,0.7192100746427876,19.766727328838954,2301.0667791041933,1549.9072647213986,14.032728540641447,9.54428881169783,13.018454714247852,17.076957577682602,19.352057885847856,21.87450409942997,22.327205853933023,0.00043460593,2514.140625,0.03744140625,0.0,0.0,0.0,0.0018650064012035728,0.01590935681015253,0.0020654984982684255,0.00011011761380359529,0.9752986311912536,0.002419150364585221,0.0021235660417005422,0.00020865203987341371,1.0,True
00:07:21,5c41c28e896e090001c03bb0,,0.987962176361586,,-86.2256134611663,-502.67706,16.39559,-5.1685996,-2.6246907999999998,-0.5581663,-0.8928982,1.2864441,3.7321727,0.45812684,-4.032451999999999,-3.0602055,0.35244057,-9.568546000000001,-20.324944,-15.52992,-5.1467757,6.151948,12.321686,8.219847999999999,-1.0041712999999999,0.80475223,-4.046438211410585e-07,0.006914631666721915,,6125.719688933539,6396.648948068206,10.586114311905078,7.090409147293217,11.56427017900528,17.265184169898188,18.681670774455174,18.045364927504625,14.669161299475512,0.087511554,14113.59375,0.04865234375,0.0,0.0,0.0,0.03579195216298103,0.07540584765374661,0.009127823309972884,0.008160282461903989,0.11722377575933933,0.5492781192064286,0.1262645646929741,0.07874763859435915,0.0,True
00:07:22,59278c090220760001fda664,108.88680203129788,0.6627405828215633,0.4852680680182426,-30.420738453993,-349.9559,143.83833,-12.281056,-1.3381933000000001,-1.2621108,-3.5011669999999997,-2.9733357000000002,-0.14991355,4.3609047,2.8853988999999998,-4.663459,-4.2030315,23.227632999999997,-1.0181153,20.074455,10.066203999999999,-5.025379,-5.296759,-13.008731,-21.150920000000003,1.2071983999999998,-7.807855919174565e-05,1.2771333627776895,22.425444312278923,1612.3133932010178,1240.6686278862426,14.941506347627833,10.525179407363288,17.131159989232984,17.153644846586086,21.64759362443478,24.09648030882822,26.812072457229746,0.00019082514,2187.890625,0.030498046875,1.0,0.0,0.0,0.005199411464855075,0.03758649732917548,0.0029540536459535358,0.00035382174974074587,0.9408340334892272,0.007879193732514977,0.004800064442679286,0.00039290603017434484,1.0,True
00:07:22,5c41c28e896e090001c03bb0,186.8813862829198,0.7143760781200788,1.0928914583596148,-54.55798855193367,-392.78174,118.17732,-16.673233,-15.477417,6.241363,-2.6919756,-14.292339000000002,0.23588271,7.629753599999999,2.3070755000000003,-5.2337875,-10.184244999999999,-16.831198,1.6105918,21.020052,5.8803134,2.7686697999999996,-11.54544,-12.42416,-1.9497466,1.2741396,-7.69479593933067e-05,1.270212786434492,15.599606613350966,3783.116911061325,3320.634429145415,13.455929238911422,11.746342918684814,15.76798242132292,13.646716015656205,16.458780363238535,17.860563149698567,24.699303552386397,0.039748456,7143.046875,0.041259765625,0.0,0.0,0.0,0.01895860655931756,0.07981709223240614,0.004609107435680926,0.01108542981091887,0.4221168778836727,0.2543077126145363,0.1032719062641263,0.10583328437060116,0.0,True
00:07:23,59278c090220760001fda664,98.88556264036093,0.9591571369331838,12.223360698334284,-56.38396908002576,-465.06818,52.389843,0.86141473,0.8702390999999999,-0.5319067,-2.4013307,-3.430247,-3.30881,-2.5639950000000002,-1.6655708999999999,-0.7787682,-0.005497554,33.066032,12.758825,-1.3387653,-7.583348299999999,-7.7892722999999995,-5.117006,-2.3000922000000004,-0.31791726,0.49842749999999997,-2.8902144869810002e-06,0.04752076814760038,20.515996207811426,2788.384518200615,1418.7049043091354,13.657176368076554,9.041347272295157,11.411485408396905,17.791089716095012,17.00535331613866,16.066961772603985,20.164211156358284,0.00042337578,1860.46875,0.026181640625,1.0,0.0,0.0,0.01822261214256287,0.3087567150592804,0.006831087544560433,0.00012199137418065219,0.6091850280761719,0.04643398895859718,0.0101387788541615,0.0003097873239312321,0.0,True
00:07:23,5c41c28e896e090001c03bb0,217.41273220855018,0.6701971882920906,2.7343318866834707,-53.03081211165379,-322.12018,125.74486,-8.445829,-5.049710299999999,5.9362307,-10.838125,-9.480339,-1.0886132,3.2463662999999996,-1.1274387,1.072054,-14.899995,-40.590683,8.983314,-11.579516,11.577772999999999,-13.045788,-6.3594284000000005,-13.777942000000001,-1.7036471000000002,1.9876505000000002,-0.0001714857990826991,2.9759577537816115,17.360444335102777,3825.705952318183,3432.970993544495,13.0782965445945,9.637479366990057,13.354491565205025,13.728697956063412,16.396097186699265,16.444696701197785,29.691819498114015,0.19476113,7269.167877906978,0.03596815952034884,0.0,0.0,0.0,0.0044103614054620275,0.06074676086956805,0.00211716406788169,0.0054075843231244525,0.6913377480073408,0.12642463635314596,0.033562068827450275,0.07599368488246744,0.0,True
00:07:24,59278c090220760001fda664,,0.7396651292484522,,-61.84618873105793,-485.63602000000003,28.810074,-0.80173194,0.047742732,-0.44167929999999994,-1.6534103999999998,-2.7971067,-3.2878410000000002,-2.9531062,-2.0157993000000003,-0.91036475,-0.051498927,21.723753,12.18848,2.7589676,-4.347649,-7.937259700000001,-8.091277,-5.930903400000001,-3.0382185,0.37135714,-8.783025864132521e-07,0.014560249521395209,,3368.4704579263025,1549.513073655549,14.480711977026555,8.637800396005321,9.902982978453007,20.510437951828443,16.03111131479037,15.058508369646557,18.053830445865714,0.0006128246,1579.453125,0.023212890625,1.0,0.0,0.0,0.03872734941542148,0.2910325765609741,0.012887250725179909,0.00023787098180036992,0.5340538203716279,0.10040443986654282,0.02228654287755489,0.00037015755660831936,0.0,False
00:07:24,5c41c28e896e090001c03bb0,215.16445525982215,0.9441984049824708,1.2713988118567217,-12.170026589273686,-103.05546600000001,157.50876,-6.794861,-7.4544440000000005,2.4198577,-8.8347645,-6.371242,-9.657075,-2.1128914,-2.2161195,5.594193,-13.235437,-63.736731999999996,26.535709999999998,-17.289421,14.755341,-12.595474000000001,-10.254987,-28.051514,-4.6822495,1.9469900000000002,-0.00037004678520131067,6.385830063834997,18.82487853884421,2686.3346205381367,2563.240134543705,12.08525476680551,13.27235383264056,15.827642364307215,16.35085600671139,21.5267680036638,20.642559589166968,47.21622718469128,4.610227e-05,4992.1875,0.0518701171875,1.0,0.0,1.0,0.01591005108784884,0.009922990278573707,0.006580953777302057,0.30961432778276504,0.3513260344043374,0.06447284671012313,0.19739788509905334,0.04477489106357098,0.0,True
00:07:25,59278c090220760001fda664,,0.7317058622637159,,-61.830882294368,-485.49097,28.845579999999998,0.97674066,1.3167588,-0.13464846,-2.455279,-4.494608400000001,-5.3925467000000005,-4.8939633,-3.359748,-1.5173876,-0.09798311400000001,21.327929,11.302449000000001,1.5719441,-5.4540877,-8.529664,-7.859484700000001,-4.8305050000000005,-1.3404815,0.39510205,-8.68430086738954e-07,0.014406542017875237,,3346.7242266947246,1546.2051504804401,15.758707138371275,7.978502683682419,10.58338993812329,20.555565282456783,15.601990135917445,14.661296387662206,18.11255358092588,0.0005820352,1502.8125,0.0250244140625,0.0,0.0,0.0,0.05394579842686653,0.26845764815807344,0.013815589994192124,0.0002962973667308688,0.5128972113132477,0.11953239887952805,0.03073222525417805,0.0003228600166039541,1.0,False
00:07:25,5c41c28e896e090001c03bb0,199.6757825667717,0.932751694465847,1.2309698952332744,-14.70029061617532,-147.94971999999999,130.92168999999998,-10.8158045,-10.882064999999999,-3.6442487,-11.838075,-1.8553178,-6.823886,-0.2896567,-0.20415947,1.4078587,-11.075842,-66.29004,51.707584000000004,10.076394,7.435853,-10.95653,-7.1169367,-14.687949,4.998154,1.9140795,-0.00029485884614822815,5.1573659682875785,19.980674302476007,2544.123330653785,2974.526518093013,12.011810598747866,13.165407168846677,17.96086247942002,16.565663790015677,21.8096383706664,20.07551563105932,47.54033064746605,5.248573e-05,5234.53125,0.0814697265625,1.0,0.0,0.0,0.0759525246186448,0.0027890234120734802,0.007731947487627622,0.3978240740086351,0.12916893531967485,0.047731228077152216,0.16301715403928288,0.17578511332560862,0.0,True
00:07:26,59278c090220760001fda664,,0.7370083873616802,,-60.33844323360219,-480.9338,33.71391,4.143344399999999,2.1297655,-1.6832017,-5.2307057,-6.922669,-6.2571898,-3.842468,-0.9347929,1.214449,1.8899624,22.23722,7.780972500000001,-4.781755,-11.841539,-12.3600645,-7.950424000000001,-1.8174592,2.8340847,0.43071170000000003,-1.0780613311315744e-06,0.017833035710949737,,3065.694907032296,1475.4356001199772,13.645378061382525,8.134309616799584,10.837743115195133,21.775871633361426,16.385543460502706,14.679529916962956,18.389072596478783,0.0004709513200000001,1435.3125,0.0291845703125,0.0,0.0,0.0,0.03891020566225052,0.3260171234607697,0.009644116554409266,0.0001390258301398717,0.5146922647953034,0.09770500957965852,0.012631684727966785,0.00026056405331473795,1.0,False
00:07:26,5c41c28e896e090001c03bb0,193.1036216924828,0.7990576256394487,2.3269866157846653,-18.477413653805502,-205.47346000000002,149.00963000000002,-6.414209,-2.9472810000000003,6.830678,-3.8696692,-2.8235357000000003,-2.4518147,-1.7953677,0.98953336,-2.0159674,-7.707088000000001,-45.201733000000004,24.261484,-2.9808047,-5.1228905,3.5012286,-10.8439245,-22.136242000000003,-4.1088862,2.532813,-0.0002107651094681259,3.5827097155975878,24.23256709357043,2080.195334487905,2345.007176739576,14.938942691500301,12.56812499628992,15.97950711660584,16.814685707121484,21.033827810807225,20.96475628012347,43.22377267482864,3.366788e-05,4026.796875,0.06669921875,0.0,1.0,1.0,0.04946429439587519,0.0037449204196491337,0.018228681279651937,0.4512469712644816,0.03108168370090425,0.059065438894322135,0.06234820712415968,0.3248198013752699,0.0,True
00:07:27,59278c090220760001fda664,,0.7402721114590524,,-57.87416977781357,-472.47433,43.801140000000004,2.5565658,1.7364169999999999,-0.38052709999999995,-2.4831457,-3.6438122,-3.6523449999999995,-2.765786,-1.3932489,-0.039327007000000004,0.7074723,28.347267,10.999617,-1.8838842,-7.9987330000000005,-8.508317,-5.7735395,-1.9429624,1.242775,0.53817856,-1.6218612412346938e-06,0.02667300937752998,,2768.880715358437,1313.8690610122321,13.3425684303649,8.202945101739918,11.135703801897249,18.764656148814662,19.484757273918067,15.45011351895316,18.33241971266829,0.00037176307999999995,1361.25,0.0253466796875,0.0,0.0,0.0,0.03523736037313938,0.2624493658542633,0.00837123030796647,0.00031488223321503035,0.5551386117935181,0.121579372882843,0.01655770689249039,0.00035149349132552744,0.0,True
00:07:27,5c41c28e896e090001c03bb0,339.3322575835625,0.855609980550124,2.6138691827141423,-34.53731551403794,-312.95203,93.59738,-8.977077,-6.357173,2.8523672,-5.2004585,-1.6633365000000002,1.7042199,2.5524982999999994,-1.35032,-5.2634115,-11.221584,-36.378807,18.16009,5.0448847,-8.260535,-9.829444,-4.777468700000001,-9.100077,-0.8662337,1.7930063000000003,-0.00012447695827995638,2.1348340487434547,28.308676200823324,2590.047045981505,2774.873195162088,9.457253280522783,10.506603297020732,17.05519865539258,17.226291186104802,21.862921025918368,22.030188193974322,35.71411731232187,0.0037887396999999995,4936.640625,0.072353515625,0.0,1.0,1.0,0.04097815230488777,0.01816907763067219,0.021528017138027482,0.0832755020302203,0.5530686502655348,0.06811641694770919,0.08618895895779133,0.12867521254035333,0.0,True
00:07:28,59278c090220760001fda664,128.62010246297396,0.574596556670915,1.7976261013378496,-37.537015374454334,-402.69815,120.249504,2.5663240000000003,3.6764567,1.7838011999999999,-2.3345897,-5.5535994,-5.370792,-2.8010857000000002,-0.5882364000000001,0.31687093,0.5679193,59.328392,9.8052845,-10.529104,-12.970847000000001,-11.20609,-8.640437,-4.8043002999999995,-0.6216151999999999,0.79927206,-6.67996134323995e-05,1.0848120676248565,12.878372421362885,1629.6182279423156,949.4374610217925,15.06222144586792,10.427399531112462,14.480831146679053,20.831685066907266,21.305627849031808,16.98896350010622,22.758996769993377,0.00013007315,1149.375,0.0266455078125,0.0,0.0,0.0,0.009803855326026678,0.37079003453254705,0.0031226171879097818,6.723920232616365e-05,0.5594666421413421,0.05138975381851196,0.005098866345360875,0.00026095603825524447,0.0,True
00:07:28,5c41c28e896e090001c03bb0,390.5400316208471,0.9773507292116912,9.902594527152733,-22.81354066410133,-252.07677,81.81714000000001,-29.88645,-8.490329,10.113655,-19.528057,-8.352416999999999,3.8351777,-2.5398118,6.566565,4.088107,-3.4095337,-103.83914,26.558907,5.721716000000001,-12.186043,19.937944,-32.716534,-44.48131,-10.598611,1.9104221999999997,-0.00013338436775744175,2.4041012863063047,16.66323846312395,1984.6323550419916,3879.538747271962,11.524986844702651,13.423784849056421,17.698698652807433,20.24924905668692,20.497949936208343,22.088898876634808,49.61499516799943,2.4518679999999998e-05,6029.0625,0.160068359375,0.0,0.0,1.0,0.07081317539430326,0.0102364514540467,0.011973389941785071,0.012394055762949087,0.7160090241167281,0.05246787435478634,0.1239826993809806,0.0021233410677976077,0.0,True
00:07:29,59278c090220760001fda664,94.11720731323996,0.6820639114742522,4.756135858196081,-49.9244556536905,-430.58563,75.99637,5.228981500000001,2.9457462000000003,-2.5950024,-5.3017389999999995,-4.6016808,-2.5775308999999997,-1.6341647,-2.6085339,-2.8061805,-1.0007184,16.952335,-10.416185,-7.081406599999999,-1.7766821,-2.8868325,-5.2702837,-4.5819077,0.73274064,0.7727121,-1.5089542981840387e-05,0.25130901660007204,28.390712266064096,2276.049940713905,1561.1903980543289,11.243819514041558,8.772452095624631,11.031465431649172,16.65671785156279,21.96719435017837,17.78716177804863,22.747714629517898,0.00040358846,2210.859375,0.04052734375,0.0,0.0,0.0,0.02163673909381032,0.2608151808381081,0.007533245300874114,0.0001826933805205044,0.6507672786712646,0.04782363176345825,0.011062161158770322,0.00017907974688569084,1.0,True
00:07:29,5c41c28e896e090001c03bb0,196.82421448336441,0.8649753577194192,0.6005514261830028,-22.687277300884656,-223.68755,143.56003,-7.785535,-6.752021000000001,-1.9439191000000002,-5.875684,4.1210512999999995,-1.9331487,-4.4177184,-0.5784077,2.4745965,-7.627047,-33.373909999999995,20.137344,-5.332529,1.3441003999999999,-2.214131,-9.961926,-20.953354,-4.386237599999999,1.6191865,-0.0001916256340332784,3.2724169476890586,18.252580341334568,2255.7339238355617,2308.996821557864,12.615335913615663,13.3646910831495,16.95993917592408,17.504579637699827,21.13105865483752,21.98263528594117,39.48199888212257,0.0007774577000000001,3970.078125,0.06244140625,0.0,0.0,1.0,0.02936068727550182,0.013466207998466085,0.04761514633851634,0.06575575870969756,0.44615417160093773,0.039606517836959516,0.3448268540457569,0.013214654754847288,1.0,True
00:07:30,59278c090220760001fda664,,0.7454744609132702,,-63.16090644242665,-488.8199,24.275236,1.9924585,1.8432808999999997,-0.17081717,-2.9477212,-5.1968656,-5.995654,-5.125456,-3.0763952999999997,-0.7573446999999999,0.93362474,17.176495000000003,7.8547910000000005,-0.92233944,-6.8468056,-8.835457,-7.2769523000000005,-3.7058628,-0.083924234,0.35397290000000003,-7.628708451145985e-07,0.012712517678811151,,3534.780923003659,1726.0428246283127,13.257238979411635,8.705972792773629,10.888560509853113,21.215896673504602,15.942317716584569,14.70210223466376,17.938034895986746,0.0008093885,2037.65625,0.02650390625,1.0,0.0,0.0,0.010770768066868186,0.058548156404867775,0.002961994463112205,0.0018430854146572531,0.9129896879196168,0.00782074430026114,0.0038368804845958955,0.0012286675104405732,1.0,False
00:07:30,5c41c28e896e090001c03bb0,168.8080887841521,0.9458701987207776,1.53695069812542,-16.616383553886273,-198.96135,172.63672,-11.393933,-8.936255000000001,1.0100687,2.0884478,-0.040614642,-10.276228,-5.510164,-2.13024,-3.6355631,-8.535905999999999,-35.399395,12.104927,8.015675,2.7407055000000002,-5.977312,-4.9396443,-15.442892,-11.20929,1.6288996999999998,-0.0002206350271890501,3.714344519336625,15.021616636891608,1802.0204447854667,1663.4922407782708,16.417217624004106,13.546102773528528,17.98119857508824,18.619921408448864,20.81853528753043,24.927013106378016,37.37947827614837,1.3175581e-05,2928.984375,0.0403125,0.0,0.0,0.0,0.046226664725691084,0.024435721035115418,0.1312179010361433,0.0672602302627638,0.272746697627008,0.04425653647631407,0.3743745763786137,0.039481673622503884,0.0,True
00:07:31,59278c090220760001fda664,,0.7082261564569592,,-61.00228248767666,-483.39212000000003,30.9477,3.6989254999999996,2.9672875,0.22443764,-3.0292470000000002,-5.375397,-6.0438027000000005,-5.0947304,-3.2221029999999997,-1.3371468999999998,-0.14947876,21.257942,8.812716499999999,-2.4336162,-9.393078,-10.912074,-7.9523826,-2.9010046000000003,1.592811,0.42350918,-9.77948656723313e-07,0.016203899929109956,,3204.6742065576223,1536.5794561950256,14.208495200869455,7.502497015713272,11.606843699064926,21.412480194364765,16.810417376437965,15.080589904069045,18.298795618877406,0.00055959984,1576.875,0.0281884765625,0.0,0.0,0.0,0.02237558299675584,0.16453876830637454,0.005062073870794848,0.0011951864071306773,0.7521817922592163,0.03970951088704169,0.014112718193791809,0.0008243669057264924,1.0,False
00:07:31,5c41c28e896e090001c03bb0,141.47550351202796,0.8881724003537383,0.4908647279153008,-20.84950400197032,-270.9395,172.16148,-8.6829,-14.355803,-5.6240788,-1.5051413,-6.702186599999999,-3.3514532999999997,4.9053683,1.2756708,-8.85817,-9.22147,-12.9388895,6.351442,33.47756,13.219257,7.722777000000001,-9.51395,-23.175165,-10.646937,1.719803,-0.0001311245275496559,2.1638595166285355,17.508919734650224,1375.4967629225243,1284.74214411969,16.934933027379607,15.012336033793847,18.420060604947167,18.422831506274747,22.889479028055487,25.779062780850182,33.11623637820059,1.1362479000000001e-05,2240.15625,0.03462890625,0.0,0.0,0.0,0.057220639474689965,0.023724694130942227,0.10144763123244048,0.1829865276813507,0.2270263981074095,0.11889784522354604,0.07525997124612331,0.2134362764656544,0.0,True
00:07:32,59278c090220760001fda664,,0.7128190485877112,,-55.442012813788956,-464.7111,52.524742,0.42713177,1.3066593,0.50979495,-1.174582,-2.2896454,-2.1081376,-1.2439895,-0.7853719,-1.0397040000000002,-1.3433257,31.661793,8.887952,-6.729137,-12.487762,-11.408536,-7.94221,-4.5795484,-1.7513,0.5920834,-2.1500809532353826e-06,0.03527336208104028,,2486.480463021781,1220.340585693184,12.153707408015228,8.418793440525969,11.136590652538443,18.91814825714492,20.00229042157969,15.771269942557927,18.67788066734736,0.00026100849999999997,1263.515625,0.0266357421875,0.0,0.0,0.0,0.14438981488347052,0.025826160795986645,0.08974659782834353,0.06909143440425396,0.5234684742987156,0.036665960168465975,0.09844665974378586,0.012364882370457051,1.0,False
00:07:32,5c41c28e896e090001c03bb0,131.3947578381628,0.9070557513869616,0.2559207703729595,-31.63285105812989,-341.05212,105.92948999999999,-7.731126,-0.038329236,5.344306,-2.761197,-4.754453,2.2483675,3.2653847000000003,-0.9042245999999999,-2.4079835,0.17156482,-19.0269,13.466463000000001,11.594727,-4.580398000000001,14.039022000000001,-2.2328799,-18.231903,-10.363733,1.4754851999999998,-7.955114518370086e-05,1.333678389685814,14.600225763538784,1631.055409670201,2674.86248244267,12.35499468883606,11.382127454837866,16.69866417465535,17.409022436877102,25.72529547884314,21.151013848860508,35.734514241174345,0.00023563972000000002,4005.46875,0.100751953125,0.0,0.0,0.0,0.10820540077984334,0.012815121503081173,0.05652258358895779,0.1767026400193572,0.03975801267661154,0.14882052838802334,0.3711680252104997,0.08600769519107418,0.0,True
00:07:33,59278c090220760001fda664,,0.7410341964592093,,-52.8882628047118,-455.32578,63.765285,2.5431097,0.15275781,-3.1723223,-6.0617113,-7.1537622999999995,-6.047682,-3.6924328999999996,-1.5674065000000001,-0.44084132,-0.0120087275,37.765133,9.178586,-10.225361,-16.206204999999997,-12.269962,-5.028735,0.6012382,2.9887479999999997,0.61963665,-2.8077059593850916e-06,0.04596803978404638,,2126.544378041488,1087.6678514381802,10.44603565865699,8.646528475735114,11.454887191882404,19.063535270763328,22.431014922477413,16.560438291755275,18.881277947172485,0.00014475861000000001,1201.640625,0.0284716796875,0.0,0.0,0.0,0.3404714673757553,0.02815734899486415,0.06888908669352531,0.10360860545188187,0.2960419207811356,0.017931110272184015,0.13886013254523275,0.006040347227826715,1.0,True
00:07:33,5c41c28e896e090001c03bb0,119.00555973008764,0.5970440052807221,0.8102632569128124,-22.392633550051208,-285.5768,112.64743999999999,-9.943033,-4.6264434,-0.39299154,-8.172922999999999,-0.15035120000000002,9.346095,1.6755852,-2.7548425,-2.2839742000000003,-3.79046,-39.472954,46.402546,20.223606,-4.238587,25.741934,-19.230747,-29.919058000000003,-4.768488400000001,1.7475392,-9.590984371482841e-05,1.6651698161879045,11.880592752204725,1599.713360267522,2923.576816971085,14.533155303261065,11.165618988084326,17.291065199784413,17.889544052395078,23.516503252599946,20.473540751725448,43.4422001154229,6.5605677000000005e-06,4328.4375,0.11005859375,0.0,1.0,0.0,0.10421805414888594,0.006010402653676768,0.04994324542995957,0.131906405919128,0.012885061118544804,0.14533186165822876,0.4775344708727466,0.07217048430660117,0.0,True
00:07:34,59278c090220760001fda664,,0.7441167724841925,,-56.85103550862439,-469.8235,47.711420000000004,3.385791,0.9768181999999999,-2.0819392,-4.160203,-4.610888,-3.7480974000000002,-2.3476493,-1.1029625,-0.34223127,-0.050350092,31.953243,12.689442,-3.245996,-11.458205,-11.531503,-6.428244,-0.4024977,3.2400985,0.5368201,-1.6349488347321288e-06,0.026857269237354483,,2575.9018671326753,1183.3761885482925,12.67222743748452,8.480200493661936,10.256525036222076,20.67359361415248,16.82179580432878,15.550235750855082,18.373611689348568,0.00022084800999999998,1103.203125,0.0261376953125,1.0,0.0,0.0,0.07697176299989224,0.08530586156994105,0.006804852141067385,0.012812668693368324,0.7608194410800934,0.02456996850669384,0.03084200453013182,0.0018734649813268332,1.0,False
00:07:34,5c41c28e896e090001c03bb0,116.33382369102104,0.9387890871826514,0.5500941551685079,-30.371952175022894,-325.84372,134.39449,-12.140272999999999,-3.0401847,13.831035,0.5264883,-7.223888400000001,1.5587851000000001,2.9622102000000003,1.4007576000000002,-2.478059,-9.866269,-4.052316,-3.057124,4.9579782,6.4200635,14.229007000000001,-1.4368062,-11.269653,-4.431093,1.7028008000000001,-6.120789822177108e-05,1.0237727215433308,13.387217821897964,1661.3103103169858,2066.793972458238,15.622888859245455,11.62672104262206,14.536855212292108,16.48871066137451,22.22081728393015,22.787219480442282,33.32497472297532,0.00044463002,3412.734375,0.0721435546875,0.0,0.0,0.0,0.14670765697956084,0.0049856806464958926,0.09597533065825699,0.07136850310489536,0.004408038826659322,0.15284121334552764,0.5114647895097733,0.012248803721740842,0.0,True
00:07:35,59278c090220760001fda664,,0.7328575396340753,,-53.762630427411786,-459.22835999999995,59.371487,1.6102216999999999,0.7650704,-0.85377085,-2.5046568,-3.4598022000000004,-3.3488142,-2.4691715,-1.5491228000000001,-1.0974224,-1.0408874,36.102222,10.265311,-7.9337826,-14.717462,-12.681803,-7.032665299999999,-1.9134505000000002,0.9491235,0.6078956999999999,-2.4611482258404387e-06,0.04034754754854813,,2263.7540710603616,1129.282458593159,13.120969698028796,8.250628833015103,11.313131191994605,19.36918580265005,19.725539743552087,16.708327141735005,18.63998273378495,0.00016126841000000002,1179.375,0.0281298828125,0.0,0.0,0.0,0.05881995260715485,0.10744069144129753,0.038377538323402405,0.005071035958826542,0.6712560653686523,0.057016950100660324,0.055777658522129056,0.006240100460126996,1.0,True
00:07:35,5c41c28e896e090001c03bb0,147.3156518820028,0.8671471026280588,0.7576450882170506,-32.056242410611226,-305.70132,141.94708,-11.986352,-7.5289917,5.656554,-2.9494867,-14.281785000000001,-9.888507,-5.7953386,-8.951013,-3.4454997000000005,-6.5508995,-13.507360999999998,5.8807077,8.337974,13.392703,5.174738,1.3430909,-11.826091,-13.115004999999998,1.2774537000000001,-0.0001414349239312242,2.3662844320829106,10.728555399985707,2361.705237580419,1834.2416164817496,17.09130991614099,14.000214134713321,15.397659765850491,15.898782278304186,19.726188368196873,20.869287645395055,29.250563337307266,0.0073106615,3511.875,0.0381103515625,0.0,0.0,0.0,0.1472284748134288,0.004121205322338607,0.04548372209749439,0.2638637716458602,0.025191417884674258,0.10476019555194813,0.3800065178762783,0.029344675755551594,0.0,True
00:07:36,59278c090220760001fda664,,0.7456193919990398,,-58.85997417771225,-475.89954000000006,40.089233,2.1855826,0.92027426,-1.644781,-4.10919,-5.4591866,-5.349883599999999,-4.0792775,-2.3352966,-0.8423450000000001,-0.059733808,26.78489,10.332180000000001,-3.6255040000000003,-11.334138000000001,-12.183726,-8.296342,-2.9776583,0.9596077,0.46952623,-1.3427249530180431e-06,0.022138619370422892,,2828.2100917981,1353.1584414463268,12.94961668731278,8.166762195809133,10.64655225416425,19.689133192067413,17.753370899910873,15.248813182387016,18.2413923596411,0.00037415593,1326.09375,0.0269775390625,0.0,0.0,0.0,0.018945345934480433,0.04018914029002189,0.006545351841486991,0.002707114910299424,0.8976851344108582,0.017348645254969597,0.014361097384244204,0.0022181572596309705,1.0,True
00:07:36,5c41c28e896e090001c03bb0,204.77951474845463,0.7155632403306438,3.1538127632034816,-24.096213652079573,-274.02585,161.56956,-7.690489,-11.5864935,-1.8229953999999997,-1.2339573,-6.2749157,-4.0884184999999995,-1.6019825,0.27185532,-3.4989827000000004,-12.716584,-19.172411,5.665204,18.15461,-5.193833000000001,-8.160205,-16.837362,-25.79719,-11.292869999999999,1.6606641,-0.00014059699433632272,2.328588389921527,8.080511763027166,1864.424719309802,1507.7544887358774,14.274179781475208,12.426007295421002,17.839483907682297,16.041167804723493,21.184611879283835,21.499630763603488,32.67624375407348,0.0016824770000000001,2867.578125,0.0323388671875,0.0,0.0,0.0,0.18374449983239172,0.013854142150375993,0.03344678436405957,0.1606749752536416,0.024659966584295038,0.2158411717042327,0.3435793578624725,0.0241991079878062,1.0,True
00:07:37,59278c090220760001fda664,,0.7404006029282763,,-59.70581976805679,-479.80072,35.787495,1.2912323,1.3517488000000002,-0.43448555,-2.861145,-4.7410913,-5.3772388,-4.7161574,-3.2103105,-1.5237473999999998,-0.23709722,25.411076,11.917124000000001,-0.61759514,-8.960331,-11.796365,-9.914732,-5.5370426,-1.1962767,0.41946414,-1.1538147323834407e-06,0.019049331006874608,,3056.262483747423,1414.3996065820086,14.140738261659225,8.859073892992495,11.009620002914419,21.175791638201343,17.22346530327008,14.912433628120574,18.329311405227863,0.00040942366000000003,1267.96875,0.02560546875,0.0,0.0,0.0,0.008467550668865443,0.13812580555677414,0.003255327790975571,8.99719772860408e-05,0.8219221830368042,0.022250624373555183,0.005523058259859682,0.0003654839179944247,0.0,False
00:07:37,5c41c28e896e090001c03bb0,190.79841636175632,0.9496276155908686,0.4442627268795169,-20.737428704249265,-293.73712,110.47343000000001,-7.957683599999999,-10.1666355,-6.436714599999999,-3.6195662000000004,-0.62317276,-4.5835685999999995,-6.979133999999999,-4.154889,-0.8336225,-1.2228407,-30.523273,41.770035,21.297487,-7.7495065,8.672267,-12.378888,-30.522171000000004,-11.910067,1.3965693000000001,-0.00012025454308429905,2.055075992379887,7.840630468266525,1713.0635231259794,2540.167323537117,15.635823143466562,15.494748450982089,21.052078845997688,18.810961575892478,27.14190572185716,22.91956423529395,38.96052028497231,4.0283034e-05,4034.53125,0.082041015625,0.0,0.0,0.0,0.1883727874606848,0.008105559938121587,0.13811810426414012,0.14410185795277358,0.0494298079283908,0.13269854225218294,0.3169625237584114,0.02221081671305001,0.0,True
00:07:38,59278c090220760001fda664,,0.752508084405328,,-61.503439940162295,-484.80965999999995,29.602815999999997,0.23583862,0.9360054,0.033471417,-1.6398177,-3.1341883999999998,-3.8068051,-3.512414,-2.5363355,-1.3664024,-0.44803235,21.551094,10.873288,0.5991732,-6.7247276,-9.851646,-9.084888000000001,-5.919038,-2.2865484,0.39378459999999993,-8.943708974100815e-07,0.014838421242409012,,3325.6080684766976,1547.991721022849,16.38239376895167,7.914587094227683,10.435014251671394,20.996397601404134,16.011806525072743,14.542167298150074,18.34066486308505,0.00055410695,1451.71875,0.0257275390625,0.0,0.0,0.0,0.0062698548194020974,0.06758228428661824,0.0035640709102153782,0.00038729351072106514,0.891745388507843,0.01986077930778265,0.009465136472135784,0.001125254260841757,1.0,False
00:07:38,5c41c28e896e090001c03bb0,176.386655180585,0.9388706087186296,0.8874475888229059,-18.18836664486615,-250.00173999999998,188.17183,-10.912689,-12.377410000000001,-2.967206,0.23902088,-6.264424299999999,-3.8683007000000007,3.9611857,3.0685275,-5.6446457,-8.2611885,-24.059038,-9.051960000000001,29.796858,5.778628,-3.4902263,-16.255173000000003,-29.570736,-17.56298,1.4798583,-0.00014254846788730252,2.3549346158041544,13.354061385895324,1296.4840636047898,1287.6264077079675,19.5489582688493,15.237226251635905,20.56507016229552,18.27781543872141,22.316509506196,24.58898514813969,33.34830754460372,2.4051527999999997e-06,2368.828125,0.0315283203125,1.0,0.0,0.0,0.25588363856077195,0.002628640440525487,0.13067648652940989,0.14127486473880707,0.009184639796148985,0.12657450456172228,0.3078986883163452,0.025878538435790688,0.0,True
00:07:39,59278c090220760001fda664,,0.7478905460328756,,-61.051517290973116,-483.5662,30.845652,2.3209438,1.9209913,-0.31661737,-3.0080566,-4.8617134,-5.2273755,-4.2465644000000005,-2.618207,-1.1674817,-0.45711082,21.499423999999998,9.382172,-1.7699522,-8.971449,-11.007984,-8.659705,-4.1063203999999995,0.14850578,0.40482690000000005,-9.51140423372381e-07,0.015764126728606418,,3234.3080207058183,1528.8668618140812,15.187168432938554,8.051164231562714,10.80564231509318,21.108652793110032,15.871874859899936,14.837046841237571,18.280087981841948,0.0005268741999999999,1451.484375,0.02716796875,1.0,0.0,0.0,0.0019649775931611657,0.02329124696552753,0.0007887989981099963,0.00012908663193229587,0.965787160396576,0.004546324443072082,0.0032172417268157005,0.00027518104034243154,0.0,False
00:07:39,5c41c28e896e090001c03bb0,153.9365666213178,0.9310877211214053,0.35295202934137976,-18.95061079865628,-241.4667,172.3306,-10.0175,-16.345057,0.3799843,1.7259139,-9.188624,-5.84196,3.5956892999999996,2.559804,-6.922517,-10.237166,-44.41338,7.9349275,37.827329999999996,-0.03453511,8.3104315,-8.324257000000001,-27.276909000000003,-7.6945763,1.4754546999999998,-0.00014208238207433357,2.3686732093315297,9.435428230125918,1381.667820116635,1786.132214891992,17.490519936301716,15.369734374092245,17.889529682767307,20.1287450648378,23.299990842531642,25.33562786418207,36.8686273267962,6.060839499999999e-06,3119.296875,0.056083984375,0.0,0.0,0.0,0.15910813733935356,0.005477611720561981,0.19319002851843836,0.07898847660981119,0.00887110223993659,0.15283311679959294,0.37224413454532623,0.029287374042905868,0.0,True
00:07:40,59278c090220760001fda664,,0.7654049752695422,,-60.92343894352057,-482.24234,32.44577,2.910125,2.1162287999999996,-0.65291846,-3.7695634,-5.7273,-5.778215400000001,-4.1288214,-1.6858543000000001,0.45789996,1.5247947,22.399248,9.445674,-2.34825,-9.776328,-11.600217,-8.763844,-3.7095387000000004,0.8173904000000001,0.42571294,-1.0106044523243534e-06,0.016727784822476027,,3153.7608981626336,1491.2975711226595,15.331807130717142,7.719450432722255,10.35147305955556,20.91052343005997,16.22921122142036,14.993622227242858,18.12344672085533,0.0005092739599999999,1425.9375,0.02673828125,0.0,0.0,0.0,0.0010714323667343703,0.011545129562728108,0.0005686305274139157,0.00046424592146649963,0.9788032174110411,0.0021469659812282773,0.00246335708652623,0.0029369821480941033,1.0,False
00:07:40,5c41c28e896e090001c03bb0,148.11850183991154,0.9257014839020122,0.4284713293399677,-19.30920757499009,-255.64247000000003,172.97208999999998,-8.562937,-15.286013,-3.6317766000000002,-5.798082,-11.116805000000001,-0.5270363,10.042519,5.471369999999999,-8.733543,-10.022209,-25.28595,9.346847,31.571716,4.8179154,5.355798200000001,-18.697989,-28.017236999999998,-4.6195045,1.6241386999999998,-0.00013156233694063327,2.189765693858052,13.282741202341715,1393.3330741684265,1596.4450369650513,16.152500836773505,15.677408671140224,20.131235731752323,19.107257210239673,24.517292138498288,24.08629555008159,35.80505222154475,4.489534e-06,2875.078125,0.047783203125,0.0,0.0,0.0,0.24512027576565745,0.009632643358781934,0.11449761455878615,0.05248617376200855,0.010447981208562851,0.1803525261580944,0.3770688742399216,0.010393918061163276,0.0,True
00:07:41,59278c090220760001fda664,,0.7310758717724484,,-62.00242905669568,-486.55078,27.10727,3.5440273,3.1419194,0.59445673,-2.8000236000000003,-5.589837999999999,-6.768646,-6.096275299999999,-4.0617595,-1.5678581,0.48507740000000005,19.024908,8.490957,-1.2801486,-7.650697,-9.451946000000001,-7.244602,-2.894756,1.3009082,0.40579525,-8.574628300122631e-07,0.0142437387189679,,3352.5779534510634,1600.0379856911347,13.384572429392051,8.272710763320562,11.555483011385071,21.132687624443268,15.702336259466751,15.0629245034131,18.305039697591262,0.0006187061,1600.078125,0.0271044921875,1.0,0.0,0.0,0.038032191619277,0.007068157475441694,0.0042854763567447655,0.04020108878612518,0.8280605792999267,0.013871492724865677,0.0513760756701231,0.017104949057102203,1.0,False
00:07:41,5c41c28e896e090001c03bb0,154.08538717014312,0.938345989880902,0.5422311095104305,-18.463757134011907,-258.6274,170.73216000000002,-18.753195,-23.25665,1.0882163999999999,5.936284,-12.429091,-9.7687235,8.932310000000001,8.588113,-8.169407000000001,-10.829953,-25.5872,15.419193,45.629475,4.5126057,-6.612275,-10.775048,-13.202233999999999,-6.366880999999999,1.6619802,-0.00013425983435538788,2.2262150721618124,12.493055937767098,1408.7653351258966,1499.338258057186,16.510712823905994,14.529727914086092,20.406237723153595,18.308003955409102,21.83422209963889,28.263222612358994,33.52926759651128,3.0645812999999998e-06,2812.265625,0.0378369140625,1.0,0.0,0.0,0.10850124224089086,0.004249580088071525,0.07830202397890389,0.18708150666207074,0.07234138674102722,0.07400106701534241,0.3961961595341563,0.07932702575344593,0.0,True
00:07:42,59278c090220760001fda664,,0.7229925016254536,,-58.44841295410655,-476.84177,39.454376,3.8114187999999993,2.416582,-0.6384432,-3.7171516000000002,-5.514026,-5.522003,-4.0511823,-1.9107481,0.024272507000000002,1.1553328,27.812134000000004,13.001055000000001,-0.19241361,-8.206660000000001,-9.945486,-6.822201700000001,-1.7386819,2.3863687999999996,0.47784670000000007,-1.3294302883530009e-06,0.021889764777076253,,2882.9396800876257,1326.0377037008745,13.469846872895493,8.827382176148397,11.425050695140989,21.228917985155896,16.56900964586031,14.943578367956862,18.17490542598352,0.00038073292999999997,1268.671875,0.025283203125,1.0,0.0,0.0,0.02357454663142562,0.003380421572364866,0.00045095389359630646,0.03963358828332275,0.8994195818901062,0.002874183456879109,0.02212968906387687,0.008536989986896514,1.0,False
00:07:42,5c41c28e896e090001c03bb0,130.74624579934334,0.9522150145834456,0.5614613229098941,-28.75974681057543,-316.66183,88.5613,-0.26209286,3.2157793,4.0691476,-6.272432299999999,-0.08241714,2.2432325,-0.6619421999999999,2.451877,-7.856631299999999,-11.427663,-65.04284,4.2711554000000005,2.1553628,-9.25232,21.568077,-10.417428999999998,-17.40721,6.0484705000000005,1.2738423,-8.281185051049336e-05,1.4151727100445155,24.618494235486907,1494.2627391532276,3339.5090034541968,14.720170449467584,12.204270158215136,16.08239198386298,19.858350827179734,24.913075833427385,20.721732221997627,41.206377064927246,2.2225144e-05,4633.59375,0.1370166015625,1.0,0.0,0.0,0.07014219472184778,0.0061376058249152255,0.04426639396697283,0.2628863357007504,0.02320445633959025,0.16599643100053071,0.2701111920177937,0.15725537682883442,0.0,True
00:07:43,59278c090220760001fda664,192.70978168790126,0.8576417587697742,3.8551223914375456,-52.26902112716743,-459.85233,59.53834499999999,-1.1462313999999998,-0.48888153,-1.0800142,-2.652201,-4.3745027,-5.305405599999999,-4.959168,-3.5216074,-1.6799079,-0.24570915,38.802184999999994,15.461141,-1.8456368000000003,-9.997085,-10.958534,-8.4963455,-5.4108415,-2.8623745,0.6291564000000001,-5.483279223895127e-06,0.08927810835224598,37.40839725165565,2366.856085935115,1160.9473809745912,13.68089927130565,9.191110574903645,12.127936281357279,17.895758782422817,19.854451318667827,16.247126445211073,19.95132984372726,0.00025008612999999997,1303.125,0.025107421875,1.0,0.0,0.0,0.002675713133066893,0.019255311135202645,0.0007911422289907932,0.0002872056502383203,0.9681217312812804,0.0030295403354102745,0.00552572684828192,0.00031362151057692247,1.0,False
00:07:43,5c41c28e896e090001c03bb0,158.65144273247859,0.5788227659064625,0.6511288314336193,-23.33474035684561,-232.86029,150.53218,-2.1068132,3.656253,3.472139,-6.598544,-1.7307211999999998,-1.5325651000000002,-3.7871232000000004,2.5719693,0.47922307,-10.056658,-57.45224,2.1621664000000003,4.6417828000000005,0.28808203,3.0109935,-14.891929000000001,-20.660736,-6.601757000000001,1.8777703999999997,-0.00017700239796921365,2.9822998163268006,22.41121983262381,1926.6795566759988,2373.059190592613,13.693787893984174,11.49745718195003,13.540691337445894,17.529201573996126,20.2186435435155,20.99279734512379,40.78215960143932,0.0009674398,3926.015625,0.0782763671875,0.0,1.0,0.0,0.04172752569429576,0.003245379375584889,0.0689636662020348,0.2537904899567366,0.050224828533828265,0.07460300046950577,0.4425159595906735,0.0649291429668665,0.0,True
00:07:44,59278c090220760001fda664,266.68811959927694,0.7334516193327223,7.9573408542516555,-51.790929972335604,-447.99722,67.129036,1.0617442,2.5441713,1.4930794,-2.2434177,-5.959952400000001,-6.713717,-4.7118993,-2.3147173,-0.525482,1.2350409,28.5772,-3.885139,-15.992219,-13.310570000000002,-7.668329700000001,-4.516749,-2.9569833,-1.179159,0.7619899,-1.3247294429969772e-05,0.21787849517606336,82.01667714489001,2518.597671611964,1489.7223324638162,11.537951613434027,8.532790693362474,11.705506519759474,17.46600329325788,19.184629108466265,16.420490142755135,22.578361994931345,0.00039007238,2009.0625,0.0325439453125,0.0,0.0,0.0,0.00545664643868804,0.10509564206004143,0.0017496218206360936,0.0002553039987105876,0.8540037274360657,0.01904910933226347,0.013962843548506498,0.00042712680296972386,0.0,False
00:07:44,5c41c28e896e090001c03bb0,128.65277234332962,0.8840066365838707,0.35754265495476906,-24.577822110617234,-283.20062,159.02196999999998,-3.3660690000000004,6.9824475999999995,8.186204,-8.055684,-4.050343,-1.8627938999999998,-7.087828599999999,4.332365,3.6919706,-9.855944000000001,-9.425483999999999,8.773388,8.166080000000001,-0.6470491999999999,19.225767,-11.645303,-27.39678,-7.239767,1.6899335,-0.00010143488267245418,1.6932657784770004,18.617572475264986,1537.6025527780512,2018.9865214384013,15.939976981230354,13.534836128627525,15.539556445107102,18.597507469586766,27.02397896761037,24.40721407420725,37.66016300887437,1.7331318e-05,3256.640625,0.0709521484375,0.0,0.0,0.0,0.03082195866154507,0.01757899472140707,0.02072988881263882,0.07499500336125492,0.13617998119443656,0.048798096505925065,0.6614312082529068,0.009464858105638995,0.0,True
00:07:45,59278c090220760001fda664,,0.7528395318288847,,-56.91021507903389,-470.66864000000004,46.598392,2.028357,1.3208791000000002,-0.9296235999999999,-3.599968,-5.367733,-5.382755,-3.7566627999999995,-1.432972,0.46388558,1.2574284,31.27035,12.999326,-1.7090034,-9.350442,-10.218283,-6.992136500000001,-2.677963,0.65085006,0.545657,-1.639205980878119e-06,0.026936114521380942,,2604.3234363644133,1220.2136186360485,13.780997107588934,8.347702294155118,11.067929920099212,18.960893219541283,20.443521539660047,15.729719267985535,18.313806518736985,0.00026561613999999997,1266.09375,0.0258154296875,1.0,0.0,0.0,0.022264231275767092,0.09017428532242774,0.0031138382852077483,0.0007107211335096508,0.8051264047622679,0.05032031759619713,0.02792682591825724,0.00036340416991151867,0.0,False
00:07:45,5c41c28e896e090001c03bb0,144.68385770177585,0.8043790649498468,0.08660037130435226,-39.41614208091604,-394.1039,56.376723999999996,0.5325253000000001,1.8862414,-4.6682863,-8.429972,1.3271518,1.6476659,-2.6954287999999997,1.3805724,-1.3388561,-6.264625,-40.03747,4.744935,-5.522725,-9.379864,16.728243,-6.367866,-13.755526999999999,0.4368857,1.184291,-5.242148521938546e-05,0.8897506606460753,7.41389020684506,1942.3692242258967,3637.3282227691307,12.214648931776896,11.592113410189402,16.002014222102446,21.863698926618465,25.735739152941502,25.4563827547952,36.08683358778171,0.0030794735,5026.640625,0.136630859375,0.0,0.0,0.0,0.08557539144530893,0.009030794567661359,0.07402420714497568,0.20258612800389528,0.030846470664255318,0.05219815410673618,0.5371750012040138,0.008563876035623252,0.0,True
00:07:46,59278c090220760001fda664,,0.7008126017918411,,-60.57298679489522,-480.61703,34.262226,1.0086299,-0.0036070497999999996,-2.2515585,-4.302394400000001,-5.0518637,-4.205391400000001,-2.3029610000000003,-0.3040913,0.9886045,1.2995780000000001,23.113497,9.193038,-2.8601148,-9.868575,-11.144298,-8.2351265,-3.7892839999999994,-0.25542763,0.4299483,-1.157815517897252e-06,0.0191366246320931,,3124.9674511328913,1515.5367993969473,13.667099369978066,8.33750315286909,10.872354413690665,19.118130220050837,17.0365382322399,15.197531868686664,18.32644283128653,0.000593542,1630.546875,0.0271240234375,0.0,0.0,0.0,0.008950850181281566,0.09802141077816487,0.0012523371377028524,0.000292782906035427,0.8312116622924804,0.052051012963056566,0.007649547420442104,0.0005703977891243994,0.0,False
00:07:46,5c41c28e896e090001c03bb0,194.9049888842448,0.925390792904354,2.269583042990312,-25.28795582430786,-300.6758,150.2793,-17.731953,-15.950892999999999,-3.2210464,-4.0080857000000005,-11.646389,-4.2977419999999995,4.163136,-1.1409026000000002,-7.726272,-11.192471000000001,1.0965382,6.689159,16.359344,3.8517977999999995,-2.368951,-3.9569745000000003,-14.549835999999999,-15.476904000000001,1.2950171,-0.0001255515582828033,2.0774069034543614,9.22407613116166,1700.134782788057,1384.4883587866643,15.87032595354587,15.874138837573357,19.536356045836538,19.136800593309673,20.56309792480304,24.47900865254789,29.842842007781464,0.00036017233,2393.203125,0.0341259765625,0.0,0.0,0.0,0.01129106159787625,0.0029230435236968326,0.004672307777218521,0.6897290796041489,0.030181694519706075,0.013078179245349021,0.23275488913059236,0.015369736216962337,0.0,True
00:07:47,59278c090220760001fda664,,0.9611078115776802,,-59.953995178420655,-480.60107,34.560673,0.9341398999999999,-0.18007487,-2.498623,-4.6072917,-5.5293655,-5.085885,-3.7797983,-2.3710002999999995,-1.4270841,-1.0848223999999997,24.024867999999998,10.591811,-1.4319594999999998,-8.835741,-10.625507,-8.065683,-3.7500379999999995,-0.25711313,0.4474987,-1.1270376603460744e-06,0.018628613517982253,,3085.476620546045,1455.924838742146,14.484239282240974,8.429291151749526,10.827694159740028,20.33715026449928,17.120084560072442,15.490781388803509,18.335913194380005,0.00047811604000000006,1431.5625,0.025439453125,0.0,0.0,0.0,0.010392640717327595,0.1776932567358017,0.002476916369050741,0.00018725583940977232,0.7426549434661865,0.05655164942145347,0.009422271652147174,0.0006210482766618952,0.0,False
00:07:47,5c41c28e896e090001c03bb0,155.47015157345467,0.9019169862942826,1.9840831680878281,-18.936863369711247,-242.84387,182.44887,-9.110875,-18.535612,-2.1563985,2.1462407000000003,-7.8634534,-3.7685400999999996,1.866582,2.3078246,-3.0089,-10.837537,-25.375732,9.473015,27.311518,-10.664676,-5.135962999999999,-10.603869,-20.28389,-4.9917107000000005,1.5345069,-0.00015151916690730747,2.5219130234040743,16.696549399479448,1382.432675217146,1657.8760084104174,19.07194749550419,15.485475038249572,17.33905300519905,18.328512638678546,21.788850170810647,24.892551241550002,35.009528547018945,4.4747903e-06,2806.171875,0.0500244140625,0.0,0.0,0.0,0.0502238002140075,0.007737914368044585,0.047760757524520164,0.19926812313497064,0.07334788157604635,0.0871592934243381,0.4990880444645882,0.0354141982505098,0.0,True
00:07:48,59278c090220760001fda664,,0.7083781764633567,,-57.977542125482074,-473.06702,42.388092,0.66802096,-1.4227288,-4.102946,-6.019435,-6.322561299999999,-5.080294599999999,-3.0966032,-1.2812836,-0.13949174,0.27694172,25.392122,6.2497096,-7.4720830000000005,-12.605226,-10.753572,-5.8354344000000005,-1.3392844,0.9243876,0.53457636,-1.555963781052589e-06,0.02562930305017944,,2738.0745149704585,1349.6420906032215,11.687876719537616,8.796377981417656,11.114269101781352,19.543079807391784,18.32974125539209,15.28260694777437,18.54886736749036,0.0003537964,1385.625,0.02830078125,1.0,0.0,0.0,0.017811581678688525,0.1971227407455444,0.0067542656790465115,0.0003241033875383437,0.7064469933509827,0.05850262641906737,0.012276219949126244,0.0007614371657837183,1.0,False
00:07:48,5c41c28e896e090001c03bb0,139.05665338504943,0.909003624209484,0.6851185050697227,-22.9816583183562,-305.3988,140.31766000000002,-7.641792999999999,-10.753867,-1.9707689,0.23824787,-8.053401,-4.2712984,3.7393389999999997,4.79023,-3.1238577000000003,-12.544929,-11.782182,13.669111,28.505515999999997,14.245601999999998,10.872414,-11.48354,-22.603624,-10.654506,1.5202433000000002,-9.823779948408613e-05,1.6468861733872726,9.767291765374543,1355.1385293877224,1730.3367334327552,18.020207402379306,14.20278136561933,19.448731952382342,20.981682339673913,24.93560869907448,23.398992696900898,32.23612402556318,4.737366e-06,2729.765625,0.054365234375,0.0,0.0,0.0,0.04354236088693142,0.010782220668625086,0.04339422229677439,0.26173753440380104,0.06103400443680584,0.09496712312102318,0.37972241044044497,0.104820142313838,0.0,True
00:07:49,59278c090220760001fda664,,0.7209160654972769,,-54.95443925322928,-464.6992,53.060673,5.115094,3.149308,0.021251928,-2.9446,-4.828844999999999,-5.173819,-4.0539703000000005,-2.074163,-0.14433807,0.9446392,32.787247,9.049667,-9.066124,-16.692877,-14.601157999999998,-7.337591000000001,0.04393055,4.4114794999999996,0.59034145,-2.1785372694279807e-06,0.035745102479329716,,2423.3313460289637,1216.0243088344853,12.12582566813786,8.411084902904197,11.754742302227099,19.894307127067147,19.073035057209974,15.916488929607578,18.741109158478192,0.00025307747999999997,1247.8125,0.0287890625,0.0,0.0,0.0,0.02748237960040569,0.2726335689425469,0.007160033471882344,0.00028321285353740685,0.5801145136356354,0.0982025906443596,0.013107346091419458,0.0010163504979573189,0.0,True
00:07:49,5c41c28e896e090001c03bb0,121.54942565037581,0.5254575361864139,0.8016276582044111,-31.332711660767703,-343.76977999999997,121.24971000000001,-16.699047,-10.925419999999999,10.7872715,6.5147805,-6.7367496,-2.1662562000000003,2.6932134999999997,8.740509,5.120003,-9.823432,-4.2636332999999995,14.2272,13.449969,4.6379437,19.552128,2.4631097,-11.7521715,-8.535832000000001,1.4821619,-5.751548557830138e-05,0.9778944014951284,14.326905145911994,1713.5050192894435,1914.0828891964638,16.89738032836704,12.166335471909713,17.45790714856448,17.341823567879608,22.415830299885002,20.28465000056697,31.87003276120349,0.0013652889000000002,3300.234375,0.056875,0.0,0.0,0.0,0.057417213171720514,0.01234618687594775,0.027350628934800624,0.04175381865352392,0.1932002345100045,0.04337146673351526,0.6231915086507798,0.001368927938165143,0.0,True
00:07:50,59278c090220760001fda664,,0.7471454314753947,,-49.78474828327055,-440.5602,78.854164,2.2161212000000003,2.4324267,-0.3167255,-4.2589045,-6.3073845,-5.251355,-2.6942866000000003,-0.9510865,-0.5672271,-0.2044324,41.168797,5.620379,-11.885985,-12.403085,-6.688678299999999,-2.7690813999999997,-1.2830296,0.26478693,0.71143043,-4.041490107577265e-06,0.06616873221240419,,1868.5185622037145,1041.9344884079876,12.656857111692537,8.760387842800686,11.656851614656713,18.001631330912236,23.45691876548578,18.06904948587564,19.64102994055988,9.986221e-05,1343.671875,0.027666015625,0.0,0.0,0.0,0.06641159430146218,0.4080869138240814,0.012360044196248057,0.0002360870916163549,0.35943055152893066,0.13794983178377151,0.014442337676882744,0.001082618662621826,0.0,True
00:07:50,5c41c28e896e090001c03bb0,158.8018574355063,0.6598070340363448,1.0581926084057138,-61.793340687066724,-448.50702,37.06109,-3.0624382000000003,1.2949746000000002,3.7893522000000006,-2.9431958,-5.448519,3.3130095,4.407744999999999,1.4295464,-1.2271121999999999,-6.1448936,-25.325197,9.145655,-5.7612760000000005,-5.206971,13.776716,-8.433409,-14.656279000000001,-4.354103,1.2459068000000002,-2.7150055312588086e-05,0.4732548596493959,58.3192362795572,4275.4205012123075,4470.698919128579,10.968230289747005,9.142370384908606,12.599751706324,17.818469630110634,24.94826052063217,16.950784180568412,23.829299381498927,0.027454969,8197.734375,0.094580078125,0.0,0.0,1.0,0.0731235566549003,0.029599398374557495,0.027800165861845017,0.029948144475929438,0.2148661781102419,0.1705208420753479,0.4506139576435089,0.003527764708269388,0.0,True
00:07:51,59278c090220760001fda664,,0.7095122142893375,,-55.53492620047125,-462.14664000000005,54.891613,1.4617562,0.1416373,-1.8555683999999997,-3.1673162,-3.6896737,-3.7414864999999997,-3.2385972,-2.0763428,-0.71575755,0.14484969,32.025005,9.162102,-4.930046599999999,-9.989474000000001,-9.765538000000001,-6.9528623,-2.9447252999999995,0.44495758,0.6277726,-2.8968574392079924e-06,0.047661096598945615,,2593.81082813611,1314.4286362038415,11.97654723505533,7.783238218664354,11.101195987720198,18.52649919633369,18.07677873565725,15.531770254013678,20.26563067514802,0.00030486293999999997,1464.140625,0.02705078125,1.0,0.0,0.0,0.021752761118113997,0.235806006193161,0.006951638963073492,0.0004473994806176051,0.6181845426559448,0.09564296454191208,0.0195050397887826,0.0017096695839427412,0.0,True
00:07:51,5c41c28e896e090001c03bb0,145.81651108312863,0.7498804357251286,1.9537143156603531,-40.633994175712594,-338.35986,136.9617,-0.7335109999999999,4.528263,11.657079,-2.4338884,-4.399552,0.42164078,-5.996247,-0.39270982,0.52342933,-10.410585000000001,-20.341755,-7.535027499999999,5.0615087,-7.046274700000001,5.0591406999999995,-11.455707,-21.449455,-2.6994002,1.2218733999999998,-9.652464409596485e-05,1.60050663941934,29.221053056206227,2601.7303850090066,2211.0168700722547,16.537808818342434,10.274476988291998,13.319292318875261,17.48314235586637,19.15956100965069,18.847614124081787,29.168448144682923,0.005397427,3992.578125,0.0544140625,0.0,0.0,0.0,0.08127472512423993,0.020179175981320442,0.05454273279756308,0.0694904892705381,0.19297916628420356,0.19571225941181186,0.3744036838412285,0.011417768429964779,0.0,True
00:07:52,59278c090220760001fda664,178.4725759182473,0.8816663343817578,1.5223536801788484,-49.68469617195018,-449.52036,71.23398,0.66665006,-0.409328,-1.8999526999999998,-3.7736773,-5.835827,-7.043111,-6.1676335,-3.4892017999999996,-0.6460333,1.1406094,44.076065,15.345861,-3.5542147000000006,-9.753381,-7.409573599999999,-2.7694360000000002,0.24258322,1.0902941000000002,0.6760939,-5.384951764843401e-06,0.08762050259106173,10.091893597136156,2048.9017328665227,991.245343172896,14.576538235413643,9.262835007467672,11.853452909956793,17.370345666396044,21.848673449751722,16.123091229588326,19.73977822252003,0.000110972454,1118.671875,0.0247119140625,0.0,0.0,0.0,0.012451105192303658,0.2458417594432831,0.004080632794648409,0.0002488978672772646,0.6581375598907471,0.06886372938752175,0.009301519859582186,0.001074802444782108,0.0,True
00:07:52,5c41c28e896e090001c03bb0,,0.6066774783916011,,-83.1435594113957,-491.67734,11.400030000000001,-0.24449363,0.34183785,2.2452389999999998,-1.1397,0.43690790000000007,4.2911577,-0.27628565,-1.7152612,1.1002549,-0.35684177,-27.390926,2.8929315,2.4226918,1.5440858999999998,11.546972,0.2051848,-0.7939491999999999,4.4478464,1.0517231000000002,-3.4480480353464065e-06,0.06323717035972187,,5676.3719180093285,6400.6346238472715,10.583426127792704,8.122647247860238,11.6350658900142,15.827937463535047,18.11144661730139,14.059510996115373,19.58016349234763,0.12390646,13161.328125,0.07377672697368423,0.0,0.0,0.0,0.03390657715499401,0.03478804798796773,0.018251350056380032,0.0592781700193882,0.31195188611745833,0.28047865480184553,0.19133687242865566,0.07000846946612001,0.0,False
00:07:53,59278c090220760001fda664,118.08669700775104,0.5653259730393209,0.38666037341802095,-21.71068296539157,-286.75006,166.40723,1.1951273999999998,-3.3636136,-8.906441000000001,-0.6119675,-0.5683199999999999,-5.2659683,0.08380933,0.81024903,-10.769269,-8.479443,-7.1677537,16.67833,50.75192,3.5841093,-18.750657999999998,-11.262035000000001,-19.66402,-15.516789000000001,1.5578787,-0.00012820899102827782,2.124161165327208,23.23565867840985,1660.714972376442,1678.6431782863626,16.191298382204288,11.445596559903688,16.156162891953517,15.276904583558466,20.48827096100479,29.59036309913009,30.515413953747892,0.00011168406000000001,3368.203125,0.04625,1.0,0.0,0.0,0.027705005928874017,0.2569265395402908,0.007705175690352917,0.00046220178483054043,0.5699584305286407,0.11767094880342485,0.01804558448493481,0.0015260816551744935,0.0,True
00:07:53,5c41c28e896e090001c03bb0,,0.6186991577247603,,-86.81069954227938,-506.60135,-1.4370431000000001,-1.565093,-2.3373144,2.7722689999999997,-1.2999207,-2.1405382,2.5114589,-0.7993916999999999,-1.6800023000000002,2.3744737999999996,-0.27263564,-1.6264949,4.326042,-1.4426358999999997,-1.9421863999999998,3.800958,-1.5567520000000001,-2.2339664,3.2184827,0.14887004,-1.316337225856502e-07,0.002696504638119962,,5679.607258001075,7639.80714358177,10.624829626757586,9.6304142000445,12.585460544573559,11.763934972249686,16.619109261392435,19.116471692415047,18.995692979886925,0.15331711,14045.15625,0.12440814393939395,0.0,0.0,0.0,0.045271909795701504,0.01965934787876904,0.035450884699821474,0.12961069429293276,0.23906217962503434,0.2268461227416992,0.18634951785206794,0.1177493192255497,0.0,False
00:07:54,59278c090220760001fda664,110.31851554169384,0.5718487409263042,0.4105454561598918,-42.679776816302734,-393.8199,105.69703,7.307016,3.352479,-5.684830000000001,-5.337108,1.2196133999999998,1.1608806999999999,-3.2429776,-2.0897284,1.2958717,1.2608708,21.02949,1.6424023,14.098453,7.323384299999999,-7.5554895,-13.71664,-11.247452000000001,-1.1842181999999999,0.79978734,-4.4439433084881074e-05,0.7331439263401898,10.831400342756677,2020.5806603950434,1320.434748171861,14.970493843247164,9.733905501619503,13.445356499392565,16.887385588316203,22.536609266361452,18.896306341615446,23.88613144573158,0.00017695983000000001,1960.3125,0.034970703125,1.0,0.0,0.0,0.055949818715453147,0.17697716653347015,0.020351320318877698,0.0020700433989986776,0.5617083787918091,0.14549161791801452,0.034516016393899916,0.00293561820872128,1.0,True
00:07:54,5c41c28e896e090001c03bb0,,0.7081862309461081,,-72.54139994973077,-483.358,14.181968,-3.38847,0.28766918,6.6288056,-1.066633,-3.254207,3.5274693999999998,0.19662113,-3.510275,0.46036062,2.092289,-18.516834,3.223488,7.8288164,-4.59782,1.3603486999999999,3.4275290000000003,0.17627184,0.66849613,0.91229707,-3.3690092040877066e-06,0.0595435917424571,,4597.873111062199,5205.520405921703,10.119544841086556,12.433434071027966,13.407760650747411,14.786418051170335,20.33870484593165,20.15563446618707,21.298674202159745,0.055529922,9827.578125,0.1011572265625,0.0,0.0,0.0,0.1091055642813444,0.007214395888149737,0.05365956500172615,0.09481228068470957,0.018910463294014336,0.3213766321539879,0.3179909333586693,0.07693016771227121,0.0,True
00:07:55,59278c090220760001fda664,180.2434786877769,0.7169803002537284,4.825648236707728,-48.51930749990439,-441.0564,75.98054,1.5023776000000002,1.8969634999999998,0.7949826,-2.1385186000000003,-3.5105522000000002,-1.8861206000000001,-0.99640584,-2.2108855,-2.4861486,-0.40980217,38.58907,11.089006,-0.3051203,-5.784313,-10.258125,-10.506442,-5.6378336,-0.5529946,0.82518965,-9.663383110796e-06,0.15793230479805911,15.275985559708396,2272.4152950715948,1380.908377472708,12.690419539278171,8.463141228676973,11.732627900372904,16.976569699377375,19.003313128946377,17.767692724518646,23.360642882453817,0.00033726476000000004,2197.265625,0.0322412109375,1.0,0.0,0.0,0.026314078457653524,0.2469194620847702,0.008995466306805611,0.0007629538653418423,0.5386512994766235,0.15317214131355286,0.021797425858676438,0.003387170797213912,0.0,True
00:07:55,5c41c28e896e090001c03bb0,221.56695868743344,0.8104409653612453,0.9652559357092624,-35.053701732599194,-323.62134,112.560974,-1.2958448,-3.5326202000000007,-6.010847,-14.358575,-1.2990721,4.847671,-12.168371,-3.6638230000000003,3.6069383999999998,-13.869554500000001,-39.36755,12.074978,19.522182,-9.771604,-0.22087748,-13.451653,-19.562507999999998,-1.9248967000000001,1.2860056999999998,-0.00011158005006192295,1.8692155952997356,11.273607102838174,2284.4001721303384,2484.374752325548,12.491314051448017,15.010730170113721,15.302520020868995,15.997659327025971,23.03603097586824,23.911394742252728,34.552697541972016,0.0027914159999999997,4568.671875,0.0682080078125,0.0,0.0,0.0,0.12792397066950795,0.007162259984761476,0.09858973249793053,0.10113300308585167,0.01332789717707783,0.3274091571569443,0.2529541313648224,0.07149984724819661,0.0,True
00:07:56,59278c090220760001fda664,,0.6815674182931979,,-56.81995621447711,-467.4971,50.272,3.2061229,2.4525566000000003,0.35981944,-2.1950936000000003,-4.233828,-5.0659046,-4.536599,-2.949593,-0.8412521999999999,1.1406106000000003,33.045918,12.9782505,-2.4778123,-9.709715,-9.62272,-5.6301365,-1.0832529,2.0697339,0.5205548,-1.7670181647719708e-06,0.02903444144015504,,2529.202468412264,1200.7403288230444,13.350546908783825,8.140399904062782,10.660355129171727,18.457257862350414,19.167099444642435,16.52445364646603,18.35099261514168,0.0002541469,1293.046875,0.0268798828125,0.0,0.0,0.0,0.02328430153429508,0.19573743045330047,0.01248657125979662,0.0009801945649087428,0.5999443054199218,0.1410578966140747,0.021936189755797385,0.0045730995945632465,0.0,False
00:07:56,5c41c28e896e090001c03bb0,161.61709752423963,0.4671436513193391,1.063349179188581,-44.351737577791454,-355.39594,152.03314,-9.834004,-13.192031,1.6914116999999997,-0.052976456,-1.6921737000000001,1.6654667,-2.2422322999999995,1.9023868999999998,2.6312873,-5.9939537000000005,-22.931765,-6.601464699999999,15.155028,2.9371536,1.3878741,-17.153156,-17.686932000000002,-0.09537436,1.8843557,-8.100139441823362e-05,1.3384174869781642,11.391359424078386,2950.7036042444893,2903.378698700025,14.036689279293947,10.918885333393408,14.27441295835444,14.689804852152,17.650043642677588,18.728937181257614,30.9246459564774,0.017584812,5560.78125,0.067431640625,0.0,0.0,0.0,0.051558603346347806,0.025111417472362518,0.05095657827332616,0.05075150318443775,0.12496077613905072,0.3005839988589287,0.3630183652043343,0.033058772608637814,0.0,True
00:07:57,59278c090220760001fda664,154.22305106112083,0.6355646345771301,3.901418739509429,-51.21111159464365,-458.13794,61.296882999999994,1.1334925,0.38152729999999996,-0.8875681000000001,-2.0465421999999998,-2.7777088,-3.0368845,-2.908808,-2.4130043999999997,-1.5209965,-0.49707073,39.555344,16.44856,0.65523446,-6.0557404,-6.518369,-4.1547513,-1.2981091999999999,0.65852535,0.60125345,-7.892151533809255e-06,0.12819478329806394,9.577315420016696,2612.2001331515044,1381.2940490771664,13.600617624010043,9.11415163488369,11.747007713024722,17.905613509557522,15.855956715324114,15.469173284212546,22.52814123873879,0.0004945042299999999,1918.59375,0.0249853515625,0.0,0.0,0.0,0.08631760193966329,0.0934248711913824,0.028607927658595145,0.015754642931278796,0.4804689541459083,0.14567271582782268,0.03889254434034228,0.11086078614462166,1.0,True
00:07:57,5c41c28e896e090001c03bb0,160.45154565026942,0.8440575116140537,0.3821023368152835,-21.000080008300465,-247.67837999999998,181.56665,-11.6851635,-14.758801,2.0120304,-4.7503505,-5.401778,5.273361,-2.1201699,-3.5385535000000004,-0.8548199000000001,-9.6915045,-34.007670000000005,-15.476524,14.163337,-5.0661607,-1.9095659,-16.654022,-21.203794,-1.6492575,1.3231707000000001,-0.00012972093319274335,2.142739868965454,13.626115064153506,1372.9928403465433,1506.030298028724,19.066090069409064,14.611994578995334,18.307354064498156,17.591432757585356,21.08280259000836,21.49304728478384,35.92812876352849,7.4289287000000005e-06,2753.4375,0.045244140625,0.0,0.0,0.0,0.06961125247180462,0.021126552717760202,0.09098338671028612,0.1016114945989102,0.13711528815329074,0.1970071293413639,0.3423265337944031,0.04021833923179656,1.0,True
00:07:58,59278c090220760001fda664,,0.7366650420292137,,-59.61173082066015,-478.344,37.286144,2.2954805,2.6680042999999998,1.1242346,-1.5196406,-3.9931589999999995,-5.1076117,-4.435037599999999,-2.5887314999999997,-0.7355164000000001,0.28728098,25.772577,11.648437,-0.45342696,-7.723370599999999,-9.734213,-7.796949400000001,-3.9449537000000006,-0.120414525,0.47039244,-1.285250537192228e-06,0.021188926641871133,,3021.945804449484,1418.8044663231037,13.992434961097185,8.112043524524758,11.139794450213149,19.534225792204925,17.43732638136246,15.528283811219472,18.076626872777915,0.00047817023,1426.875,0.0257568359375,1.0,0.0,0.0,0.005822754139080644,0.10836919788271188,0.002169532550033182,0.0002504359174054116,0.8332886576652527,0.041720878519117835,0.006645356677472593,0.0017331803450360895,1.0,False
00:07:58,5c41c28e896e090001c03bb0,148.3669626549634,0.4551825618350452,0.31403122548490675,-32.03760448062062,-311.76833999999997,163.7037,-4.5330505,-3.263241,4.2779746,-4.809869,-5.919921400000001,2.5477855,-0.75597686,-1.1772423,-4.2323933,-11.984795,-20.175617000000003,2.7121633999999997,33.513836,6.295030000000001,-1.7393011999999999,-19.381977,-29.326977000000003,-9.27185,1.4859391000000002,-0.00011277543533350591,1.8594337943953736,10.896781453919608,2197.3935087683385,2007.9555645567943,17.130535485496033,13.764021400212345,17.501836300416638,17.102402506940944,22.299419282282877,21.5185221446158,30.423073870918365,0.00887006,3985.078125,0.04013671875,0.0,0.0,0.0,0.08421673700213432,0.03596911346539855,0.053955717757344236,0.06850087430793791,0.2098050981760025,0.2003140188753605,0.33119146823883056,0.01604696509893984,0.0,True
00:07:59,59278c090220760001fda664,,0.7512882772358658,,-60.557342161700326,-480.59105999999997,33.355938,2.0318669999999996,3.2330146,1.7940218,-1.5144360000000001,-4.50977,-5.799809,-5.4576592,-4.027914,-2.3312492000000002,-1.3863773000000001,21.557198,9.685706,0.34993425,-6.5329914,-9.924192999999999,-8.903546,-5.096449400000001,-1.0234966,0.47919620000000007,-1.1989210981994834e-06,0.019913367959588413,,3097.1147975717076,1535.4947495607648,12.421765103464162,8.061321920582909,10.614559285209186,20.321788916241783,15.533587384697675,16.606560098464588,18.325285311315568,0.0005348800299999999,1722.1875,0.0278271484375,0.0,0.0,0.0,0.01496119350194931,0.21481042206287385,0.0044548746664077035,0.00027424226282164456,0.61795574426651,0.1351610541343689,0.00906333392485976,0.0033191690105013553,1.0,False
00:07:59,5c41c28e896e090001c03bb0,183.0827429062931,0.9198098104359969,2.0810741648367803,-19.297792249518537,-269.16747999999995,174.98346999999998,-17.319769,-20.611588,-3.112404,1.0267815999999998,-1.8059741000000002,-2.239114,-3.3194044000000003,0.6822292,-2.1120462000000004,-5.520853,-5.545382,19.610342000000003,36.739513,3.8583917999999997,0.65051997,-14.068225,-23.497206,-10.127303999999999,1.5599366000000001,-0.00012206494211322707,2.009143506383306,19.685335259117892,1341.3499490098488,1184.2738579643049,15.90401928979932,13.828120780639168,19.466532205551726,16.958668028213953,19.9122585675962,22.029160157222567,35.211694879867416,3.6344875e-06,2255.390625,0.028056640625,0.0,0.0,0.0,0.05515861473977566,0.04386950600892305,0.06893151402473449,0.033483517356216914,0.4942245036363602,0.18190763741731644,0.0934305164963007,0.028994169645011426,0.0,True
00:08:00,59278c090220760001fda664,,0.8839525326678416,,-60.802342753521216,-484.25604000000004,29.882057,5.015735,4.284888,1.2784621999999999,-2.4503,-5.3010589999999995,-6.293068,-5.3663907,-3.242784,-0.97691643,0.548457,20.60076,8.666072,-2.1337040000000003,-8.8094845,-10.194857,-7.1519437,-1.9652003,2.7328959999999998,0.40402117,-9.91263972684388e-07,0.016417136643385972,,3235.846303708471,1550.6839795442572,15.833831370381976,8.511396546137973,11.837375759539325,21.028998282038568,17.184442074256378,14.954913682150007,17.985251077022372,0.00057033997,1586.953125,0.0289404296875,0.0,0.0,0.0,0.025698215514421464,0.240011765062809,0.00925318654626608,0.0005473501863889396,0.5538067460060121,0.13862751424312592,0.029352647997438912,0.002702574606519193,1.0,False
00:08:00,5c41c28e896e090001c03bb0,143.97847027173538,0.7844567112471641,2.823216367262217,-25.347053861691126,-295.7029,148.4967,-5.3754134,-1.0411584,6.8745866,-2.3425324,-9.261955,-3.6680334,0.085494384,-1.6370396999999999,-8.267814,-6.9045534,-23.355743,-2.5461998,19.320510000000002,3.1048536,13.563467999999999,-5.2997955999999995,-27.661507,-13.186347,1.7556088,-9.304635195521404e-05,1.5439389523404492,24.96860844251967,1347.7201931222419,1882.1655286730304,15.944523223735356,11.438740383749002,15.563601214146686,18.55303611320668,24.12483437343363,19.761164507914426,34.888539377067595,1.5344995e-05,3137.109375,0.066591796875,0.0,0.0,0.0,0.06961803119629621,0.03911755001172424,0.13919036239385604,0.08143185065127909,0.24509821981191635,0.23822513297200204,0.15421376638114453,0.033105074288323516,0.0,True
00:08:01,59278c090220760001fda664,,0.7088098770022695,,-57.58684045162892,-472.96112,43.176132,3.0093517000000003,3.4374303999999998,2.2333746,-0.19560908,-2.661045,-4.1188910000000005,-4.383521599999999,-3.9321961,-3.2006557,-2.2555264999999998,27.90135,10.952950999999999,-1.0729347,-5.966002,-5.6392245,-3.244641,-0.7256864000000001,1.4251871999999999,0.50342757,-1.8852656197434737e-06,0.030987223244119413,,2860.957051947067,1368.476966097776,14.014847906089154,7.852564290994245,11.191820077308948,18.428471626351953,19.141897374782214,14.91248316641605,18.952731217251287,0.0004535787,1555.78125,0.024619140625,1.0,0.0,0.0,0.06953933164477348,0.21730445325374606,0.02498323591426015,0.0014474981871899215,0.390755558013916,0.22108322978019715,0.07301701419055462,0.0018696594052016735,0.0,True
00:08:01,5c41c28e896e090001c03bb0,217.91275972224838,0.647104847243027,5.067570721430794,-22.71350371975157,-244.39275,153.9109,-7.930949000000001,-9.992289,-2.4822986,-6.511101200000001,0.37582687,4.938092,0.46258315,2.4160974,-0.47945213,-5.7744365,-44.561188,9.391144,22.27679,-1.4798642,-8.880969,-23.346332999999998,-25.654066,-7.278849,1.961067,-0.00014854266031521355,2.4891005195649867,25.03447819185173,1811.173622913913,1963.9540118168256,14.76280664430616,11.780387828353634,16.74967584379035,14.732411349673427,20.127712479922682,21.791122071178123,38.90499677669961,2.6049249e-05,3434.0625,0.058037109375,0.0,0.0,0.0,0.02202159320586361,0.031110516306944187,0.029111713860766032,0.04163532718084752,0.5806671515107155,0.10738709522411227,0.17040984854102134,0.017656775843352082,0.0,True
00:08:02,59278c090220760001fda664,360.1112408498999,0.916574685088066,10.308947539472252,-50.884752186160355,-450.0334,66.96733,0.85916376,3.8594224,3.0957277000000003,-0.8890181,-4.818157,-6.1445419999999995,-4.883305,-2.5941408,-0.55545986,0.7575185000000001,33.426258000000004,3.4551529999999997,-8.957345,-6.8603735,-1.9517931,-1.2972409,-3.102641,-2.6478412000000002,0.7324694,-6.545170790307748e-06,0.10746672104915488,9.63789738066414,2348.0308344676528,1401.6459587808238,10.628680385969867,8.751124984058404,11.113653489172798,17.568749929480422,20.613117290462046,16.431997151258773,22.393363669693073,0.00035275139999999997,1902.65625,0.032939453125,0.0,0.0,0.0,0.07067200765013695,0.29160466194152834,0.018867717310786247,0.0011253800708800553,0.35596314668655393,0.2246929168701172,0.03461362533271313,0.0024605556158348923,0.0,False
00:08:02,5c41c28e896e090001c03bb0,153.26236455839162,0.6190764644838287,2.023612985826401,-40.120000714194276,-331.46106000000003,137.20457,-15.361673999999999,-9.752836,5.851953,-8.13534,-4.270603700000001,12.107992,3.7316949999999998,-1.6785613000000001,1.5293728000000002,-4.8646235,-36.68762,6.231243599999999,23.661417,0.93300456,4.2188926,-20.287796,-19.970861,-0.5109537000000001,1.7973201,-7.389397839989392e-05,1.240871796782792,23.758719649361314,2641.003307411961,3042.569913826016,10.71998895141727,9.941337798489409,14.860384040740847,14.02936989463433,18.639592890430016,21.016601090859858,34.387930860171416,0.020423763,5719.453125,0.0867724609375,0.0,0.0,0.0,0.009799532045144587,0.010328675818163902,0.022933039459167047,0.021493515395559368,0.8228363394737244,0.021835422911681238,0.0811967622488737,0.009576693788403643,1.0,True
00:08:03,59278c090220760001fda664,,0.7258415283122375,,-57.75416107310625,-470.53482,45.914505,2.8515568,1.9484953,0.22234952,-1.7685089,-3.3154573,-3.8317735,-3.2206135,-1.9099343999999998,-0.51092786,0.54973704,28.728921999999997,9.2586355,-4.827179,-10.242413,-8.618176,-3.9993358,0.17209192,2.4360485,0.5207567,-1.7342770822186596e-06,0.028498671970143063,,2735.1350430515477,1337.1579731753895,12.707047524230964,8.132488507751978,11.042679916845234,18.98416632924549,20.422620283932734,16.110091949805714,18.23384352235818,0.00041166318,1507.03125,0.02736328125,1.0,0.0,0.0,0.05607046857476235,0.23919493556022645,0.012087552063167094,0.000707960338331759,0.3696451365947723,0.26442148089408873,0.0560327161103487,0.0018397197593003512,0.0,True
00:08:03,5c41c28e896e090001c03bb0,274.8731948627871,0.8077311449601897,1.2175020847548643,-42.94568114166039,-342.4532,128.32352,-9.010369,-4.243816000000001,0.6284946,-7.148886,-6.000188400000001,-2.732239,-7.101125200000001,-2.844569,-2.7680616000000002,-9.09796,-30.487886,-8.789477,1.1631943,-12.99917,-7.889326,-6.470078,-2.0735226000000004,-2.0007848999999998,1.9454613999999997,-7.218468461394904e-05,1.2061745679342046,20.28261978377185,2578.877213034957,2527.019851816834,11.748104725426195,11.020488505863408,12.976136624479,15.602457310955849,17.728216120046483,22.435299168032433,30.795110629485716,0.007592379000000001,4583.203125,0.0696533203125,0.0,0.0,0.0,0.05948771974071861,0.011172693548724057,0.02739841416478157,0.01665551955811679,0.7334168285131455,0.01457843296229839,0.1354242440313101,0.001866137963952497,0.0,True
00:08:04,59278c090220760001fda664,119.70396770783218,0.5699258467122232,0.4815856980935117,-32.34542702869245,-350.6666,153.7034,5.853952,7.582560000000001,-1.5265145,-7.734528500000001,-8.59278,-4.9074444999999995,0.3555761,-1.0944191,-4.566657,0.5023545,37.96342,-7.682752000000001,-0.08434908,2.915893,-1.0002751,-4.8654866,-10.709863,-6.748827499999999,1.0648191,-6.559219296748268e-05,1.0739476805069623,18.334844246445254,1359.7559532989808,1002.4911723672894,15.890929088355591,9.593218975080395,12.926900374039096,17.149341335405538,25.49149902426693,21.36233317810685,25.450066561209837,3.117387e-05,1488.046875,0.030146484375,1.0,0.0,0.0,0.07894410938024521,0.21958517134189606,0.01911513777449727,0.0010742916201706976,0.33381281793117523,0.282473024725914,0.0631486002355814,0.0018468645983375608,0.0,True
00:08:04,5c41c28e896e090001c03bb0,,0.5124885885170569,,-46.1289908210974,-363.04404,96.24077,-23.875881,-26.808378,-4.5287642,-10.770778,-13.368838,4.8669667,4.934798000000001,0.27344975,-0.5074778,-9.445642,-58.520630000000004,-9.027677,19.52638,-4.924044,10.689927,2.8207857999999995,-13.7483835,-7.175513700000001,1.2838541,-2.387731242775142e-05,0.4092429529433672,,2653.2553243050447,2949.519082442574,15.088072269006071,8.397976965217271,14.22719644659431,17.265411811483887,17.748845635944114,20.175175531181182,29.565545565041514,0.0045229387,5500.078125,0.0926416015625,0.0,0.0,0.0,0.11105436384677887,0.004080010717734696,0.021409072261303664,0.039343036990612736,0.6327929466962814,0.010255231242626905,0.17916518226265907,0.001900168030988425,0.0,True
00:08:05,59278c090220760001fda664,94.82702589460982,0.6641839759253969,1.5919460605301197,-44.085186361939535,-411.47677999999996,104.97735,5.801239,8.967234,3.4176763999999995,-4.0801169999999995,-7.463825,-5.5724163,-1.4347466,0.81597054,-0.5918739000000001,-3.6402775999999997,40.480746999999994,-3.7324834000000005,-8.578821000000001,1.8264281999999998,0.9885096999999999,-9.84873,-13.945077,-5.435246,0.8195273999999999,-2.3487237823109005e-05,0.3836744592764758,17.896498077142514,1801.0311899462936,1155.012483631087,12.214520403006235,8.579585286974671,11.11527748764373,17.820917407849265,25.91906840492015,17.08303913866131,22.901838559177374,0.00011942268999999999,1621.640625,0.032783203125,1.0,0.0,0.0,0.2471253454685211,0.14446194004267454,0.05939863696694374,0.01178180631250143,0.2010266710072756,0.21862619668245314,0.11489642336964608,0.0026829953305423262,0.0,True
00:08:05,5c41c28e896e090001c03bb0,226.8672846582554,0.7725393139742884,0.4596154021254536,-54.99472170263942,-375.59567000000004,97.83702,-13.055425,-11.531018,-7.9602759999999995,-10.077888,-6.159204,-2.2851071,0.48387727,-0.6171607,0.07673851400000001,-6.9192605,-31.761871000000003,19.886293,-3.3294582000000004,6.1262746,5.8044839999999995,-13.59454,-16.848372,-10.440432000000001,1.6042531999999998,-8.581325168954171e-05,1.4616195734120827,14.248415088024704,3860.85164716274,4130.714840124126,12.1041462624911,10.043527836478685,16.262550212362243,16.176152304273277,16.84897691439451,16.460445692965216,28.41368926857516,0.1248792,7955.674342105262,0.06276212993421053,0.0,0.0,0.0,0.02912650862708688,0.02109672618098557,0.03519371300935745,0.03398384104948491,0.3847478672862053,0.14409549348056316,0.3396280273795128,0.012127823592163623,0.0,True
00:08:06,59278c090220760001fda664,,0.7355529457796779,,-63.25580625236746,-488.84018,24.312654000000002,2.9120779999999997,3.4775595999999998,2.1390877,-0.18984127,-2.3583074,-3.487314,-3.2870755,-2.0821042000000003,-0.5782381999999999,0.4928229,17.3699,8.193228,-0.54668796,-6.57275,-8.741275,-7.3127637000000005,-3.6853054,0.2601198,0.34127206,-7.746456314921777e-07,0.012885582626176766,,3555.7668594003057,1723.3209050293995,15.789937864439066,8.662796871366421,10.613788477187583,20.774642233043412,16.19669514099016,15.004545707519267,17.8442264980717,0.00088279584,2109.84375,0.026162109375,1.0,0.0,0.0,0.2909407049417496,0.11706919744610784,0.04876331742852926,0.119116084696725,0.13061883710324765,0.12870064862072467,0.11360125802457333,0.0511899471282959,1.0,False
00:08:06,5c41c28e896e090001c03bb0,229.88817257400643,0.8656001552066664,0.9276763097228491,-18.71080694674057,-209.15573,146.48111,-13.560611999999999,-13.747189,-2.3804197,-6.695578,-9.045928,-1.9952303,-2.0034204,-5.0139265,0.61282605,-9.60418,-61.76945500000001,18.271898,5.60635,-6.9362493,0.09624576,-18.399656,-25.53213,-9.473664999999999,1.5814164,-0.0001747709063993641,2.9759574682618934,13.630670923205914,2068.068838459592,2344.670296514577,12.010471828449356,15.30543310307214,19.419990911440532,16.963658117476,22.977686838467502,20.822372551811426,42.146633158454144,1.8809602e-05,3953.671875,0.066494140625,1.0,0.0,0.0,0.07961264457553625,0.006831353575398679,0.1162722605280578,0.2347479263320565,0.031067984295077625,0.17804293502122165,0.16447134949266912,0.18895349837839606,0.0,True
00:08:07,59278c090220760001fda664,125.36606030033722,0.5918979145445028,0.5531668533952213,-38.46564753976092,-384.58588,106.76187,0.55961525,6.001688,1.3530875,-3.079351,-6.7517033,-3.3338416,2.1063932999999997,-3.2513754,-8.728132,-4.8162303,13.226438,0.811307,8.26269,-4.982919,-4.350194,0.17447376,-11.754246,-13.846710999999999,0.99200284,-8.512888019910047e-05,1.398688339182852,16.167455868497452,2215.6614945382016,1489.3820147509293,15.536617522331536,11.628149257364088,13.064297949683144,18.04841556205313,22.597602839243628,26.737790232821173,22.9802362070578,0.0004782982,2234.0625,0.0366064453125,1.0,0.0,0.0,0.18266080021858214,0.017521491460502147,0.04037985191680491,0.04948681183159352,0.5716268360614777,0.047825147211551663,0.05162239819765091,0.03887665458023548,1.0,True
00:08:07,5c41c28e896e090001c03bb0,,0.9617529412631608,,-91.28969336149972,-505.43787000000003,4.8645644,3.071387,4.733124299999999,0.6758860999999999,-4.4436116,-4.761245,-0.15862802,3.9242477,3.1269807999999997,-0.96174955,-3.2042007000000003,-4.2026334,-8.034495,-3.4261502999999998,3.4274370000000003,4.740797,0.12072476,-3.802027,-1.9690039000000001,0.100846924,-2.0317596348843288e-07,0.003583829333293008,,5535.55392244466,5221.1505699843765,9.469069239159571,9.424125936581511,10.48592408201951,14.556524164494718,18.709509719518053,12.220270902197251,13.821781158766026,0.39355788,10339.38419117647,0.07002527573529413,0.0,0.0,0.0,0.04565584883093834,0.0019846701819915325,0.04631711952388288,0.3857755690813065,0.003074591315817088,0.09217683654278516,0.09635216696187854,0.32866323590278623,0.0,True
00:08:08,59278c090220760001fda664,140.17933709293385,0.6385319165284447,2.112530503338676,-19.107103603475615,-271.14267,196.23843,-9.018561,3.7604477,-0.5612130999999999,-3.1340413,-3.0178165,-5.1314015,-5.329066,-4.878226799999999,-4.6297455,-2.4267355999999998,-1.7575923,-34.814037,7.456376,13.707854999999999,8.216844,5.1712620000000005,-20.910511,-31.074540999999996,1.3344234,-0.00015462190570651467,2.5515343852908043,17.53206482796394,1324.5003990927644,1367.1756276640494,17.198753073833082,12.895027852105287,16.285013335314513,18.07782601873482,25.785434079330297,26.82586946450913,29.389257002256638,6.7081615e-05,2338.125,0.042822265625,0.0,0.0,0.0,0.04275085926055908,0.02976980488747358,0.015133725479245188,0.009256210434250534,0.8111074686050415,0.0386432008817792,0.04663817379623651,0.006700580799952149,1.0,True
00:08:08,5c41c28e896e090001c03bb0,,0.6112547032230348,,-104.77051384258318,-507.3195,0.60787684,0.49919713,1.4180620000000002,0.69661707,-0.8245087999999999,-1.3862828999999999,-0.34647804,1.085864,1.2569773000000002,-0.021266092,-1.2649768999999997,-0.9279293,-1.3897696000000002,-0.24487038,1.1809669,1.2394782,-0.13365903,-1.3482816,-1.0022175,0.007254839,-2.167964579489604e-08,0.0004615610699972085,,6566.194869991825,7303.431234309591,9.298781531788322,9.1999140237442,9.685786300046006,11.432609896717608,13.126736771714508,10.617714669460883,12.436587311644994,0.6747105999999999,15805.050872093025,0.032185872395833336,0.0,0.0,0.0,0.06383153051137924,0.003405145020224154,0.05860441122204065,0.17779745906591415,0.0020539897843264037,0.20285535231232646,0.18739021494984626,0.30406191349029543,0.0,False
00:08:09,59278c090220760001fda664,107.07737234407091,0.8049123943599886,1.3014123018894443,-24.19457722692411,-275.16013,186.02501999999998,0.8348899,11.730103999999999,-2.6371724999999997,-4.902701400000001,-1.9893483,-4.457116,-4.043371700000001,-5.752848999999999,-9.316799000000001,-3.8372788,-10.839684,-21.659218,20.560682,1.1780893,-0.98927915,12.009932000000001,-15.116710999999999,-28.346684999999997,1.2311623999999999,-0.00010827339332396644,1.7888283404801928,17.044944162768267,1337.3068379598742,1425.5066406101441,16.157861002983697,10.84053917202458,13.16132424747764,16.231348019784384,22.715082332880648,29.958495145107676,27.624869606790252,4.1025807e-05,2442.421875,0.0469287109375,0.0,0.0,0.0,0.03650142075493932,0.05820067673921585,0.04438200271688402,0.002618334605358541,0.8182892680168152,0.01967851771041751,0.014925223123282197,0.005404560850001872,1.0,True
00:08:09,5c41c28e896e090001c03bb0,,0.5395239271613939,,-95.46520409072971,-506.31300000000005,5.104893,8.920863,3.3608556000000003,-4.3849125,-6.1554337,-1.6118978000000002,4.4339379999999995,5.6980453,-0.04603966,-6.163489299999999,-4.1532393,-14.746613,-12.942212,6.2752657,14.960826999999998,3.021677,-10.835144999999999,-8.797512,3.3485038,0.64014786,-1.7172691388899127e-07,0.003078157782619746,,6194.3315006993835,7450.47191493127,9.241037146128024,8.962952739502176,9.650610753995752,13.173790825175299,16.016492601957744,15.366543307009852,14.389040823232358,0.38527322,15035.3125,0.06569723886986302,0.0,0.0,0.0,0.09430204182863236,0.002816921309567988,0.039454466663300984,0.15134553909301754,0.0011981824238318948,0.21434188187122344,0.2172370970249176,0.2793038532137871,0.0,False
00:08:10,59278c090220760001fda664,,0.7411602867104589,,-63.36083242966612,-484.95117,26.196245,3.9670656,4.919251999999999,1.6118101,-3.3028345,-5.855441000000001,-4.646909,-1.6595355,0.33045343,0.46893296,-0.06597647,12.254703,0.026259067999999997,-4.846625,-4.1636543,-2.928275,-3.1475732000000005,-2.760157,0.16788094,0.35168222,-1.2033652236193951e-06,0.020034795708593036,,3706.583238024432,2142.8427474610808,14.977669370619509,8.34599247100539,11.075957181150796,18.489644573714052,19.79363704250637,15.152706923543391,17.940937355284184,0.0022191973,3564.140625,0.036201171875,1.0,0.0,0.0,0.017928235977888108,0.01845364365726709,0.006729267770424485,0.0068957010866142815,0.8890742659568787,0.016648140037432313,0.041630940278992064,0.002639799762982875,1.0,True
00:08:10,5c41c28e896e090001c03bb0,225.04386363553192,0.7529825808875694,1.4330486086510157,-27.559032048393053,-183.1318,146.87946000000002,-11.4665785,-8.490632000000002,5.5133795999999995,-3.1494215,-3.5977737999999997,-5.0016956,0.75820726,-5.005221400000001,5.596476999999999,-11.064336,-63.968869999999995,18.457796,-19.677412,9.768517999999998,-18.349552,-3.5846527000000004,-25.534779,-14.696681,2.1001982999999997,-0.00034726935034169905,5.951965823547392,10.793851125987182,2950.967445215221,2811.111393564367,11.53689441297002,11.429121811209749,14.798648439096254,17.155300389076277,18.412990514316846,17.864350149634326,39.004786897867724,0.117650725,5229.653159340659,0.044143844436813184,0.0,0.0,0.0,0.06717446455731987,0.009182709292508662,0.030661043035797773,0.1566537767648697,0.095484199677594,0.1681430410593748,0.25852151662111283,0.2141792718321085,0.0,True
00:08:11,59278c090220760001fda664,440.60127511264085,0.965998650533616,4.827344902549928,-50.32368229170318,-447.7705,69.72183000000001,0.11623466,2.5702324,1.6682457999999998,-2.4232187,-6.535759,-7.373731599999999,-4.2678633,0.4565209,3.5424364,3.4157013999999997,34.382225,1.0107235,-14.968898999999999,-14.324619,-7.928732000000001,-4.2948427,-3.8311095,-2.8292515,0.7399175,-7.475345164503003e-06,0.12305717245898838,34.14832718086405,2136.2354871757216,1248.8993986201108,11.632064428841653,8.709784427810767,12.28042400132306,17.852333958165993,21.81178051299912,16.373943070258314,21.082204381057366,0.00020335991999999997,1545.46875,0.0323095703125,0.0,0.0,0.0,0.018157378956675532,0.20272356420755386,0.009523304365575313,0.0006514918233733625,0.6712107539176941,0.07504398971796036,0.020173110999166962,0.0025164243415929377,1.0,True
00:08:11,5c41c28e896e090001c03bb0,219.9415940019076,0.9611478667191607,5.472920739255189,-58.673375165396315,-388.56934,62.33834,-14.518606,6.7708197,15.077966,-5.6450224,-3.4364882000000003,-3.0520023999999997,0.04599637,0.7081165,-1.0821464,-4.3993535,-41.190234999999994,35.52277,-30.913666,-13.416448999999998,12.115913,-13.390837,-10.496835,3.1836967,0.98686874,-0.00010765756054628073,1.8616843553320699,29.723347772538872,3537.3802028673804,6020.735087119178,12.007603979792414,9.41331120929724,11.896239784063425,16.712191987176947,19.84763800592022,22.35235448533523,33.338595071100706,0.18937609,9813.358516483515,0.14783117273351648,0.0,0.0,1.0,0.011553175305016341,0.007712984200043137,0.008504069806076587,0.11662954124622045,0.3672708636324387,0.018288777046836912,0.4590096950531006,0.011030893065617421,0.0,True
00:08:12,59278c090220760001fda664,155.7617654753556,0.7338914433285595,2.7162278302236804,-33.106048349709546,-360.0182,135.46513000000002,0.53704,5.022267299999999,4.898719,-1.870218,-10.63209,-8.052802,-2.1751766,-3.6674044,-3.0440598,1.3527325000000001,26.700135999999997,-0.8115791,4.341446400000001,1.3041142,7.038624,6.487133999999999,-7.17921,-8.730449,1.0585544,-7.32035296769958e-05,1.2010663308079206,15.903890849420087,1612.854005426522,1052.95870401728,16.313565714164312,11.575628482685325,14.379496917293242,16.265100260410367,23.39464555743843,23.210518229303414,24.79602898026475,6.946449999999999e-05,1518.046875,0.0269287109375,0.0,0.0,0.0,0.011472717858850956,0.13164565339684484,0.004061432462185622,0.00037379171990323815,0.7663403511047363,0.06868698298931122,0.01652532061561942,0.0008937357109971344,0.0,True
00:08:12,5c41c28e896e090001c03bb0,,0.0,,-109.46512580451794,-507.33987,,,,,,,,,,,,,,,,,,,,,,,,,,10.211688719812749,10.211688719812749,10.211688719812749,10.211688719812749,10.211688719812749,10.211688719812749,10.211688719812749,1.0000007,,,0.0,0.0,0.0,0.01750204907730222,0.003439606682513841,0.010292767267674207,0.1395745813846588,0.0217717133287806,0.029956948664039376,0.7750754714012146,0.002386878535617143,0.0,False
00:08:13,59278c090220760001fda664,181.79947232208556,0.6288658404843378,3.793242103210559,-25.054191619223854,-289.22296,162.31932,-1.1273252,4.45635,0.89216286,-7.1040387,-8.99284,-3.2532907000000004,-2.6691942,-5.4152627,-5.610501,-2.6651027000000003,-22.038565,-28.200166999999997,9.520107000000001,10.668775,4.7963066,-3.4937312999999994,-19.770247,-17.739223000000003,1.7511081999999998,-0.00012396551190503583,2.06090492405561,31.57844879432643,1724.6906852311456,2002.9228239534534,15.285947837164226,10.995070470881501,14.156449556415012,17.030120971919512,24.160082165473924,24.31058870717373,31.668132524940585,0.0004074035,3367.734375,0.0650146484375,0.0,0.0,0.0,0.020567329600453373,0.2410288065671921,0.0068496886640787135,0.00026191656361334025,0.6176143646240234,0.0914549894630909,0.021550247259438042,0.000672636937815696,0.0,True
00:08:13,5c41c28e896e090001c03bb0,,0.6589492699812322,,-108.23364288836962,-507.33987,,,,,,,,,,,,,,,,,,,,,-1.0063508730050524e-08,0.000269942391664191,,6634.15923180921,8880.881738657908,9.988888209775373,9.657404128033775,10.251287055446344,10.627461320576025,10.867409990488655,10.698455699244727,10.902477998493405,0.90736073,17350.0,0.0255859375,0.0,0.0,0.0,0.052760285325348384,0.010173179453704505,0.04381510661914945,0.10401134714484214,0.02689670859836042,0.1253894455730915,0.6271808594465256,0.009773077373392879,0.0,False
00:08:14,59278c090220760001fda664,144.98425315361118,0.8674151059885362,2.0840597774542737,-19.892913366682386,-252.53455,186.08391,-4.407776,8.485298,5.9286046,1.804025,-5.2626204,-0.66896087,9.855945,2.6154732999999997,-13.888367,-9.907786,-21.487572,-14.029231,25.561923999999998,7.842871000000001,-4.5254745000000005,-5.1279407,-32.015854,-36.49787,1.1052021,-0.00017288561556961675,2.8634418047970116,25.57526126613156,1561.4519918538238,1796.7677331823072,16.245403227843994,11.848871071595926,18.92027078076832,18.19433366436961,25.09475032908385,28.456526900787487,30.96228082725351,9.5544376e-05,3176.484375,0.054365234375,0.0,0.0,0.0,0.014733891282230616,0.1906957656145096,0.005043226899579168,0.0002947383210994303,0.6879424691200257,0.08526363521814348,0.0149803189560771,0.0010459524346515536,1.0,True
00:08:14,5c41c28e896e090001c03bb0,,0.70368549375357,,-88.58046184140768,-505.8033,5.3860307,2.3838397999999996,2.0454211,1.7546732,1.5168561,1.3340002,1.2052646999999999,1.1274627000000002,1.0956668,1.1038298999999998,1.1453481,5.2489867,5.0285435,4.736026,4.3861017,3.9957333,3.5830023,3.1659167,2.7612963,0.10777917,-1.3380617767429512e-07,0.0022975831388674702,,5698.687014497429,3854.155202372689,12.205720031967425,9.57068013291532,11.298149513996124,11.921083734036234,13.214947220711686,13.211705029176727,13.460271946821964,0.30381959999999997,8831.380208333334,0.008603378080985916,0.0,0.0,0.0,0.08115832954645158,0.022039729356765743,0.028941028658300637,0.0244738195091486,0.029177812533453105,0.3267960622906685,0.4786063432693482,0.008806864731013775,0.0,False
00:08:15,59278c090220760001fda664,,0.6971876640702201,,-65.15674458081462,-489.7441,22.713079999999998,1.8256615000000003,1.4244821,-0.018929733,-1.7686137,-3.1028995999999998,-3.6398392,-3.3498406000000003,-2.4266765,-1.1756064,0.03999545,15.546391,7.510215,1.3984021999999998,-1.9006150000000002,-2.8656232000000004,-2.2469459,-0.7073888,0.94930047,0.2843757,-9.165049764444777e-07,0.015281934263663418,,3946.7557952530215,2098.3697516736506,14.146673364747288,8.445145608831787,11.526205983077874,18.894801352367214,17.071449661529805,14.883147354292399,17.75889383647559,0.0020613647,3560.859375,0.02701171875,1.0,0.0,0.0,0.03767691645771265,0.050185350328683855,0.016168682277202605,0.004216455988353118,0.8416341304779053,0.022037924733012915,0.024802634865045543,0.003277942980639637,1.0,True
00:08:15,5c41c28e896e090001c03bb0,163.31113880519263,0.7091677661119672,3.954383501328612,-50.13947505059989,-368.67172,117.054344,8.19624,-7.886068300000001,-2.5585475,1.8914604,-0.6262460999999999,-4.425023,-6.3553457,-1.2485405,-0.90513355,-8.359960000000001,-34.582558,-21.147135000000002,-2.2935493,1.5468004,-8.277396000000001,-17.737734,-21.625092000000002,1.9157243999999998,1.5301638000000002,-8.363773104603935e-05,1.4135310661277851,58.12002038809978,3086.126750585263,2893.315892822501,12.683894269702003,9.553564588774561,13.237139781973465,14.634904623328755,21.29185040613411,21.306720085145106,26.059921917823548,0.016449729,5653.59375,0.0573828125,1.0,0.0,1.0,0.07137826830148697,0.007023948050724964,0.02380646626827204,0.050382979317671724,0.07436246326607135,0.18494193649126425,0.5820748309294382,0.0060291212446625456,0.0,True
00:08:16,59278c090220760001fda664,121.63703056890054,0.5892794094687802,0.9651514642269492,-30.421633687856275,-329.04218,122.35394,2.4732838,0.29320222,-3.4302015,-3.57749,-7.891682,-0.52144545,5.7849307,5.6964684000000005,-2.8901044999999996,-5.4896335999999994,2.9587686,11.922564999999999,19.657032,28.413193,-0.17423699999999998,-17.244844,-16.927721,-15.633436999999999,1.2795581,-9.785790345262995e-05,1.6290759412933795,17.525748104753607,2455.8045606213723,2375.7760675837153,18.857570674068512,12.050503715216374,18.20266789468553,18.39499992690911,22.36329181997995,26.537987982897626,31.61399742166468,0.00022722722000000003,3670.78125,0.0708642578125,1.0,0.0,0.0,0.004016145272180438,0.01795527506619692,0.0022071154788136484,0.0008175065770046786,0.9611455798149108,0.004104368621483445,0.009075222630053758,0.0006787794991396368,1.0,True
00:08:16,5c41c28e896e090001c03bb0,,0.4838901662984633,,-86.64703338136326,-495.92017000000004,24.626642,-1.8253,6.3752613,9.360827,2.6034012000000004,-2.9949741000000003,-1.0716033,1.3476946,1.0789176,-0.7315514,-4.4010506,-13.982428,-16.676687,2.3586807,8.772527,0.9981148000000001,-6.0102709999999995,-7.5369678,-6.386947599999999,1.0160245,-1.7347316009493301e-06,0.02921707831492345,,5563.750123283279,5218.730247232997,11.009394865198963,8.916402721303806,10.103323500875467,13.009407959776896,14.22828378192122,15.678054891381455,14.24104124893007,0.21578482,11403.161337209302,0.025277071220930238,0.0,0.0,1.0,0.038630639435723424,0.021443246881244705,0.007981166895478963,0.11777581752976406,0.2858272440731525,0.2466691948473453,0.239899580180645,0.041773087586625485,0.0,True
00:08:17,59278c090220760001fda664,,0.9220556409872236,,-64.26078510066777,-484.22115999999994,19.223292999999998,2.8852154999999997,1.2181928,-0.11589235,-1.8161392,-4.3889727999999995,-2.931985,-3.1423395,-2.870858,-1.8964772,-1.0362753,12.357488,8.541402,-5.3882129999999995,-2.8322358,-3.1415374,-5.1470910000000005,-1.6345303,0.056625344,0.33646002,-1.6310348065649618e-06,0.03223762679703145,,4272.178841292911,3009.7233256922823,12.990211031415503,7.908918937380996,11.976360069116573,18.18901042132193,16.74930606700882,15.674439955069705,21.10803854742879,0.0030550438,5632.734375,0.05955078125,1.0,0.0,0.0,0.008230363414622844,0.013266329653561115,0.0025312128011137245,0.003129134926712141,0.9560208201408388,0.0052763931453228,0.008438467350788414,0.0031072729965671893,1.0,True
00:08:17,5c41c28e896e090001c03bb0,196.05676683481929,0.4798369038712623,0.7458768582433971,-33.43327643366304,-228.57728999999998,152.59102,-4.983012,-9.724489,2.2549023999999998,-5.038665,-8.5123005,-10.147661,5.0437655,-4.5984077,0.72098106,-12.53353,-63.79264499999999,19.375101,-10.151378,15.284858999999999,-14.702482,-4.847531,-26.756132,-7.503251,1.9565543,-0.0002383945184620211,4.086202498432218,18.08341670601697,3577.0847658019416,3355.1289273645757,14.098531062446366,10.701569664931212,14.210907815016876,13.957887690183275,18.426162544210545,19.73637542243571,36.540214632916204,0.019779347,6931.171875,0.0587841796875,0.0,0.0,0.0,0.05003688279539346,0.031096501671709117,0.02863380024209618,0.1610635722987354,0.28785863164812325,0.1839865798130632,0.2190645128488541,0.038259520288556816,0.0,True
00:08:18,59278c090220760001fda664,311.0445465372211,0.7157527710131848,3.0337971348923864,-60.132463035081784,-479.11694000000006,33.493412,4.4339294,2.7638345,-0.902907,-2.6154632999999996,-2.1488757,-1.8551060000000001,-2.7004678,-3.2742967999999997,-2.2618002999999995,-0.30257118,18.129171,5.649794,0.21752885,-2.380752,-5.8465776,-7.877504300000001,-4.9638643,1.0283746,0.46544259999999993,-2.5119585194250956e-06,0.04137541069529363,55.7507235971949,3324.459719172051,1810.818400642033,12.751308564332854,8.184275373426619,11.2541795823455,18.496770928375494,22.139506243097443,15.395780423703865,19.162324250527227,0.0009832797000000001,2593.828125,0.0323876953125,1.0,0.0,0.0,0.008002932043746112,0.008324722480028867,0.0017667480395175516,0.0033616190077736968,0.9640132546424866,0.004408881673589349,0.00790233607403934,0.00221944639342837,1.0,True
00:08:18,5c41c28e896e090001c03bb0,180.52104364254643,0.938836727865462,0.8718746605746792,-19.265978244792922,-207.90157,146.67305,-16.06652,-8.861838,3.1501900000000003,-2.6816009999999997,-3.3217087,-5.3185673,0.76557255,3.3296535000000005,0.6968178,-7.8291526,-50.173041999999995,16.542456,0.51819575,3.0177132999999996,6.7281165,-5.1974015,-21.683139999999998,-13.407817999999999,1.6916363,-0.00019234496249362929,3.2530774873138397,15.49069105844018,2116.5084617252055,2127.5939682489666,15.890580949764425,13.171878780236941,18.129286331479108,17.46123538597327,19.92216817615818,19.511883800191047,42.45277324586473,2.54318e-05,3984.609375,0.050498046875,0.0,0.0,1.0,0.06643374753184618,0.006182099950092379,0.05392331927432679,0.23896799106150865,0.16893408223986625,0.05377301904372871,0.4018434479832649,0.0099423011764884,0.0,True
00:08:19,59278c090220760001fda664,,0.7492965888553575,,-61.604898716656635,-484.57532000000003,29.451086,3.8742620000000003,3.6048925000000005,1.262375,-1.7115058,-3.920551,-4.613162,-3.8763437000000005,-2.4127946,-1.0829713,-0.47068459999999995,20.198488,8.229899000000001,-2.7153475,-9.63459,-11.293301,-8.472142,-3.3936663,1.3514981000000001,0.41252625,-9.073038072942307e-07,0.015054096297496657,,3246.098945686754,1549.1421367737612,14.951255654625108,8.099461135249905,10.691723404529185,19.95418321532549,15.748024651427373,15.129229597480744,18.194477693282096,0.0005590367,1493.203125,0.02712890625,0.0,0.0,0.0,0.004301049187779427,0.013939469121396542,0.0018012310611084106,0.00047535401536151766,0.9721437454223631,0.003895325772464276,0.0027170354383997623,0.0007267799286637455,1.0,False
00:08:19,5c41c28e896e090001c03bb0,156.71240447606115,0.8576514934736159,1.3533877540265806,-17.690505976044825,-208.34946000000002,172.98978,-11.3186455,-15.967466,7.557578599999999,2.7258042999999996,-13.948739999999999,-5.542693,6.308328599999999,-0.11100613,-3.5632656000000003,-9.297552,-31.089539000000002,15.492270999999999,12.449982,3.5916476000000004,-4.4542317,-14.545955,-16.308447,1.4777706,1.6450033,-0.00020444843083882748,3.4427300062321105,18.457794857927105,1822.9607771862034,1748.1904093703022,14.527278207937467,12.334182556643253,15.951617514973387,17.209880387934707,21.748297488108182,24.938344450785756,37.00467277365651,1.1910378e-05,3263.671875,0.0430126953125,0.0,1.0,0.0,0.08670939556322993,0.016299666941631586,0.0414326656900812,0.04035057317232713,0.2898712012916803,0.12695149648934606,0.39377948492765424,0.004605519922915846,0.0,True
00:08:20,59278c090220760001fda664,,0.7509210455024765,,-62.2087890084313,-485.97287,27.72465,2.2160127,1.4510317,-0.8638139000000001,-3.4166915,-5.054412999999999,-5.2465825,-4.181161,-2.5311077,-1.0670271999999998,-0.31651187,19.164719,8.162558,-1.8030145,-8.026548,-9.515247,-7.1364594,-2.9894269,0.63686717,0.3968763,-8.652178936658153e-07,0.014360500169161275,,3370.2113133526063,1597.9079824757268,14.264404859301676,8.290876509346516,10.55330475922318,21.923817390627942,15.933004091468268,15.116450943404994,17.845542471049455,0.0006393019,1583.203125,0.0271533203125,1.0,0.0,0.0,0.06839256002567709,0.022912973957136276,0.00683965920470655,0.06713299404946156,0.7804621398448944,0.012300769006833434,0.014740229817107318,0.02721867115469649,1.0,False
00:08:20,5c41c28e896e090001c03bb0,148.39878708224322,0.9349976784550279,0.8040452696379867,-17.077170295147994,-217.95642,170.30033999999998,-9.194892,-13.428279999999999,4.693174,3.8776337999999995,-5.726396,-5.100437599999999,2.3924212000000002,9.12335,-0.24151085,-12.301076,-41.052094,22.242123,25.135817000000003,-0.015832152,3.044372,-17.737091,-25.058372,-4.9398584,1.8000888,-0.00017814947616679106,2.9863228364597574,9.026880452440388,1703.4309741247225,1900.238229233883,16.04060475365414,14.520396838869932,18.80835161732548,17.797470607550636,21.41386852271471,22.878635422975744,39.349162673539375,5.9776153e-06,3233.90625,0.049599609375,0.0,1.0,1.0,0.039025603793561466,0.017055179130511532,0.020716818366781808,0.1927834054455161,0.1761366452090442,0.1225060715340078,0.4218541104346514,0.00992214932339266,0.0,True
00:08:21,59278c090220760001fda664,127.53852811794779,0.6663414618113064,2.9381417096956746,-48.16376076991325,-405.01697,67.46489,-0.13051315,-0.27566156,0.19429804,0.6911669,-2.2559133,-4.109717,-1.4135077,-5.1201763,-4.505932,-1.9726197,0.3470224,9.323528,8.74998,-1.8143083999999998,-14.967270000000001,-11.248971000000001,-8.385414,-3.8546968,0.8245135,-5.5150780825223596e-05,0.9299120958199596,40.90766130985117,3368.617883212681,2433.5949482640312,15.04000851732758,9.52753513242256,12.700182528822365,18.795586703351923,17.399779256912346,19.426989907300232,24.046476429486656,0.0009383458500000001,3728.671875,0.06212890625,1.0,0.0,0.0,0.27675874456763266,0.044305980671197176,0.029462578985840083,0.11785719621693715,0.15370291732251645,0.20930502340197565,0.06695849895477295,0.10164905786514282,0.0,True
00:08:21,5c41c28e896e090001c03bb0,219.125695516908,0.6156926797962982,3.3123514053796947,-67.45950458917521,-450.76752,71.58510600000001,-7.9583287,-5.5602026,3.0003176,-0.63056403,-0.0013734929000000001,1.1082535,-0.3849078,5.3245378,1.2794279,-7.653683999999999,-2.6193202,16.93509,21.056356,-4.311847,-7.826721000000001,-6.8235564,-2.2696292000000002,1.5688678999999999,0.71949226,-2.408061004883358e-05,0.3993231842494454,20.584945946239408,4697.495877995507,4919.4686854762795,11.608382290831056,9.09532961337302,12.286485435207064,21.321963009894755,18.30768111009429,18.722677879267046,25.209718060868664,0.03284959,9793.828125,0.082197265625,0.0,0.0,0.0,0.04400149211287498,0.025511792732868344,0.05366596765816212,0.0840595228713937,0.3730349041521549,0.1837391059845686,0.216008884832263,0.019978350366000087,0.0,True
00:08:22,59278c090220760001fda664,124.19267388376018,0.8870312842640277,1.5339306634245484,-21.658619592086424,-256.1942,177.0308,-4.7284239999999995,0.47495842,-0.9312246999999999,3.4787207,-2.750844,-7.0841694,5.100263,5.261992,-8.861723,-7.619516,-26.368273,-8.508092,36.92623,10.514207,-17.337538000000002,-7.7471757,-17.536314,-24.304314,1.8754728999999999,-0.00014150865709197988,2.354986109048306,30.10016490514621,1778.1357172963096,1995.452531101738,15.39286072456701,10.910854819238558,16.291373867069087,15.217584434593169,19.765095719119717,30.566320487089005,32.91544326892417,0.00011121211000000001,3522.890625,0.065703125,1.0,0.0,0.0,0.03732093218713999,0.13293349593877793,0.027776385471224786,0.005228714318946004,0.5383307337760925,0.1831525191664696,0.04371326547116041,0.03154400617349893,1.0,True
00:08:22,5c41c28e896e090001c03bb0,,0.5988248205253249,,-103.70471657564809,-507.33987,,,,,,,,,,,,,,,,,,,,,-1.1963722246924164e-08,0.00032051399526176425,,6771.937223073515,8729.092727793755,9.016885987733355,8.431865455564685,9.253682650039751,13.204509978161113,13.437719574626962,12.476326741435988,13.209723722827368,0.61875707,17471.75480769231,0.0433203125,0.0,0.0,0.0,0.006661139370407909,0.0054785391926998285,0.0024262345912575253,0.003769150329753757,0.9435969054698944,0.017360671353526414,0.01916570914909244,0.0015416632289998234,0.0,False
00:08:23,59278c090220760001fda664,99.38531139668406,0.6503276825501757,0.7029856817221978,-35.61298150682828,-356.40842000000004,135.764,-2.0260740000000004,0.26970166,-2.865989,1.0664433999999998,1.9941261000000001,-2.3182561,-1.6380963,-0.21230522,-3.0640006,-1.74912,16.500405999999998,-9.540633999999999,10.946407,9.003781,1.2878081000000001,-3.328494,-14.235644,-14.249487,1.098816,-5.151290290475548e-05,0.8478629807253186,18.26448556631565,1800.1665671829055,1433.2326812197996,14.118712411146266,9.933492314035194,14.27599916199328,15.49354289859206,20.602025849061057,21.752039238156282,26.09325900455557,0.00019760283,2404.453125,0.034990234375,0.0,0.0,0.0,0.002840360341360793,0.008138864929787815,0.0026246482899296092,0.0010023056980571707,0.9764829516410828,0.0028331942332442852,0.0023850983241572982,0.0036925449385307725,1.0,True
00:08:23,5c41c28e896e090001c03bb0,,0.4102515922682485,,-88.34974292687815,-504.09738,7.100981699999999,-4.3176427,-1.899548,0.7225514000000001,1.6171135,1.3270938,1.4546715000000001,1.8953846,0.7193763000000001,-2.505414,-4.694397400000001,-4.873121,-11.311333,-7.1710134000000005,2.2031837000000003,8.010608,6.556425,0.8937438,-3.6815900000000004,0.22708677,-2.7214881566801656e-07,0.004684081419303347,,5433.509035057826,5186.541644267241,10.918799397771304,8.653407368561501,10.239756247534565,17.321831440837823,21.867068798510605,13.437544204716067,12.902646096538428,0.35809845,10495.584239130434,0.048110064338235295,0.0,0.0,0.0,0.07501515683252365,0.010869555134559051,0.021514614397892727,0.0033148724847706034,0.6115318550728261,0.1713053637649864,0.1049921927973628,0.0014563891993020662,0.0,False
00:08:24,59278c090220760001fda664,,0.7286244782275133,,-63.036656631387366,-488.09042,25.127136,1.6624464,2.3437397,1.4111431,-0.28888753,-1.7104694,-2.1951110000000003,-1.7624583999999999,-0.9372493000000001,-0.3031382,-0.15321846,17.648796,8.062486999999999,-0.7139346999999999,-6.5298777,-8.589397,-7.386188000000001,-4.246232,-0.77351534,0.34404096,-8.376293070835122e-07,0.013894499977897714,,3521.203798387456,1718.3067297987054,14.0773744260085,7.944265236920806,11.529084518311631,19.66122253942404,17.198560999109368,14.743047842590954,17.317813396816383,0.0009244122,2197.265625,0.02705078125,0.0,0.0,0.0,0.00264318865374662,0.001729583228006959,0.00026274369301972913,0.0010864956042496488,0.9885801076889038,0.0005908016581088304,0.000480732080177404,0.004626341932453214,1.0,False
00:08:24,5c41c28e896e090001c03bb0,201.66816539816486,0.5943946652240829,2.4703444759850233,-29.247883584090637,-263.94153,157.37738000000002,-9.408331,-4.59473,8.945214,-2.6017287000000002,-10.806997,-5.105090000000001,-1.2917818,-1.8551723999999998,-3.9678411,-10.306668,-27.095046999999997,-1.7102549999999999,-12.898285000000001,-6.9501348,1.5241575,-7.215756,-19.757393,-11.210486,2.0602593000000002,-0.00015644637509429354,2.6269060965720095,21.695499743517853,2391.336700483585,2216.4779276258205,15.715535204977405,11.037096372654359,12.533750909821267,15.762567364674199,21.341742597160657,18.556869178502687,35.91127963151378,0.0018770754,4059.609375,0.054306640625,0.0,0.0,1.0,0.09142653662711382,0.013064532456337477,0.015142250014469028,0.177449370874092,0.03687676885165274,0.2597459194250405,0.3785987064242363,0.02769594865385443,0.0,True
00:08:25,59278c090220760001fda664,180.42454502187542,0.7370732730246295,8.884619460345716,-53.37072664023682,-448.41745,59.555232999999994,1.6954211,0.25171918,-2.0891268,-3.0548903999999997,-4.907032,-5.4747962999999995,-3.7059013999999997,-3.4445012000000004,-3.6064594,-0.64055943,22.708721,11.093939,5.762813599999999,-7.685156299999999,-13.673760999999999,-9.002464,-4.645811599999999,-1.1825921999999998,0.7871201999999999,-2.29048767883266e-05,0.3785418120848572,36.18991062978397,2712.163624084222,1333.447486687891,15.101386056596949,8.532492513207558,10.79636584209653,19.150833508235504,17.28533745893887,17.566067710711778,19.55730832870725,0.00036843758,1425.46875,0.0263818359375,1.0,0.0,0.0,0.21653917354997249,0.0065815426176413895,0.013493333692895248,0.019067828200059013,0.7077159598469734,0.011922294169198721,0.007532922807149589,0.01714693447574973,1.0,True
00:08:25,5c41c28e896e090001c03bb0,172.9377742278804,0.91373287907802,1.2885166048908672,-41.33174967810461,-346.66315,105.37089499999999,-6.4763675,-6.8057137,-1.4990628000000001,-5.6921763,-5.558542,-0.38388088,-1.2287569999999999,-2.91858,-1.8163582999999999,-4.769248999999999,-27.014848999999998,4.7503567,11.957916,-2.3560324,-10.718658,-9.439767,-9.235612,-5.1025224,1.3768293,-8.579196300436635e-05,1.4421300290478067,14.530382519266693,2428.3461310966377,2491.901861924697,11.895530489319643,12.153462514307089,15.276404318602186,16.78372425552057,17.61261565802558,19.12773579555913,30.3746156865066,0.0043382994,4036.171875,0.0750146484375,0.0,0.0,0.0,0.06489559374749661,0.03149731442099437,0.023409547680057586,0.10943674525478857,0.11526190554723145,0.15895709469914435,0.4751188352704048,0.02142292687203735,0.0,True
00:08:26,59278c090220760001fda664,255.01087561481862,0.8810121704109792,2.1751995496677687,-37.86708175503348,-407.74422999999996,108.33228999999999,3.2744183999999996,2.3945715,-0.7150953,-1.4935722,-0.3093493,-0.4091045,-2.1926575,-3.8922687000000007,-4.5272427,-3.9412718,42.345078,-2.5736472999999997,-15.661465,-17.340457999999998,-18.138379999999998,-15.435695999999998,-8.62053,-1.0640281,0.94667065,-4.8126309379576475e-05,0.7839799840153718,29.569673718878732,1888.8981268466007,1435.8913112415348,11.594872587151778,8.768163698033984,14.011322846698688,18.189910486696235,19.038486910320447,18.098921019722965,26.92873787596236,0.00040933669999999997,2467.5,0.0376953125,0.0,0.0,0.0,0.4096494048833847,0.045479566976428035,0.06731599830091001,0.028975956421345476,0.2538438335061073,0.07658181264996529,0.0793430577032268,0.0388103520963341,1.0,True
00:08:26,5c41c28e896e090001c03bb0,164.76408476470542,0.9394160521508816,0.7944459274792154,-17.930225210179128,-209.61699,153.14717,-10.793233,-8.080975,-2.9471004,-6.1796393,-0.59433436,4.482954,0.66807985,2.0005617,-1.0707784,-9.385831,-55.0202,29.577888,8.433382,-10.393777,9.489714999999999,-18.55024,-30.778288,-13.516444,1.609076,-0.0001815303310164959,3.1109554132626878,19.15332967611317,1850.8533023424054,2412.4080824312555,17.049700799126256,13.511450766696044,19.307606711105603,17.29786142524685,20.687611129763557,19.841745002275147,43.05640709115656,1.1957276e-05,4041.796875,0.0742431640625,0.0,0.0,0.0,0.09638661481440068,0.040658259857445964,0.1007553458213806,0.11214339775033297,0.1307724080979824,0.26156941801309586,0.14855449832975864,0.10916004497557877,0.0,True
00:08:27,59278c090220760001fda664,283.90284098099085,0.6484233722487126,11.969988184699304,-49.44696751787874,-420.99548,74.63949000000001,1.2883524,-1.5217246000000002,-3.3146105,-1.2096374,-2.5983405,-2.7211107999999995,-0.4809991,-2.2837958,-2.968347,1.3513167,11.922088,8.057075,11.913281,-4.437798,-11.490253,-6.26713,-4.2325563,-2.0546536,0.83469176,-2.8206730851509748e-05,0.4702180134653445,43.429204631722676,2548.8306334472045,1475.167108020135,13.190815560862735,8.220939177369951,11.873489947182408,17.050408979938396,18.559832112444173,18.87584012113031,21.656319575847803,0.00034119756,1953.28125,0.0319873046875,0.0,0.0,0.0,0.5079521417617798,0.06808920372277498,0.09465663433074953,0.02110324976965785,0.21930602956563236,0.04184857495129109,0.03780042417347431,0.009243731386959551,1.0,True
00:08:27,5c41c28e896e090001c03bb0,,0.9714351182106612,,-88.67414105774183,-505.66525,7.972197500000001,3.9134029999999997,4.6240234000000004,3.3827453000000003,0.5423604000000001,-1.3167912,-0.91238856,-0.14726084,-0.76363707,-1.4450903,-0.545944,3.5926607,0.9363385000000001,0.081635855,-0.61599714,-0.96183187,-0.12204739999999999,1.3244653999999998,2.6320677000000003,0.112660706,-1.4610889580805222e-07,0.002628234748549216,,6172.928761984987,6508.1372463889575,9.552705875192238,8.790764614603848,9.746056557839033,14.607782933163554,18.764233795501454,16.121601166113848,15.794998272604987,0.16681758,13931.100398936169,0.06859832114361702,0.0,0.0,0.0,0.11337688080966472,0.018493102723732592,0.1447101540863514,0.08939299806952476,0.08680989113636314,0.22128119990229608,0.22120929397642614,0.10472645740956067,0.0,True
00:08:28,59278c090220760001fda664,169.96544894788315,0.6160817621260265,2.337361956209359,-27.52326314661085,-310.84143,143.9817,-6.415872,2.3467581,-2.0104333999999997,-5.767303500000001,-4.5151129999999995,1.6971709,5.222553,-2.6199422,-11.177671,-7.216996000000001,2.9285424,-0.3529658,11.69566,8.237224000000001,-15.143953,-17.446146,-18.773405,-21.738771,1.5192573999999999,-0.0001010479141291144,1.6813083522479428,21.566274411807022,1986.0564084392347,1889.1625827120981,14.935167958055535,11.324850358533627,16.249394291563608,15.403683529193616,21.54026883099884,25.02937312531489,32.365125737908556,0.00028469844,3173.4375,0.055390625,0.0,0.0,0.0,0.28095818758010865,0.13416939079761506,0.06424914784729481,0.006230167869944125,0.36287550032138827,0.09715594351291656,0.051377226412296285,0.0029844235046766693,1.0,True
00:08:28,5c41c28e896e090001c03bb0,,0.6948851157851934,,-105.61525093882484,-507.33987,,,,,,,,,,,,,,,,,,,,,-1.3780672193540981e-08,0.0003426037470390297,,6824.762476891107,8482.59352594324,9.658087624851245,9.045717061536537,10.005763599225995,10.557082316550556,12.568677637178144,12.36109617313564,11.856357439733365,0.727092,17261.067708333332,0.03217075892857143,0.0,0.0,0.0,0.11420241338200868,0.012075927434489129,0.033392705203732484,0.022348507679998873,0.4921086898655631,0.10975099219940604,0.2085933804512024,0.007527410378679633,0.0,False
00:08:29,59278c090220760001fda664,,0.9212512575931918,,-59.933218098022756,-474.163,38.713882,2.5294418,2.3316612,-0.17827325,-3.5508175000000004,-4.478293,-2.094625,-0.8878584,-1.3563844999999999,-0.45034906,0.4343782,21.972517,9.336152,0.5851271,-4.2930627,-4.82448,-4.922766,-4.298529599999999,-0.6308712,0.4693263,-2.0481363547474116e-06,0.034140393333499865,,3395.595951173641,1993.4233074695194,12.827225117653153,8.716424125627505,10.726527393633466,17.7991912212635,17.73276770707391,17.1561355372869,20.11983141458309,0.0016330704,3723.046875,0.0321630859375,1.0,0.0,0.0,0.021605489449575542,0.07713746055960655,0.005675542168319225,0.0011061917117331176,0.8443932175636292,0.030729248374700542,0.011926049320027231,0.00742677113157697,1.0,True
00:08:29,5c41c28e896e090001c03bb0,203.71429401380144,0.5156172126536686,1.0747745121069918,-40.99508484005046,-251.02776,154.55545,-8.652545,-8.127061,1.3665483999999999,-7.6014295,-7.171021499999999,-1.4854043,1.7880348999999998,-9.551846000000001,-0.3810173,-10.606836999999999,-57.999912,17.076826,-17.525229,5.6127453,-16.851381,-6.511342,-19.342709,-12.40277,2.0280603999999998,-0.0002728629402304008,4.648500255878659,12.681468123676655,2937.2451982927296,3138.099322236786,12.841422409902934,12.550076970850975,14.87688933375237,14.852005863472016,17.562392707201386,18.73011876668503,34.49623933210984,0.21634057,5768.5546875,0.049169921875,0.0,0.0,0.0,0.003052878228481859,0.000766804232262075,0.001473019563127309,0.007249407749623059,0.965194308757782,0.0026253811665810645,0.015419671637937424,0.004218531271908433,0.0,True
00:08:30,59278c090220760001fda664,239.8729519520994,0.5765026786010976,4.971414242257271,-56.393830945332994,-465.61252,47.361187,4.216231,5.0397050000000005,1.028237,-4.0645556,-5.0449905,-2.4550345,-1.3405434999999999,-3.1354957000000003,-4.110007,-2.0780144,21.31136,1.3580083,-5.1820593,-4.8605456,-4.6075954,-4.8946575999999995,-3.5208485,0.15562887,0.61440176,-4.861584374440214e-06,0.07998441151206287,16.602388509892958,3065.3988527193874,1735.8327573759025,12.741892797998785,8.095049452246371,11.697987010219727,17.792029024482414,19.548270868302073,15.4052350723716,20.689894851376188,0.0010066299,2851.171875,0.0305078125,0.0,1.0,0.0,0.0899356675799936,0.01522320443764329,0.006866000057198107,0.008482908457517624,0.8316707015037537,0.009388390340609476,0.03739580453257076,0.0010373501165304331,1.0,True
00:08:30,5c41c28e896e090001c03bb0,220.8017995303608,0.8082182150064968,2.882360640776984,-19.82585195419654,-226.21200000000002,153.47144,-15.391855,-11.051532,-1.004931,-6.346569000000001,-7.1939926,-3.4351367999999995,0.4162571,1.5628697,-4.6078334000000005,-7.004784599999999,-44.284195000000004,23.791943,14.988002999999999,-0.84633446,2.5580529999999997,-19.289362,-19.418503,-7.5567675,2.0091773999999996,-0.00016525935746807872,2.7889469147853307,20.036321811216744,1940.5711679919061,2299.5381382748897,13.151158464548194,12.853798594563939,17.693034322171954,17.945337188156206,20.3335622865769,21.979053554779806,41.12672922771087,2.2430495e-05,3981.796875,0.0731884765625,0.0,0.0,1.0,0.009868783023557624,0.011223951599095016,0.01681563847814687,0.10144305362482556,0.6735146306455135,0.025423309451434763,0.13236758058192208,0.029343068902380764,1.0,True
00:08:31,59278c090220760001fda664,,0.7673538478083436,,-65.16750478940345,-493.24564000000004,18.73,2.4845537999999996,1.8952936000000002,0.020724837,-2.3006797000000003,-4.159134,-4.9399752999999995,-4.515496700000001,-3.217638,-1.6388661,-0.36645642,13.565539999999999,6.846388,0.6235619000000001,-3.4442324999999996,-4.6545644,-3.4054163,-0.8992713,1.4269177,0.30173218,-6.253402860456858e-07,0.01045609763070379,,3826.0963789172215,1889.7830670798544,15.164436471809598,8.380732850950041,10.477222890457783,20.493537421347078,14.67588402209378,14.639314112335832,17.59672532803643,0.0011480467999999998,2576.71875,0.0265234375,0.0,0.0,0.0,0.0028140383306890725,0.006770346406847238,0.0005810606584418566,0.0006239300528250169,0.9860395908355712,0.000872293021529913,0.0009844282642006877,0.0013143134419806304,1.0,True
00:08:31,5c41c28e896e090001c03bb0,232.84895403199803,0.9529926582152608,1.869445884794328,-19.819842400320614,-214.33888,141.90822,-7.658637,-8.420947,-6.508785,-9.629128,-5.8486876,0.17289716,0.5645456,0.74274087,-1.6130468999999998,-15.680291,-56.842075,21.763810999999997,5.3910313,2.1844294,2.8100544999999997,-24.540470000000003,-28.263855,-10.193796,1.9051328,-0.00017390020484241492,2.9610137010100095,17.484357668851544,2137.595412007372,2592.324673398484,12.659166489262338,13.797602425601942,17.204273965831135,16.450753732180733,20.66521705815532,21.295645646016933,43.3207065103623,2.6687703e-05,4571.484375,0.0763037109375,0.0,0.0,1.0,0.03209234792739153,0.022218860895372932,0.15336447842419149,0.056500202335882925,0.4401713371276855,0.07537743411958217,0.20421321373432874,0.016062123142182826,0.0,True
00:08:32,59278c090220760001fda664,127.51265275284169,0.8471144280136433,0.4642409455784568,-49.59511222858736,-436.8618,68.66928,5.6183404999999995,6.635367,0.98202205,-3.227491,-4.536466000000001,-3.1721382,-0.45733613,-1.5252659,-3.7424932,0.28120009999999995,16.137106,-4.1525626,-4.0737195,-8.859255000000001,-12.805988000000001,-11.059148,-8.7141,-2.8028150000000003,0.75041336,-2.630722549451799e-05,0.4318175682295712,24.396914168825003,2767.716008689511,1643.4777110189148,13.651491202999587,9.797250893915765,13.076261159046778,19.847143217159054,17.821565602542574,18.594007869057,20.92862101481921,0.00080255757,2376.5625,0.0324267578125,0.0,0.0,0.0,0.0005766842456068844,0.00836978405714035,0.00015105894271982834,8.195584878194494e-05,0.9887291908264159,0.0012018471548799427,0.0007046443861327134,0.00018488974455976861,1.0,True
00:08:32,5c41c28e896e090001c03bb0,324.43341149928625,0.8919477903931045,3.4354929513137815,-56.5781685459216,-367.66513,91.03954,10.844156,4.5479503,-4.8281903,-10.252382,-7.4100532999999995,-8.016588,-2.6882832000000003,-2.0749302,-1.437821,-15.278243,-46.62877,-5.0250645,-14.747948000000001,-0.769628,-10.467279,-0.529225,-19.466901999999997,-5.2423162,1.5821823,-0.00010012447932677832,1.7501599443810678,21.480534011646114,3986.8388157008576,4135.3710776042135,8.462959931673161,9.409502608128848,11.626074488370811,17.387910027969433,18.392481342683727,19.6671757815071,28.130787954901816,0.12519196,8295.394736842105,0.06314247532894737,0.0,1.0,0.0,0.027402925794012843,0.019118387578055264,0.028298251284286383,0.011150333774276077,0.8376176953315735,0.023962379619479182,0.044125012774020436,0.008325013145804406,1.0,True
00:08:33,59278c090220760001fda664,130.95720478408793,0.5670474551524239,0.8863427417704205,-26.602715498888674,-340.21167,131.95592,-10.274892999999999,-5.598091,-1.8703504000000002,-3.3030817999999997,-9.402902000000001,-11.26595,-1.5329734,1.4503001,-6.872178999999999,-8.943777,22.893553,24.160973000000002,27.458298,4.2844725,-19.072773,-7.132589,-1.2507061000000002,-9.862239,1.2449923,-8.605669196429008e-05,1.4344137515078996,15.527873507600694,1739.8777446661538,1819.5774120085835,16.079656884062867,11.687898097829738,14.61886633620292,16.876840340750313,21.357952619978573,25.953797582122377,30.554376404328238,0.00016996243000000003,3033.75,0.0538232421875,0.0,0.0,0.0,0.001487531210295856,0.011832072492688894,0.0005718152882764116,7.88031753472751e-05,0.9824033141136168,0.0019157593138515948,0.0015673029876779765,0.00014340831548906863,1.0,True
00:08:33,5c41c28e896e090001c03bb0,,0.41356377022820573,,-62.254629682486865,-458.79654000000005,47.931503,4.0031276,9.070316,3.110576,-2.606328,7.025823599999999,12.899697999999999,0.92804843,-2.8847517999999996,3.5181873,0.48141146,-16.428435999999998,-23.850351,4.8079696,20.284727,1.7659196,-32.038445,-38.20023,-15.134511999999999,0.80824536,-5.782040486061313e-06,0.09722290982647494,,1972.5413582366996,2171.634787843101,11.613411680573444,10.473133217419427,15.156571899320214,17.925971207580687,24.445777854858843,25.85051065420573,18.01600180965305,0.24034639,3387.479707792208,0.0777635450487013,0.0,0.0,0.0,0.025963324308395385,0.008778371149674058,0.00599824758246541,0.012550072569865732,0.8738548457622528,0.011531152622774243,0.056755514442920686,0.004568468756042421,1.0,True
00:08:34,59278c090220760001fda664,108.43899924106537,0.4577768852274903,0.4705638646086449,-49.18336661675078,-436.1222,72.88935,-0.87676567,3.1880484,1.4578611000000001,-2.6582353,-3.8249826000000002,-3.1800997000000004,-2.7237222,-2.693698,-2.8644382999999998,-1.9767548,25.387447,7.7474647,8.742253,1.6554282,-6.1847625,-4.45565,-2.5509663,-3.7450275,0.7377258000000001,-1.3426312870092255e-05,0.22026967562422506,6.4289769453506125,2356.515081896435,1375.7082586891056,12.784453894439574,8.721733608561294,12.893555427001958,16.335131481089824,18.3991932584642,19.634993222934057,21.275906379610838,0.00042759242999999993,2035.3125,0.0296630859375,1.0,0.0,0.0,0.034271245310083034,0.018692762963473795,0.012756089004687964,0.0029618316679261626,0.8728535652160645,0.024452978558838368,0.03238912718370557,0.0016223734244704244,1.0,True
00:08:34,5c41c28e896e090001c03bb0,168.58721499379632,0.6392784737960296,0.4378209051862968,-51.08216555149771,-396.70242,94.68469,-9.952227,-17.235723,-3.2850193999999995,2.5887267999999994,-6.943265400000001,-1.8143613,3.6249092000000003,-4.497392,-4.7822776,-0.28718868,-13.818301000000002,-0.22812071,21.065025,7.084341499999999,7.24781,-2.0623598000000003,-16.765713,-8.988332000000002,0.9510839,-6.34082325477169e-05,1.0467621220979426,7.310344358649878,3665.836188239336,3182.618365717632,15.427282379040207,12.058714182713704,18.3574762315377,16.32784969587592,22.555425458083786,23.86927690214616,21.42656729913601,0.010731272,6548.203125,0.049287109375,0.0,0.0,0.0,0.05601682346314192,0.012253210926428438,0.015443669166415932,0.0037832652684301133,0.8827010750770569,0.010915793199092149,0.016341887274757032,0.0025442796293646103,1.0,True
00:08:35,59278c090220760001fda664,250.1551460856426,0.7789703799285467,9.800463617925347,-56.508044277979934,-472.69452,37.827816,0.8363159,1.4089698,-0.7171847,-2.1196997000000004,-2.5528312,-3.5728424,-4.4340525,-3.7783678,-1.6282856,0.65290964,16.766594,5.217569999999999,-0.03428588,-6.665741400000001,-10.853019,-9.620766999999999,-6.418724,-2.7373176,0.56754905,-5.4508784389211734e-06,0.09004250468702323,20.998724767869643,3144.695307008727,1740.0669470143914,14.85772836484616,10.003399873867384,13.702235038346345,18.595919856724567,19.43490181717589,17.328600549279905,18.644590089639145,0.0009823869000000001,2561.25,0.0313232421875,1.0,1.0,0.0,0.2337230507284403,0.043136327154934415,0.045598956942558284,0.042960204696282735,0.4712478071451187,0.026359896548092364,0.13145512007176874,0.0055186305660754435,1.0,True
00:08:35,5c41c28e896e090001c03bb0,161.66329227791925,0.6027141864083603,0.5000313425387709,-28.328056063325896,-250.92876,155.66673,-15.295893,-13.386232000000001,2.3009188,-3.887154,-7.606292999999999,3.5605495000000005,3.676795,-5.712071,-2.3656256,-3.8710835,-39.777176000000004,15.093060500000002,3.50066,-11.41526,-2.9499805,-4.8101544,-14.076699,-8.719458,1.6747628,-0.00017233068692075714,2.8969864736824733,13.123224109726063,2628.777053294876,2604.266654302263,17.377451789382086,13.258057834545438,16.048046426075413,16.47582419399832,18.39294978447351,21.789293292626294,36.614547332834384,0.0072240923,5053.359375,0.0614404296875,0.0,0.0,0.0,0.04021635367535055,0.039071880839765066,0.0737425560131669,0.011723086080746726,0.44186301082372653,0.2133437918499112,0.15463973446749152,0.02539958120323717,0.0,True
00:08:36,59278c090220760001fda664,123.3738083490915,0.6916438980375901,1.129540580900123,-21.071822860275923,-313.27734,166.71407,-2.6266062000000003,-5.079381,-12.069355999999999,2.2098916,4.654982599999999,-2.365379,4.252977,6.024939,-6.158553599999999,-8.091289999999999,21.544401,7.054073299999999,23.424039999999998,2.5487458999999997,-9.644654,-11.21653,-27.861465000000003,-26.172747,1.5929023000000002,-0.00012045465201983211,1.980375766443556,22.36088120536107,1422.9334998334061,1226.0666325957304,15.891374902271993,12.197607228686087,18.375480924276484,18.16313094090917,24.964111160605174,26.74983336735733,29.276613478515145,5.904495299999999e-05,2179.21875,0.0311474609375,1.0,1.0,0.0,0.2372533477842808,0.027366646006703372,0.0910626210272312,0.0316077031660825,0.4406065158545971,0.08215346187353134,0.061187251843512064,0.028762450162321332,1.0,True
00:08:36,5c41c28e896e090001c03bb0,146.692655236235,0.9410704512360778,0.4576710254920458,-77.34810399714252,-431.38852,105.84815,-6.309143499999999,-12.522271,-0.14034131,2.0621593000000003,-0.5956191,-2.824494,-1.2817693000000001,5.7351427,0.06814878,-3.8375242,-23.449092999999998,31.790293,23.159748,-4.895299,-7.339668,-6.560133500000001,-13.638767000000001,-6.486228,1.0287791,-6.469575784379563e-05,1.0941303153964663,20.238346837480066,4733.979348146831,5020.4015907242765,13.229546792916697,10.278150875702547,12.017526484137539,12.792243435108748,14.992804368363993,15.639426055314562,20.948954290554216,0.347551,10486.653645833334,0.060546875,0.0,0.0,0.0,0.020295980130322282,0.0282904437975958,0.07233742235694081,0.0600286814616993,0.6342512637376785,0.08550787563435733,0.06527474308386445,0.03401361368596554,1.0,True
00:08:37,59278c090220760001fda664,99.1036623176743,0.4736435561384838,0.4538935699799137,-23.568715354961085,-269.2904,155.80031,6.648596,1.3977641,-4.744002,2.3405454,-3.4744985,-2.0372455,7.354483999999999,3.5755758,-7.3641357,-8.246766000000001,-26.548820000000003,6.998708199999999,25.03803,-1.349458,-6.0387053,-6.924855,-32.365494,-26.464312,1.6917782,-0.00011843351548828,1.978803325919798,28.01935711413093,1934.2473256974438,2486.245290468062,13.508927720033105,10.179992455895642,15.979212733931195,16.001969971115738,22.62526808038287,28.437329810711063,32.5199071428053,0.00044092254,4252.96875,0.084482421875,0.0,0.0,0.0,0.06880236584693193,0.17598246037960052,0.020575708150863646,0.001575250711175613,0.6112023562192916,0.0931757103651762,0.019789997674524783,0.008896105986787006,0.0,True
00:08:37,5c41c28e896e090001c03bb0,,0.6413528035077773,,-109.33306306523991,-507.33987,,,,,,,,,,,,,,,,,,,,,-2.547254093479214e-09,6.156258438862772e-05,,6784.903935147933,9133.455005706246,9.623385591385603,9.535310039765447,9.553467467849146,9.860006066063116,9.877068750741854,10.152391424864202,10.304004129103218,0.9709868,17398.4375,0.00146484375,0.0,0.0,0.0,0.0035784770909231154,0.008766781073063612,0.007074564963113515,0.006789766077417879,0.9420093059539796,0.010017199371941388,0.00822359009180218,0.013540286989882588,0.0,False
00:08:38,59278c090220760001fda664,191.1038407529654,0.9879858659245524,6.375198562052455,-32.88437902858327,-350.49225,131.14568,4.3173523000000005,-1.5107671999999999,-3.2423127,5.313373599999999,0.37964636,-0.052781685999999994,8.799853,2.9015869999999997,-8.534241,-4.996282,8.34992,-2.9745276,14.416775,4.748728,-3.081884,-16.154401999999997,-31.303005,-16.411768,1.3530567,-5.4698101965394926e-05,0.9046519944128888,21.73707231279837,1819.2021800338648,1580.0198641021475,12.815025154482198,9.035667511802538,15.329721468261507,14.750296505677511,22.982842998832044,25.693200288856676,27.089688901497627,0.00023665375,2728.359375,0.04265625,0.0,0.0,0.0,0.03867396749556065,0.09651361405849457,0.011052903067320586,0.0013667607854586097,0.7412770867347718,0.05713980719447136,0.05315808653831482,0.0008177950279787183,0.0,True
00:08:38,5c41c28e896e090001c03bb0,,0.4841257084621438,,-105.13975603505354,-507.33987,,,,,,,,,,,,,,,,,,,,,-2.095100739601077e-08,0.0004296448242340059,,6605.429509717165,7135.936873289615,9.834333922331565,8.754480522070974,9.989087172059332,10.514767452942603,11.177279103564398,11.12932896138051,11.43744817708428,0.7374297,15392.410714285714,0.0163421630859375,0.0,0.0,0.0,0.02641914039850235,0.04200104242190719,0.04975826404988766,0.02200927580706775,0.4307536780834198,0.20714578740298747,0.1963566474616528,0.025556149240583186,0.0,True
00:08:39,59278c090220760001fda664,256.4148063707991,0.9579449788862112,2.7697008409569897,-47.22379366069283,-419.1478,79.31235500000001,0.816604,3.9735806000000005,2.4054277,1.9206018,-1.9901794999999998,-2.4412365,3.3463800000000004,0.8134743000000001,-7.631359599999999,-4.654771,11.211035,-2.0168736000000003,4.8748629999999995,-5.362672,-12.872793,-13.104674000000001,-16.093956,-11.043661,0.758071,-3.114376769036875e-05,0.5144154333314593,17.866727792354414,2437.1612705012626,1559.3395345044846,13.672095007297807,8.002298519666224,12.726627771354474,16.907008592858993,19.385128108402974,20.215214271608357,22.45424736042532,0.0005896674,2446.875,0.03326171875,1.0,0.0,0.0,0.2110539585351944,0.04074891074560583,0.04993321225047112,0.11436045423615725,0.35294305589050057,0.07145518083125353,0.14242938607931138,0.01707585498224944,1.0,True
00:08:39,5c41c28e896e090001c03bb0,132.22182306020346,0.2427661736195735,1.275482835177213,-35.99928006077844,-325.45227,148.51193,1.0077530000000001,-3.879172,4.2708154,-3.4262156000000004,-9.394555,1.2730951000000001,-2.2837589,-5.756919,1.9522598999999998,-4.6957355000000005,-10.563914,-0.27452704,13.453469,3.1012814,1.0683283000000001,-15.711295000000002,-22.161476,-2.670547,1.4302583999999998,-0.00010233472404183132,1.6982504003888172,9.955977158839913,2306.883812117408,1924.967212427196,14.657435142924971,10.522932470594958,12.92710616487352,15.312934424511946,20.293725258983766,21.846441206889978,29.156897377648924,0.005557024,3536.953125,0.0430078125,0.0,0.0,0.0,0.03504379745572805,0.04364174685906619,0.04734863096382469,0.12157997163012625,0.2202414134517312,0.1996917137876153,0.09628249681554736,0.23617020691744986,0.0,True
00:08:40,59278c090220760001fda664,236.90947955119412,0.7441820069161281,7.52074758261539,-44.74429154960211,-425.08862,72.38229,-2.129645,-1.6297957,-5.249796400000001,-6.150028,-4.904904,-1.7838324,-1.0054812,-6.4471273,-6.994645599999999,-3.3423972,17.945156,3.9838815000000003,8.780078999999999,11.775247,-5.359477,-14.511216000000001,-11.534963000000001,-7.051584200000001,0.96239936,-4.507748094259692e-05,0.7462585233627919,38.03454383381649,3020.6221608761784,2235.7805052890108,14.182476722358773,11.67065650872954,13.617671748024113,18.04500675738434,22.41376989688755,19.116354304401444,23.96873572824565,0.0013089982,3905.859375,0.0524853515625,1.0,0.0,0.0,0.4265099287033081,0.061419188533909624,0.0771604586392641,0.014450061693787574,0.023712503677234053,0.25331716537475585,0.12964341118931771,0.01378726797411218,0.0,True
00:08:40,5c41c28e896e090001c03bb0,179.50558817723908,0.9440462332745276,2.1967568831806044,-18.72579769881439,-230.93442000000002,192.4476,-12.573838,-6.270244,4.797847,-5.093621700000001,-11.052651,-2.2974606,0.39634103,-0.39580590000000004,-4.3001966,-10.153435,-27.920242,-12.676053999999999,18.194433,-0.641933,-11.415974,-12.289461,-17.527193,-13.991269,1.5291609,-0.00015978004798206834,2.6524724894204907,13.1782609976337,1357.9808709661693,1362.996182928188,17.621367268125912,15.253275281697706,17.59600003155262,16.771781897805287,19.564746557247744,22.774848291000662,34.70200833665251,3.9567153e-06,2453.671875,0.0346923828125,1.0,0.0,0.0,0.02177853952161968,0.012390399366267957,0.03638456086628139,0.2652489248042305,0.26426516473293304,0.08380379054384927,0.28521975005666417,0.03090887803894778,0.0,True
00:08:41,59278c090220760001fda664,182.8924393970781,0.8432873320306841,5.458269603546536,-27.06607466820779,-338.28128,125.30234499999999,-7.4735665,-6.0657873,-6.7307796,1.6973293999999999,-2.1593327999999996,-6.0058465,1.4343575000000002,0.42763025,-7.1176405,-2.8680212000000003,9.222332000000002,5.7465,5.280476599999999,0.48956487,-14.510426500000001,-16.480494,-22.443904999999997,-24.887817000000002,1.4659898,-7.550636722364459e-05,1.2634140492400847,23.107771881502966,1769.3422591247213,2125.8902803942415,11.614103817188516,11.90691472829616,17.547450672544613,15.438508656498296,23.779305753072304,26.285899097376323,30.920425129732124,0.0001996229,3413.671875,0.0729052734375,1.0,0.0,0.0,0.14757031714543697,0.076771080493927,0.0614472527988255,0.00922087939688936,0.5654439061880112,0.07861655270680785,0.0435854481998831,0.017344570136629045,1.0,True
00:08:41,5c41c28e896e090001c03bb0,131.75355339916348,0.7609312502254877,0.8129150852436825,-71.1487141664363,-435.54022000000003,92.71976,-8.564563,-9.694544,-1.9879127,-6.1205654,-6.501607,-1.6053985,1.8708023,3.3390902999999996,-6.582633,-14.119829999999999,-14.762869,30.651587,28.984575,-1.0417508,12.339789,2.520228,-6.9999228,0.64515954,0.96859485,-4.362288196525084e-05,0.7428240951717076,14.543274614056823,4031.8347366371477,3961.684821438377,13.376073092595085,10.959395783592164,12.930224229961865,13.95157335356882,15.399778076228426,15.734310346485572,22.304599347456456,0.27500778,7970.5300632911385,0.04456736943493151,1.0,0.0,0.0,0.010840576235204936,0.007414818665711209,0.01789961087051779,0.2601848885416985,0.2778954774141312,0.012984815088566392,0.03300792849622667,0.3797718353569508,0.0,True
00:08:42,59278c090220760001fda664,98.55259349168398,0.9353954951542124,0.3731607758970911,-55.66658152367214,-455.68800000000005,37.310665,3.2222883999999996,0.9355361999999999,-1.5558584999999998,-2.1559205,-4.500933,-3.7346117,-1.6495066999999999,-2.1886597,-0.27373603,-0.94909656,23.270487,15.573781,-8.387209,0.10334723,-7.2020655,-8.063095,-2.6087444,-0.7308566,0.574604,-4.073253467518281e-06,0.08115658312500354,5.9757490021832105,3566.850377043162,3064.971179356325,12.743542731921757,8.46928398590633,12.224459365064945,18.31310124545469,18.33090297624087,17.118156344184207,24.905081555187362,0.0015646362,4806.09375,0.0913427734375,0.0,0.0,0.0,0.01972110946662724,0.017926453216932713,0.009283615846652538,0.002495510346489027,0.9160296082496644,0.0202212551725097,0.011960795219056308,0.0023616228136233985,1.0,True
00:08:42,5c41c28e896e090001c03bb0,213.58967665985054,0.7610509784546444,0.4585224080233738,-74.38741252412309,-425.41232,188.79657,-10.849689,-17.80848,-4.3534193,-6.575537700000001,-13.233673000000001,-6.3496385,-2.1583145,0.8757704,-2.5095954,-14.267062,-16.025335000000002,-1.2463613000000002,23.048873999999998,-5.732983,-6.3509398,-14.385848999999999,-19.141146,-3.5049815000000004,2.070825,-9.493226666982409e-05,1.5588901225616805,3.6809463863598966,3577.3767030187305,3326.310238589422,11.860851045445525,12.223648854992573,14.23992318552772,14.782189362248257,16.039007727455658,15.943515245980231,19.344471929363145,0.46367002,7375.697544642857,0.02978515625,0.0,0.0,0.0,0.02322141565382481,0.0034400775039102878,0.04098131181672216,0.3962769344449043,0.031133943144232037,0.03478666096925735,0.040526608284562816,0.42963306307792665,0.0,True
00:08:43,59278c090220760001fda664,,0.7400759857806881,,-63.73229378074888,-490.2044,22.54176,0.34563035,0.7392594,-0.1665523,-1.59313,-2.7316492,-3.119556,-2.7768613999999996,-2.083765,-1.5070902,-1.3381615,16.035315,7.458648700000001,-0.6927634,-6.342574,-8.513411999999999,-7.527356,-4.689269,-1.6355819,0.33734524,-7.126528654343185e-07,0.011887123173095804,,3658.7744234583374,1787.9667635850005,15.295237269617411,8.318109967137309,10.39936108875313,20.86899317929851,15.90518929820375,15.014946815812031,17.74769763759792,0.00091594644,2189.296875,0.0269873046875,0.0,0.0,0.0,0.010580020863562823,0.010601815860718488,0.003116165287792682,0.0008285823481855914,0.9666979908943176,0.00330187629442662,0.004246627632528544,0.0006269055447774008,1.0,False
00:08:43,5c41c28e896e090001c03bb0,186.91426136326638,0.9364182573001336,0.6195192870470971,-14.235007859740946,-211.32817000000003,193.06918000000002,-14.339115,-12.174197999999999,1.07679,-0.42497697,-7.045308599999999,-0.7717849,1.5911169,-3.335662,-2.0263805,-5.1003857,-25.398120000000002,6.2271957,4.8209343,-21.759974,-8.190567,-0.8757875,-13.077608,-12.359582000000001,1.6140673,-0.0002103314393173869,3.4907610012161134,11.260074198576605,1509.8651171078527,1368.1821453234902,15.056810139103716,15.836982328619444,19.575782806430922,19.820345491329448,20.30868108783117,23.325747262543636,36.018882051678574,5.725322e-06,2407.265625,0.03384765625,0.0,0.0,0.0,0.03850137032568455,0.02292654489865526,0.029802233073860405,0.2002847753465176,0.35282138399779794,0.10266331546008586,0.09893258512020113,0.15406777895987034,0.0,True
00:08:44,59278c090220760001fda664,,0.6807529279811885,,-60.20127625211514,-480.9166,34.13438,2.7779474,1.9882402,-0.2808553,-2.577573,-3.7520926,-3.4741665999999998,-2.2255692000000002,-0.8497364,-0.011319385,0.080541946,23.692028,10.473363,-1.2449358999999998,-8.361886,-9.965183999999999,-7.273300999999999,-2.7414353,1.1318811000000002,0.43917423,-1.1213533915032292e-06,0.018535497499901445,,3113.9769886493873,1479.5464924027344,14.408811404962574,8.358974512501499,11.029883722374242,21.31762330491916,16.255801935865946,15.124633157191635,18.335800015593513,0.0005127075,1476.796875,0.0263720703125,0.0,0.0,0.0,0.002257612906396389,0.0009808821196202187,0.0006162165489513428,0.0006339263112749903,0.9930336833000184,0.0003825198073172942,0.0005597725685220212,0.0015354248112998902,1.0,True
00:08:44,5c41c28e896e090001c03bb0,135.97488833785073,0.9050262318427452,0.3579724253439712,-21.606446396539308,-274.2483,129.12592,-16.778,-8.821095,6.6952057,-3.7792835,-6.9892254000000005,-2.7491793999999996,1.5749958,8.006563,-2.1685863,-14.932251,-29.944874,47.623444,32.226646,2.5438874,20.065089999999998,-13.379439000000001,-21.742552,-3.1310463,1.547632,-0.00011180570048705445,1.8947338766630777,12.890989403084632,1679.6436808347598,2528.6819963140624,15.875225876332882,13.922864249147814,18.57063455500585,19.79234787444789,22.501867194217247,23.377289051172752,42.05388740338215,8.118693e-06,3963.75,0.08783203125,0.0,0.0,0.0,0.050202897563576696,0.00937245319946669,0.02556801335886121,0.3968117959797383,0.15273854248225688,0.1345525963231921,0.110669756680727,0.12008392736315728,0.0,True
00:08:45,59278c090220760001fda664,,0.7410511413794698,,-55.784999692869995,-465.99112,48.283524,3.2889366,0.78346115,-1.1800051999999999,-3.0517507,-4.707052,-3.4379102999999995,-1.9440342000000002,-1.3444196000000002,0.024265093999999997,0.04592161,29.238335,13.399825,-3.1883824,-12.453517,-9.123130999999999,-5.503486,-3.97665,0.92370635,0.5827180000000001,-2.2314492117817354e-06,0.03765318571629635,,2665.822763779352,1461.810914156664,13.047318560506449,8.310037808067511,11.983346329246707,18.582299551427187,18.567878760327627,16.956421566815433,19.26766411892156,0.0003010727,1663.359375,0.03681640625,1.0,0.0,0.0,0.006620310479775071,0.004925982491113245,0.0030870584538206453,0.0007131450809538363,0.978536868095398,0.0032686831429600714,0.0016074588755145669,0.0012404907029122114,1.0,True
00:08:45,5c41c28e896e090001c03bb0,124.3973436017622,0.9174425204610624,0.20277346986238384,-69.29399872177116,-462.8633,63.799769999999995,15.085544,3.1007147,-6.564911,-9.334671,-0.45680779999999993,5.6538596,-0.81592035,-3.6051226,-1.8860092000000002,-4.405074,2.080275,-1.3780997,14.274595999999999,19.347292000000003,12.267805000000001,-5.3265743,-4.7686305,13.308922,0.38077524,-1.3347248489255029e-05,0.2198594674278088,10.59533527847166,4598.390976207459,4818.521036772833,13.376208512125325,9.3096597050571,11.224742970733377,13.210083507570708,25.21981234100916,20.68853727989368,20.975482725191096,0.05082161,9571.40625,0.0691259765625,0.0,0.0,0.0,0.09327581562101843,0.012834432022646069,0.05923502072691918,0.0970397001132369,0.1445576835423708,0.14291717000305654,0.3976667061448097,0.05247346102260053,0.0,True
00:08:46,59278c090220760001fda664,107.65820488345145,0.8003258083321455,17.776901083386548,-46.58119141516005,-417.02286000000004,73.75293,2.074152,-0.51148516,3.7480010000000004,-3.1818566,-9.280225999999999,-1.5855313999999998,-1.2853967,0.23020448,0.43361837,-1.7021277,24.501337,12.662621000000001,-11.721872,-4.90583,-2.825535,-10.004556,-0.25046685,5.065796,0.9436048,-6.947923788785547e-06,0.12419748721729633,7.519039970396999,2719.521615728216,2885.411238308197,12.332551855095046,7.979909022497741,11.267653153124039,16.584893542043535,19.830967175836946,21.13768834419661,29.13762503104679,0.00073123723,4694.765625,0.1001904296875,1.0,0.0,0.0,0.037288471776992085,0.0020795601943973453,0.0009731569502037017,0.04100147561402991,0.8893697142601014,0.0028971554478630424,0.0038606091635301713,0.02252979315817356,1.0,True
00:08:46,5c41c28e896e090001c03bb0,145.18986586984047,0.8179152453547627,0.5240827622447866,-93.37412340333955,-467.37653,155.7264,-15.900635000000001,-20.738247,-0.9512790999999999,-1.9378925999999999,-6.761711599999999,-0.21338585,-2.8604043,-0.35108927,-0.95917237,-11.183023,-35.761917,43.14763,55.81359499999999,-21.131794,-12.052953,-8.073787,-25.936476000000003,-11.235039,3.0682285,-7.827574633227761e-05,1.300447877253902,3.0762527006755684,4339.73643634061,4710.903552699535,10.104103504089585,9.54894165748768,10.456689819799431,10.205241304053402,10.809378016333277,11.867907511844914,15.10288624474834,0.74677277,9946.732954545454,0.01888020833333333,0.0,0.0,0.0,0.05041464371606708,0.03466940764337778,0.026661194441840053,0.03752282648347318,0.4944528803229332,0.13277094587683674,0.2087433520704508,0.014764759363606572,0.0,True
00:08:47,59278c090220760001fda664,,0.9959273603173384,,-59.7553642642708,-478.25153,36.859146,2.2649171000000003,1.2558837999999999,-1.1987473999999998,-3.65671,-5.01883,-4.9143953,-3.6208482,-1.7356316000000003,0.096345246,1.3069348,23.949923000000002,8.312127,-4.594261599999999,-11.473669000000001,-12.0480995,-8.331642,-3.2200634,0.7700165,0.43698457,-1.2798920576084863e-06,0.021136122933422687,,3002.4673178808216,1480.1916767210266,14.593947457728605,8.202202541846813,10.876754943604968,20.55920999865977,17.390408720546485,15.406067773768141,18.42633150518621,0.000492784,1545.234375,0.0282421875,0.0,0.0,0.0,0.0007689063728321344,0.0011027310858480633,0.00013874004071112722,0.00017802671063691378,0.9963540554046629,0.0005141196365002543,0.00016930511046666654,0.0007741189969237894,1.0,False
00:08:47,5c41c28e896e090001c03bb0,259.77819851130454,0.9914318724366841,2.3741016091009284,-29.25570191750139,-212.24782000000002,111.017624,-5.185313,-1.8163220000000002,0.99111116,-6.8642173,-2.678359,-3.3108682999999997,0.64408183,-2.0683463,-2.0403879000000003,-15.003281,-73.517815,21.993814,-12.771512,-0.51048225,-1.6859857,-13.353639000000001,-17.509273999999998,-1.2155093000000001,1.3865222,-0.000217134217216247,3.835321401230317,20.76474789661628,2742.705644791356,3349.775911629029,12.162010826166801,10.805754099586244,13.947674501592882,15.210756647196787,19.088120948523933,19.787713483047604,42.74147677429807,0.0024940701999999998,5602.96875,0.11275390625,0.0,0.0,0.0,0.028176452964544293,0.033060310105793175,0.016753579396754502,0.09374675634317098,0.4560079604387283,0.1186041660606861,0.22183609157800674,0.03181466809473932,0.0,True
00:08:48,59278c090220760001fda664,356.24657532513555,0.566767465562931,5.0303044636338825,-48.67145277024689,-443.56174000000004,76.02509,3.2140647999999996,2.4537766,-0.3823685,-3.3885372000000005,-6.156863700000001,-7.180197,-5.3495193,-3.0016618,-1.7840701,-0.43377995,42.47246,11.002651,-6.499897499999999,-9.856322,-5.755028,-2.0147996,-0.60332954,1.2666117000000001,0.7419558,-6.473824310593884e-06,0.10597794774123492,23.639487740555342,2181.709356259446,1202.5963724239114,12.820951987050593,7.848108031415489,12.172746850907485,18.474911933058213,19.882423041019567,17.102694329344313,22.661537823878977,0.00021425933999999998,1554.140625,0.027783203125,1.0,0.0,0.0,0.00730954697355628,0.0032812092453241353,0.003559494321234524,0.0011923537182155994,0.9792807817459106,0.001999318355228752,0.0019465917488560077,0.0014306727971415967,1.0,True
00:08:48,5c41c28e896e090001c03bb0,243.37193832236255,0.5837909616904032,1.3012886151575047,-22.191470503214315,-226.05515,107.19457,-19.893393,-8.503725,8.517600999999999,-6.681507000000001,-7.443837599999999,-1.8478966000000001,7.4890289999999995,2.893051,-1.5107548000000002,-1.1925299999999999,-68.47633,46.68376,5.520935,-3.691146,16.089931,-14.216809,-27.144165,-4.90864,2.0315156,-0.00017909636108084077,3.2002326201319398,23.272553738670076,2424.044954702611,3436.000573831045,10.783236168005052,11.071450860447788,17.54968520824423,16.900775999840807,20.343112465328478,22.488267190303677,44.916876930257814,0.0020160144,5643.515625,0.1202001953125,0.0,0.0,1.0,0.024284206703305243,0.020375080965459348,0.012064399383962155,0.014155158377252518,0.7919545233249664,0.044899447914212944,0.08637446742504835,0.005892701412085444,0.0,True
00:08:49,59278c090220760001fda664,,0.6628069460264849,,-60.60187590061992,-482.06845,32.5627,2.7263544,2.0445504,-0.22920492,-2.8363912,-4.6075253,-4.9678674,-4.103014,-2.714092,-1.5372540000000001,-0.9463485999999999,22.321346,9.486388999999999,-1.7094871999999999,-8.325066,-9.640249,-6.9549394,-2.6194909,1.0824097,0.45033157,-1.0827817432285149e-06,0.017919894892662783,,3218.205010145032,1550.9104083422772,13.283457950951554,8.037557196485954,10.868338704599722,20.81371647182141,16.08994626196661,14.704192384888465,18.543019661333307,0.0005820730999999999,1634.296875,0.02638671875,0.0,0.0,0.0,0.04517023684456945,0.00997653198428452,0.011371167097240686,0.006254552397876978,0.8968716382980346,0.017127233440987766,0.0070881714695133265,0.006140490015968681,1.0,False
00:08:49,5c41c28e896e090001c03bb0,166.83360215170245,0.895659000738861,0.6669264709711326,-24.34087139699409,-233.1826,115.627205,-13.338063,-7.1368054999999995,6.7984705000000005,0.3323262,0.33967423,-0.7166547,0.7383579,-7.736656,-2.4123201,-3.2815256,-40.62631,28.545824,-7.5587893,1.5960288999999999,2.1496284,1.344801,-10.357591000000001,-3.5503058,1.3053549999999998,-0.00023673595021326993,4.0113004354641255,15.520826544878302,2359.869835102589,2742.325296379341,13.578391250891206,12.54867057915998,16.575250737629787,17.090454013888458,19.40682771079707,22.658943474883472,42.05854531885133,0.00018304987,4555.078125,0.0754833984375,0.0,1.0,1.0,0.022172083705663682,0.00854657543823123,0.1432698579505086,0.0662591565400362,0.18690123818814755,0.07086459398269654,0.4866886794567108,0.015297833806835116,0.0,True
00:08:50,59278c090220760001fda664,,0.7395156664102791,,-56.18938739690972,-466.50467000000003,50.808723,3.3610404000000003,1.3034413999999999,-1.1875235,-3.1148114,-4.000014,-3.7784693,-2.7517004000000003,-1.4798441999999998,-0.47097856,0.08143660000000001,31.57447,9.665177,-6.380731,-12.680597,-10.666071,-4.7264204,0.818184,3.581025,0.55140513,-2.043776522561573e-06,0.033550869328060326,,2538.085313607133,1260.8544569031314,13.613438115530707,8.439160116500023,11.316273734423676,18.83883375865946,18.888959055662575,16.201376386364473,18.77554364133549,0.00030216467,1343.4375,0.027373046875,1.0,0.0,0.0,0.028986748307943344,0.06483405828475952,0.03125458350405097,0.00366569448960945,0.801355117559433,0.04597657360136509,0.015469180047512052,0.008458057371899485,1.0,False
00:08:50,5c41c28e896e090001c03bb0,177.47233844950264,0.6191354656873623,1.3965039902952787,-21.455683022780395,-204.41593999999998,152.27095,-7.814864599999999,-7.195895,-3.051498,-3.0464542000000003,-2.7908635,-4.840834,2.552851,3.9611943,-0.4963643,-11.838542,-45.68673,20.885963,-5.638307,-4.1938863,2.6580863,-12.100045,-14.72434,-3.6507062999999995,1.9153087,-0.0002209711643485905,3.7372777478160937,16.540773148029547,2307.911606449801,2272.7435684917373,14.137507468176372,13.0483120322896,15.691805578842006,15.671677083813556,19.916629527618486,19.026700191385558,41.43153210124848,0.00017309932,4181.71875,0.0605126953125,1.0,1.0,1.0,0.025057890103198588,0.009611248504370451,0.05258746984569977,0.020986931898126688,0.5008750806252161,0.16477412901197871,0.2054131100109468,0.02069413757514364,0.0,True
00:08:51,59278c090220760001fda664,,0.7455963654920591,,-58.47632985143456,-474.73846,41.31343,4.029965,2.8204358,-0.028937763999999998,-3.106868,-5.1478376,-5.422327,-3.9823446000000002,-1.6189892,0.5343939999999999,1.5858041,27.019053000000003,9.603648,-4.7700830000000005,-12.220067,-12.386883000000001,-7.7533712,-1.8372692,2.5270228,0.47187096,-1.47645317313355e-06,0.024309883723160917,,2832.597620607681,1365.386115432847,13.11000072313512,8.470496210983995,11.425850019838151,20.21228024666675,17.936230720406016,15.416078469838785,18.598361256513275,0.00038778513999999996,1350.234375,0.027939453125,0.0,0.0,0.0,0.19252639412879946,0.1687340395525098,0.04588289335370064,0.02227940211596433,0.40954976081848143,0.05471744686365128,0.10158363860100507,0.004726375069003553,1.0,False
00:08:51,5c41c28e896e090001c03bb0,133.29162871945414,0.8565476165204938,0.6348041880806609,-17.307674775042948,-239.75641000000002,175.37956,-13.972453,-23.636253,-4.6588769999999995,7.138899,0.55352896,-6.627285499999999,-4.1659446,5.771880599999999,3.2526164,-9.935941,-25.783620000000003,12.522652,10.750026,-15.455839000000001,5.4581040000000005,-7.295486,-15.3568125,0.5035016999999999,1.5898403,-0.00016846329236164617,2.830336712930558,10.128180446888248,1326.94873123875,1878.8806430134089,14.313647650783027,12.24428578817268,16.885276404888206,17.598615481507927,22.159022067911092,23.617376993545125,38.17466630001781,5.4864486e-06,2862.1875,0.0627197265625,1.0,1.0,1.0,0.09986000135540962,0.010572607582435013,0.12987184524536133,0.03723451448604465,0.03814424010924995,0.2251616969704628,0.4522463649511338,0.0069087438052520145,0.0,True
00:08:52,59278c090220760001fda664,,0.7258231269794309,,-54.43164041972211,-462.44735999999995,55.81495699999999,4.598193599999999,3.6205957000000004,0.6575236,-2.635846,-4.440859,-4.0890603,-2.445177,-0.908933,-0.118367106,0.28342209999999995,34.850173999999996,11.188725999999999,-6.0001373,-12.997861,-11.729947,-6.542525299999999,-1.0203342,2.9666004,0.5948844,-2.2188105457341703e-06,0.0363893102459426,,2357.003002084112,1153.3639567239513,12.57216949350808,8.490178284052758,12.057826665999274,19.115007990315767,20.245773930786115,16.195701605089365,18.707309036167096,0.00018655078,1201.171875,0.027431640625,1.0,0.0,0.0,0.01745434212498367,0.021071186009794476,0.007364541501738132,0.0016006360936444252,0.9219873189926148,0.01617979560978711,0.011530678486451508,0.0028114761982578787,1.0,False
00:08:52,5c41c28e896e090001c03bb0,123.36317278776914,0.8894050366037606,1.0115655157207362,-58.117148576964134,-459.0846,43.96711,-1.6721655,-5.7302446,-0.253436,3.2310436,0.2856796,-1.8733712,-0.8550252,0.14113139,-0.14249206,-1.9799506999999998,-0.8778709000000001,9.401902999999999,14.11718,7.83095,7.5787130000000005,3.9900142999999995,5.064367,6.3782334,0.65664935,-1.521284463812659e-05,0.25356169048348914,14.845365863804258,3503.6435402769976,3171.0170285823224,13.1816451516234,12.573517523976088,12.667822926534448,12.765169261201644,16.51882488922813,17.985424872248608,22.446364875604548,0.014329472,5218.359375,0.08236185709635417,0.0,1.0,0.0,0.13075696621090174,0.030438064713962376,0.22261770213954152,0.020245689211878925,0.17209323355928066,0.1672971099615097,0.25076877027750016,0.005782436265144497,0.0,True
00:08:53,59278c090220760001fda664,,0.6712362644035824,,-57.76090865734256,-472.02594000000005,44.899372,3.6886058,2.6758556000000002,0.3013757,-2.2176495,-3.8702974,-4.166066000000001,-3.2231650000000003,-1.6003673999999999,0.010604128999999999,1.0459207,30.022579999999998,12.037691,-2.6838992000000004,-10.34448,-10.824413,-6.733919,-1.4763488,2.3677962000000004,0.49819830000000004,-1.5461510603512472e-06,0.02543177115184711,,2703.4886369119463,1277.1686643015676,13.047497446319491,8.364869519225474,10.9215947104027,19.36239073298366,18.95208809295441,15.768509904869092,18.54178319808592,0.00031670707000000005,1282.734375,0.0261962890625,0.0,0.0,0.0,0.0033150189090520145,0.009503049682825804,0.001274575135903433,0.0002450417647196446,0.9785332798957824,0.004377522377762943,0.002403320447774604,0.0003482230938971043,1.0,True
00:08:53,5c41c28e896e090001c03bb0,188.7497949807375,0.6346600399672766,1.502919796126148,-21.960448199760307,-239.38223,164.37788,-12.511199000000001,-8.0877695,1.6469133000000002,-0.5325896,-4.5394505999999994,-1.468709,2.1998477000000003,6.168889,0.17316726,-14.264870000000002,-40.139767,4.9099010000000005,-4.339751000000001,-18.980385000000002,3.722431,-9.27802,-16.83304,-9.682779,1.8828895,-0.0001508894496676775,2.522842085596149,14.324131199911951,1853.66403124686,2123.218575701654,16.519013851192458,13.461595718851342,17.002299206463714,15.20338344818399,19.391358545875768,20.570459887980608,38.43832253945252,0.0024124815,3592.5,0.0657177734375,0.0,0.0,0.0,0.07334733996540307,0.05974717400968075,0.034779607923701404,0.013749942532740532,0.3218654476106167,0.27442375048995016,0.21887178719043726,0.003214950283290818,0.0,True
00:08:54,59278c090220760001fda664,,0.9832732705146856,,-60.86191012017265,-483.2409,31.128407,3.507964,2.2783136,-0.8153571,-4.0924153,-6.108361,-6.2535977,-4.8584447,-2.8493178,-1.2038227,-0.5007719,21.357398999999997,8.831878,-2.4329023,-9.30953,-10.662341,-7.541969,-2.4641652,1.8253767,0.40797618,-9.586844941320771e-07,0.015897666516389058,,3224.8920538273023,1526.2269964296338,14.394098863162744,9.424519039981693,10.9607893819665,22.08939624082879,15.516239348118726,14.907786981886213,18.333208416932152,0.00049776747,1392.421875,0.0270849609375,0.0,0.0,0.0,0.10377092864364386,0.053902607131749394,0.09306619954295456,0.006458875723183155,0.6726108968257904,0.032326504867523906,0.02998555712401867,0.007878426881507037,1.0,False
00:08:54,5c41c28e896e090001c03bb0,137.14612226984343,0.9081449668617204,0.8674830339193408,-17.916297681303657,-217.05813999999998,187.62984,-20.843770000000003,-25.564020000000003,-2.038159,3.2466178,0.42622796,-1.3102497,-7.5292807,-1.4492284,4.224583,-7.356803,-32.24545,12.982437,15.790003,-10.946299,13.646588000000001,3.1583276000000002,-14.006895000000002,-5.721303,1.4124888,-0.00016448333649841032,2.7411288297211844,14.188744524606276,1545.471336707611,1620.1619511705835,16.029656698185125,14.263352881822515,17.839879155441448,17.034482242314073,20.23534374878016,19.6111271667337,37.57023224169347,5.620034000000001e-06,2896.640625,0.0431298828125,0.0,0.0,0.0,0.11870804876089094,0.027664375538006426,0.0690178420394659,0.060932333953678613,0.26717972829937936,0.16505888998508453,0.28218846544623377,0.009250298055121677,0.0,True
00:08:55,59278c090220760001fda664,,0.7405540540605872,,-51.20663510680677,-450.18234,70.13378,2.5294833,0.9850135,-0.93919367,-2.5102568,-3.405783,-3.6920786,-3.5091187999999995,-2.805323,-1.4744124,0.27552465,42.093758,11.653244,-8.718019,-15.072467999999999,-11.493872,-4.749418299999999,0.46145052,2.708694,0.6677803000000001,-3.198584900296167e-06,0.05233911542075581,,2027.3192308415714,1029.3908367122024,11.656842782786656,8.263691801053959,11.56506913078557,19.06625536414013,21.876802072101693,16.957389424805058,19.12594606596427,0.00010973967399999999,1158.984375,0.026826171875,0.0,0.0,0.0,0.005622674489859492,0.007308469200506806,0.00340868737839628,0.0009407332487171516,0.973367154598236,0.002713253296678886,0.005146163690369575,0.0014928581978892908,1.0,False
00:08:55,5c41c28e896e090001c03bb0,190.2027807616381,0.6484680353350722,1.2213355385485756,-56.43008821306258,-398.85025,21.508791,-6.015757,2.2196069,0.22247855,-8.835249000000001,0.5648757,-3.2383542000000003,-0.46026042,1.3397715000000001,4.605013,-6.8830633,-61.88225,49.041934999999995,-28.82511,-15.425187,21.335135,-0.42880222,-0.8395906999999999,13.307145000000002,1.7181267,-8.697947086144533e-05,1.591447279335387,11.773690267121875,3844.227848380259,6558.654873632791,12.56407671900263,9.744945314476222,12.044947973980436,16.138630208232588,20.20708818692248,19.99337183325989,35.263489438267,0.10230867,10794.609375,0.1619873046875,0.0,0.0,0.0,0.14757319688796994,0.04695261139422655,0.057176902890205376,0.012611979490611705,0.10223752483725547,0.3186719834804535,0.3125548273324966,0.0022209610004210846,0.0,True
00:08:56,59278c090220760001fda664,118.53769236944623,0.9068211432418014,0.30021104130865905,-51.015504663962716,-433.0949,71.03576,5.853542299999999,3.3975855999999998,0.15767035,-2.850186,-8.211177000000001,-8.418498,-3.164187,-1.7759781000000003,-3.0230362,-1.1139773000000002,18.130617,2.0487351,-0.12065683,-9.075998,-10.620234,-6.5550809999999995,-4.6941942999999995,0.882491,0.87378156,-2.703246641568195e-05,0.4497655740780722,26.93736156514442,2414.874624336674,1358.2703799191313,14.820359835455545,8.046341282461286,11.051507991530695,19.17614743849232,18.926280521636,17.98134295505962,20.126335887216392,0.00026314016,1545.234375,0.0327392578125,0.0,0.0,0.0,0.0067731159739196295,0.002204374200664461,0.000747453304938972,0.0009207531475112773,0.9865606069564821,0.0005671197272022255,0.001900234923232347,0.0003264087965362705,1.0,True
00:08:56,5c41c28e896e090001c03bb0,126.65655881739443,0.2121232603769748,1.1982319941865822,-43.14840088328815,-350.15164,109.61096,-9.050125,-4.7036940000000005,5.658858,-2.5039917999999997,2.2122015999999998,3.1998801,-1.0549651000000002,4.9355655,4.363566400000001,-7.6237520000000005,-28.128939000000003,11.863903,0.14148547,-17.445541,-0.065472774,-1.8486238000000002,-2.198849,4.9637675,1.669863,-8.389390095334728e-05,1.4192286642542342,14.85357083787073,2895.022666893847,3171.5469778931893,12.542614645930376,10.327069674304642,13.156312034859154,15.237779631070573,15.928447374479909,20.666130937835323,32.712500577358945,0.007954828,5655.234375,0.09017578125,0.0,0.0,0.0,0.10869858395308256,0.055025501549243926,0.06727689248509705,0.06698775669792667,0.14549037702381612,0.27052150294184685,0.2799621604382992,0.006037223522434942,0.0,True
00:08:57,59278c090220760001fda664,119.4094619331911,0.7386936937688946,8.393906208266179,-53.49317716462672,-443.41015999999996,63.529143999999995,2.0024793,0.42567602,0.013521762,-1.5232058000000002,-4.9139733,-5.5490785,-3.4584502999999995,-1.8057729999999999,-1.1052781,-0.03845146,21.843757999999998,5.91646,-2.8387884999999997,-11.705324000000001,-10.071536,-6.1841526,-4.344784,0.027827485,0.6611312,-7.705732555751904e-06,0.1297437148899742,159.98401709712013,2535.8527904911593,1591.4280554633579,12.648526434906547,8.207660120599282,11.010117402535881,17.659816443414318,17.409775441953553,16.304035813681388,22.709063048210073,0.00038516792,2304.609375,0.0389111328125,0.0,0.0,0.0,0.00556544871069491,0.04502326855435968,0.0020034626882988963,0.00021706453117076308,0.9250834941864012,0.01276822828222066,0.009099584026262163,0.00023949437745613976,1.0,True
00:08:57,5c41c28e896e090001c03bb0,138.27574542315176,0.8316320678758872,2.35390027629213,-28.74948731683393,-269.17575,145.048,-8.724861,-10.498088000000001,6.301243299999999,0.07712985,-3.6930292000000002,0.34454703,0.023451224,3.2012683999999996,-1.8598039000000002,-12.251756,-31.526004999999998,12.137405000000001,11.306602499999999,-13.861853,1.0006960999999999,0.13447508,-4.7120104000000005,5.40948,1.5314252,-0.00011568942996584428,1.9661363605205495,20.676406046677123,1881.7000466551945,2107.054010276171,14.256944798493462,11.322279760681822,13.294556804130632,15.32211849128289,18.155280566168596,18.613668277296327,38.24118879072986,0.00014593382,3794.765625,0.0650439453125,0.0,1.0,0.0,0.07936255447566509,0.03833801727741957,0.04034612569957972,0.0490409859456122,0.15518961399793624,0.3458885744214058,0.2579729542136192,0.03386117927730083,0.0,True
00:08:58,59278c090220760001fda664,,0.7219799683710081,,-58.193126406812326,-476.32217,40.233574,1.8376111000000002,1.7714310000000002,-0.62502563,-3.7745607000000003,-6.068226,-6.578236599999999,-5.331103,-3.0996493999999997,-0.91087604,0.43891206,28.577309000000003,13.369076999999999,-0.83418894,-10.362919999999999,-13.641732000000001,-11.457246000000001,-6.2924085,-1.113548,0.44766720000000004,-1.3229285684392448e-06,0.021793672214586533,,2834.198328004982,1299.175183273136,13.539130428000476,8.025344427009545,10.77908358055928,21.066409407132227,17.033121507627378,15.047093145065874,18.255005766521442,0.00031132254,1163.4375,0.0254736328125,0.0,0.0,1.0,0.007419290510006248,0.08310064673423767,0.0018057093373499808,0.00029135180957382537,0.8635104537010193,0.02953273132443428,0.013963285088539123,0.0003765307425055653,1.0,False
00:08:58,5c41c28e896e090001c03bb0,175.1649958719749,0.7034099929710182,2.1468388642458494,-25.72151879488423,-234.8988,139.79462,-17.612444,-9.262358,5.471939599999999,-2.7641041,-7.2439922999999995,-2.2832253,3.0594609,1.9832101000000002,-2.5715015,-12.216161,-58.790572999999995,0.36843315,0.2078672,-5.9624724,10.007689,4.559482599999999,-10.400866,-6.5006213,1.529208,-0.00015148580584108172,2.578925116496426,15.337707440245357,1937.5660203875104,2366.9307838072727,15.140126176932545,11.596253552900286,14.136903003354455,16.536472152926777,18.34017280849217,20.63761292152547,39.305272542812254,4.2908556e-05,4221.5625,0.076875,0.0,0.0,1.0,0.04963622335344553,0.02386652569402941,0.02890141739044338,0.1759951440617442,0.23115972243249416,0.2380542825907469,0.2063903972506523,0.045996306464076035,0.0,True
00:08:59,59278c090220760001fda664,,0.7514867269871314,,-62.69431295860175,-488.28983,24.613016000000002,2.156584,1.7818246,-0.6249448000000001,-3.6360376000000003,-5.761914,-6.0948519999999995,-4.611744,-2.0572898,0.4794401,2.0669272000000003,16.449707,5.849328,-3.9039829,-10.128705,-11.664976,-9.138286,-4.507959,-0.1426812,0.36066386,-7.859051593763399e-07,0.013101978650925241,,3478.239063144768,1729.9065293443216,13.976545938189215,7.909778362462196,10.996467594849172,21.72322656044044,15.169623865416632,14.68321737878397,18.391583502978836,0.0007329776400000002,1970.390625,0.0298828125,1.0,0.0,1.0,0.2312379667535424,0.04145520329475403,0.03993295719847083,0.028168224688852207,0.3273460602387786,0.2469296239316464,0.036765155289322136,0.048164831148460506,1.0,False
00:08:59,5c41c28e896e090001c03bb0,156.6301820970219,0.7103748408455864,0.7265908198504015,-15.606615925922403,-185.05463,146.42628,-9.190986,-4.0324273,3.8739982000000004,-2.2717322999999996,-1.9579311999999998,-3.523623,6.2056518,2.5876959999999998,-8.561249,-15.953702999999999,-47.88616,34.904971999999994,-0.5007224,0.44997537,-0.60203475,-13.263128,-21.57349,-5.3635197,1.897373,-0.00023367040104594722,3.9882183194474674,14.238210922832149,2145.3514682035225,2445.8335148446813,15.582666682817953,13.393514581509946,17.548543360997535,16.817503584837887,21.581934462900023,21.527743887193193,43.345995568895596,1.9059242e-05,4217.578125,0.0619970703125,0.0,0.0,0.0,0.0942031554877758,0.005611614830195321,0.03212496127234772,0.2608085169456899,0.014063299819827079,0.17163740997202695,0.3338941089808941,0.08765693083405494,0.0,True
00:09:00,59278c090220760001fda664,,0.7434994912090698,,-61.16871559987131,-484.6766,29.369197999999997,3.7187318999999994,3.8225163999999996,1.396045,-2.1832595,-5.313654,-6.845602,-6.4599075,-4.644236599999999,-2.3468256000000003,-0.5063858,20.236985999999998,8.301423,-2.8206506,-10.125421000000001,-12.227324000000001,-9.677633,-4.525068,0.6386847,0.39208459999999995,-9.255222071236849e-07,0.015355685057628387,,3267.0265483501894,1564.4926006519202,14.274282670605116,8.626339056300747,11.429115924378,21.41446773649764,15.789166973874359,14.630585799355266,18.47633304403646,0.0005355223000000001,1496.015625,0.0280078125,1.0,0.0,1.0,0.10561950951814653,0.13921346813440322,0.01402123160660267,0.0008399464830290527,0.2787872165441513,0.4217079401016236,0.03816475681960583,0.0016459195408970115,1.0,False
00:09:00,5c41c28e896e090001c03bb0,149.10630863297652,0.9014370409919203,0.5931172489276506,-17.04588661764849,-188.05495,165.39404,-8.677153,-6.3217989999999995,2.0784863999999996,-1.9344556,-5.2323575,-5.121935400000001,6.0625860000000005,6.101532,-6.8063474,-16.123306,-42.506073,28.50207,8.405227,8.821077,7.7239375,-18.409334,-24.872343,-6.754352000000001,1.9470601000000003,-0.0002068430941972609,3.502041567164781,19.62196448218323,2064.6546577139893,2149.8691170026973,16.80467224928786,14.863333757633223,17.19001609362349,16.709065823304773,20.77835535396104,21.22068163512253,41.915543286991564,1.721954e-05,3822.1875,0.056025390625,0.0,0.0,0.0,0.1955214224755764,0.004288592986995354,0.050343662127852434,0.20134594794362784,0.011345397960394622,0.1809044353663921,0.2941181644797325,0.0621323836967349,0.0,True
00:09:01,59278c090220760001fda664,,0.69709323148269,,-58.88955483955616,-476.75677,38.981102,4.4265537,2.3184297000000003,-1.315581,-4.500295599999999,-5.989738,-5.657696,-4.227569,-2.6507742000000003,-1.5629646000000001,-1.0940523000000002,25.875134,9.506339,-4.5217757,-12.21476,-12.627891,-7.793691,-1.3523383999999998,3.301706,0.48196986,-1.264452984883886e-06,0.02086811032521569,,2878.6912665443238,1369.919080491318,15.317014276930172,8.294703600963661,11.260770043270275,20.88790312039391,17.47158191129454,15.191298052438896,18.422748616971035,0.00036137106,1255.546875,0.028203125,0.0,0.0,1.0,0.15763306319713594,0.18371196556836367,0.013453107513487338,0.0015358445642050355,0.21629394590854645,0.3527544617652893,0.07316511236131193,0.001452454610262066,1.0,False
00:09:01,5c41c28e896e090001c03bb0,122.0762922090708,0.9111270434901718,0.6679921317762434,-19.84467279022307,-254.18091,171.20622,-14.098529999999998,-9.680883999999999,14.787656,13.745666,-2.04422,1.4474208,4.718399,-0.9981154000000001,-2.7860541000000003,-8.337397,-19.562920000000002,10.259678,8.140166,-15.153220000000001,9.116444,-0.93775874,-17.97608,-8.975928,1.6442561000000002,-0.00013987920392284186,2.352781009773496,17.75757596061825,1373.7467342243754,1788.7435085161676,15.310130786299233,12.368170234760505,16.08560996616827,18.413111653172408,20.9211526341886,25.66091580952217,34.72431735655961,4.8730208e-06,2782.734375,0.0551708984375,0.0,1.0,0.0,0.09172223694622517,0.008591310423798858,0.05690930187702179,0.09653804474510252,0.032968037389218816,0.30340043157339097,0.34698858559131623,0.0628820539219305,0.0,True
00:09:02,59278c090220760001fda664,,0.7638130758238058,,-57.16119434466652,-471.44005999999996,45.432167,1.6745428,0.19685972,-2.4559877,-4.77586,-5.6010756,-4.674515,-2.6873176,-0.72282046,0.47786337,0.84513617,29.872969,11.254475999999999,-3.7479556000000005,-11.367159,-11.737345,-7.6861524999999995,-2.6628976000000004,0.80928373,0.5153473,-1.6826913172598318e-06,0.027653932998032885,,2690.5181199345466,1295.1426877366166,13.121307555142915,8.482218571569666,11.539402304275574,19.34609407552258,18.690453293951823,15.653740270785287,18.52179689546355,0.00034016604,1323.984375,0.0260107421875,1.0,0.0,1.0,0.10967350918799637,0.02297037928365171,0.006607358157634735,0.04291202921885997,0.7254683077335358,0.02607405260205269,0.06235142182558775,0.003942949936026707,1.0,True
00:09:02,5c41c28e896e090001c03bb0,127.86093145215489,0.6696030064913395,0.5616255545000858,-20.507318568767825,-268.35222999999996,170.68431,-10.978567,-11.801295,4.8504333,10.981815,1.7613096000000001,-2.5969694,-3.1778967000000002,-1.4250147,-3.066776,-9.143445,-20.00584,-9.523766,3.3262937000000004,-12.7474785,2.9824947999999996,2.7377856,-9.987388000000001,-8.217075999999999,1.5640614,-0.0001322541241013117,2.1981205076340187,13.006736373432126,1160.6301715312607,1722.643000849346,17.236036071241134,13.96147539830653,17.148943800065524,17.192946884164723,23.639085394602603,23.500733405250923,32.598116266934966,7.093043e-06,2603.90625,0.058408203125,0.0,0.0,0.0,0.07005557790398598,0.023846683593001215,0.02991582890972495,0.08629725161008536,0.09618186159059404,0.3257535621523857,0.307922038435936,0.06002717483788729,0.0,True
00:09:03,59278c090220760001fda664,,0.7336484568728472,,-58.331224591915046,-475.76266,40.161324,3.9973502,1.807219,-1.8444468999999997,-4.9823002999999995,-6.386023000000001,-5.9518375,-4.426638,-2.8058207000000004,-1.7792305,-1.4896605,26.48435,9.456679,-5.053453,-12.91894,-13.244364000000001,-8.229642,-1.675587,2.9644852000000004,0.49228343,-1.3675793852973978e-06,0.02254289846364553,,2823.365059985205,1353.9499523549825,14.269681751127102,8.60502579187729,11.084426854560682,20.625771526478324,16.545686758215368,15.256571187624276,18.36240034149904,0.0003588719,1256.953125,0.0279052734375,0.0,0.0,0.0,0.12328741997480393,0.12793917804956434,0.02215248458087444,0.0016455312492325905,0.5694212496280671,0.0830505795776844,0.0716023676097393,0.0009011715417727828,0.0,False
00:09:03,5c41c28e896e090001c03bb0,129.3836212397717,0.9049389039557071,0.4673462786425538,-21.263949346545672,-281.1879,159.7409,-13.91951,-13.359126999999999,-2.5632200000000003,0.21323742,0.39365408,-3.6053495000000004,-4.2489295,7.399493,2.0456866999999996,-18.335201,-11.616429,10.916286999999999,21.9371,0.06039236,7.430438499999999,-1.3115398999999999,-12.537421,-7.3514447,1.7310281000000003,-9.942581868693089e-05,1.658979890923353,13.614933840819779,1344.2134961480633,1670.6194801453894,18.124120818743986,14.063680524636435,17.934675982543148,16.876812618399924,22.42156152140873,22.652109136838973,35.76314765159445,8.148571e-06,2765.859375,0.0533642578125,1.0,0.0,0.0,0.043453986011445525,0.020767806482035668,0.07336695801932365,0.19131267666816712,0.20402711145579816,0.15785244926810266,0.22819399032741786,0.08102504189591855,0.0,True
00:09:04,59278c090220760001fda664,,0.7813454242729388,,-57.217807382362054,-473.29984,43.370827,4.880155,4.338899,2.0746830000000003,-0.56770754,-2.6179144,-3.6438593999999997,-3.6320221,-2.8183142999999995,-1.5967183999999999,-0.46787342,28.988072999999996,11.079614,-4.2660823,-12.845264,-13.770546,-9.180635,-2.6670375,2.5666282000000002,0.48102385,-1.6347069813663297e-06,0.02683779933685788,,2728.7297967486247,1286.7500761260515,12.291543794751954,8.89770244631027,11.676263421196651,20.98375803162717,17.30748816879074,14.956844552392402,17.75119282871674,0.00031717695,1227.421875,0.0263427734375,0.0,0.0,0.0,0.018303950875997545,0.14552496932446954,0.0053665218874812135,0.00032250509539153425,0.7437562823295594,0.07253307849168777,0.01342629585415125,0.0007663927564863116,1.0,False
00:09:04,5c41c28e896e090001c03bb0,109.35442940003759,0.8416752117480948,0.7445309728646498,-28.305267478913112,-336.73812999999996,94.53485,-14.233977,-3.8280349,4.704927,3.0068426,3.7358047999999995,-2.3580704,-2.5913734,5.462437,0.37378094,-12.296061,-23.796257,19.112528,-7.271567,-11.6959095,14.150604999999999,-13.319429000000001,-7.195351,1.7826391,1.4231768,-6.695409934062992e-05,1.1522927969373358,11.52985210905422,1328.0327471583087,3315.938664484989,12.574520484731972,8.676162658303902,13.065833333862658,18.664501218930614,23.072261675503825,24.20150806972663,39.60974060072597,4.0601622e-05,4354.6875,0.13318359375,0.0,0.0,0.0,0.05319355800747872,0.020942466112319383,0.11530316378921272,0.07979921083897352,0.16161070596426724,0.11560871303081513,0.4382400169968605,0.015302170254290103,0.0,True
00:09:05,59278c090220760001fda664,125.84935299994316,0.2974575131745025,0.8884167176714138,-36.47906969263658,-337.8976,122.10521000000001,0.04686295,4.8288417,-1.9716186999999998,-0.14215851,-2.7466464,-8.57592,-2.4711637000000004,4.518839,-1.367397,-4.91735,-19.857492,-6.892932400000001,21.649033,-2.3902454,-14.052183,-8.293154,-14.835888,-16.706568,1.2173308999999999,-0.0001290201660340164,2.1517909771252177,32.29705432354013,2316.501588679695,1664.1458503456445,14.709903039772053,10.879041541726249,13.659382428151705,18.18043655186095,20.040272876750787,23.957418936893248,25.625336641650925,0.00041189792999999996,2591.484375,0.038466796875,0.0,0.0,0.0,0.01891416748985648,0.2120963141322136,0.005296152923256159,0.00011290697148069741,0.6657567024230957,0.09121943190693856,0.006017593899741769,0.00058672318700701,1.0,True
00:09:05,5c41c28e896e090001c03bb0,116.49773393999078,0.601289979770944,2.5811129177597207,-70.6631713631959,-467.22155999999995,64.21106,-8.36994,-10.654598,10.325772,5.3184857,-9.664436,0.123005785,4.2488575,-3.6929545,-1.0859988,0.42147213,-17.16587,-7.8599105,1.4590361,-6.3047075,3.2293198,0.9133870000000001,-2.1861937,4.449968,0.75003,-1.385826130379793e-05,0.22994562515804834,34.14083965760834,4312.435322926069,4685.3023414536465,11.791169565601244,8.287293217868932,11.426137824495347,16.791309675353624,17.161305667870472,18.41583397456235,19.572487968868906,0.051052213,8857.5,0.1059521484375,0.0,0.0,0.0,0.053228527586907146,0.035823257686570284,0.02912131915800274,0.016769712860696017,0.4928003162145614,0.13878694127779453,0.23019271567463875,0.0032771879399660976,0.0,True
00:09:06,59278c090220760001fda664,175.98513099904403,0.9842222146031548,3.6801093055775236,-30.345646601090536,-301.2451,145.7483,8.216947,-0.39874380000000004,-2.0926492,7.3045077,-1.3426049,-5.3192544,2.4995842,1.5774896,-5.1192303,-4.5624533,-19.702676999999998,2.513788,31.351913,2.348172,-14.241356,-15.742273,-20.304394,-8.636544,1.5900811000000001,-6.494222920386508e-05,1.090059840546138,27.25385524858089,2172.1628133666395,2312.081124098607,13.728676624472484,8.59949299470505,12.510603024268699,15.388795844557324,17.979867967121926,25.57982305686791,30.85298183667448,0.00043114559999999995,4406.953125,0.0725830078125,1.0,0.0,0.0,0.025265124253928663,0.18510383516550066,0.006779170129448175,0.0003600172232836485,0.6182176113128662,0.1422586038708687,0.020845372602343558,0.0011702747200615705,1.0,True
00:09:06,5c41c28e896e090001c03bb0,,0.3688458082543564,,-104.66603090045557,-507.33542,0.5970329000000001,-0.5328585,-0.45435935,-0.32139108,-0.14969449999999998,0.040589992000000005,0.22724566,0.38854212,0.5057639,0.56528604,0.5601814,0.499978,0.35059837,0.16595891,-0.032873599999999996,-0.22326253,-0.38360384,-0.4958073,-0.5473905,,-2.0440812755961414e-08,0.0004228468842293115,,6529.404064022069,7398.5548204533325,8.623008027251442,8.341151794904029,9.333431267643023,10.064737421413966,10.320391480555381,10.880852262301142,12.4125772810935,0.677555,15818.27445652174,0.021961805555555557,0.0,0.0,0.0,0.003762346418807283,0.0018497281125746667,0.00040981714992085474,0.0109114506165497,0.8274578951299191,0.004776858468540013,0.14843588899821042,0.002396031853277236,1.0,True
00:09:07,59278c090220760001fda664,143.83145269137756,0.43492298498919457,4.4786793866188965,-40.00889819366196,-383.8557,97.684555,-2.3160574,-2.5646782000000004,-1.7873186999999997,1.3274121,-1.9471478,-3.6406178,-2.6114004,-5.6270614000000005,-7.28909,-5.0344434,18.5885,7.494834399999999,-1.9948721999999999,-2.551136,-5.2499385,-6.74521,-14.394557,-13.125701000000001,1.0977139999999999,-4.7058076312585e-05,0.7925606256450416,24.005253489967288,2353.620938442013,2400.3333310637368,11.136440932192523,9.861168658937679,12.958093022888287,16.10086798580837,19.87826562811927,20.828584930069674,28.77134220486936,0.0010202114,4310.859375,0.078427734375,0.0,0.0,0.0,0.048514281213283536,0.14789375215768813,0.018453453294932844,0.0012675587146077304,0.4698848605155945,0.2512199401855469,0.05980830602347851,0.002957882499322295,1.0,True
00:09:07,5c41c28e896e090001c03bb0,152.18486166808282,0.6784038947855301,0.4567073711041851,-24.296370263374506,-230.08711,141.69894,-3.4498474999999997,-9.451628,4.647914,2.812966,-2.1669192,0.12116787,-0.56448615,-4.383904,0.049311254000000006,-14.628210999999999,-40.120193,9.380106,1.7550131000000002,4.2231402000000005,-8.040179,-5.470667400000001,-16.36615,-7.339811999999999,1.4140177999999999,-0.00020805599281366183,3.5041547801142245,12.309608115079072,2151.2358170374714,2200.6220507149064,15.084380986611846,13.959337635292725,17.18434396538768,17.901966326252605,23.514198397948128,21.994421297759104,36.957470099069404,0.0002220295,3620.859375,0.0587451171875,0.0,0.0,1.0,0.03098119371053245,0.006275931366771046,0.03094528606420176,0.3388261958542797,0.2311369058572584,0.04311223328113556,0.27788764983415604,0.040834616365221635,0.0,True
00:09:08,59278c090220760001fda664,114.64567601733896,0.3741875635818133,2.908368934035933,-28.95342040709907,-315.30396,148.54285,2.7514408,3.6473138,-2.3236765999999998,-2.6566682,-5.963879,-5.2020597,4.2662889999999996,4.571086,-6.365777,-7.4882035,-8.557312,-1.2208211000000002,33.49671,8.266656,-7.305821400000001,-7.413325,-17.546860000000002,-13.756895000000002,1.3844981,-7.213731496702816e-05,1.2041552129457973,15.138338974772283,1690.5809715792911,1659.1480070799764,13.251642472230664,10.214555773397688,13.999003160439596,14.870447880481372,20.00420637813004,27.245880487276164,28.91076418102621,0.000116369185,2940.46875,0.049560546875,0.0,0.0,0.0,0.07393772974610327,0.2194771945476532,0.03368254601955414,0.0013497007195837794,0.4101389706134796,0.21226026117801666,0.046242046356201175,0.0029115981422364713,1.0,True
00:09:08,5c41c28e896e090001c03bb0,,0.4540055669074853,,-67.48937186194638,-488.66522000000003,26.191433,1.5191236000000001,-0.49904585,2.426818,4.594053,4.227541,3.8256282999999995,4.200118,3.2817824,-0.007111116,-2.0750928,8.422926,4.736718,7.279569,7.716809700000001,8.854527000000001,11.111162,11.529603999999999,7.6913853,0.62709016,-2.086106053362314e-06,0.035105603833675884,,4431.328318773074,3851.7280852346007,13.543238090599734,9.269826710768351,12.711574832462716,18.862652483827983,22.712386818997263,15.522255430356562,15.62393546750934,0.026277817999999998,7803.046875,0.0476220703125,1.0,0.0,1.0,0.015024739265855815,0.006441543561878562,0.005013006202514387,0.5707988819728295,0.1623873400191466,0.08865690996430607,0.07521964294008082,0.07645792783134514,0.0,True
00:09:09,59278c090220760001fda664,,0.7301841141782864,,-58.52306432738997,-473.3605,43.059948,3.306561,1.9888974,-1.2008721000000002,-4.449191000000001,-6.1018267,-5.625845,-3.7091550000000004,-1.5069903999999998,0.18746087,1.1739198,28.484367,11.233532,-2.5681908,-9.712321000000001,-10.408936,-6.948549000000001,-2.0971064999999998,1.8213633999999999,0.48668095,-1.4935944561887717e-06,0.02463840923234021,,2820.264441621841,1367.5190321329885,13.145853997356005,8.191921658615751,10.485340822487283,19.649716814063627,17.488336036082654,15.415854489071902,18.95545020466016,0.00038237211999999997,1443.984375,0.02705078125,0.0,0.0,0.0,0.15554211512207985,0.10457943640649317,0.21610753126442436,0.011355639586690813,0.2584658250212669,0.1345681443810463,0.11405351907014845,0.005327791254967451,1.0,False
00:09:09,5c41c28e896e090001c03bb0,182.09880305912532,0.5345686148909178,2.4389865414654732,-25.64980538041639,-230.93497999999997,117.52378,-8.19813,-7.703317599999999,4.088262,-2.1682727,-2.928441,-3.5087607000000003,3.0966635,-0.45047596,-0.3332625,-14.593992000000002,-38.482456,22.91141,1.4570353999999999,7.5925884,-15.899681,-1.0186305,-11.06413,-4.420996700000001,1.648832,-0.00023000193208389967,3.959539983533535,12.373027706530426,2645.494713299507,2548.2277899949945,16.395661555662087,12.802578681706333,16.41030590307832,14.259353864600664,19.73589793863813,18.98871741416356,39.83529035283273,0.0005489907,4621.171875,0.0565478515625,0.0,0.0,1.0,0.028312425025635295,0.01861027639501521,0.010347987266464366,0.16794200112215346,0.3291382650948233,0.2523147094891303,0.09762142334754267,0.09571290890582734,0.0,True
00:09:10,59278c090220760001fda664,,0.7716191100140207,,-59.814041940205605,-479.59018,35.746646999999996,2.6079204,1.4974556,-1.1941831,-3.809385,-5.084181,-4.642394,-2.968148,-0.98487085,0.46934247,0.99343604,24.564419,10.308961,-2.4187427,-10.147051,-11.750380499999999,-8.545477,-3.348792,0.9520607,0.43661976,-1.1315164295465608e-06,0.018701106898241917,,3021.3722298675566,1427.3851724578376,14.631392114020555,9.348320890349683,11.617800806817256,20.339278743976642,16.15123783240463,14.765930763511445,18.608952148684406,0.00041731,1324.453125,0.026669921875,1.0,0.0,1.0,0.26590209603309634,0.02649793019518256,0.15688881538808347,0.17843841072171926,0.12444937396794555,0.09391843676567076,0.11897041201591492,0.034934529894962915,1.0,False
00:09:10,5c41c28e896e090001c03bb0,160.69717981566768,0.8956949392073507,1.4888063970923544,-17.093423372253337,-201.063,142.11768,-15.411847,-4.879931,5.8041196,0.48161146,-1.0397893,-5.348554599999999,-3.150991,3.5461302000000003,-2.1150432,-13.471982999999998,-61.15963000000001,38.866904999999996,2.5307906000000004,-11.480807,13.365720999999999,-16.372728,-19.940932999999998,-5.081942,2.0803795,-0.0001989608202876124,3.4484596232720897,20.203343314921135,1913.6140517322574,2894.3928410189533,13.324779553556436,11.863130756687895,16.511065126942587,15.457809360919144,19.832214387557894,21.96020158719339,46.396328923389994,1.7974427e-05,4432.5,0.103076171875,0.0,1.0,0.0,0.023114477121271192,0.004919955553123146,0.05977998557500541,0.3876640601083636,0.20919082574546335,0.04645003012847156,0.18620601533912126,0.08267465049866587,0.0,True
00:09:11,59278c090220760001fda664,,0.8909792053924332,,-57.614344366613004,-472.78302,44.18783,3.2436714,3.1303177000000004,1.5738615,-0.64842415,-2.6803086,-3.7775839999999996,-3.5417075,-2.0965376,-0.080421545,1.5930513000000002,30.189877000000003,13.127851500000002,-1.103784,-8.934302,-10.132814999999999,-6.947017999999999,-2.3477867000000003,1.3994335,0.49758270000000004,-1.5519804964366246e-06,0.025549710488804705,,2769.1160593079862,1321.4184756639431,12.654605942529738,8.028889590346614,11.986468269887391,18.81119832915908,18.454433600197557,15.622659497704689,18.6405548991187,0.00036840016,1401.328125,0.0264697265625,1.0,0.0,1.0,0.09728287635371087,0.15926444455981253,0.005246814887505025,0.0038199190617888242,0.4651316702365875,0.21746388971805566,0.04881332544609904,0.002977080945856869,1.0,False
00:09:11,5c41c28e896e090001c03bb0,127.87428990073893,0.8619117852708723,0.555037710807708,-43.84937970234697,-370.33295,120.97245,-2.1336906000000004,-3.9546660000000005,3.4210608000000002,1.8124647,-2.4365012999999998,-2.4815803,-2.8038595,-2.3296107999999998,-3.2881187999999995,-4.840954,1.7292013,2.9191692000000002,4.580972,4.438788,12.728444,8.280700999999999,8.21759,8.411649,1.7320876,-6.255874245698112e-05,1.0387984172969356,9.15617275134184,2928.822776064872,2271.1140211936577,13.154579178414929,11.365096700409742,12.839796436643526,14.872803513459392,17.162674304408075,17.570288980061907,26.510292223125486,0.008324392,4735.78125,0.0377392578125,0.0,1.0,0.0,0.034135946817696085,0.010549659130629151,0.023831432592123745,0.07504957290366293,0.11670424416661265,0.11410095486789942,0.6156788736581802,0.009949328994844108,0.0,True
00:09:12,59278c090220760001fda664,,0.7303250098799293,,-57.152704071301834,-471.5247,45.440075,3.1024046000000003,1.5626283,-1.2522468999999998,-3.8849406,-5.4416237,-5.685841,-4.8138924,-3.1961164,-1.2561481,0.536622,30.020372,11.123216000000001,-4.6309495,-12.970363,-13.392714999999999,-8.56328,-2.3966606,1.9355209,0.53893036,-1.624436413354775e-06,0.026718466595667248,,2640.8022187610954,1275.250472906393,13.031218814871488,8.759052951915942,11.459405263442516,20.22163366292457,17.707930811473894,15.59002128563822,18.597443546122253,0.000291125,1284.84375,0.0273779296875,0.0,0.0,0.0,0.17439255760982633,0.12058729976415634,0.015845767152495683,0.0013449103746097535,0.2561254799365997,0.3567585572600365,0.07205567779019477,0.0028897075797431173,1.0,False
00:09:12,5c41c28e896e090001c03bb0,148.8863020958903,0.6067600664328691,0.8622740111251749,-24.48297192657877,-274.2224,109.26951000000001,-11.810228,-11.128319,1.0323095,-2.1531289,-0.43699095,-2.2827713,-1.9651686000000002,6.537067400000001,-2.7850397,-15.371526000000001,-62.726490000000005,34.68718,31.822865000000004,-8.682812,11.825044,-2.3931713,-15.174335500000002,-1.2118958,1.8027718000000001,-0.00012401164753884675,2.16381208302731,21.98893702876287,1725.9042581302785,2785.941337237868,13.318165965574922,11.615548902833787,14.610518374729136,15.63923675474035,20.046276024494066,20.0678002582491,42.791563676891286,4.9284867e-05,4456.640625,0.095478515625,0.0,0.0,0.0,0.07970278225839138,0.015230866475030781,0.05456992893014103,0.0494904360268265,0.2898233607411385,0.16153781935572625,0.33544592559337616,0.014198889653198422,0.0,True
00:09:13,59278c090220760001fda664,,0.7483039221064759,,-52.28427835100495,-450.23102,68.54791999999999,-1.0196469000000001,-1.0571043,-2.0412276,-3.3936040000000003,-3.8602364000000002,-2.9419537,-1.4600008,-0.57573164,-0.59158206,-0.9169758,37.955265000000004,7.4425507,-9.766488,-12.573931,-8.277732,-4.008349,-2.0920650000000003,-1.4526159,0.68044794,-3.104369722358398e-06,0.050849515638978514,,2047.77727053251,1077.790025326821,11.915519973928616,8.361962728048265,11.354533126878257,16.70961513027879,21.041735802351415,16.702117672315847,19.15803739695714,0.0001278193,1305.9375,0.028125,0.0,0.0,0.0,0.10477274060249328,0.3106346607208252,0.009941192436963321,0.0004897509716101922,0.22825757265090946,0.30664408802986143,0.03771335147321224,0.0015466197859495881,1.0,True
00:09:13,5c41c28e896e090001c03bb0,146.5296019358715,0.6199116476515387,1.9223627229209037,-32.3507782642027,-328.9235,151.8879,-11.561277,-15.970285,4.510996,6.683294,-7.696991000000001,-3.28776,1.9842771000000001,-3.9076940000000002,-6.733959700000001,-10.405005000000001,4.050587999999999,12.569322999999999,17.367186,-2.1876874,4.6198416,-0.3902272,-9.843222,-3.7152817000000002,1.7729145,-8.917422706949668e-05,1.4706967989687407,10.757551526542764,2011.890447526169,1959.6113482947767,13.506770901719207,13.01154383894401,14.073527531996625,16.811361802756466,20.060412485360654,23.924774127788034,28.977250674734645,0.007842416999999999,3485.390625,0.049306640625,0.0,0.0,1.0,0.05002368604764342,0.025549408420920367,0.08324630977585913,0.029636331088840964,0.3026942119002342,0.19625901691615585,0.302952528744936,0.00963851371780038,0.0,True
00:09:14,59278c090220760001fda664,,0.7118586356781272,,-57.022322800069254,-469.34332,47.643936,1.0412852,1.1077545,-0.23401812,-1.950564,-2.9606173,-2.8528347000000003,-2.0976793999999996,-1.5379513999999999,-1.6261246999999999,-2.1162748,30.544601,10.961149,-3.8868160000000005,-10.959963,-11.432995,-8.312795,-4.244607,-0.8399625,0.54092675,-1.6919547949311797e-06,0.027844531401593327,,2585.9018613249937,1256.9164553810788,13.305701294151731,8.567984825091122,10.48104285510635,17.321240495699403,18.966844382185013,15.89226074820956,18.860039196047467,0.00026715867,1295.859375,0.0265576171875,1.0,0.0,0.0,0.08787482380867004,0.24890668988227846,0.00899928230792284,0.0006120503545389512,0.15853526443243027,0.4177428543567657,0.07532866038382054,0.0020003420708235354,0.0,False
00:09:14,5c41c28e896e090001c03bb0,136.5477530231169,0.9025799613018076,1.5969356079495074,-20.836408901023265,-257.62703999999997,170.11528,-12.793609,-6.524953400000001,3.2477392999999997,-0.07861546400000001,-1.1854483999999998,0.75127184,2.2153325,0.74965173,-7.978411,-10.313566,-19.62518,12.836998,17.302661999999998,-3.830897,13.151905,-5.932592,-19.259123000000002,-9.535033,1.6910456000000003,-0.00012262622166188928,2.038868153284155,17.262729504083527,1503.1301569730938,1706.5061391145166,15.057498078822908,13.10338085351875,16.688680938228313,16.66609716020575,21.615841689185704,24.676777394256558,38.21179303302176,6.4029327e-06,2914.21875,0.0506591796875,0.0,0.0,0.0,0.0957473467104137,0.035485292435623705,0.03547804993577301,0.0799254876561463,0.11392512060701848,0.33243270218372345,0.2484519988298416,0.058553972560912375,0.0,True
00:09:15,59278c090220760001fda664,,0.7051431574002665,,-56.4818534090625,-468.27634000000006,49.683502000000004,3.3804271,1.3450111999999999,-1.7687429000000001,-4.215937599999999,-5.1708965,-4.762725,-3.6287483999999997,-2.4576206000000003,-1.7027646,-1.4398618,33.37397,13.396966,-3.3273315,-12.360946,-13.114122,-8.253994,-1.8805356,2.5083634999999997,0.5228518,-1.7231045901739452e-06,0.028313271057449456,,2508.583088205514,1180.1660993525634,13.249341163146855,8.634182926756784,10.213377378224736,18.68731820892827,19.761289721390973,15.293676114083027,18.68208647887284,0.00021669261000000002,1186.875,0.0259619140625,0.0,0.0,0.0,0.1763460338115692,0.15288359224796294,0.015874304622411732,0.0007398080953862519,0.11435228958725928,0.4558525323867798,0.08248020634055138,0.001471216615755111,0.0,False
00:09:15,5c41c28e896e090001c03bb0,125.31096012951859,0.8962248617760694,0.5296486397185506,-19.524769984793192,-245.96572999999998,174.37418,-11.930371000000001,-6.444391,9.1193285,6.9269547000000005,-1.9642671000000003,-0.51506674,-0.3316176,0.33920515,-4.538818,-14.846217000000001,-25.715292,3.6810400000000003,10.747342,-5.793346,13.017355,-4.584504,-21.547112,-9.171439,1.8463961,-0.00013893721818140548,2.329486885291957,14.135012001015525,1468.1469355518973,1945.585104683351,18.24107955103745,13.644903860603087,16.00625204187211,16.39356114194979,23.900898173246087,25.27446064697282,36.98613617043927,1.1136811e-05,3040.546875,0.0637353515625,0.0,0.0,0.0,0.03610391402617097,0.030835312791168686,0.0363610474858433,0.08240594286471606,0.29626321941614153,0.26348542273044584,0.15814348980784415,0.09640163974836467,0.0,True
00:09:16,59278c090220760001fda664,,0.7441641563412023,,-59.98943395511278,-480.4316,34.689087,4.675398,2.9637284,-0.58662117,-4.124203,-6.131543,-6.0179653,-4.199275,-1.7354999,0.23035239,0.9597595,23.87228,10.136148,-2.0073654999999997,-9.154759,-10.223958999999999,-6.5723443,-1.0792513000000001,3.2800822,0.44505844,-1.1475446209398143e-06,0.018960274987956983,,3054.4036861112795,1460.529291980861,13.619700354548511,8.543395496220139,11.093246826571654,20.67471814516834,16.33617100900261,14.838209749783086,18.442129308143823,0.00049196364,1449.140625,0.0267431640625,1.0,0.0,0.0,0.06648674588650465,0.15582400038838387,0.015105813182890416,0.0005799268605187535,0.4651692122220993,0.2521973941475153,0.043581890314817434,0.0010550508857704699,1.0,False
00:09:16,5c41c28e896e090001c03bb0,123.6973014809285,0.8593014594105068,0.7265484114370921,-22.95494742408589,-275.15417,168.63754,-10.581094,-9.088458000000001,10.960318,12.686831,-4.110174,-5.805165000000001,3.2279763,5.5574994,-4.762497,-15.260785,-13.725729999999999,2.6939917,21.483578,3.2589152,8.790339999999999,-6.5819077,-21.079384,-10.102684,1.7740672999999998,-0.00010310146817838056,1.7090013049299642,16.674544624293695,1352.3499975841955,1684.4327124972367,18.89115896201988,11.728793500868473,15.512426271654848,17.11097742096925,21.06155108378131,23.92465234081079,34.74593112804685,8.742386e-06,2853.75,0.05267578125,0.0,0.0,0.0,0.03842733716592193,0.01817473485134542,0.0739263404160738,0.11435162741690875,0.3550692543387413,0.1360114511102438,0.1644097225740552,0.09962953506037593,0.0,True
00:09:17,59278c090220760001fda664,,0.7604881433208438,,-58.786462047158395,-478.11975,37.65656,3.7679660000000004,2.985244,0.22584595,-2.9415445,-5.1345572,-5.688571,-4.761369999999999,-3.0640132,-1.4264032,-0.43163648,26.033524,11.226594,-2.0019,-10.0821495,-11.8496685,-8.601315,-3.1404014,1.6105536,0.45274606,-1.231725155033541e-06,0.02032543277895103,,2927.256620876784,1370.6471623818131,15.263485811290865,8.900152538718295,10.772440681537631,20.98456132166466,16.289417289129748,14.950653488773382,18.54993333441244,0.00036388937999999994,1259.53125,0.0263720703125,0.0,0.0,0.0,0.005996034201234579,0.01987769026309252,0.002339671645313501,0.00018242660298710688,0.9542752981185914,0.010978799872100351,0.006069138087332249,0.0002809570956742391,1.0,False
00:09:17,5c41c28e896e090001c03bb0,248.3037063518938,0.7376137827698215,8.375665270817521,-33.92374960722746,-343.60062,118.46928,-15.628461999999999,-12.900689,7.063078,8.451986,-2.6979873,-3.9317067000000003,-0.56309205,3.8486805,-1.1421193,-13.153632,-11.151849,-8.199482000000001,-6.187425,-1.7816108,10.383826,-6.077511,-7.184931,-2.0770528,1.4767295,-6.457869406302409e-05,1.0865028344827297,25.388673788477888,1749.6457923485932,2336.1095156191745,13.208094056186715,9.477032691075632,12.448325241843081,16.46696570560596,22.15752723891738,23.37442806855153,32.26311636381535,0.0007137829700000001,3646.40625,0.0850537109375,0.0,0.0,0.0,0.0252297795843333,0.010744400625117122,0.028954600868746638,0.050080214720219375,0.3994469180703163,0.057372566126286974,0.4178241774439812,0.010347335529513658,0.0,True
00:09:18,59278c090220760001fda664,98.65416505440322,0.9018704010452304,0.8861528604206917,-52.68776780677084,-459.13586,57.215267000000004,0.04742195,0.077619635,-0.9410379999999999,-3.3804739,-3.8422973,-4.315645,-3.8652337,-2.9641511,-0.33173388,0.47094359999999996,38.050644,16.50739,-3.4849463,-10.858428,-10.988567999999999,-7.984685000000001,-2.9808981,1.0396179,0.66504675,-4.69756343891119e-06,0.0784005617263813,,2851.2348012650355,1790.2587405038412,12.33839434339315,8.532777903661206,11.418165069399102,17.887710587667204,17.88827442299855,16.283469407252756,22.492858921229534,0.0005019535,2989.6875,0.0391162109375,1.0,0.0,0.0,0.009605162218213082,0.017409176379442216,0.008647898375056685,0.0045300018449779605,0.9093514442443849,0.008874584268778563,0.04067271864041686,0.0009090460371226072,1.0,True
00:09:18,5c41c28e896e090001c03bb0,116.59629042696206,0.3740843662246613,0.4227183407911964,-36.95218681321736,-363.70257999999995,104.56244000000001,-0.7952844,5.230735299999999,1.0040303,-9.659921,-5.7155013,8.067150999999999,6.7374635,-3.7989824,-9.5581875,-9.633724,-22.477837,-8.510863,15.979776999999999,7.1789613,7.069674000000001,-0.84303546,-11.255133,-8.579735000000001,1.344689,-4.9712226254727194e-05,0.8252581913154315,7.002449038133495,1860.5537345564364,2395.685650221309,14.608951037556634,10.390116404339006,12.550290953462586,16.16449298229039,24.78892679517581,25.74641205738414,27.485472203848254,0.0014419593,3719.765625,0.08572265625,0.0,0.0,0.0,0.015166919492185115,0.010732378298416731,0.022461729217320682,0.04610385471023619,0.6047292441129685,0.0502332603558898,0.20599617138504986,0.044576439447700976,0.0,True
00:09:19,59278c090220760001fda664,109.74868156443242,0.940132692827932,1.7904695530294374,-53.519191836742856,-455.57415999999995,62.7282,2.4980366000000003,2.1351016,0.49144396,-1.8316354,-4.090073,-5.089107,-4.200524,-2.4288156,-1.3297128999999999,-1.1465666,36.97589,11.677145,-4.525716,-11.416808,-11.644537,-7.88767,-2.9355152,0.87406796,0.6306823,-9.792270335189308e-06,0.1592616212295638,11.382733157513616,2543.7083908858745,1419.0071364033884,13.670829493646787,8.268028317345452,11.266707089956055,18.82069232977489,16.589163370288315,15.880683856839688,22.210295174755245,0.00040009367999999996,2017.734375,0.0299951171875,1.0,1.0,0.0,0.2980834528803825,0.011017354810610414,0.1288311719894409,0.11887947507202624,0.2322015176527202,0.07084416337311268,0.10020081847906112,0.03994207736104727,1.0,True
00:09:19,5c41c28e896e090001c03bb0,254.73174380112624,0.9752339322754412,2.4379743134735343,-35.732789028536885,-317.90726,117.6437,-4.826884,-8.359347,-0.87052584,-1.7268477999999998,-4.166716,0.70773196,-2.5528313999999996,-3.1520693,-1.3565416000000001,-9.588633999999999,-19.518066,7.4145354999999995,7.5543759999999995,-1.156887,5.029847,2.1159567999999997,-2.5465517,0.091828525,1.4031882,-0.00010212549198983006,1.7020994383793278,21.08910324852823,2218.692013434193,2045.879462097972,13.082182240163036,12.647354711062405,14.429193607588699,14.482122143868725,18.037066748734905,19.710780472942343,34.34578124229988,0.00040710422999999993,3923.90625,0.051806640625,0.0,0.0,0.0,0.029636019485769795,0.008913259480323177,0.03695936461444944,0.22148921282496306,0.4973140363581479,0.04659409653395415,0.10166787290945647,0.05742616802453995,0.0,True
00:09:20,59278c090220760001fda664,,0.7815353512251269,,-54.24528810920723,-460.93414,58.626373,2.0473201000000003,0.85372293,-1.2451018,-3.3032668,-4.590433999999999,-4.7092714,-3.6853059999999997,-1.9202656000000002,-0.005689928,1.4765164,38.91243,15.609696,-2.7472854,-11.660511,-11.810945,-7.1518784,-1.9235349,1.3322163999999999,0.5807791999999999,-2.2231424461153493e-06,0.03643217380742555,,2240.5641494576907,1067.5923941556057,12.847620639355625,8.243787650579302,11.726158755492301,17.78094015610979,21.17353658659572,16.240398161787308,18.8519894907731,0.00014281285,1158.75,0.0251318359375,0.0,1.0,0.0,0.02333682496100664,0.01758073624223471,0.0053082042955793435,0.003847956738900393,0.9001863718032836,0.027194710727781055,0.015473535610362887,0.007071644510142505,1.0,False
00:09:20,5c41c28e896e090001c03bb0,,0.5551154239649194,,-52.49558206936386,-382.3288,79.30837,-15.921935999999999,-11.44696,11.47142,0.22240323,-4.1804824,0.0714567,-4.6652403,1.8761365,-2.3495665,-11.531646,-53.632267000000006,13.108932000000001,9.0213175,-17.85255,12.923025,-3.5232966,-11.381875,4.366393599999999,1.6530131999999997,-4.3727393855258117e-05,0.7713546051961073,,3432.667330700378,3899.3456939870894,12.068836501892886,9.345579472340184,14.160722830240415,15.6351625926737,16.481564366568076,16.221496909483328,32.04443375650932,0.02159712,6794.0625,0.120234375,0.0,0.0,0.0,0.0040824440860887995,0.002110375091433525,0.0005878820869838819,0.008117088467406575,0.9404731690883636,0.009692004369571804,0.029107030481100082,0.0058300146483816215,0.0,True
00:09:21,59278c090220760001fda664,140.39392354306887,0.7021199988586327,1.6538388302440326,-50.826740492165364,-447.78455,71.123276,3.4137877999999997,2.473214,-0.8613639999999999,-3.4722538,-3.9549142999999995,-3.3390943999999996,-2.9525634999999997,-2.8151896,-2.255523,-1.2267667,39.797509999999996,11.217091,-2.9136349999999998,-5.6367,-5.2555985,-4.9701900000000006,-3.0796206,0.7339385,0.6697496999999999,-6.9018045760239865e-06,0.11272414527619047,10.378991795968467,2388.223273224471,1238.4821875028008,11.98128696710594,7.84944332096695,10.534304893428686,18.652045234632094,18.8180591076096,15.854321480553308,22.070436009772067,0.00030391666,1482.1875,0.0253662109375,1.0,0.0,0.0,0.03448634890373796,0.10377874663099647,0.02303556125843897,0.005957876771572046,0.7492148578166962,0.055083808861672884,0.023086346313357355,0.005356446641962975,1.0,True
00:09:21,5c41c28e896e090001c03bb0,236.51513293095218,0.816322120840438,1.6333192263265182,-22.316580418843827,-227.52728,117.17441000000001,-20.963082999999997,-12.44003,4.8297419999999995,-7.906262,-5.182796,-1.2287827,-0.958935,1.9103566000000003,-5.697953,-14.218598000000002,-69.38969,25.024185,-5.798877,-11.622993,6.7826295,-16.021803,-18.645001999999998,-4.5453043,1.7705181,-0.0001619656083942083,2.7854984716247326,15.199079975138016,2138.3125812135013,3184.796798130861,11.812446692931445,12.791351486715287,15.761346293913087,16.231219772778868,19.302026498470468,20.729747118820672,45.9202260976634,4.007204e-05,5183.4375,0.1150244140625,0.0,1.0,0.0,0.030548102053580807,0.01803354849107564,0.09123587938811398,0.015201464843994471,0.5614158321171999,0.10101425172179006,0.17423374205827713,0.008317215100396425,0.0,True
00:09:22,59278c090220760001fda664,,0.7373471052104091,,-55.322951628813705,-465.25142999999997,52.27257,3.0108805,1.9612536,-0.7135062,-3.180736,-4.118536,-3.5252364000000003,-2.3492978,-1.4233465,-0.86363125,-0.40681115,32.326977,9.665686,-7.134099000000001,-14.471612,-13.802835,-8.857369,-3.0655384,1.2982525,0.5721609999999999,-1.982399980924947e-06,0.032584273912104014,,2486.800081985324,1224.2811707575047,13.052478662928847,7.739791647765381,10.840560385468411,19.677078238828763,20.268295242130247,16.05783095391512,18.518200200012515,0.00021530036,1243.59375,0.0282470703125,1.0,0.0,0.0,0.029694165661931036,0.06655263658612967,0.010788715397939084,0.0029498094096197746,0.8155389666557312,0.048187367245554925,0.0240445239469409,0.002243814666871913,1.0,False
00:09:22,5c41c28e896e090001c03bb0,126.9187850963347,0.8664688851743472,0.7955972091487574,-69.79368774336645,-438.1704,148.91158000000001,-4.0351615,-13.027148,-5.199909,7.277570699999999,5.7829504,1.6555467000000001,2.4394646,-0.021558259,-5.5147877,-6.1412916,21.201173999999998,-0.39384195,14.111441000000001,6.219595,2.4218986,-1.3857981000000001,-6.984625,-1.8153267,0.74435836,-4.3138482478512295e-05,0.7071848594438842,13.294025160481407,4316.186372406654,3680.608562797362,12.94118822651336,10.913118122681286,12.192879233193214,13.269947137655427,16.01299158102621,17.002239546884933,18.562873396990817,0.15713546,8563.114466292134,0.02161056004213483,0.0,0.0,0.0,0.11610021330416202,0.01175983811262995,0.2696334533393383,0.0638451088219881,0.02431187229231,0.1930662635713816,0.25632065162062645,0.06496262336149812,0.0,True
00:09:23,59278c090220760001fda664,131.32792746345677,0.2610682661475611,0.633248934735679,-37.944412033536636,-372.61813,124.20248000000001,3.2922382000000003,10.27031,5.3370085,-3.1930428,-9.264439,-5.350489,2.383739,1.2352872,-4.5953029999999995,-3.5239999999999996,23.305637,-3.9544,0.59879583,-1.4971706,5.34105,3.6440012000000004,-13.682797,-13.661979,1.0549799,-3.74176993285789e-05,0.6162114506468063,23.373053638343592,1704.947570231984,1179.2631331387545,14.524358328730283,9.827062112567,12.244540930794324,16.971146989093427,26.797543342180525,22.820280527386174,23.712509387997716,5.303944e-05,1860.0,0.033046875,0.0,0.0,0.0,0.014531785808503629,0.17050323784351348,0.007149851694703102,0.00011154919629916548,0.7286729216575623,0.06527739688754082,0.013326544873416423,0.00042673223651945586,1.0,True
00:09:23,5c41c28e896e090001c03bb0,,0.7663684821119529,,-90.81193253269909,-505.9354,7.626062400000001,6.3947715999999994,6.1558595,5.902596,5.6369767,5.3610525,5.076904,4.786618,4.492267,4.1958795,3.8994224,7.586074000000001,7.519813,7.4278545,7.3109913,7.1702266,7.0067606,6.821975,6.617414999999999,0.07989418,-1.0698671800694256e-07,0.00181008160672989,,6037.9276469225915,5051.343400249154,9.92919023988157,10.5662473415024,9.595731525963904,10.443288151051524,13.216690247041829,12.125056783204865,14.075561615278337,0.22815095,11106.178977272728,0.006018350290697675,0.0,0.0,0.0,0.12079944610595705,0.015026170294731855,0.04635738786309958,0.0519722699187696,0.018429439840838314,0.4621557086706162,0.2283777669072151,0.05688177580013872,0.0,False
00:09:24,59278c090220760001fda664,131.8650934985969,0.3452828510383875,1.6082110901730693,-20.726926978244837,-257.33977999999996,192.07728999999998,9.449843,11.772601,3.7859566,-1.1702996,-8.937621,-10.277444000000001,0.7193725000000001,4.488137,-5.8197980000000005,-6.661685,-17.526266,-21.090807,13.863451000000001,-10.049495,-7.489380000000001,6.237702,-11.136731,-11.685463,1.4679246000000001,-0.00013782555540828436,2.2854059791572148,21.736244762659865,1371.6523699401355,1686.5320257332144,15.805267986431073,10.15206544598293,13.313876695008645,15.737674677560856,23.76563004186153,26.351582496469394,30.550206754728197,2.9083505e-05,2549.296875,0.059443359375,0.0,0.0,0.0,0.02733777672983706,0.12559608668088912,0.01128053271677345,0.0003917270187230315,0.6735244989395142,0.13356697075068952,0.02668450060300529,0.0016179576807189733,1.0,True
00:09:24,5c41c28e896e090001c03bb0,,0.5048002560869241,,-90.89313068682614,-504.82764000000003,11.007128,3.7185025,2.6330419999999997,1.591879,0.61742675,-0.27155724,-1.0603999,-1.7387343999999998,-2.3005335,-2.7439723,-3.071127,10.723583999999999,10.26093,9.633588,8.860859,7.966103599999999,6.975752000000001,5.9182239999999995,4.8228,0.14686446,-3.4212290861776554e-07,0.00560829592058883,,5636.653048413669,4614.321534305545,11.050235967126426,10.234372947498457,9.63693750931298,10.645381727976137,12.195194001161864,13.0732255515886,13.237684824722905,0.35095668,10309.649493243243,0.006375558035714286,0.0,0.0,0.0,0.2713398113846779,0.009351245802827179,0.09308836013078688,0.06566528039984405,0.007054085191339255,0.3030727580189705,0.22230371236801147,0.028124711744021626,0.0,False
00:09:25,59278c090220760001fda664,140.86845896177482,0.9248409687573116,0.3947236889213004,-38.91974095545065,-384.70505,120.79825600000001,4.330264,3.4097644999999996,-3.8813237999999997,-7.597885000000001,-7.1538982,-5.863509,-4.8901887,-5.084932,-3.9457088,0.83440566,31.280147999999997,-3.258265,3.3618175999999997,5.3726883,-0.03929405,-4.9888663,-8.006831,-3.4846416,1.1144308,-3.352933775747965e-05,0.5524556950436272,12.364787355307591,1692.2011240813913,1177.4063466890534,13.906200849170215,10.202264176635593,13.179763746019852,15.035146488315895,22.281986365234708,19.828128280218486,24.69062953489509,9.349956e-05,1862.8125,0.0298828125,0.0,0.0,0.0,0.04666222408413887,0.19611553847789764,0.015296118985861541,0.0006260803376790138,0.5332530975341797,0.180360247194767,0.026319961249828338,0.0013667534920386972,1.0,True
00:09:25,5c41c28e896e090001c03bb0,183.2524952997517,0.7196901364692712,0.5313702489428925,-41.68780690838832,-390.46896,71.773636,-0.36782137,-1.3557475,3.7098744,3.0157144000000002,0.23416416,1.2593973,-2.3161487999999997,-3.5347717000000003,-2.5858006000000002,-6.440292400000001,-5.903465,10.92571,3.3851326,3.8287597,7.051494,3.6064847,-1.5354068,-2.4381432999999997,0.9856105,-7.953488937808859e-05,1.3307011973793907,10.727115987515306,3034.294431303291,1536.0530125555656,19.818627076911827,19.374850656041,16.874359458427058,14.338365668232674,16.18673054120209,15.813876076792717,23.17536594518411,0.00026160598,2424.609375,0.0211767578125,0.0,0.0,0.0,0.21613794565200808,0.00821194271557033,0.11292473934590815,0.029954789578914637,0.006229071761481464,0.30042804777622223,0.3149002820253372,0.011213190155103804,0.0,True
00:09:26,59278c090220760001fda664,121.6842008636343,0.6823509710473102,2.4295966137397964,-49.11409212683704,-428.68018,80.14759000000001,8.303182000000001,3.643364,-2.7408080000000004,-6.139645,-6.0800767,-4.080617,-2.4510067,-2.089459,-1.1839305,1.2595739,21.764051000000002,-7.754115,-6.0373735,-3.6500477999999994,-10.7514925,-14.339267000000001,-6.590954300000001,4.596351,0.89168495,-3.670887991564479e-05,0.6050946509237833,25.49319427232823,2399.556704815234,1709.149975110961,11.845306887247414,8.322552828003728,11.553537085252984,17.460662844600243,19.002538964037253,16.66283002788085,24.234415874736136,0.00052489946,2744.0625,0.0401953125,0.0,0.0,0.0,0.008522231969982386,0.2743351310491562,0.0033718091435730453,8.293485952890479e-05,0.6511294960975647,0.056500682979822164,0.005364472605288028,0.0006932653253898023,1.0,True
00:09:26,5c41c28e896e090001c03bb0,137.8058716318918,0.551541356209458,1.0967275896937745,-29.157605266710547,-302.0132,132.62839,-6.2896423,-11.890492,-3.18625,-1.2740862,-1.7196137999999999,1.4914047,-6.2473807,-3.4762687999999993,0.71629465,-11.008558,-14.207465,22.525402,20.22061,-4.0803566,2.311467,-9.564492999999999,-13.949435000000001,-0.06401280000000001,1.1115919,-0.00010249819662456065,1.7459092696460552,12.358945870141538,1989.1191818367536,2049.0158720602853,17.759719307279422,13.431542589883962,15.015613239169221,15.645179639401373,19.777542729595094,23.386392083954053,33.568566363424765,0.00042598669999999996,3405.703125,0.05990234375,0.0,0.0,0.0,0.0980259920987818,0.01593321212567389,0.03217164940562927,0.3627265353894068,0.0172024875258406,0.14934253164877495,0.3176706780989965,0.0069269287891479,0.0,True
00:09:27,59278c090220760001fda664,153.1466235996728,0.5371374197274884,1.2145699019867118,-40.19487939564755,-386.61258,85.119545,-6.582953,1.4219251,0.91955096,-6.481183000000001,-9.271886,-7.115130000000001,-2.626627,-0.88515145,-3.8917682,-5.0561004,10.834369,26.73612,20.38006,3.4975898,-9.739503,-8.145313,-2.5120412999999995,-7.6076616999999995,1.281613,-4.784870504304246e-05,0.8048207723912384,35.12009476189799,2543.3290827394644,1946.3625550817856,16.146389831809138,10.606190295681301,14.127145472698944,17.62465936227834,21.366289705030436,21.759878116871683,27.977555049214754,0.00037662385,3247.03125,0.05216796875,0.0,0.0,0.0,0.1138291608542204,0.2588272733613849,0.00609913554508239,0.0009804331755731254,0.3548666283488274,0.2285511747002601,0.036328712850809096,0.0005175224971026184,0.0,True
00:09:27,5c41c28e896e090001c03bb0,86.41507890684821,0.39445603899558895,3.309851563321616,-46.477114312884396,-411.7973,72.91156,-0.08483792,5.056076999999999,6.5274296,-1.7358901999999998,0.49471357,0.19961746,-6.725417,-1.6953146000000001,1.3864584,-2.2734094,-1.3597264999999998,1.344259,9.791827,4.399928599999999,5.767811,1.102545,0.6250515,3.3489837999999996,1.1071336999999999,-2.8332660083433204e-05,0.471077987824746,8.897120477509207,2551.0349898267445,2172.43373185706,16.173082125859587,11.085428304508726,12.698313973103632,15.882151841192146,20.587649283399294,24.82330832139033,27.56332489178164,0.00052318466,4018.359375,0.0557275390625,0.0,1.0,1.0,0.06105030390123526,0.0006875144633037659,0.08086184536417325,0.3977726300557454,0.0012411231582518667,0.015128451399505137,0.4400462955236435,0.003211892209947109,0.0,True
00:09:28,59278c090220760001fda664,124.83362133765587,0.6923170244870889,0.6645879758540855,-17.19744874588254,-244.13036,197.3279,-6.3943477,9.271844999999999,6.1045256,1.411337,0.24230318,-2.702191,-3.168784,-1.4360485,-7.2812185,-8.049323,-10.451433,-15.558991,14.929375,7.640753299999999,-4.854978599999999,-6.689972999999999,-22.302310000000002,-29.246708,1.5921273999999999,-0.00017599031053126552,2.9098128570076387,21.86987795520754,1497.0706600006245,1622.8397366545667,18.38632843511191,11.924169317345527,15.651504127652245,17.720333637445727,23.71223471753137,28.57536513280991,32.44944165804839,0.000104809515,2903.671875,0.052216796875,0.0,0.0,0.0,0.0850856825709343,0.2554399758577347,0.023422961309552192,0.0003747940878383816,0.34203479886054994,0.2588068097829819,0.03356134332716465,0.0012736154545564206,0.0,True
00:09:28,5c41c28e896e090001c03bb0,,0.9281557128781084,,-84.12148606473288,-506.24512000000004,4.1542497,2.0485165000000003,1.1221278000000001,0.32873467,0.31321025,-0.12892339,-0.7654754,-1.1119921999999998,-1.4692005,-1.6500041,-1.9116577000000001,3.566642,4.7848983,4.248247599999999,2.85259,3.3961669999999997,3.5209827000000007,2.0890627,1.7567574000000001,0.11524743,-1.4505471094125258e-07,0.002603601823081588,,5938.177000767959,5968.040041450196,13.68676948870924,13.669706677708135,10.568083677622015,13.467734610121473,17.362832924443673,18.248323125265912,14.612105523425688,0.061145785999999994,12491.71875,0.0745556640625,0.0,0.0,1.0,0.01362892292672768,0.00561561903062587,0.004807590627024183,0.04051340165703247,0.6578540696258036,0.038433538284152746,0.23458408222844204,0.004562750109471382,0.0,False
00:09:29,59278c090220760001fda664,133.09198857755322,0.8980973328096196,0.4093551354687965,-35.88363914702705,-390.86255,127.83691,0.46315329999999993,6.370438,1.2462205,-8.567173,-11.29825,-5.377827,0.4784732,-0.14657827,-4.9523296,-8.149274,51.70434,0.9807599,-4.1722894,9.060214,12.327639,2.3171306,-8.253191000000001,-8.40124,0.7427278,-3.128118633795909e-05,0.5082291334960594,6.904146332991169,1500.415611139183,881.8241139301587,17.102640916278073,12.057922663457425,15.834716524961062,16.210010269917532,27.50183852144497,18.67792823486531,23.932365879015165,8.493411e-05,1418.4375,0.022802734375,0.0,0.0,0.0,0.07430310472846031,0.3236824244260788,0.02555579449981451,0.0003191494091879576,0.3160432606935501,0.22032325565814967,0.038610553555190566,0.0011624972335994245,0.0,True
00:09:29,5c41c28e896e090001c03bb0,185.56751621693888,0.555306202327374,0.9919569481989532,-68.06469249673727,-415.50244,111.83463,-2.8432322,-3.2442064,4.4613853,-5.8191266,-9.306649,-2.6831772000000003,0.047132972999999995,-5.559775,-5.915411,-11.233414,-22.311335,14.501198,8.700966000000001,5.701095,-2.4827437000000003,-4.2257843,-12.919698,-1.8943608,1.9080971000000002,-7.457410415739595e-05,1.2613809627582424,16.11707244716254,4937.1357413255355,4245.403074913522,14.154894828340455,12.871912939489718,11.089095638198476,13.63769439462069,15.901307410091029,14.730617124945132,21.8853314874914,0.11297956,9748.503989361701,0.020486811155913973,0.0,1.0,0.0,0.058599438922829004,0.020686479238793253,0.07626829982255004,0.009030947810970249,0.5462417505681515,0.119818770873826,0.16570076430216432,0.00365357322152704,0.0,True
00:09:30,59278c090220760001fda664,,0.7564377944008865,,-63.27031585378191,-488.89902,24.211428,3.1707275000000004,2.4742131,0.68180907,-1.3583421999999998,-2.8936353,-3.6047442000000003,-3.633749,-3.3392007000000006,-3.0039146,-2.7090414000000003,17.407516,8.893036,1.4481596,-3.0329337000000005,-4.099655,-2.575395,0.049429365,2.2895942000000002,0.33308190000000004,-8.351308471983325e-07,0.013932621322902374,,3598.103237208945,1824.8308348461649,15.042222332933306,8.778009560495995,10.79796969129647,19.275317062361587,16.39676458382389,15.178603245290615,18.32660294810381,0.0011428079,2613.515625,0.0269970703125,0.0,0.0,0.0,0.04718862697482109,0.2978118509054184,0.02127127312123776,0.00026840270438697187,0.37335553765296936,0.2328773140907288,0.02595087364315986,0.001276079495437443,0.0,True
00:09:30,5c41c28e896e090001c03bb0,188.67773674676394,0.923156428397952,0.9725401113052426,-48.38398299724342,-353.7431,70.455826,-12.991992,5.1616,5.9365239999999995,-8.084619,0.24088468,0.38358256,-2.5566204,-1.8160939999999999,-0.31871995,-5.366579,-61.61995,24.391815,-9.937386,-7.0138545,4.6719254999999995,-29.562396999999997,-13.204331,1.6570148,0.9915216,-7.486295828334302e-05,1.3068646869610565,19.51645245860261,3461.0648440652644,4561.362033611789,13.205907423849164,10.804255733120058,12.039261103718207,15.540545517889914,17.884079939119047,18.909232690157786,36.680096557320624,0.016537681000000002,7565.625,0.1480126953125,0.0,0.0,0.0,0.06336146518588066,0.03267981007229537,0.006647701188921928,0.10919278878718616,0.4376920752227306,0.17419167128391566,0.1642412483692169,0.011993259273003787,0.0,True
00:09:31,59278c090220760001fda664,102.548326561651,0.5842991289296263,7.292846218935544,-48.98509477270402,-442.63818,66.61325,3.9721942,0.102748916,-2.8796133999999998,-4.15385,-0.79923075,0.61984414,-4.346858,-5.046206,-2.8804507000000004,-5.010830400000001,35.087612,18.565807,2.5930743,1.1191096,-3.7877962999999997,-12.7701435,-4.201666,5.470979,0.75147855,-1.675245221784869e-05,0.27650915701318346,20.93141347720615,2813.60007384603,2054.9005130772284,16.477095477966632,8.909882901936761,12.259332182097115,18.574636673628735,20.236420544279486,20.414939246728785,25.6406378349812,0.00045543272,3419.53125,0.0588916015625,0.0,0.0,0.0,0.03838451094925403,0.3157166361808777,0.011236728820949792,0.00030888720357324933,0.4029121577739716,0.2104394793510437,0.019520837068557742,0.001480771310161799,0.0,True
00:09:31,5c41c28e896e090001c03bb0,,0.6835058782557698,,-67.77291218542544,-502.94952,2.7866857000000005,5.949848,4.823516400000001,-2.3609564,-6.2891192,-1.9684671999999999,4.813109,5.1935277,-1.1847908,-5.955644,-3.0920556,-4.723353400000001,-5.554999400000001,1.2757671,6.838124799999999,3.9707122000000004,-3.5634086000000003,-6.082765,-0.45736742,0.06916714,-3.352437855389354e-07,0.005811157816320257,,4720.874165075403,3994.5081670773934,15.450470762243954,13.656330305844529,11.011880324736254,19.809012325127412,36.83962920177748,17.468943398579043,13.82669448474796,0.01653798,6418.359375,0.071318359375,0.0,0.0,1.0,0.03468391438946128,0.015463585034012794,0.006422487436793745,0.022497428487986325,0.8253924131393433,0.021286598430015145,0.06809437191113829,0.006159207446034998,0.0,False
00:09:32,59278c090220760001fda664,,0.6941865406774774,,-50.63206120734373,-441.9289,66.4294,0.96961504,-1.2703305,-0.9366051999999999,-3.9828419999999998,-5.2414575,-1.8387078999999997,-2.467543,-1.1451076999999998,0.90372825,-2.684036,38.11699,17.151894,-12.007846,-11.240666000000001,-5.3070164,-7.3033366,0.5030399,4.447040599999999,0.7371532,-4.545122681072222e-06,0.08050863223175916,,2770.7813233517327,2034.6028569189252,13.988908042309149,8.453487205070982,11.206974565824302,17.853553426049267,18.227432332681573,17.35379614024239,24.97005262445428,0.00047296684,3252.65625,0.0547265625,1.0,0.0,0.0,0.046362544037401685,0.1368658185005188,0.026953190751373767,0.0026629361440427602,0.5676785826683044,0.15045739263296126,0.06321884021162986,0.005800686101429165,1.0,True
00:09:32,5c41c28e896e090001c03bb0,,0.5895231116524765,,-101.19776702346049,-507.31534000000005,0.5147056999999999,0.24487686,0.16761614,0.0048588270000000005,-0.106871694,-0.09815108,-0.05593656,-0.10907302,-0.25923622,-0.3776691,-0.37193733,0.40142,0.3721218,0.44141927,0.48652878,0.40780094,0.25922596,0.17884903,0.20974629999999997,0.02984783,-1.6294915830021714e-08,0.00034590065617852954,,6675.749295131164,7174.724850585953,9.780400600206097,10.085832248350664,9.183721461781877,10.377297276400734,13.437986314370596,11.151150338363466,13.622548387957188,0.4219668,15630.037006578948,0.018219866071428573,0.0,0.0,0.0,0.009452112251892686,0.01373063917271793,0.002444415236823261,0.0035796202486380936,0.9366236329078674,0.008625806448981166,0.022965235356241464,0.002578572096535936,0.0,False
00:09:33,59278c090220760001fda664,188.22926611889028,0.6565718319565128,1.884356692218456,-34.208574396885474,-367.70874,130.41187,-6.1931314,-4.9258537,-6.19371,-6.959028999999999,-2.974895,-2.7852812,-4.7402115,-3.8355854,-4.3194065,-2.6101693999999998,29.108501,7.7863665,20.588707,7.0415196,-11.406324,-9.9973955,-2.0165656000000003,-3.0465798,1.0896584999999999,-6.45691733125202e-05,1.0580212344631783,15.734768528767665,1725.3599970969394,1130.5263001782496,14.914089798117152,10.43095141329861,15.804273356440222,16.19044584358673,22.257631761839143,23.87588309372747,26.6563742884911,0.00011235333999999998,1894.21875,0.0294775390625,1.0,0.0,0.0,0.026089553348720075,0.16594861298799515,0.008982425602152944,0.0005524812557268886,0.6729113698005676,0.1064197838306427,0.016745190881192685,0.0023505453020334238,0.0,True
00:09:33,5c41c28e896e090001c03bb0,257.1617282325993,0.8853790358489322,1.4120788499851484,-87.96418562461193,-434.445,176.01407,-9.479419,-10.721114,-1.2019638000000001,-3.9008737,-11.018958,-4.7663007,6.160944000000001,0.08304721,-10.341037,-17.582864999999998,-56.673443000000006,9.623332000000001,0.14876196,9.723319,-2.385133,-16.916432999999998,-20.988445000000002,-9.690038000000001,3.458571,-0.00020114811337507637,3.3711693040248547,19.28719071987875,3592.675588558081,4429.7449534736625,9.342588508272751,10.22288943333512,10.686303337979773,10.918742395216473,11.675137891094778,11.939081923496847,16.803116742955673,0.7603073,8046.38671875,0.0193939208984375,0.0,0.0,0.0,0.01602790288161486,0.03149343319237232,0.0040536120533943175,0.0044213738408871,0.8837678611278534,0.031070136744529013,0.023895047279074787,0.005270635848864913,0.0,True
00:09:34,59278c090220760001fda664,135.9767732992006,0.9675379242792752,0.5278548266487089,-54.455240008522146,-457.10645,57.261672999999995,3.0097725,1.9313284,-0.46061757,-1.8874383000000001,-2.1478484,-1.9265192,-1.9824818,-2.6618037,-3.1788714,-2.8928990000000003,29.084244,9.915503,1.8858718999999997,-3.6080556000000006,-8.161458,-8.6654,-4.772113,0.41339466,0.6218434,-4.464880240622599e-06,0.07333356080217696,15.770816793581323,2498.947587029877,1498.4277642793627,12.63926798456612,8.287785639423104,10.3861816662762,15.46193581068622,19.29763201380264,16.645047369450037,20.87658784582088,0.00053050596,2484.609375,0.0349462890625,1.0,0.0,0.0,0.12162902876734735,0.11671043783426285,0.02703843228518963,0.0281983389693778,0.4690736383199692,0.1341591313481331,0.08963262736797332,0.013558326906058935,1.0,True
00:09:34,5c41c28e896e090001c03bb0,309.31633987993666,0.9754075228160248,3.012777154106652,-56.801416276318925,-424.7294,65.21191,3.9847012000000004,-3.5778105000000004,-4.8796916,-9.412692,-7.0178304,3.2727752,1.6333737,-2.4061937,-6.8355994,-11.222081,-22.393435,-10.746421,1.0124342,1.7527971000000002,-2.1857705000000003,-16.266617,-15.331477,0.9884936,0.61009485,-4.2416124318650624e-05,0.7075748598865645,20.153313377054587,3474.9525696346886,3239.1488815379853,9.119604698491713,11.935709155708238,14.687538558021991,19.79174711213249,24.27512939874763,17.960428682578016,22.160391299160036,0.022507582,6075.46875,0.05826171875,0.0,0.0,0.0,0.017468820688211255,0.03005789872258902,0.0027518431759542892,0.002570181942751838,0.8922829627990723,0.013581893898339735,0.04001966263684961,0.0012667569713408337,0.0,True
00:09:35,59278c090220760001fda664,127.1101044603277,0.3600996469924232,0.6317268859177516,-40.4565726303947,-389.26294,98.42952,-0.7398726,-0.278843,-0.93279886,-2.174403,-2.9105608,1.7172261000000002,0.8106734,-2.7597593999999996,-2.2483196,0.99864715,22.058410000000002,16.838842,11.825606,4.980232,-4.332626,-13.639860999999998,-11.933124000000001,-6.734863799999999,1.230508,-4.611710735092001e-05,0.7645926310673726,30.32503844243203,2291.775163043262,1421.4607991651972,14.52587027436252,9.380054120692703,15.02450975302358,16.524918892356933,20.304902430823514,18.742934974568676,25.7034998537028,0.00016205481,2128.125,0.0329248046875,1.0,0.0,0.0,0.2293365776538849,0.03078907784074545,0.030500007048249244,0.07834450732916594,0.19925030767917634,0.14231643378734588,0.26338290274143217,0.02608018023893237,1.0,True
00:09:35,5c41c28e896e090001c03bb0,,0.6086586107978582,,-59.402492088078496,-481.14337,16.355562,9.120560000000001,18.51097,5.386707299999999,-13.628435999999999,-11.711377,5.746371,11.766711,2.1455482999999997,-5.216496,-2.061986,-30.405442999999998,-29.158215000000002,7.992432000000001,28.596645000000002,15.445355,-8.815567999999999,-19.539852,-10.242405999999999,0.3278725,-3.089186907215231e-06,0.052286260266857336,,3004.1271602347565,3264.5962843036714,10.865206518056246,9.557585122048721,12.369216621154854,27.295000036408887,30.415430722043176,23.884162449304718,16.223686260771473,0.0152636515,5458.125,0.073583984375,0.0,0.0,0.0,0.005832246866905027,0.008846053025788732,0.000646029676621159,0.0008897697682388955,0.9629970524046156,0.004966291327339907,0.015385471180909209,0.0004370356667398786,0.0,False
00:09:36,59278c090220760001fda664,109.98086847691008,0.8608384568141703,0.4297934856221821,-38.232477296836585,-352.99786,127.37718000000001,2.2585227000000003,4.7645607000000005,1.0691224,-3.7053912,-8.099136,-5.802773,0.63314795,-2.2649622000000003,-7.1351476,0.92626673,1.9689109,-6.510676,15.66794,-1.2409301000000001,-8.475862,-0.36172,-3.9574237,-5.474256,0.8413878,-8.31198022255827e-05,1.3779550032227734,17.058773369817928,1859.2070615095308,1401.332282600202,14.827284330993287,10.155764793298156,12.402407119945845,16.598128956055554,20.711146640657006,24.11589934418305,25.08290924798543,0.00013961448000000002,2221.640625,0.0415673828125,1.0,0.0,0.0,0.3850573152303696,0.03545950906118378,0.11085053831338884,0.08536708801984788,0.1759671000763774,0.07455999907106163,0.1205178827047348,0.01222055247053504,1.0,True
00:09:36,5c41c28e896e090001c03bb0,,0.7654448809142913,,-96.61367020020212,-498.08078,77.0605,-4.12098,-12.325078999999999,-2.2433542999999996,-1.9106318,-8.565854,-3.0714607000000003,1.4984308000000002,-0.060191162,-0.27628952,-1.4797688999999998,22.30268,12.518225,8.5450535,4.346366400000001,4.778705,-7.3451867,-8.728489,3.4985442000000004,3.091107,-6.257497336331632e-06,0.10199810514872573,,6215.421805619278,7287.490286492409,8.742557824866271,8.097855048936426,10.591234976716477,10.317999538583852,13.88864786124478,12.111038547946498,13.780449106435556,0.5153085000000001,15061.658653846154,0.02572471217105263,0.0,0.0,0.0,0.0476819943942246,0.022622579082963057,0.04534300528939639,0.0059875771121369326,0.6120378933846949,0.10777095718367492,0.15522435383172706,0.00333165306437877,0.0,True
00:09:37,59278c090220760001fda664,,0.7008118440800455,,-68.24352511473383,-495.7232,16.731535,2.7170486,2.9755279999999997,0.87316847,-1.8697795,-3.5313952000000004,-3.2785254,-2.0333817,-1.1602173999999998,-0.16470855,1.4961073,8.928951,2.8972552000000005,-0.77938014,-3.0673717999999996,-3.7782385,-3.38785,-2.2120938,0.23010336,0.28770974,-9.423064222571026e-07,0.01581439068571237,,4514.377841898579,2649.498158296578,13.157921838647564,8.375326729412455,11.423866238489936,19.771180752237797,16.510666095149222,14.855288275077989,16.515847333708372,0.005515854000000001,5156.71875,0.0329541015625,0.0,0.0,0.0,0.6317582249641418,0.005923012713901697,0.062215379998087884,0.1461292289197445,0.050406746007502085,0.03784309392794967,0.04465711321681738,0.02106719552539289,0.0,True
00:09:37,5c41c28e896e090001c03bb0,212.28318318024662,0.9439744052021182,1.0051467193321266,-43.217582533390036,-330.76038,84.87536999999999,-3.7103629999999996,2.1002715,5.1872300000000005,-7.4669023,-9.6805525,-4.7403913,-1.2643389999999999,-3.370508,-3.7210171,-9.493482,-36.10925,-0.49814868,-8.188011999999999,0.067455485,-7.1978539999999995,-4.858738,-8.863914999999999,-2.4089560000000003,1.1250507,-0.00013956665017930662,2.3945193204386075,17.29023267135542,2960.625232839157,2982.0057659433865,11.070358571155527,12.280440875387788,13.165310401694155,15.70569148443,21.251977923428978,23.04225481252687,30.154202060286458,0.0028191337,4985.390625,0.0783203125,0.0,0.0,0.0,0.03700632198015228,0.033750334824435416,0.05027255779568805,0.003328813036205247,0.6023574195802212,0.11261689127422868,0.15660169082693756,0.004065985110355541,0.0,True
00:09:38,59278c090220760001fda664,259.25423991889454,0.616650203936639,6.421397574361966,-29.038829799079128,-308.03418,155.25159,11.887326,10.659281,-0.87655765,-6.4788255999999995,-12.106986000000001,-8.508814,2.858357,-1.5625354999999999,-11.6933155,-1.029493,-10.199496,-11.459022500000001,15.076868,-9.006691,-9.237347,-2.7154644,-18.333796,-11.093642,1.3426417,-0.0001103834923634646,1.8376407822022696,22.58256396424656,1595.7722694742756,1530.7126665134365,12.173045608495064,8.309477357337162,13.204506495446045,16.939809975039275,23.21751574045807,25.50509628194309,28.787516810869374,8.863909e-05,2617.96875,0.0460595703125,0.0,0.0,0.0,0.3145063728094101,0.04509802153334021,0.04334142655134201,0.0334363117814064,0.2378987781703472,0.19846072942018508,0.12156951986253263,0.0056888746097683894,0.0,True
00:09:38,5c41c28e896e090001c03bb0,,0.7214153321896469,,-78.1808061519029,-496.6668,15.909168,-0.82668227,-0.12065227,1.5886532,-3.3884074999999996,-3.28085,2.3932990000000003,0.58198756,-3.8398470000000002,-3.599017,0.11891913400000001,-7.549728999999999,-1.8013682,0.9818956,0.82512856,4.4059443,-2.5016217,-6.704438000000001,-1.2799718,0.79970336,-9.814843291915235e-07,0.0172511186156575,,5052.281615453294,5316.659729696055,13.247803083456681,9.91537947402078,10.807533491475077,15.145933330929676,16.375575740316613,14.881939172790975,20.86559107219879,0.06315657,10147.03125,0.10654296875,0.0,0.0,0.0,0.01261966434540227,0.02508196826092899,0.005722764707752503,0.0012337546664639375,0.8440711677074433,0.05647600995143876,0.05273616630584002,0.0020585211546858767,0.0,False
00:09:39,59278c090220760001fda664,118.45713078681123,0.9282583133198804,2.2516499545998774,-46.75397704873139,-407.75656000000004,85.13627,3.7410736000000004,2.933625,0.7046429,-4.616985,-3.794235,-0.47680286,-0.8789286000000001,-4.1781697,-0.93459445,1.2551688,26.889082000000002,5.1813135,-2.4061499,3.2724347000000003,-2.4962986000000003,-2.0444193,-3.4052483999999996,2.5000677000000002,0.94368374,-1.4583558981996313e-05,0.2541780870188603,10.219716473950122,2345.6385808355826,1637.5579592747476,13.156252262768064,8.307004200688834,11.520283183542645,16.170570089726578,21.041573774511107,18.671312919458803,24.92023722579644,0.00025779424999999997,2759.0625,0.0392041015625,1.0,0.0,0.0,0.2642490521073341,0.01914876503869891,0.020385197503492238,0.05270254099741578,0.2795031905174256,0.2314377456903457,0.11373875737190245,0.01883470391621813,0.0,True
00:09:39,5c41c28e896e090001c03bb0,,0.6856368134345585,,-99.97665580336977,-505.49985,13.589878,-12.7601795,-7.5270660000000005,1.0337907,2.1276283,1.0908528999999998,4.656077400000001,6.662163700000001,1.3669187,-4.144932,-2.6342561,-7.818421400000001,-15.244926000000001,-9.207977,-1.892607,4.75373,10.931658,8.378711000000001,-4.3547993,1.3892889,-3.947685489548212e-07,0.006630805699249011,,6278.7957767231055,6463.472096552654,11.676484357963648,11.110715882754967,10.027676784480452,11.793696314814513,12.624274727322913,13.070895666004189,12.630745872160215,0.5470374,14238.068181818182,0.015348614386792454,0.0,0.0,0.0,0.027950228098779915,0.06204307451844216,0.006597094528842717,0.0005627302612992935,0.7332710891962051,0.09683343395590782,0.07207212671637535,0.0006702455808408559,0.0,False
00:09:40,59278c090220760001fda664,216.23048181508912,0.7469157097752569,3.6349920381546794,-43.7859282038178,-394.8876,100.84734,4.8943458,2.4912142999999998,-4.8806567,-8.023458,-1.2436129999999999,1.6768319999999999,-3.7373269000000002,-6.237132,-3.6388540000000003,0.040271986,15.613959,-4.150879,5.2681966,2.345293,-4.3289184999999994,-4.284258,-2.1784475,1.9694068,1.0047021,-1.3318094482422193e-05,0.22474072915276014,21.62314556324057,2363.696890343267,1818.8852607807653,11.562067376984466,9.56674655548951,11.023874088967018,14.684070767361789,20.321172207211415,19.158508627371585,27.071918778201532,0.00035548885,3035.390625,0.050390625,0.0,0.0,0.0,0.10255762822926044,0.08254580497741701,0.025466641504317523,0.006180037115700543,0.6367486238479614,0.11745435893535612,0.02297993749380112,0.0060669763712212455,1.0,True
00:09:40,5c41c28e896e090001c03bb0,,0.951526482812052,,-91.73746906164142,-505.97684000000004,6.139291,-1.7836895000000001,-3.0358486,-1.8288711,0.004858607,1.3472372,1.8894229,1.1271021,-0.8694409,-2.6029677,-2.695675,1.5347126,-1.7103001,-2.083042,-0.2407226,2.748034,5.2674356,5.1227730000000005,1.8942762999999998,0.14393294,-1.1061140246551828e-07,0.001953778096278479,,6346.8370745528955,6582.8778987969445,13.875741096078215,12.233626758115685,11.0028775640585,11.932399628638287,14.711098051591435,15.166994741367693,13.977262096145067,0.23565404,14279.296875,0.030052425986842105,0.0,0.0,0.0,0.01663174987770617,0.02862805933691561,0.012989176390692593,0.0005190698953811081,0.8707966387271882,0.036472927080467336,0.03358788541518152,0.0003745002497453242,0.0,False
00:09:41,59278c090220760001fda664,107.61355180753377,0.6436786081156474,0.5491330891617381,-24.652066970356806,-296.18723,165.61899,-3.54115,0.67829174,-0.9447075,-3.568618,-4.85671,-4.885781,-2.597291,-3.611668,-5.4165845,1.5931852,4.8593907,9.976983,36.44917,8.088627,-11.82162,-0.93631667,0.3825741,-6.671485400000001,1.4069533,-9.906034472867629e-05,1.6382937844300784,15.891273457284331,1708.8624860129705,1345.477006973401,14.79834488679782,10.194190963007102,13.697769591939066,14.301294487253655,21.215455449605642,26.482512640642447,32.09847550377113,5.0522503e-05,2531.71875,0.032626953125,0.0,0.0,0.0,0.14535134248435494,0.02328445464372635,0.009683123463764787,0.013179082493297757,0.6716831505298615,0.08688164949417114,0.04662592336535454,0.0033113269368186594,1.0,True
00:09:41,5c41c28e896e090001c03bb0,,0.5616168591113159,,-75.19647265733852,-484.381,39.035152000000004,-9.686727000000001,-0.8387870000000001,4.128504799999999,0.19487566,-4.6142154,-0.522285,4.967378,-0.82820696,-9.64988,-6.3897580000000005,-7.184906,-26.091910000000002,-13.563984,5.00586,12.942572,7.9518304,-4.0753107,-12.178327000000001,0.6254305,-1.944140040258873e-06,0.03233189835814905,,4655.61526945296,4422.7580551333285,13.673986039249918,11.281854304184199,11.925985216596494,16.488035779588373,23.012096990842444,19.318058566626483,14.356888435876188,0.06454542,9151.640625,0.0411669921875,0.0,0.0,0.0,0.00607704755384475,0.00665282818954438,0.0030233152210712433,0.0011451310601842124,0.9489936381578444,0.005067497899290174,0.028736528707668182,0.00030402631546166964,0.0,True
00:09:42,59278c090220760001fda664,103.76740928258249,0.7545481975468196,0.5377185776733336,-38.07219835921068,-365.99863,128.25665,5.086332,6.5012608,0.28856122,-1.7565209,-0.5082668,-2.6662187999999998,-4.203266,-0.46179226,2.1388645,1.7200587999999999,20.059399,-5.722648,4.151864,-1.5988677,-4.301302,-3.5896220000000003,-8.605316,-5.460637,1.2785813999999998,-5.9918243628404246e-05,0.9886487985251052,35.32438043840553,1910.0690980188385,1433.0642330930255,14.264066712515126,8.573743310237957,12.313114743908455,15.925727212446224,20.513894430166165,20.724604779352266,26.64621290622613,0.00016204316000000002,2409.84375,0.0356396484375,0.0,0.0,0.0,0.02466646023094654,0.005161331966519357,0.010739216580986977,0.02193349599838257,0.7615514397621155,0.10697797685861588,0.06388259679079056,0.005087492987513542,0.0,True
00:09:42,5c41c28e896e090001c03bb0,,0.6301912580679792,,-103.07642022959986,-507.33987,,,,,,,,,,,,,,,,,,,,,-1.3426736784955642e-08,0.00031695232691322523,,6858.994521785057,7866.823525167826,8.905217345861578,8.572458374470221,9.334675038169763,11.429580824667655,13.691819215946738,11.699374288870265,12.449407016162827,0.5184309,16673.28381147541,0.02877548993644068,0.0,0.0,0.0,0.0031029358855448664,0.005557588068768382,0.0012799233372788874,0.0005225922781392,0.9650129795074462,0.0037803633487783366,0.020547291543334727,0.00019635473800008185,0.0,False
00:09:43,59278c090220760001fda664,97.44155443679938,0.5112131319120738,0.4972075317486396,-24.941191382979326,-291.90225,168.02318,6.137215,7.5009727,-2.9970698,-7.2449284,-5.3316274,-0.97434354,-0.06835390599999999,-4.6500330000000005,-8.0435915,-3.2053719,-4.0811906,-1.3760363000000002,31.00212,9.672689,-7.4046245,-12.602834,-20.119678,-12.207509,1.4674668,-8.71726535898667e-05,1.4426862620821088,17.090348982372753,1503.5612686695831,1643.8602499621934,14.44705854945761,10.205256056789569,13.247063868383346,15.891590554074185,22.713292597619038,25.41462244122133,31.583315072623023,0.00011296648000000001,2609.765625,0.057568359375,,,,,,,,,,,,,True
00:09:43,5c41c28e896e090001c03bb0,,0.5640499469825728,,-91.61758309671781,-503.3792,15.485473,-9.293886,-11.998773,-4.814356299999999,0.48073053,1.2078295000000001,2.674288,4.8320513,3.1099563,-2.033918,-5.4704747000000005,-2.7722871,-7.7594199999999995,-4.1007333,-4.519769,-4.2554625999999995,4.5541773,11.471444,3.9801788,0.7562797,-4.894280164785361e-07,0.008303263602518573,,5890.90941955633,5882.743601240052,9.889808610989126,9.792313300201624,10.426892962746823,15.71685938309292,16.18040099241729,16.551010053315895,13.205268200782996,0.3434758,12567.434210526317,0.040761168573943664,0.0,0.0,0.0,0.021829141688067467,0.01509112808853388,0.014890559943160044,0.0027996837787213733,0.7875290632247924,0.045847231603693216,0.11090364516712724,0.0011095439331256782,0.0,False
00:09:44,59278c090220760001fda664,99.0684945746524,0.7374526138645182,0.4988500486149669,-49.742594678047496,-451.26147000000003,65.91362,2.5448694,4.8061547,3.4984794000000003,-0.39673835,-4.0138087,-5.295069,-4.3153167,-2.346246,-0.47960842,0.78160644,33.19549,1.9244276999999999,-14.368499,-16.210728,-11.979567,-8.009641,-5.058172,-1.5083182,0.70672196,-1.2718207354271307e-05,0.2076919846891693,12.70065942213144,2480.635334221577,1481.952354344557,12.206642542284401,8.289853358072628,14.057729380928881,17.782838382702714,19.456989748619613,16.442653994632735,22.752385559903747,0.0004962538400000001,2199.609375,0.03251953125,,,,,,,,,,,,,True
00:09:44,5c41c28e896e090001c03bb0,251.2770029927709,0.6618865060943157,1.6149443704286313,-38.68981667578678,-297.26108,143.36673000000002,-10.459676,-20.823582000000002,-6.815013400000001,-6.903864,-5.8913126,0.67507964,-1.4299995,-4.4471292,-7.894803,-16.21474,-39.287964,3.548458,10.455395,1.920828,-6.748177,-15.819272,-16.24764,0.46851468,2.2688509999999997,-0.0001252465501426832,2.099992402118731,24.346669308626808,3180.720864244633,2851.674280167279,13.586365352841193,14.853971776932294,14.457464165414944,13.795133302388615,16.957347354084504,18.907007474153176,32.896065972541386,0.020942828,6038.671875,0.033203125,0.0,0.0,0.0,0.1517563723027706,0.03414245340973139,0.3114755652844906,0.003996084188111126,0.14103441201150418,0.16067898869514466,0.19312869422137735,0.0037874414469115437,0.0,True
00:09:45,59278c090220760001fda664,125.22979580087379,0.8289138957241587,0.18515705626749526,-34.498789236210946,-371.03467,114.93781000000001,-2.8598522999999996,-3.418675,-9.580829,-4.8194404,-2.2058065,-4.4420233,-3.4283268,0.02145228,-1.899241,-3.6726289,17.578928,18.770432,35.40378,11.851835000000001,-15.334976999999999,-11.362155,-3.6126454,-7.878216,1.0053961999999999,-6.918199024675605e-05,1.1407804622758495,14.20140315830692,1894.6382201851825,1303.821026550764,15.263664937724506,12.718056560672936,16.29960892630028,15.148971269584171,20.732977148336907,24.256170842698484,27.636959194781237,0.00022030922,2270.859375,0.0275,,,,,,,,,,,,,True
00:09:45,5c41c28e896e090001c03bb0,,0.9857656328956316,,-98.69235299796586,-503.46802,27.116436,3.3924167,-3.1309080000000002,-9.360945,-6.41012,1.6677217,4.7997527,0.22726639999999998,-6.289019000000001,-8.749558,-5.7595477,5.707666000000001,-3.044268,1.3709368,3.3104272000000003,-4.8176445999999995,-13.416258,-10.61416,-0.32426256,0.14338884,-5.127632317189752e-07,0.008685070924241263,,5516.921392644944,6274.696256732044,8.286645637675504,8.838835495625563,9.693533758077237,11.36639101752928,13.796782544540354,12.386473641659839,14.125285558744615,0.57663697,12727.013221153846,0.04591721754807692,0.0,0.0,0.0,0.015867478912696242,0.011058317311108113,0.002449922088999301,0.003561598609667272,0.8581576108932495,0.0178285741712898,0.08983573485165834,0.001240762579254806,0.0,True
00:09:46,59278c090220760001fda664,125.04831014101235,0.4996139531669826,0.199906920235538,-23.800719498195075,-281.92697000000004,163.49716,2.6279254,1.0991558000000001,-11.407326,-1.7822276000000001,5.4045544,-2.8151438,-3.884839,-0.8223524999999999,-2.8463135,0.2620325,-28.776867,1.6872373999999999,60.336914,10.538473,-26.949416999999997,-17.492569,-21.276903,-18.867023,1.2939764,-0.00015289161031649217,2.5432931692896563,13.32203322634648,1652.622537809927,1529.5601456523614,17.428811597809922,12.723982679107195,18.013065353115387,16.59520888480472,21.511477564253717,30.48793497326353,27.783333810332397,7.693061e-05,2493.515625,0.0440478515625,,,,,,,,,,,,,True
00:09:46,5c41c28e896e090001c03bb0,,0.49059731612624496,,-104.7719432553422,-507.33987,,,,,,,,,,,,,,,,,,,,,-2.0813910661434484e-08,0.000443724761556155,,6705.081713238063,7403.462294679602,9.525995187920364,8.54297283015433,9.287454892838689,11.078996707676222,10.528250673676363,10.863453204956246,12.131963706333227,0.6843828000000001,16079.190340909092,0.02718098958333333,0.0,0.0,0.0,0.03799057621508837,0.025245227757841347,0.003362308186478913,0.004019490221980959,0.7016460359096527,0.0433728076517582,0.18287753239274024,0.0014860259310808036,0.0,False
00:09:47,59278c090220760001fda664,110.37766701240116,0.9171282925434942,0.7922388206856289,-27.34409877540668,-310.04717999999997,156.92581,2.8106375,5.422459,3.2334383,3.8829622,-4.3813257000000005,-3.6239800000000004,5.1247263,-1.8338686999999998,-12.252661,-2.4289737000000002,5.675922,1.0351290000000002,19.83373,5.2120546999999995,-6.268968599999999,-8.987478,-16.411133,-14.031514000000001,1.4775329,-9.351061305168806e-05,1.5465681395381323,23.3183178462942,1821.9382915636959,1966.7062218680926,14.846711092430574,10.50723670637817,13.747638568204108,15.717688458337756,20.925721576278264,25.98175368260232,30.50819868195184,0.0003790304,3470.625,0.0627001953125,0.0,1.0,0.0,0.026098547503352162,0.047586746513843536,0.017059138044714928,0.007165995426476002,0.7097482681274414,0.05664299428462982,0.127821683883667,0.007876564748585224,1.0,True
00:09:47,5c41c28e896e090001c03bb0,,0.7254543653042915,,-108.96895170240788,-507.33987,,,,,,,,,,,,,,,,,,,,,-6.572521806223029e-09,0.00014891180313652319,,6735.325205673092,7787.206115010189,9.124765031046516,9.261798419496293,9.519657297989468,9.846576624223838,10.050034640645734,10.13213394783826,10.84062142198485,0.9073979999999999,16589.0625,0.006436434659090909,0.0,0.0,0.0,0.06338719364721328,0.023845608625561,0.10009631992143113,0.0025756255781743675,0.6493205491453409,0.06056622809264809,0.09848258700221776,0.0017259014071896671,0.0,False
00:09:48,59278c090220760001fda664,,0.698293700922717,,-50.32147970739092,-430.38455,46.683735,6.5147486,5.7481089999999995,5.0329685,0.22705343,-6.8326364,-2.014624,0.8917078000000002,-0.19900812,-0.83073145,-1.6725531999999999,12.396365,9.319349,-16.672552,4.852119999999999,4.875660400000001,-6.225818,-8.929455,-5.9068375,0.8123267,-6.822227289033555e-06,0.133033416351198,,3063.4845000715877,3179.061975295061,11.98774276504444,8.365155275377784,11.287251456828187,16.8541707105034,20.67321705035468,20.38239825126989,27.447378206567784,0.0008967641999999999,4608.984375,0.105546875,1.0,1.0,1.0,0.09653949923813344,0.046609837329015136,0.005351397776394151,0.0035928889410570264,0.5911894664168358,0.17878571152687073,0.07627708185464144,0.0016540642827749252,1.0,True
00:09:48,5c41c28e896e090001c03bb0,,0.7621191159485243,,-104.71306042619192,-507.31055,0.8287328000000002,0.7896659,0.78148675,0.7725706999999999,0.76293063,0.7525778000000001,0.74152666,0.7297931,0.71738535,0.7043262,0.69063115,0.8275361999999999,0.82554466,0.8227593000000001,0.8191851,0.81482524,0.80968684,0.8037757,0.79709905,0.03282255,-1.8670436261531707e-08,0.00035644357614112105,,6520.004813906946,6277.352124353813,9.834062327874928,8.944561098485238,9.452893141719665,10.394038926185214,10.712852844123182,10.845207075977097,11.43952258413051,0.69738466,14243.66554054054,0.0070564516129032265,0.0,0.0,0.0,0.10608938783407212,0.0446665414609015,0.10978324711322784,0.00712016384350136,0.19176916182041168,0.28295946717262266,0.2491470143198967,0.00846500846091658,0.0,False
00:09:49,59278c090220760001fda664,180.62850787428346,0.4727437688387034,3.264129272070869,-38.26779189505113,-369.06683,118.16871,0.5538341,9.1685,4.997722,-2.0650046000000004,-4.6466575,-0.64571065,1.9638541,-1.4700376,-7.9195437,-4.2002735,15.953445,-2.0637016,1.0148659,-7.9936039999999995,-10.700621,-4.9728,-11.980942,-15.254126000000001,1.2006836,-6.310630971617401e-05,1.0428118902536,28.93200980386755,2125.653844470365,1729.7244763198714,13.409478376533745,9.054926292130114,13.136375340098526,16.83772655100114,21.36634216302444,22.294842786439037,26.403965883834218,0.00035698706,2861.71875,0.04609375,1.0,1.0,0.0,0.047887542843818666,0.020845064241439105,0.002139829471707344,0.023884225310757755,0.8173673987388611,0.04219968020915985,0.03912548450753093,0.006550750462338328,1.0,True
00:09:49,5c41c28e896e090001c03bb0,,0.7077380938650983,,-105.1806281317646,-507.33977999999996,0.014804338,0.013821705,0.013616098,0.013393605,0.013149828,0.012889795,0.012612294,0.012319026499999998,0.012006418,0.0116788605,0.011335476,0.014774235,0.014724111000000002,0.014655901,0.014564095,0.014454418,0.014325153,0.014178228000000001,0.014008582,0.0010759234,-1.2664756755234777e-08,0.0002668247218112039,,6531.3048058751965,7773.806302615594,9.204067854748882,8.452406007897308,8.563354960412294,9.42153579553402,10.677839905211492,10.063016057581194,11.575489545915518,0.73944557,15973.473837209302,0.015241350446428572,0.0,0.0,0.0,0.04274672456085682,0.07434009326001008,0.015989498080064852,0.0016601169772911815,0.4999160915613174,0.2627476875980695,0.09793839603662492,0.004661366886769732,0.0,False
00:09:50,59278c090220760001fda664,322.00132975646716,0.6516465587312366,11.490250183394073,-50.83202794580468,-431.50766,74.04519,0.38869756,4.771655,2.0428517,-2.3903377,-6.9070635,-7.5980444,-3.9289167000000003,-2.637721,-3.2004308999999997,-0.96687037,19.368351,-0.96353674,-1.9406150000000002,-4.3882623,-1.0764245000000001,1.442281,-5.5970984,-7.697526,0.78073895,-1.4843537368517715e-05,0.2454056668030405,38.268308101114506,2584.038446220514,1566.0792401407348,12.64440644477808,8.004588689875867,11.28708741323918,16.961541408729385,18.30931674615382,18.326360494454327,22.6431825704454,0.0005010783000000001,2342.34375,0.034169921875,0.0,1.0,0.0,0.030841973423957825,0.05862991623580456,0.006704118801280856,0.0011440932983532548,0.8433462500572204,0.04326035659760237,0.014799509150907397,0.0012737997225485745,1.0,True
00:09:50,5c41c28e896e090001c03bb0,202.8358783147047,0.7812305456061608,1.3643159089641412,-28.274144704849096,-285.59713999999997,156.83502,-11.021035000000001,-9.292266999999999,8.028178,-3.562025,-15.571763,-2.3656206,0.16431135,-6.5191930000000005,-8.647356,-10.703437,-28.999763,-12.508131,8.155716,-3.9431777,-0.39113444,-10.531303999999999,-11.896415,-1.3818772,1.4490587,-0.0001464372841200671,2.4196014303117,11.889315748006402,1941.9554320125526,1728.6210424339276,12.41636469394624,15.488213899073296,15.776838567409387,17.03729447020371,19.79187816502093,21.728561112365828,32.07115559082085,0.0006621484,3076.171875,0.0428857421875,0.0,0.0,0.0,0.02385085541754961,0.06421136359373729,0.00467387408328553,0.054592207074165344,0.32691001271208125,0.25571203231811523,0.22181562334299088,0.0482340472129484,0.0,True
00:09:51,59278c090220760001fda664,141.88729335089604,0.5473086819401706,3.679550958159188,-35.032801535309744,-351.71832,110.53062,-1.1026412,-0.042627152,-2.0378828,-2.3287766,-3.848132,-7.389014200000001,-3.7145982,-2.0063223999999997,-3.045513,-4.444595,13.083125,12.739092999999999,12.736747,12.113292,-8.015034,-5.5513935,-10.973269,-12.788408,1.3310844,-5.807945873528389e-05,0.9818157376049236,26.158362585940928,2408.4210792377266,2366.276868855442,15.331152334857938,9.369856290684485,13.952055232345009,17.576917225271462,19.807097271882192,25.40495090529933,29.908996343824377,0.00032315485,3641.015625,0.077255859375,0.0,0.0,0.0,0.05783941335976124,0.050606391951441766,0.013196724420413374,0.016491265315562487,0.7637441635131836,0.0446364626288414,0.032972266990691425,0.02051329941023141,1.0,True
00:09:51,5c41c28e896e090001c03bb0,,0.8664660062255914,,-90.47525139548624,-506.6999,3.3728317999999997,1.4595333000000001,1.1709539,0.7029552,0.18854022,-0.1912863,-0.41814256,-0.6516393,-1.0318602,-1.5061733,-1.8875593000000002,3.1517446,3.0045826,2.9788046,2.9276097,2.6884928,2.2810826,1.8872262,1.6374086,0.044924486,-7.469545520726402e-08,0.0013725959462171525,,6308.726277313875,5320.096630776253,13.66821147067185,13.11690768384712,9.728912968099733,10.838865576319694,13.032577580970088,13.217934079520015,14.234847479582367,0.22235146,12436.104910714286,0.035982572115384616,0.0,0.0,1.0,0.02863711137324572,0.018566385074518618,0.005886874953284859,0.09393586032092573,0.1546297162771225,0.14131485782563685,0.5225087404251099,0.034520482504740366,0.0,True
00:09:52,59278c090220760001fda664,241.18398538051292,0.6152900127797802,3.692127788291632,-30.647316964014212,-319.4114,105.18165,0.018522913999999998,2.319734,3.0419807,-2.4800456000000004,-11.815974,-0.33898565,8.463214,-4.9233970000000005,-9.61317,-4.642393,-4.922528,15.400260000000001,-4.149858,11.874443,-7.888963700000001,-16.158216,-11.373569,-11.885093,1.4979303,-6.339070831910102e-05,1.1033513298423223,35.367000840849435,2499.6158179145064,3761.2659150115455,12.544730507151801,8.032164482148438,12.912056304193893,15.40302495390333,19.479516070059212,23.794924555380074,36.216121032657135,0.00073069276,5870.859375,0.1445068359375,1.0,0.0,0.0,0.06043744347989559,0.05228428430855274,0.0029713620897382498,0.00431534867384471,0.6303787648677825,0.18901096805930134,0.05818725358694792,0.0024145758012309674,0.0,True
00:09:52,5c41c28e896e090001c03bb0,105.6312132813567,0.7766731792688525,2.540456289352921,-73.34934724055417,-463.57632,74.4463,-9.961442,0.06811124,6.8394666,-4.5850067,-5.703104,-3.1608727,-5.9033422,-1.5000176,-4.303425,-9.350457,6.6065087,-3.3877115,-2.8321254000000002,2.7171555,2.3157706,-14.46895,-11.751799,-4.624368700000001,1.2829916000000001,-1.4514935243515475e-05,0.2400328341094107,55.20850135040799,5195.207633642161,4581.4662790986295,16.89230041298895,13.352138605357602,11.856345217685584,14.041294322304658,18.90798456483604,17.049731743234574,19.37816328345325,0.074550845,10648.59858247423,0.03087749677835052,0.0,0.0,0.0,0.0214078628923744,0.07118604332208632,0.003341301274485886,0.010924193216487766,0.4220915526151657,0.2622504957020283,0.18413762822747232,0.02466093981638551,0.0,True
00:09:53,59278c090220760001fda664,93.66800061608124,0.5473559668358239,1.9490507034561932,-44.46678931214392,-390.44687000000005,92.46029,8.324724,11.348019,4.354324299999999,-0.63590986,-9.755127,-10.792714,-1.3991036000000001,-1.6185638999999998,-7.338990700000001,-0.91043663,1.1728979,-1.7555493999999998,2.2786348,-14.004479000000002,-8.551112,0.41557172,-10.7303705,-9.954503,0.9219084000000001,-5.9813977839304006e-05,0.9984689659220168,12.270757975581065,2699.432333422662,2018.016192578358,13.805662514186293,8.792050311816645,13.702831528529652,19.95358228229836,19.316887839623558,22.300079164389533,24.81106570745184,0.0008270850999999999,3410.390625,0.0520361328125,0.0,0.0,0.0,0.03396425694227219,0.09657676964998244,0.011147705651819708,0.001169876311905682,0.6163545072078704,0.19664183557033535,0.0428052207455039,0.0013398607727140186,0.0,True
00:09:53,5c41c28e896e090001c03bb0,,0.578355394295678,,-66.90551029779222,-463.98235999999997,21.799772,-0.16610909,7.523345,12.760606,3.266063,-0.51692855,3.7782902999999997,3.904201,2.014175,-0.9263529,-5.0298114,-31.945114,5.405330999999999,-5.1719313,-0.24242775,14.220158999999999,-11.310839999999999,-6.5293849999999996,6.690000500000001,0.5644204,-6.0356414671468425e-06,0.11158945573675882,,4357.848416213662,4713.0122649784025,12.980722054017095,11.963354845197973,12.403809676498867,13.933855157448418,14.244483671871786,14.613806268801415,25.32543623355459,0.039563503,8407.96875,0.113505859375,0.0,0.0,0.0,0.0013153482286725193,0.0043459229248886296,0.00034889757201502414,0.0021447397205823413,0.9493424395720164,0.0030678854091092944,0.037878946090737976,0.0015558298910036685,0.0,True
00:09:54,59278c090220760001fda664,142.01343691066538,0.5595983227959079,3.8529807105263503,-29.747361146400696,-312.93924,133.95801,3.03133,6.6750926999999995,1.8608522,0.21246755,-3.723996,0.14118138,4.274389299999999,-0.96850795,-8.244365,-5.9946384,-6.0500956,7.811085,14.240585000000001,8.367038,-1.2033641000000002,-9.471289,-19.074911,-18.256128,1.6619526999999998,-7.109605347517249e-05,1.1937499713842858,27.04808318549617,2079.297168330343,2241.7588821218383,13.886610726129632,9.116726418954826,13.840842586392887,15.380375626151665,22.46369779580034,24.577268901044555,32.357744423761446,0.0002763022,3949.21875,0.07611328125,1.0,1.0,0.0,0.004796782275661826,0.011325561394914984,0.0017945896368473766,0.0006052716547856107,0.9687089085578918,0.008753703720867635,0.003102046134881675,0.0009131965169217436,0.0,True
00:09:54,5c41c28e896e090001c03bb0,,0.7681489730136967,,-96.6209956220177,-506.96213,4.731309400000001,3.869457,3.5463378,3.3520163999999997,3.2674412999999998,2.952476,2.6608148,2.5637347999999998,2.297017,1.9413668999999998,1.8090990000000002,4.663085,4.7507544,4.620632,4.428496,4.4434905,4.329391,4.047823999999999,3.9630796999999998,0.04606022,-3.922278070904361e-08,0.0007503752430974884,,6467.617363392261,7307.009745364803,8.73861373321154,8.552283778140888,9.15870980739199,11.210621115261564,13.629377716610438,15.335038094896975,13.720406735880774,0.32090643,15157.79433139535,0.04079473586309524,0.0,0.0,0.0,0.0014994861965533346,0.0047814087476581325,0.0003751486787223257,0.0005713572696549817,0.978710412979126,0.0024794785655103623,0.011022611474618315,0.0005600969161605462,0.0,False
00:09:55,59278c090220760001fda664,188.39629437270364,0.5951420856191366,14.056009438164914,-31.323391417167077,-328.2881,120.987526,-0.12153608,-1.752045,2.8618984,-0.49267372,-13.289809,-2.5792801,6.1561900000000005,-3.65032,-10.49312,-3.4176898,-2.9782295,8.345971,10.617017,14.147712,-3.728884,-20.217995000000002,-16.839857000000002,-9.984905,1.6601312,-5.005481458229858e-05,0.8480704661788008,17.09647235132606,2182.4881038210865,2859.336282632049,12.18866186460844,7.991254965339245,13.897450518906801,16.0235894735657,22.81167613267869,26.294244615908042,33.106978911166536,0.0004952199,4751.484375,0.1032763671875,1.0,0.0,0.0,0.02071148871133725,0.05343907978385687,0.0035748257456968227,0.001269237642797331,0.8343547185262045,0.07525350029269855,0.010129171656444669,0.00126796547556296,1.0,True
00:09:55,5c41c28e896e090001c03bb0,,0.4444159005815028,,-83.79643425566017,-478.57327000000004,42.42262,-1.1366063,7.422592,6.237717,-5.657377200000001,-4.8427854,6.3863635,9.590911,3.0254624,-8.698303,-9.620142,-45.29919,-22.168259,10.087892,2.0248318,-4.7756705,-11.533224,-16.617008,-9.96218,1.2276113000000002,-6.2202785543071895e-06,0.1070174387096356,,4644.442855060583,5446.1551835911705,9.394585189113402,11.610046148722315,10.908992502794382,13.202807764745476,17.320730827846585,14.205982744154186,17.0703626178318,0.41404355,10888.020833333334,0.07474578373015874,0.0,0.0,0.0,0.02828855076513719,0.04767129058018327,0.00846803124732105,0.0031663212837884204,0.6362012565135956,0.1720448696403764,0.09937521517276764,0.0047844234941294425,0.0,True
00:09:56,59278c090220760001fda664,,0.7107633829748838,,-56.65053846592167,-462.29352,43.046279999999996,1.2634032,0.6428823,1.382099,-0.62064284,-2.6604035,-2.507166,-2.3766115,-2.916471,-1.6677425,-1.4365045,28.16928,15.694258,-5.662989,-4.529776999999999,-4.1825513999999995,-4.2731886,-1.3301094,0.9362676,0.55777574,-3.1340245770454256e-06,0.060776600074906685,,3190.111792673772,2106.6137429561054,13.856515641298401,8.499731470637968,10.241669435076783,16.20893088287448,15.989758795826953,16.470582554601602,23.196844848060216,0.00074802834,3104.765625,0.0492431640625,1.0,0.0,0.0,0.04848868027329445,0.06331350654363632,0.028843785636126995,0.0030584933410864323,0.5815908640623093,0.2157688170671463,0.05583987757563591,0.0030959676601924,0.0,True
00:09:56,5c41c28e896e090001c03bb0,165.85370054853402,0.3894730940399875,4.8376814215831665,-22.150319554960536,-221.995,149.88208,-2.4381719,2.5694,9.927188000000001,-5.509113,-12.571992,-3.3960487999999995,-1.5381982,-3.3988783,-3.0385193999999998,-12.444771000000001,-51.614796000000005,8.110724000000001,-7.5888100000000005,-15.632623,-0.9096591,-12.348265,-20.439985,-4.9642434,2.062607,-0.00017328154230108247,2.9245355595200806,28.171359892359963,1922.5371409942397,2473.8726838256434,15.978838159943335,10.441145134593977,13.596180051071189,16.014513436722066,19.74734473869161,19.903773154495013,40.68910287851703,4.405988500000001e-05,3968.4375,0.085390625,0.0,1.0,0.0,0.07727715577930212,0.01957343111280352,0.03382528303191066,0.10110755087807774,0.1548755527473986,0.2883206740021705,0.3090127818286419,0.016007562261074783,0.0,True
00:09:57,59278c090220760001fda664,308.58330977078094,0.6030574366517641,12.497453230732427,-44.81412122247213,-406.72116,89.31663,3.3918269999999997,3.6454307999999997,4.3575053,-5.0569239999999995,-10.566081,-0.6132419,1.9731566999999999,-5.687218,-5.258868,-1.6436678,11.50244,-5.060357,1.3445455,-2.0868225,-4.0552864,-7.2128334,-7.530009700000001,0.32256806,0.99818677,-2.446608086666115e-05,0.4088416373672024,48.6034164172725,2104.0949075387202,1507.5281164077317,12.53659585058336,7.414060098680795,11.736945136775887,17.09723764677274,22.395316990409945,19.644693171560988,23.464602739967,0.00022157119,2152.265625,0.040673828125,1.0,0.0,0.0,0.03897490985691547,0.05635827034711838,0.00947143891826272,0.004154112935066223,0.7831617832183838,0.06599898487329484,0.038273257203400135,0.0036072323797270655,1.0,True
00:09:57,5c41c28e896e090001c03bb0,160.86984131852248,0.8700866681705386,6.5676363827641975,-48.29505572922854,-381.74002,94.74481,-12.028893,-11.642362,0.8789097,-4.4481583,-8.903339,3.285889,2.9898,-1.7402768,-4.332898,-12.718542,-31.797108,28.363284999999998,17.983929,-5.3125415,2.7469794999999997,-25.739721,-23.08634,-3.0361962000000005,1.5344441,-5.4208617709283395e-05,0.9295359114253564,24.0933142930474,3059.0163447948767,3921.92829934725,13.472546889309774,9.426908159186446,14.60493577195698,15.967215143553505,20.047344196189748,19.080403622865827,29.67809507726271,0.033489775,6857.109375,0.1141162109375,1.0,0.0,0.0,0.0952069528400898,0.00947369146742858,0.17623916007578372,0.22439366430044172,0.05207147453911602,0.06702969437465071,0.16416297890245915,0.2114223588258028,0.0,True
00:09:58,59278c090220760001fda664,,0.7408638788537056,,-59.932076923507346,-477.44388,37.91329,2.6814637,2.0290008000000004,-0.5251669,-3.3279452000000003,-4.8590480000000005,-4.7268586,-3.5335989999999997,-2.0460851000000004,-0.7633388000000001,-0.04405031400000001,25.267526999999998,10.92131,-0.1818974,-6.2018223,-7.6881723,-5.9873157,-2.5779207000000004,0.86216944,0.46682170000000006,-1.312729259104156e-06,0.0217803583879744,,3054.156726993427,1526.606549923742,12.457833880042278,8.247043832146906,10.907153568763828,19.390094293575405,15.997397554452306,15.011936652146954,19.355337722625638,0.0005422520999999999,1810.078125,0.027734375,1.0,0.0,0.0,0.04632974565029144,0.014452507812529804,0.004626377020031214,0.03666226831264794,0.8379223823547364,0.008431901689618826,0.04159949608147144,0.009975316119380295,1.0,False
00:09:58,5c41c28e896e090001c03bb0,140.32329259744438,0.5215497992183459,1.6606524832023268,-30.337879799324973,-275.3167,140.7833,-1.958605,5.0459375,12.886074,-2.9791917999999997,-12.957658,-2.5712900000000003,4.380622,0.7099964,-4.656108000000001,-14.018117000000002,-39.742344,2.279989,3.3750447999999995,-5.9204693,2.826863,-8.223342,-17.691425,-5.019164599999999,1.4963726000000002,-0.00012460053223617852,2.1026430516714094,13.413337174894547,2170.96020188313,2441.3676000652226,15.701799234969393,12.256530616789204,14.613789921901589,15.609628595354133,23.20253064992637,20.306934790202668,35.19581346797393,0.0033414513,4057.5,0.0710546875,0.0,0.0,0.0,0.018504084460437296,0.01727814241312444,0.04450761843472719,0.18679160475730894,0.09689985290169716,0.08717842940241098,0.17185049802064895,0.3769897982478142,0.0,True
00:09:59,59278c090220760001fda664,,0.7749636344251171,,-61.71092670083755,-485.57300000000004,28.823896,-0.46641976,-0.18188438,-1.0214746,-2.4422612,-3.8112422999999995,-4.6309977,-4.6527853,-3.8953447,-2.6029031000000002,-1.1633615,21.606188,12.091011,2.9822836,-3.5498233,-6.553783,-6.406619,-4.3933206,-2.030374,0.3838888,-9.344276579197151e-07,0.015471447089539368,,3334.0396660971082,1558.3239857821645,14.635419946609108,9.08851812695378,11.13898189747073,18.924060398594687,16.123685382139985,15.26083922524585,18.007104360639428,0.0006593356,1810.78125,0.0230322265625,1.0,0.0,0.0,0.0263160047121346,0.017050277581438417,0.006407509179553017,0.0018466973153408613,0.915033769607544,0.024265043344348668,0.006712389597669244,0.0023682438768446445,1.0,False
00:09:59,5c41c28e896e090001c03bb0,135.89179890456282,0.5804251512548712,1.6746056104583402,-22.49163893291509,-260.75012000000004,181.18835,-6.632325999999999,-9.982567999999999,3.0402713,0.35855442,-8.334602,0.110138856,3.0368385,-6.2339915999999995,-9.505361,-5.9223127,-18.37073,-10.273421,16.480745000000002,0.36573859999999997,0.37523386,-11.335186,-20.08503,-5.8280769999999995,1.2772152,-0.00013553586347953733,2.2384780374397817,9.568932752889722,1413.6168199095168,1496.9461130866214,17.241877249545475,14.835014757183835,17.46845655320199,17.353108694282238,23.436787279855015,26.440045853379175,34.52550940600847,4.4961598e-05,2475.703125,0.0414892578125,0.0,0.0,0.0,0.017877258267253636,0.02184008718468249,0.02756194022949785,0.17267171628773212,0.16641755886375906,0.11830203421413897,0.2798566669225693,0.19547275006771087,0.0,True
00:10:00,59278c090220760001fda664,,0.70093250390241,,-59.8786858518664,-478.264,35.457316999999996,2.4082967999999996,2.583221,-0.8251898000000001,-4.6834426,-5.8536067,-4.229088,-1.9574666,-0.36936852,0.8927963,2.0485203000000003,20.835869,6.818440400000001,-1.7532052,-5.9102144,-8.040277,-8.344705000000001,-5.8972697,-1.3627139,0.48294625,-1.487693283701911e-06,0.024651528888964155,,3024.837795510481,1549.8097682233492,13.948985217784118,9.283530183661936,11.322588343962016,19.283135037689647,16.621109720549505,16.42875805437597,18.527369451978625,0.00059456815,1853.671875,0.030078125,0.0,0.0,0.0,0.06500984914600849,0.05520239202305675,0.012621857738122343,0.03610912137664855,0.745667964220047,0.03472945038229227,0.041953045595437284,0.008706313208676875,1.0,True
00:10:00,5c41c28e896e090001c03bb0,310.7606633176624,0.6718251061089352,1.6988532360335444,-28.80944516494874,-305.68176,110.76001000000001,-22.958685,-2.3057885,15.764259,6.579891,-7.2857113,-10.339334,-5.9641485,1.3547228999999998,-3.203545,-12.730835,-44.519775,6.671988499999999,2.641362,-6.8735003,11.863516,-12.552242,-15.244684,-13.434382999999999,1.546366,-6.782597431313654e-05,1.1538527928251996,21.610612379647822,1627.5460360243826,2990.1526433219206,13.944079251366803,8.564408942363968,14.013636867718187,19.053361270025253,19.8785796806573,21.085102823519087,39.145071102673356,3.0955627e-05,4591.40625,0.12359375,0.0,0.0,0.0,0.004991085920482874,0.009567296574823558,0.002583581733051688,0.1743718594312668,0.4259908527135849,0.03531288472004235,0.19790889993309974,0.1492735382169485,0.0,True
00:10:01,59278c090220760001fda664,115.63762105727136,0.6154299580791119,3.5794096187662627,-46.23625803433095,-409.6245,83.80418399999999,5.244998000000001,3.1413975,0.28112045,0.07016381,-5.2470455000000005,-6.7486714999999995,0.30907395,-1.6090577,-6.997094000000001,0.18933472,14.471589999999999,6.5321164000000005,4.8192306,-8.535716,-14.155404999999998,-13.619017999999999,-9.167428,-0.6137558000000001,0.8625898000000001,-5.1320108019568106e-05,0.8528177530660741,23.78782283596645,2455.5459146804915,1362.2566581414635,14.298098516701614,9.679899553013431,12.043855912143815,20.300889312354236,17.750363371421198,19.344134648410602,22.616049584980072,0.00029037852,1627.5,0.0306787109375,1.0,0.0,0.0,0.01838579056784511,0.04342366950586438,0.004034236306324601,0.001906517427414656,0.9017608642578124,0.01673270310275256,0.0107635164167732,0.002992726501543075,1.0,True
00:10:01,5c41c28e896e090001c03bb0,272.4171531529913,0.7940281467605008,1.4810423055302222,-56.490178312266465,-367.30875,130.8635,0.8727812,-3.5761127,-1.7092906000000003,-8.152559,-7.3609032999999995,-3.4462864,0.9742881999999999,3.6969513999999997,-3.4522977,-18.716972,-41.136524,-5.354881,1.1832423,6.176421599999999,-6.350587,-16.314062,-22.088694,-5.9088182,1.8573799,-8.981516986457364e-05,1.5117631210879856,19.086220648905023,4082.9952143362075,4317.4100360626335,10.172576108665174,11.456851593904,13.555157438961274,14.153739677844431,17.81472490249606,18.11994872338746,28.12480940978333,0.07424719,8783.671875,0.0608935546875,0.0,0.0,0.0,0.007078538392670451,0.0071379814995452765,0.0029431686445605012,0.021272254781797527,0.7166515246033669,0.03933480998966843,0.1869362596422434,0.0186454898561351,0.0,True
00:10:02,59278c090220760001fda664,140.97050201282482,0.3697500284030202,3.778348673159467,-25.423440974004432,-270.23886,153.68857,4.373547,3.1169124,0.54964423,-3.9627092000000004,-5.5166097,1.6073452,3.298431,-1.7347831999999999,-4.7485585,-2.1010253,-46.274696,-13.369435000000001,34.120262,9.912249000000001,-10.433324,-8.504174,-14.232721,-8.75272,1.3490821000000002,-0.00010001414916182408,1.6766506417706342,24.588574821733378,1857.8913039573652,2336.4590456807887,13.530888653325961,9.802710418189397,13.780554127831433,15.61063638846884,19.831842244157784,26.943467291048414,33.00487055960002,0.00013025219999999999,3671.71875,0.084501953125,1.0,0.0,0.0,0.010524648288264871,0.037612853758037086,0.003266346617601812,0.0011098946153651923,0.9306416869163512,0.008000372420065105,0.006802803860045971,0.0020414354978129266,1.0,True
00:10:02,5c41c28e896e090001c03bb0,,0.5059410246663143,,-82.29085043367726,-456.86355999999995,60.908665,-23.067583,-15.347418,10.271517999999999,-2.4570822999999997,-13.103773,-2.9734192000000004,-0.11791669999999999,-2.0480287,-7.929291,-8.046915,-58.228184,-12.844524,7.0416289999999995,-8.072086,4.25736,-9.977086,-16.00967,-5.846818,1.2051986000000001,-1.314294407187128e-05,0.2293576724532925,,4034.8263505266737,5016.1588276891525,10.64986675083926,11.009009868477659,11.80811667652032,14.772397512195615,15.49161217875114,14.822887726705597,18.807784193118533,0.46013865,9743.468237704918,0.076806640625,0.0,0.0,0.0,0.00788725531892851,0.004661741550080478,0.0010300711670424786,0.0034638665965758264,0.9080773651599884,0.01162086414406076,0.06218165736645461,0.0010771837813081222,0.0,True
00:10:03,59278c090220760001fda664,208.3762647909148,0.89687767334685,5.294455449277455,-33.01831707980517,-350.8244,120.52515,-1.9372082,-0.90011764,-1.7373922,-5.864575,-4.5911264,1.2293627,-3.023115,-9.004517,-4.386786,1.5130004,0.8047349,17.380329999999997,36.071453000000005,-4.059387,-21.762012,-7.1502795,-0.026448164,-1.7502468999999998,1.22575,-3.6791637908461765e-05,0.6177204338046041,11.69262882621101,1700.8641338198172,1921.7425918527545,12.26125581220602,8.869971459586516,11.799081991158404,15.598368970792382,21.222866521435613,22.31731016761153,29.06550217989877,7.726323e-05,2846.71875,0.067412109375,1.0,0.0,0.0,0.04190573785454035,0.06975175924599171,0.010457458300516007,0.004636463441420347,0.7774501442909241,0.05447854045778513,0.03844733890146017,0.002872592129278928,1.0,True
00:10:03,5c41c28e896e090001c03bb0,,0.9334164790262518,,-90.1052476134447,-493.40393,27.044404999999998,-14.081301999999999,-8.5990505,5.883676,-1.5275383,-9.493250999999999,-1.4111004999999999,4.484618,2.2030146,-3.5268269999999995,-4.818272599999999,-32.27689,-10.8272,3.0112185,-2.9645789000000002,2.979727,-1.3537204,-5.8170443,-5.074028500000001,0.34279624,-2.149290705405579e-06,0.03748602637938616,,5137.955718172146,5815.386763138288,9.851259452188103,9.772338945011779,10.362407931062505,12.016862468624065,12.839033304620472,12.411370369365553,17.190752531861254,0.39244235,11339.897260273972,0.07010618397887322,0.0,0.0,0.0,0.03378073149360716,0.01464715669862926,0.02741163742612116,0.012194632494356485,0.4860328957438469,0.1544831763021648,0.2663450803607702,0.005104686535196379,0.0,True
00:10:04,59278c090220760001fda664,350.0072910466698,0.9815039831734726,12.239066237944552,-47.343180658734646,-418.7617,76.2801,2.7830310000000003,3.156854,-2.3242748,-7.732874000000001,-4.429325599999999,2.3005482999999995,1.4915614,-2.5234342,-3.3019779000000002,-1.2137313,7.856757000000001,-4.0516677,3.7725480000000005,-0.030789457000000003,-9.564126,-12.775032000000001,-8.144421000000001,-2.0460002,0.9926315999999998,-1.4548310991121844e-05,0.2467734715053021,16.065312339244358,2219.3385377898103,1818.753257986344,11.325355125078213,7.6199662480238946,11.866048773473347,15.184705463397446,19.92223857140452,19.329499328348305,25.766777373952287,0.00034746566,2723.90625,0.052978515625,0.0,0.0,0.0,0.015843516495078803,0.08041996099054813,0.003331245947629213,0.0006112184812081977,0.8297031879425049,0.055109293386340144,0.014058915153145791,0.0009226889989804477,0.0,True
00:10:04,5c41c28e896e090001c03bb0,141.65573323936218,0.5543011999260304,1.4538175493972914,-35.15055959680216,-325.27936,141.76846,-5.202151000000001,1.3877412,2.7000191000000004,-6.923361,-9.710277,-2.2421978,-0.39143175,-2.427301,-8.633249000000001,-11.639534,-7.6650844,-4.2307760000000005,7.7795277,-2.1992471,-6.329221700000001,-9.638705,-10.041244500000001,-8.825486999999999,1.2463169,-0.00011092064710266762,1.8433729917420445,14.843703436249877,2059.117686282836,1817.4432156128653,15.411738792836154,13.238024001455589,14.118796241369193,15.992790024433994,22.074568546209374,21.494853418424714,30.16016856847219,0.0037784503999999997,3279.375,0.0396875,0.0,0.0,0.0,0.020882265828549858,0.047481804341077814,0.07169315583305433,0.006185902340803295,0.6579430311918258,0.10930311102420093,0.07795006111264229,0.0085606774315238,0.0,True
00:10:05,59278c090220760001fda664,,0.7086494460517446,,-58.2012997459116,-473.21326,43.654858000000004,-0.6142747,-1.2767813000000001,-2.5019169999999997,-3.4534564,-3.7573662000000003,-3.46069,-2.7842216,-1.914643,-0.98619556,-0.19381122,29.812634000000003,12.841009,-1.4571393,-9.494367,-10.99118,-8.228606,-4.29139,-1.4786237,0.48344132,-1.5062129236656678e-06,0.024798057842499284,,2768.044462480525,1326.6507568988004,13.007459252493847,8.323555015144319,10.415411825158444,18.434265377811485,17.694110475990122,15.811415565212064,18.883882399456716,0.00038051830000000004,1427.8125,0.025888671875,1.0,0.0,0.0,0.018438420025631785,0.052402396872639666,0.001968180341646075,0.0026806190609931944,0.8709179162979126,0.03531452976167202,0.015463862288743257,0.002814082440454513,1.0,False
00:10:05,5c41c28e896e090001c03bb0,165.05006837997004,0.6806507107620721,2.7781451424402097,-21.794378093957878,-204.65929,142.4365,-9.169176,-6.4414945,3.4085900000000002,-3.547675,-5.0191426,-3.7879372000000004,2.4843787999999996,-1.4327914,-3.0303788,-13.517707000000001,-51.63759,15.107289000000002,6.421351400000001,0.6519636999999999,-20.050311999999998,-12.337060000000001,-19.375189000000002,-9.713232000000001,1.8512534999999999,-0.0002052451461424151,3.4881516092354934,16.380842646054102,2200.6377135343782,2323.5601719000038,17.312459691639088,11.36716626686924,16.163990306565804,15.5157965480319,19.13556269802399,21.15081836435088,40.836529220674144,4.747343e-05,4069.453125,0.0566650390625,0.0,0.0,0.0,0.03777915756509174,0.009738641092553737,0.0124065978845465,0.1567158377962187,0.4260771138593554,0.10412214458920062,0.21302853003144265,0.040131981647573416,0.0,True
00:10:06,59278c090220760001fda664,,0.7150614645582741,,-58.674468009834605,-475.15682999999996,41.216858,0.9237423,0.49684748,-0.90892345,-2.3386123,-3.1546445,-3.1973702999999998,-2.6734886,-1.9178216000000001,-1.2199986999999999,-0.79504585,28.158337,12.086383999999999,-1.5516088,-9.317482,-10.80614,-8.012483999999999,-3.7959676,-0.46344033,0.48759672,-1.4100669834240518e-06,0.02323535939210793,,2821.419435969558,1352.478946090655,13.39254097624527,8.059493827292874,10.733148515118986,18.7054425276758,18.09985126423449,15.355880018269355,18.71095294015737,0.00039578072,1441.171875,0.025078125,0.0,0.0,0.0,0.0017386817140504715,0.004204186191782354,0.0007315817987546326,0.0003847071609925478,0.9890950322151184,0.0007609884138219059,0.00044024824746884405,0.002644617354962975,1.0,False
00:10:06,5c41c28e896e090001c03bb0,172.22822538288517,0.5801464297944798,1.6334594404322376,-30.82596877189407,-286.77518,143.99388000000002,-9.54314,-0.8193062,3.7341172999999994,-3.6059650999999997,-0.694995,-2.166764,-5.368023,-0.07676238,-2.6476693,-7.7926197,-35.388462,14.447951000000002,3.9846303,-6.899101299999999,13.760956,-14.287076,-24.627695000000003,-9.924292,1.9628205,-0.00012615473227302774,2.111678191022476,18.14934474224074,2366.3172307429386,2775.387409536437,13.761969465284455,12.176992893443096,15.643903138339706,15.720740204517705,22.03186002967368,22.82279647812041,38.0786080925144,0.005421026,4714.21875,0.0928564453125,0.0,0.0,0.0,0.10014641880989077,0.005927911924663932,0.1583623666316271,0.3360733030363917,0.025277969939634205,0.14793820604681968,0.1624152421951294,0.06385855050757527,0.0,True
00:10:07,59278c090220760001fda664,,0.7886683437401809,,-60.27305149546535,-480.55222000000003,35.195248,0.20493586,0.13357339999999998,-1.0437593,-2.5866569999999998,-3.7991056000000003,-4.279529599999999,-3.9969303999999997,-3.2201462000000003,-2.3565004000000003,-1.7671481,26.099653,14.3194475,3.376466,-4.071068299999999,-7.077639,-6.407828,-3.8395216,-1.228632,0.42985290000000004,-1.1307619436844057e-06,0.018682973789874158,,3121.1539952825465,1453.4312934293655,13.899023107322975,7.980252798344438,10.316571941058903,18.996764497054283,16.047209513056345,15.046348556971436,18.428119225023387,0.0005355317,1605.234375,0.0226416015625,1.0,0.0,0.0,0.003963006444973871,0.010191071825101972,0.0026511988398851827,0.0007020213990472258,0.969285833835602,0.00454212015029043,0.0011647244362393394,0.007499983813613653,1.0,False
00:10:07,5c41c28e896e090001c03bb0,149.6342884221809,0.8595641123199474,0.44202109523757255,-22.95183661480969,-248.87197999999998,158.92896000000002,-5.0502357,-1.4428695,2.7279298,-5.6593065000000005,-3.7992675000000005,-0.95053846,-1.2533758,2.8865502,-8.538780000000001,-11.745071000000001,-34.13326,12.858325,16.401575,-5.528862,-1.8570081000000003,-17.341337,-22.906370000000003,-9.321635,1.5295811000000001,-0.0001555483077075962,2.5940694601781416,13.305594120895352,1755.812640989055,1955.0338120583444,15.520507761815601,13.147069850934892,18.48945420576672,18.02408664657921,21.421636828138013,23.25251729766346,38.005702352109424,0.00020749729,3272.578125,0.059560546875,0.0,0.0,1.0,0.08471461087465286,0.003853660944150761,0.0318298552185297,0.1957976541481912,0.03400368532165885,0.17248187884688376,0.42341522239148616,0.05390344085171818,0.0,True
00:10:08,59278c090220760001fda664,,0.7502447858755029,,-59.533992656830655,-479.21106,36.736923,2.235421,2.3708284,0.6849056,-1.9163979,-4.3848877,-5.8952346,-6.06631,-5.011733,-3.2286222,-1.3741157,26.698673,13.712385000000001,1.7127644,-6.281854,-9.137974,-7.662416,-3.8873572,-0.051392745,0.42627642,-1.221790417471743e-06,0.02016773484707849,,2994.6759232907666,1416.451006197227,13.59984633456214,8.146164343690735,10.968789604850429,19.239588257899484,17.416636311781314,15.455008688175747,18.79044365095285,0.00047307260000000004,1520.625,0.0252099609375,1.0,0.0,0.0,0.06802673740312458,0.024757405556738374,0.010062404861673712,0.013751228153705598,0.7768891751766205,0.036336389649659386,0.05015631960704923,0.020020322408527136,1.0,False
00:10:08,5c41c28e896e090001c03bb0,136.04105193297002,0.5868196396049226,0.7631228962193434,-24.663163966830282,-277.4301,158.71649,-8.069509,-5.364811,7.84117,-0.09244447,-5.6913877,-4.4634852,-2.287087,2.2860963,-8.451192,-14.337504000000001,-24.669989,1.9211151999999998,16.845919,-9.579472,0.85994786,-7.6135163,-13.414826999999999,-0.3303114,1.9475598000000003,-0.00011062156653006916,1.840297740245861,13.506156532896993,1701.7911366016103,1860.8233405317046,14.358417467878109,11.6627559584394,16.464628986361987,16.460720098713956,20.851514994768888,23.43711676123577,36.73730802460139,0.0010570965,3365.15625,0.052861328125,0.0,0.0,0.0,0.09524505883455277,0.0042082407628186045,0.12051323484629392,0.12957764230668545,0.050318076834082605,0.13574590608477596,0.44993905127048495,0.014452798664569857,0.0,True
00:10:09,59278c090220760001fda664,,0.7278990322074788,,-58.56895229443275,-475.3471,41.280609999999996,-0.14427216,-1.0404855,-2.7505264,-4.256043,-4.774602,-4.10131,-2.6765203,-1.3110753000000002,-0.7104883000000001,-1.090177,29.076942,14.016931,1.1260086999999999,-6.4554014,-8.381654,-6.470697400000001,-3.281079,-0.8561095,0.4953867,-1.4023823474685563e-06,0.023092704107829792,,2872.503908142,1327.2734569638533,13.509846001824226,8.168637311908572,10.338575719743547,19.402975401291872,17.336899793666877,15.472173315093453,18.689901938212987,0.00040894891999999997,1369.6875,0.02275390625,0.0,0.0,0.0,0.0066123950295150285,0.08752609919756651,0.0019466049270704386,0.00024521934101358057,0.8845816850662231,0.01380165296141058,0.0044865842210128895,0.0007997510430868714,1.0,False
00:10:09,5c41c28e896e090001c03bb0,131.72964938822804,0.8667506731943646,0.7122436682914949,-20.25986025268085,-262.75903,159.88832,-3.1925395,-7.075212,0.067938626,4.208851,1.01231,-8.5162945,-5.2660103,4.140788,-5.894483,-15.7762985,-14.326335999999998,24.75155,15.352853,-6.587544,7.345005499999999,-10.429311,-15.621170999999999,0.6941614,1.4805565,-0.0001338242309110248,2.2419962093010817,15.629466846163051,1473.1373945343794,2045.052786891221,16.284891018311768,13.495335305167101,18.109577648093268,19.200740007249134,29.621729267741642,25.439306621958327,38.279359582125906,6.483804599999999e-06,3294.140625,0.06888671875,0.0,0.0,0.0,0.09481387054547667,0.0041760847496334465,0.04144548412878066,0.19009151868522167,0.060480852285400025,0.18705693632364276,0.3423592856153846,0.07957597835920753,0.0,True
00:10:10,59278c090220760001fda664,,0.7144327195999592,,-57.52152472847613,-471.02585,46.17615,2.3605688,0.16431648,-2.8059106,-4.9126754,-5.3772383,-4.421812999999999,-2.8450751,-1.3956445,-0.38633883,0.24311718,30.865892,12.180473,-3.2882326,-11.374514,-11.722601,-7.113084,-1.4894732,2.0522687,0.5030559,-1.5634662440326263e-06,0.025720501070792517,,2616.171411592393,1243.9726739541436,12.365511560904208,8.232095547609928,10.728857185494396,19.17073285760016,18.509174051918805,15.443855777355402,18.82894058649125,0.00028724773,1264.921875,0.0255859375,0.0,0.0,0.0,0.003233074489980936,0.01603891346603632,0.0015831953147426249,0.0006435844115912914,0.9675586700439454,0.003490436286665499,0.003321548120584339,0.0041305906401248645,1.0,False
00:10:10,5c41c28e896e090001c03bb0,151.81309209176848,0.5459729229810941,1.1018334017307905,-25.982793482004197,-283.07944,108.39388999999998,-12.250339,-3.1677432,12.984141000000001,-3.4124436,-5.6201158,0.27672783,1.9680540000000002,6.330343,-6.2468886,-18.31321,-52.05982,21.292114,-3.9500346,-10.584214,27.530344,-6.129831299999999,-7.143757000000001,11.095931,2.0482962,-0.00010271728668914364,1.7769347307588188,32.67516552255931,1887.4836198506664,3202.8818110634475,13.098142290451547,11.358548825250681,14.450858858418245,14.940897426242607,22.041201293941164,21.817158747019327,44.92385651846037,5.0416999999999995e-05,4814.53125,0.128857421875,0.0,0.0,0.0,0.03339140466414392,0.007298631622688846,0.029726516280788932,0.11814555944874885,0.1053659776225686,0.18946683127433064,0.4829850122332573,0.033620050875470035,0.0,True
00:10:11,59278c090220760001fda664,,0.7543633118066105,,-57.476121085882895,-472.08563,45.01211,2.7003342999999997,1.2802757,-1.3169073,-3.8356074999999996,-5.2973695,-5.356612999999999,-4.342134,-2.9658597,-1.8968096999999997,-1.4736341,30.646143,13.273273000000001,-0.99584854,-8.55827,-9.336386,-5.8292036,-1.2619867,1.927719,0.5173999,-1.6081080026381245e-06,0.02644085382310609,,2753.723800453521,1289.6860775235602,13.362449362128606,8.692570484758495,10.441090888538284,20.250817339428274,16.903504809180028,15.465512032272361,18.892502655120193,0.00034405102,1301.953125,0.0237158203125,1.0,0.0,0.0,0.041203517746180286,0.06856380696408451,0.00511924521997571,0.012415362038154855,0.8139155864715576,0.031065045902505518,0.023945110570639368,0.0037723753310274334,1.0,False
00:10:11,5c41c28e896e090001c03bb0,225.21843086274714,0.956243666066485,2.021818350942223,-37.98024747959475,-347.9437,91.16828000000001,-1.6553751,-7.100586,1.4836122,0.23418182,-2.9032032,2.0734932,1.3258976999999998,-3.064314,-4.2015004000000005,-5.736249,-17.537998,19.188269000000002,21.462381,9.213517999999999,8.107511500000001,8.312619,3.3063817,5.2946014,1.0910520000000001,-8.794478418744443e-05,1.4746748695471483,23.53810100347223,2535.190411077738,2141.350968949245,13.358610283434851,12.859108481427974,13.375937275123466,14.747659790501736,17.541753571264156,19.773382234471022,30.68000447291836,0.0007062931,3940.546875,0.0478125,0.0,1.0,0.0,0.004232008696999401,0.006176574341952801,0.003163614385994151,0.031365048512816435,0.6013055026531221,0.03720553033053875,0.3004164189100266,0.016135284677147862,1.0,True
00:10:12,59278c090220760001fda664,,0.7581402193472074,,-55.134961414914066,-463.78415,55.298306000000004,1.6551558000000002,-0.14708039,-2.0363835999999997,-3.2186415,-3.6463287,-3.5593852999999998,-3.075398,-2.1798672999999997,-0.9904549000000001,0.08978458,37.26188,15.685626000000001,-1.5842929,-10.093119,-10.1658325,-5.5430546,-0.6100924,1.9082875,0.5677175999999999,-2.0516254228479444e-06,0.03362931858651428,,2361.918886619857,1105.4428224000046,13.713978213749854,8.691495837472617,11.082038130103939,17.87873627609413,18.428955263457347,15.968247869443793,18.605182503764613,0.00018361082999999998,1165.078125,0.0240576171875,0.0,0.0,0.0,0.0119461452588439,0.1936211943626404,0.00444825435988605,0.00010456737218191848,0.6859837889671325,0.08347493819892407,0.019933127984404563,0.00048799786309245975,1.0,False
00:10:12,5c41c28e896e090001c03bb0,168.56406299616856,0.3692672453900629,0.5150233533273743,-29.75417625251191,-280.73477,102.81865,-6.926816499999999,2.1281316,5.9018674,-7.5278254,-3.7285492,2.802611,1.012402,-0.5110733000000001,-3.2382333,-11.186036,-60.892876,6.0989775999999996,7.731231,-6.74635,-2.2383957000000003,-9.170694000000001,-23.237713,-9.758780999999999,1.5583091,-0.00013475222763503823,2.3151210478725783,8.659181367713957,2158.07749769152,2702.008646378242,16.207266849844242,10.904674440390902,14.56552894109031,15.457788333828983,19.2291396653979,21.312174964204782,37.89835678959875,0.00018070134999999997,4497.65625,0.0906640625,0.0,1.0,0.0,0.008932472736341878,0.0022136348037747667,0.0007617760311404709,0.023350680331350303,0.8301472067832947,0.02943591818911955,0.10221614912152292,0.0029421338927932087,0.0,True
00:10:13,59278c090220760001fda664,,0.7699493438820756,,-60.31928101255702,-479.9386,35.40982,1.2337141,-0.3715615,-3.1843724,-5.641918700000001,-6.664822999999999,-6.0507292999999995,-4.3684864,-2.5200658,-1.2547228000000001,-0.8728187,24.655838,10.986112,-1.1720747999999999,-8.542638,-10.158838000000001,-7.3952922999999995,-2.9861677,0.38791224,0.44867048,-1.12404151620317e-06,0.01858499867534176,,3058.2847551820564,1450.0933665432415,13.428194756968178,8.604860137737683,10.620071397189928,19.813544714073718,15.268527712778244,15.178361150960818,18.706614925970094,0.00047744362,1417.265625,0.024912109375,0.0,0.0,0.0,0.006358792167156934,0.1923262357711792,0.002542798244394362,7.494977398891933e-05,0.7642623543739319,0.02795482501387596,0.0059227496851235635,0.0005572873575147243,1.0,False
00:10:13,5c41c28e896e090001c03bb0,157.80916476100418,0.9087269639634059,0.5078618152160161,-17.05054786252285,-179.72127,169.42542,-15.44258,-17.24674,0.82036513,3.4387522000000006,2.2754195,-3.3771032999999995,2.1358066000000004,1.4882754999999999,-7.452049000000001,-12.471156,-38.943591999999995,29.549473,1.6920987,-6.1558814,-8.919275,-15.086196,-12.00714,0.8193165000000001,1.9737784999999999,-0.00024776296160401143,4.184792587846906,22.270145397579576,2108.806286140076,2072.351454909236,14.66918194278869,13.846154610608787,16.64596934345493,17.558310025399265,19.8801439988503,20.864880910258158,43.41387331165187,2.4109451e-05,3804.140625,0.0533447265625,0.0,1.0,1.0,0.03775128711842828,0.006108027730887342,0.0513982794752034,0.18665805187386766,0.3726171524160438,0.1085934481687016,0.2032544774313768,0.033619286382519126,0.0,True
00:10:14,59278c090220760001fda664,,0.7303664543181312,,-61.10363760265209,-482.94855,31.378483000000003,3.2330596000000003,1.8471562,-1.1237667,-4.0344430000000004,-5.6241374,-5.496810400000001,-4.093447,-2.286993,-0.88476,-0.29947868,21.221167,8.329554,-3.0576513,-9.752350999999999,-10.754107000000001,-7.349139999999999,-2.2315228,1.8469404999999999,0.42368555,-9.70117598608034e-07,0.016094642375025062,,3206.5822494477648,1551.2398188858185,15.671417650081008,8.008526472335111,10.730438468803968,20.796692615203487,15.122814617774255,14.747654292585368,18.62436222163888,0.00056769,1561.40625,0.02775390625,1.0,0.0,1.0,0.0051114697940647606,0.0071990902768448,0.000956383568700403,0.0015785550931468606,0.9740196466445924,0.003000717819668353,0.00665367825422436,0.0014803821803070607,1.0,False
00:10:14,5c41c28e896e090001c03bb0,162.68802173370702,0.9031121627170491,1.2309336114861722,-17.366366630506036,-228.82952999999998,162.5461,-16.884521,-16.776672,-2.074798,0.9077013,-3.7599913999999997,-8.753827000000001,0.8717878000000001,6.991053599999999,-4.023942,-13.638987,-27.068803999999997,35.625248,25.198006,4.7258973,7.668493300000001,-14.076335,-19.157442,-7.109371,2.0512488,-0.00017773493957030952,2.9713507418977123,19.294435406632648,1807.5530132403,1888.5133351855745,15.486576772556706,14.543732665316364,18.25712120367117,17.78583202755095,23.6753793363714,23.33182047875337,40.802357208696115,1.4119237e-05,3394.6875,0.0543603515625,0.0,1.0,0.0,0.07169584967195987,0.007519116462208332,0.12804145440459253,0.15440281513147056,0.20579970721155405,0.09404700715094803,0.31161668449640273,0.026877367147244514,0.0,True
00:10:15,59278c090220760001fda664,,0.7128722945191577,,-58.68860827484612,-476.5766,39.52567,4.497196,3.3983727,0.3002007,-2.9336102000000004,-4.8202305,-4.834919,-3.4203667999999996,-1.55672,-0.19603243,0.1467276,27.068192,11.194786,-2.9459019,-11.4476595,-13.017868,-9.110778,-2.897991,2.3225467,0.4696002,-1.3222863211475551e-06,0.021803143756500915,,2869.5712016074654,1373.716185802383,15.202718755100484,8.242787000320337,10.848359141359685,20.814833166038753,16.268766400943967,15.185598226205435,18.579603393581493,0.0003910704,1346.953125,0.02576171875,1.0,0.0,0.0,0.014718973846174776,0.0012004968011751769,0.0006592760852072388,0.01462347917840816,0.9503129720687866,0.0022130249184556306,0.006642897659912704,0.0096288658445701,1.0,False
00:10:15,5c41c28e896e090001c03bb0,133.8201873465431,0.7759522770700316,0.5981044704255051,-25.15327273292453,-287.79926,145.56195,-7.091817999999999,-1.5931891000000002,8.892538,0.96116024,-6.092182599999999,-3.3265127999999997,2.1887555,3.5716646,-7.225185400000001,-15.013460999999998,-21.556759,4.605457299999999,15.721891000000001,-4.572915,-2.6921659,-6.593443,-15.441460000000001,-8.477916,1.6967447,-0.00011570743724347792,1.9223042701717967,14.861267223451204,1729.772726658878,1701.439506342522,14.179859403851866,12.752096823748436,15.739497708315447,18.280743522014454,22.391643995194546,23.648627945900106,34.703609465108464,0.00024382821,3133.828125,0.0455615234375,0.0,0.0,0.0,0.1202752407301556,0.006611803218468346,0.07931538849053058,0.11705729297616264,0.08147349555722692,0.1878113113343716,0.3780239834026857,0.029431503414261068,0.0,True
00:10:16,59278c090220760001fda664,,0.6923084312871436,,-57.637128300102866,-471.39635999999996,45.428154,3.6866385999999998,2.252822,-0.20393272,-2.4029927000000004,-3.6494627,-3.9322805,-3.579639,-2.8322346,-1.7520533,-0.50824195,29.701813,10.9108515,-4.1177,-11.476028999999999,-11.279712,-6.5239115,-0.9318001,2.7976023999999997,0.4986325,-1.6297962543498496e-06,0.02682571453581128,,2712.1387549704973,1341.5614351071429,14.704478508806465,7.877481151777464,11.151172450716151,19.580354945414765,19.260281839103925,16.104981103874394,18.663137757329466,0.00039982775,1531.40625,0.0279296875,1.0,0.0,0.0,0.008588826365303249,0.0125304862158373,0.0045395210210699595,0.0028182115012896245,0.9575177431106568,0.004409625357948243,0.004563984891865403,0.005031630268786102,1.0,False
00:10:16,5c41c28e896e090001c03bb0,126.28880937254955,0.9088024341073028,0.8579412379646071,-72.53256442818785,-451.18155,137.52893,-3.4540732000000003,-10.992375,2.573193,4.4295306,-5.0113745000000005,-3.0492988,-1.0421754,-6.4615417,-7.042600599999999,-3.2907089999999997,11.026235,-2.7993297999999998,5.3581376,-2.5718236,1.1788481000000002,-4.5252857,-5.8640633,5.2527723,1.7361273999999998,-2.7605659321117346e-05,0.453197088998249,16.96013160024675,4610.264720957976,5222.344753441994,9.820790700542442,9.400952742918276,11.010212323759443,12.323288701081363,15.528050632636413,18.487438773185197,20.29486024826338,0.14452113,10103.806515957447,0.08472199135638298,1.0,0.0,0.0,0.013179915689397605,0.007414726307615638,0.0036221113987267017,0.01969457145314664,0.746666407585144,0.051364961406216034,0.15004841946065425,0.008008888433687389,0.0,True
00:10:17,59278c090220760001fda664,,0.7083338568560109,,-57.874537379199246,-472.00777999999997,45.068672,1.455959,-0.2634665,-2.6167479,-4.1608267,-4.271905,-3.2463577,-1.8872153999999999,-0.9137466000000001,-0.5848939999999999,-0.7285647,30.447965999999997,12.495131,-2.5561306,-10.702627,-11.506330499999999,-7.5059323000000004,-2.3774872000000005,0.97248834,0.4968326,-1.5345476383606682e-06,0.025252151698149344,,2685.7886376897727,1278.286142554625,14.164020402904926,8.473184396191233,11.067462036821137,18.393840959380885,17.907641747910127,15.385693866986523,18.74201050248644,0.000319444,1281.328125,0.0254345703125,1.0,0.0,0.0,0.0029824522556737066,0.009627235331572592,0.0018225124746095386,0.0013148655016266275,0.9798292875289916,0.0007923796190880239,0.0013804408474243244,0.002250872296281159,1.0,False
00:10:17,5c41c28e896e090001c03bb0,146.5532265884437,0.857111760916519,0.6844047781446498,-22.257236693768263,-254.2401,175.5842,-11.552399000000001,-15.681656,-0.62402844,2.7892153,-1.5955071,-0.6649114,-2.326737,-0.90367156,-2.1225495,-9.706168,-22.831298999999998,-0.795108,16.93714,-7.414452000000001,-4.351026999999999,-7.7166885999999995,-17.774673,-9.250086999999999,1.5670133999999998,-0.00015920703234482758,2.6247224619294944,13.765538177945555,1659.5674281553167,1489.8569458896286,17.334092408963496,13.662843718068766,17.30119633856701,16.821519007150336,19.360836270528253,21.007858305668066,34.989319357494715,0.00024262161,2684.0625,0.0345654296875,1.0,0.0,0.0,0.0056830062821973115,0.0024085664190351963,0.001402664149281918,0.010897522064624354,0.8402654975652695,0.008623505040304734,0.12787741096690294,0.002841834313585423,0.0,True
00:10:18,59278c090220760001fda664,,0.7612330658832624,,-60.61752043571089,-480.5671,34.595203000000005,2.9029176,1.8201817999999998,-0.79194355,-3.3344807999999997,-4.619185400000001,-4.34778,-3.0477693,-1.6090176,-0.74237573,-0.6598816999999999,24.003887,10.456103,-1.7064416,-9.164264,-10.789854,-7.7848177,-2.8224687999999998,1.3108429,0.44126993,-1.0580549880727337e-06,0.017509613484116462,,3095.125817138642,1469.6140127363485,15.588034868306856,8.237749171879505,10.003420051586275,20.235579383326236,15.404712253451494,15.187906999634215,18.58978696515748,0.0005031867,1429.453125,0.0269091796875,1.0,0.0,0.0,0.02496085371822119,0.07945643700659273,0.013644031621515751,0.0011075635673478243,0.8300964832305908,0.02755838059820235,0.02102234344929457,0.0021539059933274986,1.0,False
00:10:18,5c41c28e896e090001c03bb0,161.75957477476396,0.9467986324961228,1.8643112669518331,-19.27423603316367,-208.69261,165.38667,-7.3372564,-7.345289999999999,2.0440853,-2.5035887000000003,-2.0654979,-0.3527723,-0.1529558,-0.6659665,-2.9603398,-11.757933999999999,-48.827873,6.4845414,11.020315,-2.7757833,-7.0526957999999995,-8.181376,-13.231036999999999,-3.5394425000000003,2.018145,-0.00019907295680719487,3.3659106891965207,19.616406914823827,1777.383744534445,1950.247860381949,15.187502566700445,12.809297245526285,16.3951032396298,14.762489749202834,19.281656193940762,21.231418376935284,39.23184905286249,1.6591137000000002e-05,3365.15625,0.058603515625,1.0,1.0,0.0,0.04181375373154879,0.008317722543142734,0.031905836064834145,0.12820623167790474,0.11026703044772147,0.08714072620496154,0.5688449993729592,0.02350366546306759,0.0,True
00:10:19,59278c090220760001fda664,,0.7087348545797104,,-59.35794057339925,-476.91235,39.087433000000004,2.6963031,1.9806970000000002,-0.3186434,-2.9046842999999996,-4.707803,-5.182022,-4.351673,-2.6981752,-0.9465150999999999,0.21268924,26.800309999999996,11.3236065,-2.2469006,-10.279933,-11.842446,-8.559091,-3.3918366,0.87726057,0.47025427,-1.2628073196789352e-06,0.02084723074928324,,2935.945251713463,1401.455840978687,13.434705344572524,7.1964112656531825,10.641165701095684,19.974993824474467,15.293368775328142,15.495705277812858,18.620155856198092,0.00044387678,1372.96875,0.0275439453125,1.0,0.0,0.0,0.016530587337911132,0.07296982854604721,0.005123313749209046,0.0003386440279427916,0.8486546516418457,0.04885539636015892,0.006743530556559562,0.0007840163540095091,1.0,False
00:10:19,5c41c28e896e090001c03bb0,135.23255805969418,0.8284105124205957,1.4028191611736551,-29.489326830140918,-324.1147,165.75494,-11.11793,-19.621365,-7.149814999999999,2.8041709999999997,2.6932662,4.1015239999999995,5.063204,2.9106363999999996,-3.974079,-7.510674000000001,16.413632999999997,29.626406,26.827090999999996,-8.469628,-7.715859399999999,-10.308,-14.117289000000001,-4.7490726,1.5690628,-0.00010848056621403256,1.7890553696590672,18.12433978330325,1932.779625047281,1931.2281110091405,14.937541499003393,11.62885408664618,16.911827714536955,17.636962992935636,24.12522393618362,24.214299838351568,31.51311917018177,0.005938082,3524.0625,0.05302734375,0.0,1.0,0.0,0.01709374388447031,0.006891595281194896,0.0047743017501488795,0.02769014385994524,0.6922048971056938,0.0618054123595357,0.16518642930313945,0.024353491907822898,1.0,True
00:10:20,59278c090220760001fda664,,0.7225263396006113,,-59.11562186423188,-477.54382000000004,38.14452,2.8956107999999996,1.5828872,-1.4516109,-4.595003599999999,-6.582302,-6.8722715,-5.6338215,-3.4982321000000005,-1.2540833999999998,0.41033423,25.718569,10.061613000000001,-3.6278887,-11.58645,-12.802217,-8.963366,-3.2516724999999997,1.2746950000000001,0.46241063,-1.2531094144883905e-06,0.02068945458150275,,2925.4055575505913,1407.4279631859838,14.031894774413404,8.02891030140967,10.765506224958095,21.120767761535326,15.878112122817946,15.297409822571295,18.568803375947102,0.00040587698,1352.8125,0.0278369140625,0.0,0.0,0.0,0.004727946175262332,0.05186844915151596,0.0018237671756651255,0.00019465637160465119,0.9255075216293336,0.012508605141192676,0.00274443665985018,0.0006246472825296223,0.0,False
00:10:20,5c41c28e896e090001c03bb0,197.0849445478054,0.9612289060333524,1.8016151220759562,-27.358870699375284,-319.7402,123.69198999999999,-14.214613,-15.956285000000001,0.13603671,-2.5048072,-5.6779876,-0.6826018,1.6604994999999998,-0.023366375,-9.256974000000001,-13.137,-8.720642999999999,20.486432999999998,24.22168,11.158913,5.480591,-11.157428999999999,-7.998619000000001,1.4679153,1.6544435000000002,-9.81814452380822e-05,1.6366123805389523,13.218979613024946,1846.8968651306518,1643.1951873107919,12.477125803980325,14.018389814951815,18.7771185973125,20.330980333505156,22.931871233701205,25.4154542300357,35.21228594186903,3.3690714e-05,2965.3125,0.043330078125,1.0,0.0,0.0,0.08485557592939585,0.0038516392038824656,0.01901785284280777,0.041436217880497374,0.2713061111668746,0.07619210208455722,0.4981468891104062,0.005193622666411103,0.0,True
00:10:21,59278c090220760001fda664,97.20175108190136,0.7231534337311425,1.1997963101133775,-53.036200823797024,-465.98618,53.03901,2.777288,1.1474326000000001,-1.8441087999999999,-4.4310035999999995,-5.595471,-5.468957,-4.6960697,-3.6370404,-2.2721362000000003,-0.71540254,37.3986,18.928911,3.8261413999999996,-4.8996059999999995,-7.3713026,-5.4272800000000005,-1.5397326999999998,1.7894363000000002,0.5489903,-4.179409598082972e-06,0.06799189351932539,28.919791571789414,2568.4590866437184,1174.8071400527153,13.448103719264571,9.15152970878412,11.42035187576887,19.78254025971762,18.001971203393087,15.315348932923554,19.668844530772336,0.00028688202,1168.125,0.0215478515625,0.0,0.0,0.0,0.011091771069914104,0.04573451653122902,0.002501935895998031,0.0009758835702086797,0.8862083911895752,0.03974844356998801,0.01204193071462214,0.0016971179866231976,0.0,True
00:10:21,5c41c28e896e090001c03bb0,366.23321078823614,0.5835734273952413,10.141319531664085,-50.45476246825238,-391.3494,76.491005,-29.813387,-19.26285,12.838789,-1.3315024,-11.983355,6.698742,11.74422,4.908294000000001,-6.0619583,-10.862943,-65.48059,-18.143797,11.623426,-1.1011541,13.390135,-1.8310125,-14.553935000000001,-9.591855,1.3936731000000002,-2.1244512995137508e-05,0.3658774345739011,32.31771931704007,2895.1446582149097,3606.5437536753657,12.231841360167568,9.851650264039902,13.729399923020564,17.967890341538894,18.45150803459849,17.958310354460355,31.332858380891576,0.025367492999999998,6912.65625,0.1132470703125,1.0,0.0,0.0,0.010281184004270472,0.007596009469125421,0.005391782106016762,0.011885773536050692,0.6254328005015849,0.0375463766977191,0.2969767504837364,0.0048893433122430005,0.0,True
00:10:22,59278c090220760001fda664,111.06455432998713,0.6705402125396297,0.2671515169267169,-30.72211601753817,-306.7366,144.13166999999999,7.1001534,3.1382694,-4.0103326,3.7977877,-2.1847684,-8.850032,-1.6978029,-3.6394663,-10.662208,-3.3187468,-20.179344,-1.2800133999999999,25.09443,-9.290392,-14.965989000000002,-3.0700052,-13.995660999999998,-12.503229,1.1760978000000002,-0.0001372185678586158,2.2864638455430044,17.195554995364464,1993.9886907218192,1548.4728907902338,14.570505220849967,11.281712160367446,14.075586710741456,18.56195199307028,19.017851628799352,27.277313761969534,27.306922041276035,0.00015452104999999998,2396.71875,0.03857421875,0.0,0.0,0.0,0.014515009429305791,0.058288533240556724,0.001994049409404397,0.0004307800903916359,0.851377522945404,0.057221236079931265,0.0151328613050282,0.001040058839134872,0.0,True
00:10:22,5c41c28e896e090001c03bb0,,0.4713790675121328,,-98.27836908103241,-506.18207,8.817725,-6.0698924000000005,-3.0767791,1.2939678,-0.7865371,-2.3937144,1.7303369999999998,3.945585,2.0923218999999995,0.48621574,0.7654738,-7.3032699999999995,-3.039371,2.0791762,1.7851238,3.0315993,1.1822745000000001,-2.598028,-4.6053414,0.18100657,-1.9484362717097547e-07,0.003515557680249505,,6063.12271010018,6494.269457630717,10.66228889892026,8.13310689463787,9.655156546920221,10.80188337116695,11.87066676161638,11.42405513543246,14.679041833342461,0.501638,13614.882172131147,0.07217757428278689,0.0,0.0,0.0,0.01035490634967573,0.03981962294450828,0.0074935320174388045,0.00034414467830044614,0.8804032717432294,0.03103524875561042,0.029958190729043318,0.0005911016882497018,0.0,True
00:10:23,59278c090220760001fda664,132.42438076246108,0.7881629892416849,3.2214571186203766,-29.31203857402209,-314.44824,133.67995,-1.9146187,-1.3842871,-0.42031687,2.83645,-3.8981983999999996,-2.118305,5.906554,0.9570194,-7.176317999999999,-0.10721309,-0.13409108,18.519875,17.743073000000003,3.0729551,-1.7577266,-7.297781,-18.479591,-17.053171,1.6165048999999998,-8.856769374935928e-05,1.484006553122142,25.67865989916277,2367.6349604631296,2354.0974377632638,15.36099073747126,9.763831672996645,15.422955139625554,14.85561354647226,19.627880535985472,25.8248811024341,33.98515390939623,0.00042518682,4434.84375,0.0690576171875,1.0,0.0,0.0,0.014215755555778744,0.072682324051857,0.0028110733488574623,0.0008045709982980043,0.8382523894309998,0.058738130331039425,0.010929087921977044,0.0015666536521166563,0.0,True
00:10:23,5c41c28e896e090001c03bb0,,0.8340963388652001,,-107.3531194851749,-507.33987,,,,,,,,,,,,,,,,,,,,,-1.0782343383341999e-08,0.00022344513026818183,,6650.4469586922,6935.027684323157,9.249515618103237,8.887509273647357,9.006912765235587,9.984413912129769,10.225435747044381,10.48779566433358,11.599647585255802,0.7891093000000001,15366.40625,0.007681039663461537,0.0,0.0,0.0,0.007131656890528071,0.01550896859003438,0.0049898864882480755,0.0008345599473816238,0.9116521014107598,0.01647430125416981,0.04263345193531778,0.000775062487163167,0.0,False
00:10:24,59278c090220760001fda664,100.004389865903,0.6220342079855318,0.3133007040953883,-22.437874572769466,-274.9135,162.59824,0.5468769,1.3046744,-3.5542915,2.4854615,1.5237393,-1.9221514,2.0085328000000002,2.260137,-5.82566,-3.9208522000000006,-5.305487,12.916325,23.655722,2.5854914,-10.495198,-7.2211479999999995,-22.275852,-24.701736,1.5500883,-0.00011147958049436949,1.8581366849896648,15.475766412389357,1950.6255062210532,2301.0491596264073,15.807972399158563,10.654701167487598,16.946058959001565,16.156806717734348,21.347149095472396,28.382407490274957,33.29084303955773,0.00027546127,3983.671875,0.072431640625,1.0,0.0,0.0,0.013236443605273962,0.04395515099167824,0.0018189896130934359,0.0005157294042874127,0.8779060125350953,0.05377087779343128,0.007815764285624027,0.0009810379007831216,1.0,True
00:10:24,5c41c28e896e090001c03bb0,,0.7984167849550917,,-104.67569939396229,-507.22244000000006,2.3708887,2.1982502999999998,2.1625717,2.1238678,2.0822363,2.0377839,1.9906216,1.9408709,1.8886504000000002,1.8340968999999998,1.7773441000000003,2.3655484,2.3566627999999996,2.3442552000000005,2.3283572,2.3090102999999997,2.286263,2.2601757,2.230812,0.050338764,-3.7515354955860093e-08,0.0006797341411959076,,6282.985526703812,4855.32941770365,11.260152543278576,9.476412196280172,10.040276029847863,10.500124423577981,11.086169303535957,10.764540079716552,11.201636483075275,0.8040413000000001,11956.473214285714,0.008649553571428572,0.0,1.0,0.0,0.058245831727981576,0.029975469317287205,0.4145172905176878,0.012174094433430585,0.3072990819811821,0.07406164351850747,0.09494376499205827,0.00878283849451691,0.0,False
00:10:25,59278c090220760001fda664,276.6730547286186,0.9895250589498732,4.2199269614439014,-43.982404008595935,-409.6341,91.78645,-4.6513658,4.384683,7.586344,2.0840034,-3.0348222000000002,0.47746120000000003,0.85416526,-3.9453826000000003,-6.657932300000001,-3.0953422,24.257664000000002,-2.1917834,-6.849375200000001,-4.041447,-5.318435,-4.8886294,-6.145296,-10.590605,0.9458133,-1.7930498075199428e-05,0.2987837629398817,14.645738657087806,2159.8385296214146,1717.762957909276,13.623855547578064,8.715136024197898,12.550139141358907,16.880592270207902,20.66030114673203,20.04565596593713,24.87968839183325,0.00032973103,2486.953125,0.04998046875,1.0,0.0,0.0,0.022820616699755197,0.049730075150728234,0.001898045022971928,0.0008507035556249321,0.8538963079452515,0.0636151447892189,0.005938818864524365,0.0012503128382377324,0.0,True
00:10:25,5c41c28e896e090001c03bb0,169.18569786626978,0.9684228931293772,0.4149082995425461,-91.80605074753021,-487.09073,70.378075,-2.4613509999999996,-0.35031793,2.649009,-0.24372998,1.6227121,6.7148185,3.6687597999999997,0.0069242474,1.447608,-0.6991558000000001,4.754877,1.8817275000000002,-0.14549558,2.7179314999999997,10.548739999999999,0.47157089999999996,-9.5436535,-5.188404599999999,1.9376391,-2.0884867650226465e-05,0.3448486536074769,20.92280125555088,5560.0346422257535,4837.473585219876,12.013863182195768,9.44510278296442,10.409118874866666,11.082608576913657,13.430079417153143,12.100824148393185,14.534684966278338,0.52730924,11096.9929245283,0.015236367984693876,0.0,0.0,0.0,0.04136645705015822,0.022705606946891003,0.2140477073632858,0.01863748744257133,0.5761863372542642,0.05363590642809868,0.06036873043260791,0.013051778755404732,0.0,True
00:10:26,59278c090220760001fda664,,0.7406317634756854,,-61.664727625836534,-485.38184,28.906143,-0.16998987,0.29972348,-0.84986854,-2.734985,-4.2952995000000005,-4.763757,-3.9349816,-2.1646004,-0.14994141,1.3831288,21.147854000000002,10.832469999999999,0.8606147,-6.312365,-9.460823,-8.845028999999998,-5.889882599999999,-2.4761517000000004,0.37901554,-9.102181786455287e-07,0.015076719064405868,,3320.0190632799513,1547.0968739488965,14.522248479159039,8.468489049664386,11.166326348098282,20.97031407229261,15.746973624030893,14.41772050367182,17.86176532295372,0.00059591414,1615.078125,0.0245263671875,1.0,0.0,0.0,0.07404628209769726,0.08837163001298905,0.008707368187606335,0.0018829409324098375,0.7603976249694824,0.0441096305847168,0.02111564720980823,0.0013688902487047016,0.0,False
00:10:26,5c41c28e896e090001c03bb0,222.2721744205012,0.9203568035370228,3.9058218733117087,-16.720282867584146,-167.82016000000002,153.58087,-15.692126000000002,-8.639515,4.813275,-6.111116,-1.0205228000000002,-2.7558078999999998,1.1946752,2.0257452000000002,0.065653056,-10.996459,-57.465866000000005,29.928804,6.6005383,3.3058667,-10.633266,-22.000345000000003,-23.114159,-1.9483496999999999,1.8918824,-0.00025869261834572384,4.439891310153345,19.899445459118592,2276.5073225520373,2406.5200157636755,13.034834752565205,10.586985864530671,15.866527902966814,15.477983875737136,20.767476056289368,21.42418261062276,45.86234378498615,2.3475542999999997e-05,4369.921875,0.0591455078125,0.0,0.0,0.0,0.010652281537962455,0.007945298095971035,0.00801272169014232,0.14719117719990513,0.7063623966856135,0.030425018579181694,0.04763048090454605,0.041780630074855364,0.0,True
00:10:27,59278c090220760001fda664,,0.7361087375390017,,-61.571200287571656,-484.62234000000007,29.48365,1.0083585,1.4403821,0.47567594,-0.97139037,-2.0885422,-2.4819975,-2.2172637,-1.6510628,-1.190059,-1.098626,20.506045999999998,8.903522,-1.7566606,-8.701971,-10.876642,-9.046983,-5.1551394,-1.3217193999999999,0.40158337,-9.427389167693756e-07,0.015632703071300533,,3285.150707290132,1589.6104517863787,14.664927633067167,7.896219384185616,10.717460850720846,19.893491218907602,15.349360096413053,15.034121500537012,18.384841862398847,0.0006470568,1745.859375,0.027294921875,1.0,0.0,0.0,0.01224600188434124,0.042201245948672285,0.0018420970998704433,0.0005097952496726065,0.9121423959732056,0.02446996904909611,0.005511866183951497,0.0010766407940536735,0.0,False
00:10:27,5c41c28e896e090001c03bb0,272.0084010232369,0.95178214838611,4.119877446614227,-43.229826081598254,-327.94962000000004,102.57566,-10.275169,-28.088787,-17.103765,-5.340395,2.0931423,-5.954004,-10.204516,0.018866213,6.008359,-13.433406,-40.455771999999996,41.97142,24.344448,-2.2990754,-22.40219,-23.14376,-24.259638,1.3185332,1.6529851000000002,-0.00011650284753487176,2.0157050208485514,23.10371754360091,3438.203924107389,3509.157096730517,9.6903221358203,12.91639896333607,14.93579892559366,15.840124875612945,21.49631268976395,19.88097635582859,33.53307440761807,0.026444102,6936.5625,0.07419921875,0.0,0.0,1.0,0.009435536025557668,0.0035728814589674586,0.002179822155449074,0.08601493133464827,0.7525703907012941,0.03959169159352314,0.100847911182791,0.0057868534582667065,1.0,True
00:10:28,59278c090220760001fda664,407.34226789075683,0.9104699576205264,4.293724996784598,-42.86195464316003,-395.0611,102.48084,5.802783,5.764255,-2.7991194999999998,-5.9795694,-5.4289464999999995,-4.6808424,-3.4241669999999997,-4.4913607,-4.1068807000000005,2.6968791000000003,14.364564000000001,-8.320905,1.4496348999999997,-4.035659,-9.0001,-7.172021000000001,-9.526699,-5.3982105,0.9370678,-2.623934280494829e-05,0.4373460627080955,28.488708179913374,1899.9984439808627,1381.7300928821505,12.074311473267189,7.976720657799976,11.513177290134836,17.388208292195674,21.018988576160236,20.446917027719934,23.57013012603911,0.00011301367,1939.453125,0.0377978515625,0.0,0.0,0.0,0.006649180175736546,0.1314220741391182,0.0015584692475385964,0.0001361649556201883,0.8106707215309144,0.04420531392097473,0.00471937118563801,0.0006387465808074921,1.0,True
00:10:28,5c41c28e896e090001c03bb0,440.05633023624495,0.3998340241174034,19.42228554135041,-63.52697904320175,-406.29272000000003,71.76939,-5.711423,-2.2485173,2.6150439999999997,-2.633502,5.0277267,2.9729612000000003,-4.7388873,3.5343489999999997,-1.5733916000000001,-6.667289299999999,-58.21893299999999,4.4565095999999995,13.086286999999999,-17.0772,2.0396323,-13.0125,-25.56635,-6.237322,1.2922453999999999,-5.0871990125690334e-05,0.8924226384136068,24.20533890869213,3768.0042122104333,3795.217488606276,12.928263375337595,11.42389170635942,11.3462932804835,12.482573444409162,13.906408151871286,15.124605755695528,25.30204779566282,0.24452326,7034.638554216866,0.06634990985576923,0.0,1.0,1.0,0.012692502513527873,0.009888975555077196,0.003522228391375393,0.002274750446667895,0.8982963383197784,0.028543565957807007,0.04317425023764372,0.001607360425987281,0.0,False
00:10:29,59278c090220760001fda664,,0.7439567116747242,,-56.23133471651854,-468.97964,49.243297999999996,3.8846807,1.6126333000000002,-1.7095794999999998,-4.223999,-4.981749,-4.1355977,-2.5127232000000004,-0.9869817,-0.061472695,0.17859489,34.208484999999996,15.410501000000002,-0.80061996,-9.985939,-11.207786,-6.8277087,-0.83612096,3.2591028,0.5272766,-1.7040650292416731e-06,0.027965560267922743,,2505.0030053677424,1133.0306963404082,13.425352766906915,8.580794653375664,11.149679917754717,20.328961635062047,17.500920219467336,15.273334714551888,18.32151152334021,0.00020034526999999997,1116.328125,0.02439453125,0.0,0.0,0.0,0.02077956730499864,0.1269734926521778,0.0061623637564480315,0.0008405904227402061,0.7240623712539673,0.10867024585604668,0.009587619500234724,0.002923750609625131,1.0,True
00:10:29,5c41c28e896e090001c03bb0,193.5087948126975,0.8036496462891831,0.7540422380386741,-42.31005226305396,-401.69647000000003,76.71176,-2.1293297000000004,6.655745,7.829698599999999,2.1885662,-0.6012623,2.5373203999999996,5.683606,4.7219999999999995,-3.7868834000000002,-8.112372,-27.496073,-20.799051000000002,12.833219999999999,3.5750182,-14.508951999999999,-26.188944,-29.974771,-17.797707,1.0360224,-2.353953020930353e-05,0.38915966352593456,15.651442631509232,1699.754473653668,2135.5886182827035,11.487666298882413,9.346079478320133,16.492756260726825,21.269351671198805,19.761730525759802,29.466248184912146,23.44501703829273,0.0014835496,3247.734375,0.07802734375,0.0,0.0,0.0,0.007052270974963903,0.004567069257609546,0.001524797550518997,0.004917587479576468,0.9220448791980744,0.010752191324718295,0.04439116371795535,0.004750057635828853,0.0,True
00:10:30,59278c090220760001fda664,130.55992672575414,0.8089619998103449,3.0783879280759265,-48.82047997458914,-428.51144000000005,68.986946,1.8044904,1.0169392,-1.9255159,-4.2525830000000004,-5.924723,0.47863320000000004,1.106846,-3.614696,-5.7786684,-3.0149772,24.517220000000002,10.477496,-2.8583672000000004,0.6777523,-9.746166,-17.232368,-7.431261500000001,-3.1116387999999997,0.9526398000000001,-2.949567145311557e-05,0.4906472270314143,31.14454831048955,2916.4372605957697,2511.988116845661,13.4313742818729,9.120059222554644,12.290626905626288,16.207425165862787,18.90823095841846,19.901660855118283,27.89500270305164,0.0008259027999999999,4204.6875,0.07380859375,1.0,0.0,0.0,0.013223194144666195,0.11494583860039713,0.0023780450690537693,0.00019710948981810358,0.8026260375976563,0.06142646744847297,0.004447588417679072,0.000755688117351383,1.0,True
00:10:30,5c41c28e896e090001c03bb0,191.43105109971438,0.8731799195717646,6.6121921157714665,-33.666711088239516,-329.61947999999995,155.64471,-9.835053,-10.04594,2.427873,0.016677521,-6.257198000000001,1.9505994,5.0740989999999995,-2.0888822,-5.6480455,-2.981532,9.164108,-1.3539141000000001,-6.9452834,-21.609560000000002,-4.432647,-6.756117999999999,-17.184296,-8.626911,1.2046149,-0.00010071790890810936,1.6481483895079367,13.4671583044007,2061.287315838983,1774.374618258089,13.589876760112428,10.645278995437462,12.880957755240074,17.864654367348113,18.199511645634608,23.5341271566438,29.615773850912934,0.005471251,3299.53125,0.04455078125,1.0,0.0,0.0,0.035916898108553134,0.003906239691423252,0.08557297670049592,0.08926829469855875,0.2661307448754087,0.0466432536020875,0.4461152867414057,0.02644629189744592,0.0,True
00:10:31,59278c090220760001fda664,114.82885641657408,0.7874185233631384,0.4132115196436862,-45.815057667294454,-433.22362999999996,87.77513,2.8376877,-0.086364605,-1.7467659,-2.071516,-2.2338068,-2.8978283,-3.4152517,-2.702702,-0.89511126,0.5235022,48.08664,12.595746,-4.786887,-7.642878,-4.479118,0.13583583,3.9654682,4.9316535,0.8177186,-7.619697291574939e-06,0.12417518114128152,25.973438936391506,1903.39568958453,993.1027312215336,13.281153016777036,9.127140670155622,12.362906087584765,16.818596631907507,20.526034873111147,17.43809388743928,21.779443998677355,9.292151e-05,1301.484375,0.0225830078125,1.0,0.0,0.0,0.011728397384285928,0.12614902555942534,0.00260216046590358,0.00017177259433083235,0.7937212347984314,0.05932328328490258,0.00569825633428991,0.0006058293685782701,1.0,True
00:10:31,5c41c28e896e090001c03bb0,,0.6398696183657507,,-82.82959474731179,-502.6684,10.401514,-0.18424809,-0.2725318,0.114521176,0.52712923,0.7424941999999999,1.1673671,1.2359813,-0.21013801,-1.1860511,0.7103703,-5.0582705,-8.759921,-4.210401999999999,-2.22207,-2.433168,-0.9388042999999999,0.6426953000000001,0.47847193,0.49719334,-3.643714417434196e-07,0.006291713185423804,,5370.5614943451565,5248.863455653583,9.658945031602425,7.990091771974933,13.437964075435564,17.35125607162673,20.30209377047665,21.51090317194504,14.154937545761536,0.08316817,10818.515625,0.07069227430555555,1.0,0.0,0.0,0.05338298258456317,0.006598398221699013,0.07223739559677514,0.06789084032855251,0.01759959052486176,0.1201696868308566,0.6426491222598336,0.01947198149917478,0.0,False
00:10:32,59278c090220760001fda664,,0.69991523665463,,-54.00075348833654,-458.99425999999994,60.321335,2.8763394,1.0517315,-1.1610173000000001,-3.0580043999999997,-4.1792994,-4.211991,-3.260767,-1.7979141,-0.25093842,1.0578508,38.555820000000004,14.158469,-3.6389989999999997,-11.156979,-10.075569,-4.751250700000001,0.47743209999999997,3.0867667,0.57875717,-2.4291602359334814e-06,0.03987849680065557,,2269.9598680030044,1109.9790237572715,12.989505798376195,8.157285022905327,11.29057903701035,18.43351174874168,19.718284992139374,16.644885006400788,19.077995935402146,0.0001530817,1266.5625,0.0253662109375,0.0,0.0,0.0,0.014040144905447959,0.2033567577600479,0.003056249814108014,0.00021885295282118026,0.709712290763855,0.06182430610060693,0.006998433312401175,0.0007929516083095223,0.0,False
00:10:32,5c41c28e896e090001c03bb0,231.99100400431232,0.5416082050052888,0.6155464845442572,-61.167666767217725,-397.83272999999997,105.5776,-12.525824,-8.896158999999999,1.920706,-0.41488585,-4.365403700000001,2.021231,-2.1049707000000004,-2.7904887,0.77497554,-6.3341737,-39.55846,12.0909195,-2.554569,-9.250335,8.940029,-18.953762,-24.125914,-10.843446,2.2852897999999997,-5.9576200551209435e-05,1.012608017186164,16.10302203279506,3545.729959564532,4301.51843135538,9.910892750563999,10.395092581364047,13.679154754384182,14.656077891162358,16.016577999702413,15.908391100949324,27.34923535402868,0.22889295,8168.247767857143,0.07759602864583333,0.0,0.0,0.0,0.12041038191980785,0.05143752694129944,0.024271006592445903,0.0065733021927169635,0.09837737803657848,0.44346167975001866,0.248325833843814,0.007142866237295998,0.0,True
00:10:33,59278c090220760001fda664,,0.7367330159065337,,-60.67036743069686,-484.02682000000004,30.486189000000003,2.2978110000000003,3.4519013999999997,2.365621,-0.07796205,-2.6743857999999996,-4.4333653,-4.9179044,-4.2855525000000005,-3.076956,-1.8954561999999997,21.841778,10.405018,-0.54412895,-8.238342,-11.28984,-9.969555999999999,-5.868691,-1.1481912,0.39928013,-1.0212875434535754e-06,0.01689975365548166,,3246.0060647349273,1545.0888594403605,14.225740222569616,8.446150703631757,11.32041113004458,20.171027654920703,16.379618169027992,15.122140711382112,18.013121039551066,0.00062096183,1666.640625,0.0263232421875,0.0,0.0,0.0,0.01453156694769859,0.1350513368844986,0.005130215454846621,0.00045253261341713367,0.7788183450698852,0.05772786512970925,0.006412179023027421,0.0018760045757517214,0.0,True
00:10:33,5c41c28e896e090001c03bb0,178.5678083838085,0.9700795471039888,1.7664158065217819,-43.864841474849044,-337.22864,132.59348,-4.376164,-14.242145,-1.1401069,1.6326393999999997,-4.374033,-0.07399165,-0.37544388,-2.0799308,-1.7652619999999999,-7.238872,-23.805338,12.637848,12.533581,1.6731488,6.2447248,-8.19867,-21.149263,-5.8705425,1.3061502,-0.00010288505097521734,1.716072258043658,17.05746740674432,3157.082122669395,3306.677298073749,14.08005989686082,12.34919860917548,14.150628288659945,14.367326866754391,17.995509062133312,23.811597657437478,28.75149368804493,0.03195101,6090.0,0.0838720703125,1.0,0.0,0.0,0.08288538940250874,0.012437641163705849,0.058901714440435175,0.09052728263195604,0.025655410492618103,0.19464884661138054,0.513499277830124,0.02144443867728114,0.0,True
00:10:34,59278c090220760001fda664,121.58227004689935,0.7042268477656085,0.36260026797738104,-37.84973390380391,-372.03552,116.629425,-0.043988917,7.261070299999999,4.877643,0.7857662,-7.796867999999999,-7.884636,-0.639718,-5.131337599999999,-7.906225999999999,-0.7432181999999999,18.266272,4.5881753,5.656011,-4.697285,-3.7018468,-2.5489438,-9.521664999999999,-11.449892,0.9929939,-8.016736604913182e-05,1.321360346717454,10.331526326518649,1918.2402225483124,1134.0216510475327,16.154173464194336,10.91074749437238,12.738606166794886,18.48001683308793,24.473228397703576,20.58109872513221,23.87267722539859,7.716935e-05,1551.09375,0.02876953125,0.0,0.0,0.0,0.02836756631731987,0.2153109699487686,0.004485800256952643,0.00043254123884253206,0.6352055907249451,0.10613760203123092,0.0085906813852489,0.0014692644588649272,0.0,True
00:10:34,5c41c28e896e090001c03bb0,,0.8015989814238926,,-107.7645341141577,-507.33987,,,,,,,,,,,,,,,,,,,,,-6.912596720631357e-09,0.00015672070893562112,,6470.152003991546,7683.6688864821335,9.09208027210928,9.060836084258847,8.918676174686093,9.357986524901523,9.99537857129536,10.296480480310095,11.87517758108401,0.7843812,15776.88419117647,0.006946194556451613,1.0,0.0,0.0,0.04291811119765043,0.00843371406881488,0.015812435012776405,0.03699887346010655,0.01942273041458975,0.0724508133425843,0.8026888817548752,0.0012744253108394332,0.0,False
00:10:35,59278c090220760001fda664,112.77425498044244,0.8764523793182825,1.0105283435094763,-33.41059793885245,-344.5645,112.41276599999999,-3.8029864,-2.1489727000000003,-2.5259628,-1.5608413,-4.0776362,-6.3644989999999995,-3.4473282999999997,0.17930095,-1.5936043,-3.6423385,4.257453,27.556046000000002,32.306175,7.693541000000001,-11.743492,-0.066357225,4.031317,-6.456086,1.2552214,-5.187342855552426e-05,0.8762066802538222,17.917542178680318,2247.1156763772115,2056.4229934958985,15.230812127170205,10.423025481218103,13.661770784090619,14.905303340344734,20.353463825704612,23.37488148685145,30.746090136680603,0.00020512253000000002,3608.671875,0.05771484375,1.0,0.0,0.0,0.03574065361171961,0.0845551022561267,0.004078409541398286,0.03898196451627882,0.7389729142189025,0.062330959364771836,0.020720884390175345,0.014619139046408238,1.0,True
00:10:35,5c41c28e896e090001c03bb0,,0.6980855206566458,,-95.6006094602712,-485.73375999999996,82.405426,-11.672496,0.7342414,0.23916656,-13.293551,-4.2059489999999995,9.949757,0.8263780999999999,-5.5973063,-5.497247,-9.838401,-23.432354,8.475916999999999,22.079033,1.9687201,1.3127936000000002,6.5217852999999995,5.30807,-6.184702,3.4367487,-2.607479616170758e-05,0.4375226112105465,,4454.501132448177,5711.1659153926175,10.18596259324044,9.911813059223439,10.311626188836359,10.741641971638167,12.52637082923285,12.509253252489364,14.762256387969382,0.73082775,10730.92830882353,0.06355054450757576,0.0,0.0,0.0,0.02351624513976276,0.04957354813814163,0.0039688531076535576,0.007151389820501208,0.4766302525997162,0.19757295176386835,0.2366648159921169,0.004921965533867478,0.0,True
00:10:36,59278c090220760001fda664,,0.7249148826170425,,-60.99598340125633,-483.12800000000004,31.317064000000002,1.804081,0.12187142,-2.5139758999999997,-4.65782,-5.380903,-4.62967,-2.939179,-0.9330409,0.886352,2.0397112,21.834124,10.167598,0.22921237,-5.4989,-6.615988300000001,-4.424747,-1.0608932,1.4209377,0.39276072,-1.1211083848848694e-06,0.018496217412313182,,3254.2850250841243,1607.2485123343495,14.517987263369474,9.06027644900769,11.679255403577852,20.32842242656838,17.885817115743325,15.565285783255165,16.69825858363414,0.0010406008,2282.34375,0.0250732421875,0.0,1.0,0.0,0.06081273509189487,0.029051828087540345,0.013463881227653471,0.15359759778948498,0.6158611238002777,0.019161377986893057,0.08091160282492638,0.02713989093899727,1.0,True
00:10:36,5c41c28e896e090001c03bb0,204.35329048155398,0.959380236697972,1.100180310208391,-57.95179931482989,-405.66614,108.95482,-8.917447,-5.987677,-2.353641,-8.110469,-6.3462677,-1.3483268999999998,-2.333837,-0.5989033,-0.33291024,-8.53248,5.597919999999999,5.848749,-6.785014599999999,-11.8358555,-8.15898,-4.512742,-5.1735153,-6.3940697,0.9185015,-6.918757340028441e-05,1.1451877510225041,28.22764469566702,4128.932364386424,3581.0831264436906,13.142820625924356,11.833293542214838,12.482048474640354,17.050815885383205,15.608613406626437,17.31776114423284,23.241491052734265,0.05499542,7312.03125,0.033815967793367346,1.0,0.0,1.0,0.09453911390155552,0.04432065022410825,0.018240808369591837,0.0668259953847155,0.13585740458220244,0.3572714425623417,0.26153793931007385,0.021406640112400056,0.0,True
00:10:37,59278c090220760001fda664,120.71490914064674,0.5196294642680213,2.68803673709706,-23.9962462664848,-280.21454,150.50247,0.21356808,0.41219246,-0.4607156,-2.4355947999999996,-5.73545,0.16272399,4.140825,-0.24193941,-5.3536487,-5.525945,-8.016993,17.882273,27.969571999999996,11.756482,-12.404269000000001,-15.642176000000001,-17.792294000000002,-14.641960000000001,1.8006511000000003,-0.00010844922296279852,1.8139107411791904,34.26583122312165,2100.544981012369,2258.74363822289,13.842562237344751,8.823925876191982,15.574398449409404,15.621272075023935,20.85258488840505,24.453454073626162,34.45850397920758,0.00015320028,3831.09375,0.0727587890625,1.0,0.0,0.0,0.0037968199001625178,0.08653972814790904,0.0026419985981192442,0.0007200016400020103,0.8941120743751526,0.0071565754711627955,0.0033527089632116253,0.0016800842000520787,1.0,True
00:10:37,5c41c28e896e090001c03bb0,,0.9616521422832354,,-99.28877425994644,-507.24747,1.2666296000000001,-0.46872818,-0.65845424,-0.81197435,-0.9528603999999999,-1.0888256,-1.2003201000000001,-1.2540445,-1.2297766,-1.1372725000000001,-1.0085894,1.1614412,1.0245814,0.8807152,0.7280023,0.5445446,0.313305,0.04362509,-0.22961135,0.009223819,-2.3272659248894338e-08,0.0004910820404115842,,6726.7474286931265,7353.333237078677,9.07148079319436,10.938277733879204,9.080883357803279,13.858428140078702,12.147676418122137,11.648907128614367,13.760609624738114,0.42801583,15988.058035714286,0.027903837316176468,1.0,1.0,1.0,0.11257203808054328,0.01594688965997193,0.0274141087429598,0.0336067444877699,0.18105073645710945,0.2930999435484409,0.3238682057708502,0.012441327446140349,0.0,False
00:10:38,59278c090220760001fda664,246.95146524727767,0.5740864638644394,5.8539856679076365,-31.583590513997546,-331.31300000000005,124.74436999999999,-5.659582,-7.6079082,-1.4607568000000002,3.2123618,-2.1765282000000004,-0.8546615,2.4214146,0.4818635,-0.70883054,-0.2228759,0.40089357,20.628942000000002,29.085127000000004,1.2520745,-17.979063,-12.866987,-10.673795,-10.332294000000001,1.3348069,-7.03850633399662e-05,1.1815471999824094,18.921334341348718,2137.430932184818,2236.9913976036974,13.434309684740159,9.659062134392999,15.818289537907395,14.728425391580947,17.749629170172344,24.79593840496709,30.707818553848853,0.00038497423999999997,3958.828125,0.070537109375,1.0,0.0,0.0,0.013122031232342124,0.01126602804288268,0.003483694652095437,0.009854270901996642,0.9191421031951904,0.010199642833322286,0.019222389592323454,0.013709810562431812,1.0,True
00:10:38,5c41c28e896e090001c03bb0,,0.9912064103980815,,-108.02214891418043,-507.33987,,,,,,,,,,,,,,,,,,,,,-9.576678981785697e-09,0.00021069871564738277,,6587.448760696651,8049.161653445935,9.38966278787009,9.172855069096787,10.122110203009703,10.357547881486461,10.480647790401452,10.142698521919536,10.6105352604202,0.88125795,16322.544642857143,0.0096923828125,0.0,0.0,1.0,0.01501084538176656,0.03247398712361852,0.002944492075281839,0.001686038009615408,0.7609391676055061,0.10579365863102592,0.07578806136734784,0.005363737038957575,0.0,False
00:10:39,59278c090220760001fda664,,0.7319353100732661,,-58.88459303735301,-475.91927999999996,39.66315,1.6796186999999998,0.3291659,-2.1452397999999997,-4.2705564,-5.148636,-4.7832537,-3.7184448,-2.3837544999999998,-1.0095118,0.067250945,25.70416,9.258035000000001,-3.8256724,-10.463969,-10.888521,-7.411021000000001,-2.79291,0.6719301,0.47324774,-1.3824274746128955e-06,0.022828595778098305,,2908.028059460053,1437.3585265829606,15.103195817905009,8.004047826935299,11.038789824736789,19.70380699801352,17.973240169848953,15.759881279138297,18.686863965272906,0.0004406102,1567.734375,0.0278369140625,0.0,0.0,0.0,0.001561712846159935,0.02318743020296097,0.0009159829380223527,0.00015154033153521598,0.965398371219635,0.0033880623523145914,0.0049285504035651686,0.00046830467981635594,1.0,False
00:10:39,5c41c28e896e090001c03bb0,148.2590114633027,0.6678865024875779,0.3958416837224018,-47.01160772785006,-343.8439,134.90952,-5.0855455,2.8090625,5.010872,-5.2641706,-5.351672,-1.0403562,-5.2446345999999995,-0.26665935,-2.2449157000000004,-15.379228,-20.683224,9.7953005,6.4106855000000005,-0.12643823,-4.187425,-11.244588,-10.062975,-8.294687,1.3120435,-0.0001241404978775693,2.0721627410391714,15.469026072972214,3083.299902542425,2682.626905866947,15.01444048284928,13.309816460951447,14.330882875474703,15.814370413685408,19.78583238864934,18.529654797678358,29.753017326890163,0.10619088,5080.271291208791,0.057499141483516474,0.0,0.0,0.0,0.0031635983743601376,0.009161477287610372,0.0020487199750884124,0.0008476909036592891,0.9660120606422424,0.006941625020570225,0.009942370001226664,0.0018824669144426784,0.0,True
00:10:40,59278c090220760001fda664,,0.5886709430362457,,-55.83012526370732,-462.8236,50.845734,3.08409,2.4192560000000003,-0.18974052,-2.1815066,-2.6519828,-2.7542408,-3.074865,-2.9330246,-2.2705123,-0.8801181999999999,27.882061,11.42477,-1.9513759999999998,-11.454787,-10.811287,-5.069635,-1.3421148,1.163753,0.66137594,-2.555844287580529e-06,0.04302429096665522,,2560.01320446848,1530.7816657941269,12.929037271676398,8.900638226645697,10.799084119094028,17.577235812023986,17.482860615116135,16.119915329855854,20.722694234096394,0.00046823794,2243.671875,0.0361279296875,0.0,0.0,0.0,0.001467906916514039,0.018135007098317148,0.00022704694420099257,2.75107187917456e-05,0.9752540707588196,0.0033953400794416665,0.0014461250160820785,4.697777476394549e-05,1.0,True
00:10:40,5c41c28e896e090001c03bb0,127.78456513106016,0.48883871469196,1.9822748296136048,-39.59853535060506,-365.772,115.61656,-3.5556064,1.0612065,5.195944,-3.461732,-4.3548093,1.1031277,0.29377413,-2.0013268,-8.564136,-10.894014,1.344288,-1.8237517,12.685619,7.710864999999999,7.083514,-6.4040870000000005,-13.215548000000002,-4.6220803,1.054322,-6.295700620705812e-05,1.0350172882801807,10.432389225466826,2267.39052046333,1696.3405944738877,17.22848569858581,12.293831224570365,13.558942760005662,17.11995806002624,23.320631018011785,18.161903162590107,28.26575937092824,0.0010106417,3104.765625,0.0365087890625,1.0,0.0,0.0,0.004383357785021265,0.008945855674230391,0.0024016303682906763,0.0031251353470401638,0.8900799353917441,0.012464009380588928,0.07554772651443879,0.0030523621632407107,0.0,True
00:10:41,59278c090220760001fda664,122.45440885519605,0.8530386952560243,7.166209998813268,-49.35061148416147,-445.32388,74.38977,3.113554,1.6238768,-0.57099533,-2.4699311,-3.4401546,-3.6146050000000005,-3.548949,-3.4024997000000003,-2.7255845,-1.2190807,41.755615,10.13279,-7.284258400000001,-10.530018,-6.798527,-2.0668693,1.3793728,3.1226112999999995,0.7114503000000001,-4.538070090396996e-06,0.07422634574186897,4.933004690402887,2041.8974212501487,1099.0298557427054,12.221949948302056,8.529108507495867,11.17287748214688,17.91216374785913,19.702750965231512,16.668526378817855,21.554927427080525,0.00013010975,1411.40625,0.0259619140625,1.0,0.0,0.0,0.00828163349069655,0.0063244760502129795,0.0009364010387798773,0.0037319516064599156,0.9488150000572204,0.004796233051456511,0.026104023144580425,0.0010102547705173493,1.0,False
00:10:41,5c41c28e896e090001c03bb0,213.1348051222611,0.8398474506947399,3.0715629001879843,-33.70748489057045,-311.3618,124.453865,-3.7126133,-2.2936018,5.0570035,-5.371635400000001,0.28995967,8.724248,1.3482722,3.137165,1.1627898,-10.31836,-29.766989000000002,5.6219616,11.837907000000001,-5.7246184,11.904241,-1.540332,-4.012009,9.148922,1.5630841,-5.6202865310074206e-05,0.948944128066782,17.763352831348232,1878.4713261245054,2173.253027198713,14.197942333810213,12.538160601398811,14.1613986775735,15.003562602894759,18.141721342714703,19.31461012993236,36.99335944191995,4.3131320000000006e-05,3961.875,0.0740673828125,1.0,1.0,1.0,0.012003309209831059,0.0067542273784056295,0.00522995424689725,0.05877200299873949,0.580085051804781,0.024854689743369816,0.2975507140159607,0.014750061789527537,0.0,True
00:10:42,59278c090220760001fda664,241.89363741939948,0.8130027479970907,7.011652042880305,-52.79109088890237,-456.26254000000006,58.906437,6.1649519999999995,3.0069605999999998,-3.6077526,-7.209619,-5.827768,-2.6766741,-0.97540575,-0.6099114999999999,0.03397299,1.1206914,28.772253000000003,4.9841595000000005,-2.9308586,-2.7483619999999997,-4.108021,-6.470539,-4.2033644,2.3219127999999998,0.66049457,-5.900206044785806e-06,0.09694947576424832,18.340285071604946,2587.286780008369,1494.2655855270716,12.879513068900485,8.417409745231833,10.84706578714809,17.920924808676414,19.266984831857854,15.91239200099815,21.97425229708801,0.00044953017,2118.515625,0.0321435546875,1.0,1.0,0.0,0.007743681129068136,0.018816541787236928,0.0011222267814446241,0.0019168702914612366,0.9346807241439821,0.01898261923342943,0.015301653789356353,0.001435646740719676,1.0,True
00:10:42,5c41c28e896e090001c03bb0,194.2738996547292,0.9218659824288,3.98482177329877,-30.969848747554327,-309.8248,147.7905,-21.174173,2.784665,10.652523,-12.311186,-7.553404,3.9901564,-2.8332212,-2.6689909,-1.965068,-7.365207000000001,-1.8824657,-0.3558828,-13.304114000000002,-7.742779,5.329465,-15.539273000000001,-3.2306654,-3.1929567000000003,1.4859126,-8.175381661713145e-05,1.3884963567040125,11.73789535472825,1929.6105798959686,2144.2622608065803,13.792715421075721,8.641771364874902,11.580764070634705,16.494242273473713,19.544981316572915,28.06073121564925,37.53240348699283,0.001470028,3317.8125,0.07087890625,1.0,1.0,1.0,0.13398048198885387,0.007119998348773355,0.17082438718837994,0.09333160555818017,0.11022833662314548,0.1539383294681708,0.3220271517833074,0.008549717746468054,0.0,True
00:10:43,59278c090220760001fda664,,0.744362679075851,,-57.6884270943027,-471.5975,45.103516,2.905823,1.3426076,-1.5424826999999999,-4.110437,-5.213847,-4.671634,-3.1045332,-1.338906,0.09051624,0.99768984,29.329497999999997,10.5793915,-4.384915,-11.839561999999999,-11.957746,-7.53978,-2.0473136999999997,1.8492416,0.5142937,-1.622519310016017e-06,0.02671541366550331,,2704.775035649314,1326.3139392632445,11.924588234070626,8.139057871458368,10.94343796717368,19.668463915371788,17.697705928515912,15.364812322792325,18.951644766027414,0.00035392103,1386.09375,0.0276025390625,1.0,0.0,0.0,0.0015260668937116862,0.006226673908531666,0.0005126820295117795,0.0004226065277180169,0.9883238673210144,0.0014365275856107473,0.0006788734637666494,0.0008727450447622686,1.0,False
00:10:43,5c41c28e896e090001c03bb0,228.15221802478985,0.9564993027199435,1.40448100937541,-15.219107517225556,-178.86087,170.87671,-11.754087,-4.4412417,4.9242454,-4.411482,-3.6158454,-9.949135,-6.1856575,1.4161602,-2.2353709999999998,-8.828141,-58.42431,13.5470915,-6.9390993000000005,-21.677661999999998,-9.148415,-18.36332,-20.957518,-5.899389,1.9049543999999998,-0.00022603133951570731,3.83492156984946,17.59668797628629,1847.961751318026,2140.43495184107,11.707767356322956,13.277982719054728,16.863319358140338,16.968717515141684,19.190544815556905,21.50082517304939,42.94991369958507,1.2384836e-05,3605.859375,0.059345703125,1.0,1.0,0.0,0.1804685281081633,0.004051998585716568,0.1681522848931226,0.05689668215133928,0.02251916061240164,0.19883207062428648,0.3568179146810012,0.012261350490999494,0.0,True
00:10:44,59278c090220760001fda664,,0.7248291009594263,,-55.688565422129145,-464.60422,53.3552,-0.22102949,-0.9819435999999999,-2.4420588,-3.9079468,-4.607048000000001,-4.0889564,-2.5119417,-0.5724725,0.890093,1.3514378999999999,34.016729999999995,12.5130205,-2.8329842,-9.127819,-8.626053,-5.3837657,-2.3345766,-0.5908879,0.5801085,-2.041633230991045e-06,0.03352126103912165,,2503.952672420528,1217.3574483889,13.588091451332419,8.007886632857371,11.192420432108674,18.15524213626729,18.843303404858048,15.638543677677598,18.606976038331453,0.00026963305,1299.609375,0.02537109375,1.0,0.0,0.0,0.0007878759817685932,0.008972379565238952,0.00046006676275283097,0.00010656315716914832,0.9872378706932068,0.0011522285582032054,0.0007472466182662174,0.0005357705464120954,1.0,True
00:10:44,5c41c28e896e090001c03bb0,108.12705377735908,0.8642023535746256,4.003259587054653,-64.29798822970375,-470.699,45.609962,-6.056223,-4.0549355,5.6558185,6.1874839999999995,1.877819,3.8538964,3.0921022999999996,-2.2814438,-1.7545785,-0.42550644,10.708839,1.5365307,-2.255409,-9.612525999999999,-7.3319826,0.6125896,4.6660676,1.3292898000000002,0.32514697,-1.8154127399484428e-05,0.2971815259649362,37.9006605576372,4188.942551790903,3802.0222604916858,13.64744233533761,9.874873002207604,13.967417165644546,18.865705328552703,23.170447513681086,24.94047126495043,19.2969993636275,0.011694925,7409.765625,0.08677734375,1.0,0.0,0.0,0.10716037754900752,0.006813316329498775,0.091871690005064,0.05651436958578415,0.0365395782282576,0.281439857557416,0.3967326832935214,0.02292813628446311,0.0,True
00:10:45,59278c090220760001fda664,140.94851448689698,0.406195814867646,4.120419558194015,-32.68024453087525,-317.22806,130.63348,8.972318,2.4862447,2.2561892999999995,-4.586352,-11.119876,-2.7314353,1.7583686,-2.1789680000000002,-7.627940700000001,-5.785232,-17.904826999999997,-3.3705722999999996,7.829861599999999,-2.4532046000000003,2.1385682,-7.296227,-16.538523,-0.30709159999999996,1.4110352,-7.995578665615725e-05,1.3463829624451622,34.51909731842644,1705.072969858858,1848.1986308133085,14.524982503440787,9.633804814933807,11.55797760211701,16.155200670647808,22.965207313150806,21.83012826438859,30.101269537393524,6.136213000000001e-05,2785.78125,0.0660791015625,0.0,0.0,0.0,0.009484571125358342,0.14251280948519707,0.005706652672961355,0.0007998234126716853,0.8078601479530334,0.02027385514229536,0.011920014629140495,0.001442147756461054,1.0,True
00:10:45,5c41c28e896e090001c03bb0,,0.5072768480759756,,-84.98774183123507,-490.14258,40.566456,7.906571400000001,3.9288156,6.138226,0.6379475,-1.0095196,4.2806654,3.2988758000000002,1.1969926000000002,0.6246164000000001,-2.1041622,-4.8275304000000006,-0.099239744,2.953544,-0.2568981,4.8581330000000005,0.56495494,1.5726843000000001,11.530627,1.2986803,-3.1769593404146113e-06,0.0538547479169384,,5518.075774593549,6032.62511497364,10.965056856715641,9.68140827799204,10.864207021928523,12.855423150844047,15.780296223816615,14.918407624647765,18.11489213299302,0.21264125,12249.747983870966,0.06839121942934782,1.0,1.0,1.0,0.02687904381471324,0.013366757814461986,0.006071655802467528,0.007478729784553353,0.4128206684771512,0.1825322155944175,0.3477339050732553,0.003117016843235534,0.0,True
00:10:46,59278c090220760001fda664,146.49211399723592,0.634179109351993,2.797475340359957,-22.712452689509696,-303.07617,168.26117,1.1098373,1.3255223,0.7745329000000001,0.8973884,-10.1019535,-8.017364500000001,7.604831699999999,0.45481244,-14.099364999999999,-2.8707726000000005,5.3322449999999995,0.8431746999999999,29.507454,-3.9351892,-19.543022,-7.129838499999999,-11.641219,-11.1547985,1.2596027,-9.776926506378096e-05,1.6133007747980026,12.703780568152618,1583.2785236492182,1260.3133138730775,14.866783225360455,12.65678757361031,16.703399941096073,16.777071376772057,21.03989311950821,27.809925039204398,28.929806057248722,5.3270410000000005e-05,2289.84375,0.0321435546875,0.0,0.0,0.0,0.11354523748159408,0.06376982256770132,0.10778694301843644,0.0281477015465498,0.4598767638206482,0.08489040434360504,0.13102621883153914,0.010956891835667192,1.0,True
00:10:46,5c41c28e896e090001c03bb0,,0.7770748185006181,,-98.36424442950263,-505.89462000000003,14.505951999999999,7.287761,6.1797857,5.101844,4.0753,3.1188529,2.2471526,1.4699811,0.7926979000000001,0.21735647,-0.25656638,14.229285,13.778215,13.166154999999998,12.410055999999999,11.530387,10.551210000000001,9.499364,8.402608,0.43654752,-4.166154512823574e-07,0.006897128935966296,,5948.939835351863,6320.682911377545,9.124694042832644,9.977424284812988,10.121600410957683,10.838603744598107,12.788281684387286,13.17704931040686,12.758065380778213,0.5962172,13010.625,0.036387125651041664,0.0,0.0,1.0,0.05731219321023673,0.039095992843310036,0.02489244805635988,0.007255208688244846,0.470214203827911,0.22433360169331232,0.17064538411796093,0.006250968707414965,0.0,False
00:10:47,59278c090220760001fda664,123.66804261974859,0.8671440065626259,2.177782788268626,-35.11193102168871,-364.16327,141.8434,-1.0010753000000001,6.712499,4.788525,-0.71588874,-5.051526,-4.444904,-2.4563167,-7.2886257,-11.660684,-4.379393599999999,39.020554,-2.2482168999999996,0.5635055999999999,0.55540514,-0.16054824,-0.9308058000000001,-9.408835,-11.605936,0.95560133,-4.317886375437062e-05,0.7070643748160605,10.731278994105656,1569.4204574945443,1034.6895009320149,13.983642244873426,9.409929655985422,12.844605477471726,16.71461937560948,21.72227849524034,21.07761971753952,25.374483500615487,5.3754622e-05,1529.0625,0.02697265625,0.0,0.0,0.0,0.11098259389400482,0.06271978951990605,0.07134127840399743,0.018599160015583042,0.6104409754276275,0.062232635170221325,0.049264646694064135,0.014418925531208516,1.0,True
00:10:47,5c41c28e896e090001c03bb0,,0.989652735029508,,-101.5087742962502,-507.14815999999996,3.8691537000000005,3.4610746,3.3777980000000003,3.2878797,3.1916525,3.0894742,2.98172,2.8687859,2.7510803,2.6290305,2.503075,3.8564045,3.8352106,3.8056525999999997,3.7678413,3.721922,3.668068,3.6064847,3.5373980000000005,0.10856273,-3.117282526109478e-08,0.0005836445785270272,,6459.308902489845,6717.1725163902975,10.106090960537363,8.719269889448428,9.467586679539624,10.852732995216611,11.078337708495525,11.07142601588797,12.22585301187187,0.60824656,14477.02205882353,0.011552734375,0.0,0.0,0.0,0.0266439376398921,0.053033063933253285,0.006521873828023672,0.013341845828108491,0.2794967472553253,0.3851986348628998,0.18800605311989785,0.04775786860845983,0.0,True
00:10:48,59278c090220760001fda664,238.12093278859004,0.8363723379429955,23.962711601410017,-46.341383209403155,-414.66402999999997,79.13308,2.9866567,6.328310500000001,3.9292800000000003,1.0030667,-5.8351727,-5.858064,-1.1533757,-2.001853,-4.6222672,-1.0860758,22.393795,5.531793599999999,-7.0238065999999995,-4.0542145,-5.435671,-4.1152616,-6.361664,-8.6655035,0.96723336,-2.351224226189121e-05,0.3969925029156775,95.80844453036032,2413.724152277789,1970.4791594278006,13.806831118398964,8.0653793873109,11.620620138233912,17.326400763934085,22.184807501235518,19.27205443714216,24.469857715686192,0.00036833406000000003,2890.78125,0.061240234375,1.0,0.0,0.0,0.5382461547851562,0.03490377701818943,0.06703792214393615,0.08538408763706684,0.07771354019641878,0.07628336921334268,0.07565418053418398,0.0447769643040374,1.0,True
00:10:48,5c41c28e896e090001c03bb0,262.4496522831954,0.8507768501540344,2.267179662570267,-59.013648604053564,-395.08797999999996,132.93283,-18.709208,-25.215193,1.4398026000000002,-1.8061485000000002,-9.92737,0.6158435,-0.55438745,-1.4247968999999998,2.770438,-9.996807,-12.385475999999999,-0.9065008,-3.0986583,-6.8736315,-12.85125,-26.998597999999998,-14.300668,3.5026436000000003,1.7324043999999998,-8.803657436569877e-05,1.4557278548613848,25.641459625695873,4056.422436761651,3697.18073927922,9.635020159347127,11.038203499035244,14.103930029670904,15.364376883306726,17.109952917156868,19.14488171283494,25.261629584033603,0.10094497,7920.654296875,0.042156661184210534,0.0,0.0,0.0,0.004174250940559432,0.036537169059738514,0.008279924606904387,0.001189885931671597,0.8594756007194521,0.06715175737626851,0.015636675478890538,0.007554775045718999,0.0,True
00:10:49,59278c090220760001fda664,140.23013407103272,0.6726665870037373,3.629020575958293,-22.33202494122756,-274.72787,169.76988,-2.9861066000000003,7.487335000000001,-0.5905457,-2.4887516,-3.9593163000000002,0.14096136,6.931097500000001,-3.6589406,-13.930363,-0.76137894,-6.436057599999999,8.277187,28.452421,-0.27410227,-13.737024,-0.89718574,-11.863871000000001,-25.047245,1.6067034,-0.00012099694500586172,2.0090988975451016,22.647189924485826,1830.0976005846494,1949.1353974848928,13.84396768282124,9.306159492451963,15.439876263423427,17.144823292317238,24.22518039038271,27.96685731135139,33.086236781266024,0.00021180416000000002,3361.875,0.06828125,0.0,0.0,0.0,0.041082858201116325,0.07107376977801322,0.009930025041103362,0.003580270396196283,0.8335164666175843,0.013736364711076022,0.02618469744920731,0.0008955428813351319,1.0,True
00:10:49,5c41c28e896e090001c03bb0,,0.7918018867025483,,-102.39746202331749,-507.0047,6.7641644,6.070946,5.929887,5.7777367,5.615101999999999,5.4426255,5.2609863,5.0708933,4.873088,4.6683283,4.4574,6.742459299999999,6.7063823000000005,6.6560809999999995,6.5917616,6.5136847,6.4221687,6.317583,6.200351,0.16562659,-6.252222816149861e-08,0.001082493085946908,,6233.398541990338,5525.2402664807005,10.205944810333678,9.524320895541056,9.595896855203641,10.585503377231063,10.955696708333587,11.101031196525735,11.697746076741652,0.6682347,12463.4765625,0.00538330078125,0.0,0.0,0.0,0.0038461384167683063,0.0076484266689724545,0.004136869451031089,0.0012778565962269733,0.9535577676512978,0.013970147802452131,0.010633448107083414,0.004929315563375977,0.0,False
00:10:50,59278c090220760001fda664,109.4887555798406,0.6152534511110983,2.698358477375828,-37.24743252774361,-374.69638,111.695595,1.0698361,-4.3105736,-3.559132,-3.3431193999999995,-8.057030000000001,-0.39471042,5.9033127,-2.633513,-8.959465,1.669771,24.967077,12.364602,10.141229,7.581894,-6.242216,-11.184167,-5.626586,-1.8520457,1.1579913999999998,-2.4655876708724522e-05,0.41485887110967423,7.926721761489012,2286.961105173761,2199.6996963775105,13.440467236151008,9.447384221295762,13.429714454618216,14.937789256273836,19.30317843994576,23.37474001071511,29.79219148291681,0.0004892886499999999,3949.921875,0.0653369140625,1.0,1.0,0.0,0.0034219615859910845,0.015370733058080075,0.001906853500986472,0.0006654012206126936,0.9711450219154358,0.0016742016887292266,0.005232985410839319,0.0005828056659083812,1.0,True
00:10:50,5c41c28e896e090001c03bb0,252.39373140831975,0.8285873982690755,2.1397914865523413,-66.48327565961633,-378.39575,133.19666999999998,-13.9219675,3.0044827,9.131502000000001,-14.973431,-10.339182000000001,0.8132903,2.965569,1.1272498,-5.3952622,-20.11005,-61.3418,-8.832805,1.7987808,-10.04296,-24.813063,-18.818348,-22.86102,-12.467872999999999,2.022567,-0.00010335410131429185,1.7703386444722675,32.13663985617909,3498.393733164078,3948.2289803290346,11.015756801221835,9.560107856469179,11.748025617394328,13.565772088615565,15.569714720301105,16.091410474576286,25.730305519258717,0.36197257,7890.625,0.05280618106617647,0.0,0.0,0.0,0.00879158116877079,0.0200261190533638,0.04670440782792866,0.002401533268857747,0.8722306668758393,0.029788756649941205,0.008143668295815587,0.011913238908164205,0.0,True
00:10:51,59278c090220760001fda664,174.6582000229481,0.9350396575937306,1.9596221567654792,-41.24055842669047,-405.39224,108.698586,-0.2091817,2.055684,-1.7779781000000003,-2.9518948,-2.2007186,-3.194757,-3.3751576,-2.0892766,-1.9010349999999998,-1.7421285,40.406746000000005,0.95114625,-3.1839732999999995,0.5287031999999999,-1.9579804,-9.145686999999999,-14.080960999999999,-9.542066,0.9406694999999999,-2.594608707204865e-05,0.4244309676279203,17.553238375946787,1882.5197810380248,1233.5502657596658,12.742711246315814,8.590438133206428,12.096198535709956,16.82131365001841,21.55357212569973,19.24364865536533,25.321685862906016,0.00019491221999999998,1935.234375,0.03162109375,1.0,1.0,0.0,0.03158948398195207,0.008737348602153359,0.0013709731400012972,0.015771403937833384,0.8998222708702087,0.01521005586255342,0.024062993843108414,0.003435525862732902,1.0,True
00:10:51,5c41c28e896e090001c03bb0,229.75531908453686,0.7631881796253348,0.8035497292720469,-18.955183690040148,-184.17865,145.05879,-9.501685,-2.8978738999999996,6.926945,-6.809750599999999,-8.692551,-2.7792137,1.3450905,-4.705123400000001,-1.4657239,-11.588028,-55.049980000000005,9.539042,-15.372876999999999,-5.4097643,-17.836382,-11.68003,-18.39971,-8.213763,1.9050228999999999,-0.0002544397416240079,4.334446421909118,14.521409681040886,2347.700564294013,2250.802602266584,11.835134402246704,12.310234344667794,16.19379998475675,17.255347795537432,19.606602185248263,20.06893072273517,42.84154574721512,0.0001455075,4117.734375,0.05078125,1.0,0.0,1.0,0.04746465692296624,0.010009046364757523,0.010525513358879834,0.5491282852832228,0.23478366169147194,0.035235772095620635,0.038195930048823365,0.07465712279081345,0.0,True
00:10:52,59278c090220760001fda664,,0.7403207642495849,,-56.40366990049307,-467.62003,50.497444,2.228007,0.68878305,-1.635752,-3.3404898999999997,-3.8364387000000004,-3.3098414,-2.3063414,-1.3182886999999999,-0.61772096,-0.32659438,33.861664000000005,13.446394,-3.6244717000000004,-12.766525,-13.489052,-8.725582000000001,-2.6880395,1.3524888000000002,0.52188206,-1.7812373966854427e-06,0.029272809040447142,,2543.911572233865,1215.6518155697854,12.407494700558589,8.001357363879661,10.635464622838985,19.636277577797827,17.917532778103055,15.97440987820351,18.661509765864068,0.0002564918,1212.421875,0.026103515625,0.0,0.0,0.0,0.004123960225842893,0.004233000194653868,0.0006368630740325897,0.0004991050227545202,0.9848054766654968,0.0016454492637421934,0.003698910214006901,0.00035726104397326713,1.0,False
00:10:52,5c41c28e896e090001c03bb0,165.22592050991287,0.9171701581425146,1.676910356504138,-48.18182587222204,-381.6389,76.97907,-3.1856296000000004,-8.271009,2.2671936,3.4905752999999997,-0.5784273,-2.2184741000000003,1.6038344999999998,3.5373201,2.3044746,-6.690656,-28.106075,19.641335,17.810669,2.014144,-11.979754,-11.88793,-9.506293,1.8658797999999999,1.3180615,-8.755892502548731e-05,1.4739082759530848,20.42028007647968,3270.3171046735906,3476.9561160284165,10.884792026245432,11.205248502440202,14.070497553870366,13.522693094096383,20.0926584392705,21.267345468111085,26.891164251106076,0.016986262,6144.84375,0.087412109375,1.0,0.0,1.0,0.2200294766161177,0.008644545531650592,0.121490700073385,0.20578012691758987,0.07427625233928363,0.20959386017380488,0.12245679398377735,0.03772823548772269,0.0,True
00:10:53,59278c090220760001fda664,,0.6956006642229561,,-59.12200781369536,-476.1986,39.633453,3.2086015,1.0663128000000002,-2.0182151999999998,-4.461244000000001,-5.4254727,-4.961232,-3.7011415999999997,-2.3996153,-1.5816888,-1.4183161,26.272099,9.852601,-3.8396404000000004,-10.975719,-11.041025999999999,-6.442627,-0.83394355,2.783256,0.46910912,-1.302710080217465e-06,0.021504854051296183,,2881.1420214224872,1395.3542067374447,14.55538467407444,8.240774842098991,10.98316062171989,20.66066098334359,16.98739668827102,15.442513501698231,18.950980983226724,0.00040253230000000004,1357.265625,0.0267578125,0.0,0.0,0.0,0.010719571681693196,0.019449849985539912,0.002208577538840473,0.00035599109542090447,0.9506514191627502,0.010951896663755178,0.005411056918092072,0.00025164438266074286,0.0,False
00:10:53,5c41c28e896e090001c03bb0,147.22361307749927,0.9290993371758426,0.6431680523780022,-15.198737185956952,-205.10034,189.5836,-15.186013,-15.844072,6.4847794,1.4048471000000002,-8.918571,-4.865713599999999,0.3747304,6.8477364000000005,0.89572656,-15.429820000000001,-22.094175,15.404012,12.688269,-4.512214,-15.435454,-23.992456,-17.516758,-3.1640534,1.6614914,-0.00020767643561644744,3.454371280498502,14.076619171944175,1702.8146223831925,1505.2497709813586,16.789077937761036,14.623947268753955,17.999541585204522,16.016624652125298,20.42607950827896,21.400288964751407,39.451960703898074,6.805864400000001e-06,2820.46875,0.0315234375,1.0,0.0,0.0,0.07665733359754086,0.010089684906415642,0.08288340792059898,0.07763531170785427,0.07019261606037616,0.39725200831890106,0.12867124043405054,0.1566184088587761,0.0,True
00:10:54,59278c090220760001fda664,,0.7470855560378941,,-59.42143513486577,-477.7184,38.356552,3.7073245000000004,2.4211407000000005,-0.48427394,-3.3092822999999996,-4.759369,-4.4653410000000004,-2.9575765,-1.2195495,-0.121402,-0.030567236,27.058996,12.608417999999999,-0.37479183,-8.372519,-10.204002000000001,-7.154083999999999,-2.0512544999999998,2.1691947,0.45779267,-1.1869491748973877e-06,0.01961481610344929,,2964.1105379907845,1390.8075249128524,14.363636392765024,8.016154961073285,10.36933450797528,20.914307361331733,15.429818719354278,14.772548534802786,19.014389897577704,0.00040785084,1306.640625,0.025849609375,1.0,0.0,0.0,0.008605126477777955,0.023139425460249184,0.0021725717349909248,0.003075737209292129,0.9450275182724001,0.004539074469357729,0.011639012163504958,0.00180147789651528,1.0,False
00:10:54,5c41c28e896e090001c03bb0,127.28125421433123,0.8661007772822641,0.835893774468844,-18.6108068227885,-259.13895,198.38583,-18.40178,-10.08137,14.886095000000001,1.5487485,-9.993121,0.35731795,3.2169762000000004,3.5373595,-2.6333358,-15.157148000000001,3.0748849999999996,-7.6400179999999995,17.38459,3.8917856,-13.079857,-29.398106,-14.59334,0.4500054,1.3838415000000002,-0.00014346521394477055,2.3565864917693595,14.719710237671402,1194.8323366433315,1135.5392580419468,15.738282621946018,13.61087681779956,16.570677984222133,17.726305669581535,21.984136831293526,25.7418687111446,34.90550166970872,6.562985599999999e-06,2082.1875,0.0306298828125,1.0,0.0,0.0,0.08491258881986141,0.008818403258919716,0.02289443842601031,0.09316181000322103,0.11138568082824347,0.2145619284361601,0.4042650274932385,0.060000117775052784,0.0,True
00:10:55,59278c090220760001fda664,104.21341777155872,0.3597920888170366,4.7630444520365325,-53.372840097099925,-460.0068,56.619983999999995,3.9778306000000003,3.4134653,1.0430765,-2.1628397,-4.418811,-5.3124695,-5.493204599999999,-4.7150373,-2.7561150000000003,-1.0444611,32.962208000000004,13.023819999999999,2.3995843,-2.8801873,-5.2090926,-3.889624,-0.24236028,2.7780685000000003,0.6258382,-5.0479151244362506e-06,0.0823799537060845,5.953200947141276,2715.0521955466847,1375.3180462729174,12.55650435475935,8.960539945735587,10.175006138831783,18.993205923400122,15.91221440695908,16.152377210916153,21.998855463178888,0.00040819834,1771.40625,0.0248046875,0.0,0.0,0.0,0.009524458413943648,0.028884092345833782,0.0017289347015321257,0.002630642277654261,0.9308783650398256,0.009710601903498171,0.010408894158899784,0.006234015279915185,1.0,True
00:10:55,5c41c28e896e090001c03bb0,151.87790693657902,0.9014454659464108,1.6452303329922044,-21.289306919485966,-253.65701,161.18205,-20.88167,-7.5712646999999995,15.809503,3.500571,-4.5113072,-1.3580017,-1.2908885,3.7952703999999997,-0.51021117,-11.659033,-29.870209000000003,16.963478,15.512216,-10.922523,-1.8711509999999998,-27.042555,-20.229881,-2.4122546000000002,1.5933431,-0.00014852750844173695,2.475592250536676,15.539462569865453,1692.4651894384958,1994.3494791280086,14.469575621136348,12.875797861177025,16.485915650558127,17.402008300036737,22.69251161226644,25.130606020363906,39.73142459855674,2.5644298e-05,3399.140625,0.063681640625,0.0,0.0,0.0,0.0650038995187391,0.02426512143574655,0.07787419813261791,0.08589073666371405,0.30977136912671005,0.1696121414954012,0.24488434872844006,0.022698192476210268,0.0,True
00:10:56,59278c090220760001fda664,,0.7065080465631204,,-53.8050786539443,-456.3531,61.497818,0.7445238000000001,-0.9317625,-2.5119908,-2.9804316,-2.5798058999999998,-2.0346005000000003,-1.7227086999999999,-1.5083547,-1.0914485,-0.4465438,34.828526000000004,8.098623,-8.06292,-12.850679,-10.865203,-6.3555255,-1.8889884999999997,0.73499423,0.67123926,-2.705515502110446e-06,0.04441292224627958,,2268.611225465652,1214.74309542808,11.887633928175445,7.727372970693103,11.376124037323954,17.609371715824444,20.39816843987253,16.623084377451683,19.56450941556338,0.00024260783,1483.359375,0.0281591796875,0.0,0.0,0.0,0.0026460397988557816,0.05052518770098687,0.0012329937773756685,0.00015170291299000384,0.933783996105194,0.007802252331748604,0.003420833917334676,0.0004369940259493888,1.0,True
00:10:56,5c41c28e896e090001c03bb0,199.67595991188404,0.9305080330473496,3.1689145787446025,-41.32263007084978,-315.81607,132.6336,-11.30856,-6.6714644,8.312909,-9.775471000000001,-6.901463499999999,5.532561,1.055345,-0.017966704,-3.9320936,-13.427597,-50.447933,16.45125,9.245395,-17.152971,-10.878816,-19.75061,-9.630974,8.3324375,2.0144982,-0.00010394950878743199,1.775775817888788,24.53024909326941,3094.174658111172,3581.5080083949288,11.464117001244302,10.86371967340808,13.69020901284968,16.798672558112386,16.676050602779302,19.145931520777005,34.980350853662685,0.032689462999999995,6847.5,0.0781201171875,1.0,0.0,0.0,0.02436452499023289,0.005630346218822524,0.025003371230923218,0.018335489956371017,0.7682773359119892,0.022629147046245638,0.13164666562806815,0.004113083476113388,0.0,True
00:10:57,59278c090220760001fda664,,0.7693041937146838,,-56.24045657524064,-467.19748,50.3219,2.4875681,-0.27518648,-2.9301457,-3.9593949999999998,-3.3045572999999995,-1.9755808999999998,-1.1169548,-1.2277508,-1.9751203000000002,-2.5877178,31.934,10.059600999999999,-7.125323,-14.887363,-13.488137,-6.964635,-0.33319134,3.0180361,0.5465209,-1.7958014628820805e-06,0.02952430523651471,,2481.0923803776027,1216.2771802157042,12.13190267114747,8.29660602524508,10.964388063844847,19.829492788743668,16.78269622091191,15.673188532039378,19.171962895788848,0.00022348432999999999,1204.921875,0.0281494140625,0.0,0.0,0.0,0.01997512150555849,0.12402840107679368,0.007114753685891628,0.000396359758451581,0.7978032946586608,0.040236390009522435,0.009871639870107174,0.0005740555701777339,0.0,True
00:10:57,5c41c28e896e090001c03bb0,191.20980846312904,0.9051363054868308,1.7274871740471651,-21.868193504026433,-251.70459,166.83264,-16.75799,-12.835813,6.2798696,2.5498447,-3.7068415,-5.198493,-4.873629,3.8853579,-1.3893507999999999,-11.332213000000001,-29.180819,5.735175,13.540318,-12.86238,-10.906279,-21.086261999999998,-21.291708,-8.714821,1.9812478999999998,-0.0001323057508383019,2.206014866405406,25.88862824173359,1614.6512190711405,1645.161933490548,13.798304871286144,11.255736072147483,15.852455242040687,16.359213999502106,20.00585721202116,21.098488196192747,37.62723840980416,9.675434e-06,3002.578125,0.0435107421875,1.0,1.0,1.0,0.107575033392225,0.015500400340118048,0.1302761770285932,0.12242843503398555,0.11186365437294757,0.11281640082597733,0.38537861300366266,0.014161281587023818,0.0,True
00:10:58,59278c090220760001fda664,,0.7111504841228127,,-54.7750940165844,-460.6012,57.173504,0.89243597,-1.8603001000000001,-3.2591121,-3.0498792999999997,-2.1017046,-1.4287196000000002,-1.4692671,-1.9520817,-2.2779813,-2.0784602,33.137096,6.368459,-11.942167999999999,-17.098103,-12.020516,-3.6385300000000003,2.1001234,3.122777,0.6151154999999999,-2.2222296372837216e-06,0.0364927167415922,,2277.0360761989405,1184.9022371582696,10.845354791668896,8.759122977046044,10.12504828314524,18.60783234826027,19.493262885329546,16.52906120659432,19.164560792887347,0.00019185818,1296.328125,0.0300048828125,1.0,0.0,0.0,0.09823209904134274,0.033050053753686366,0.008943480288144201,0.2791591503599193,0.4548722424311563,0.018431075010448696,0.058627642714418476,0.04868426821194589,1.0,False
00:10:58,5c41c28e896e090001c03bb0,239.14251886156745,0.9905066170992278,3.3958307117264206,-29.937623101004466,-291.68063,107.13266000000002,-16.88393,-1.7286279999999998,17.552208,-1.063199,-6.9724544999999996,-0.21537472,-1.0290021999999999,1.6605859,-0.0835293,-12.62245,-49.83512,5.379832,-14.85034,-16.848242000000003,-0.6854309000000001,-27.032507,-17.007433,0.29426009999999997,1.982018,-0.00010080464008224311,1.7453653914762248,32.56737409203818,2257.037461742568,2897.033216512729,10.144772421172249,10.239942540526918,14.411721516913564,16.359311737495684,19.069687983814486,22.075624407864108,40.81469958312059,0.00083584664,5023.828125,0.099853515625,1.0,0.0,1.0,0.03495017072418705,0.009546450220568659,0.03725729911820963,0.01612938178004697,0.09062482893932612,0.07956665223173331,0.7307957969605923,0.001129385268995975,0.0,True
00:10:59,59278c090220760001fda664,324.38914296528264,0.7813542608982058,12.71296212006536,-51.07368854760187,-451.39275999999995,68.96104,-0.5579615,-2.56875,-3.8522897000000005,-4.2323174,-4.352656400000001,-4.465448,-4.102062999999999,-2.933066,-1.4778323999999998,-0.5757614000000001,42.214237,12.893334,-7.502114,-15.013404999999999,-12.638786999999999,-6.3080344,-1.1261743,0.59904253,0.671966,-3.532586348064364e-06,0.0579048694984589,54.284933707824706,2081.2560146760948,1091.341606522331,13.200720105577519,8.748782600178728,11.41521692938347,18.342570179335727,19.198948773603085,16.783282067135858,20.86960487754052,0.00013010293,1326.09375,0.025791015625,1.0,0.0,0.0,0.12292728126049042,0.005413410824257879,0.0052356892731040714,0.21263918578624724,0.42366314977407454,0.06034608781337737,0.04186222851276398,0.12791298031806947,0.0,False
00:10:59,5c41c28e896e090001c03bb0,166.0741455396513,0.7877838053474102,0.9699311352456224,-24.904510989577613,-230.78104,126.274445,0.9374225,5.0122175,7.484186599999999,-9.321351,-4.601989700000001,-0.75574523,-1.9770608,-3.0551630000000003,-1.589094,-5.651671400000001,-61.097424,14.448601000000002,0.88565105,-5.61205,9.218449,2.0020769,-9.719871000000001,8.518603,1.9704282,-0.00017246236505628047,2.9514824510797477,20.10215869380518,2179.7761943676087,2689.571588789814,14.123814863583306,11.54922819539217,14.686106934545622,17.237540211253485,19.508143135024905,19.451760856516515,42.789264805486994,5.725206600000001e-05,4932.890625,0.0815283203125,0.0,0.0,1.0,0.02141286342521198,0.006789820523408707,0.0284717143731541,0.03799217231426155,0.5540947951376438,0.040512665058486164,0.3062746284995228,0.004451346154382918,0.0,True
00:11:00,59278c090220760001fda664,,0.7362443813398833,,-57.21723770964623,-469.57767,47.097828,2.7415292,0.5958336,-3.2838013,-6.1138463,-6.222106500000001,-4.335711,-2.5610470000000003,-2.1888400000000003,-2.6846544999999997,-2.7362022,29.539209999999997,9.602781,-5.313626,-12.195200999999999,-12.178535,-8.109213,-2.7586906000000004,1.4799687,0.5464309,-1.6300758186272457e-06,0.026885802242549026,,2604.517892920869,1308.9662748753447,13.475940725336931,8.708313787556161,10.608545697925695,19.23188833595302,18.00015602984377,15.629051786803426,19.429404635125287,0.0002763617,1360.78125,0.029404296875,1.0,0.0,0.0,0.017677572602406145,0.05271486844867468,0.004310501529835165,0.004026750600314699,0.8537152409553528,0.03448312897235155,0.02515040175057948,0.007921557140070945,1.0,False
00:11:00,5c41c28e896e090001c03bb0,227.72610180663878,0.9876256465919128,2.4396917623025707,-23.078282816669887,-252.10635,153.95189,-18.054861,-9.081478,6.0172777,-3.3225226,-4.4623847,-0.06549437,-3.3113233999999996,-4.5603323,-2.5402503,-6.579411,-19.452969,17.503447,-4.366017299999999,-18.883348,-8.921467,-10.071386,-14.845037,-11.139578,1.7489282,-0.0001588407292420493,2.655231791851961,17.447403344600197,2019.644631737768,1766.6883083317825,12.643707319196535,14.528022059205904,17.00552878162284,17.914357525005133,22.095799210661912,23.703387437246146,37.438071127188394,0.0005155714,3398.671875,0.03748046875,1.0,1.0,1.0,0.12567123165354133,0.0014269382736529224,0.04637522832490504,0.16899849940091372,0.03237221809104085,0.039768973598256714,0.5615810826420784,0.023805799544788897,0.0,True
00:11:01,59278c090220760001fda664,,0.6825240113054117,,-48.878969183217585,-432.92264000000006,84.251595,0.85834336,0.15422697,-1.931079,-2.7356458,-2.836378,-2.9882286,-2.3273199,-1.3233603999999999,-1.1145033000000002,-0.75226367,37.75983,0.5176299,-12.617784,-10.405182,-6.3070474,-5.200692,-4.4133744,-1.5894853999999998,0.76528597,-4.849694683486796e-06,0.07957391026501386,,1886.3537958106065,1124.7736730040344,12.684512883012356,7.816502243868133,11.021466314536276,16.76397861736142,21.452978792470823,18.715862917233228,20.62805688108796,0.000115807285,1441.875,0.0296484375,0.0,0.0,0.0,0.009795848513022063,0.03421270861290395,0.007173108542338014,0.0014884010772220789,0.9162370920181274,0.01454529312904924,0.01056420912500471,0.005983297154307366,1.0,False
00:11:01,5c41c28e896e090001c03bb0,,0.5560634637935468,,-85.8463529872145,-495.54388,36.817543,-0.20597070000000003,4.1421466,8.652895,4.301581,5.021534,4.4248385,3.6808788999999997,5.0768013,-0.73882854,-3.6597724,-13.123264,10.299357,4.836553,-0.5930231,11.697078999999999,4.605375,5.9660725999999995,8.811228,2.9661817999999998,-2.186731849027864e-06,0.0385222110848988,,5712.662192644702,5999.020363773545,8.812919308102256,8.210608630791981,9.674433494456276,11.551641268881447,14.558868291975108,14.010112378341987,18.783479879734443,0.17714892,12333.361037234043,0.08273769946808511,1.0,1.0,0.0,0.07175061603387196,0.0026753313528994718,0.05014883851011594,0.12841029566091794,0.009372102290702363,0.08740287646651268,0.6266453464825948,0.02359456627164036,0.0,True
00:11:02,59278c090220760001fda664,,0.6578617244643137,,-43.160740766331664,-391.10593,104.73368,1.1594053999999998,6.2801347000000005,1.9843491000000002,-4.1048155,-5.37183,-5.331874,-4.0740542,0.30835235,-0.44264677,-4.179886,13.395609,-11.905477000000001,-5.429526999999999,-2.7736502,4.0121383999999995,3.4075963,-7.408172,-8.390998,1.1594728,-1.7156691161181303e-05,0.28897007543773806,,1873.2512786622567,1530.6517340693365,11.877764986404555,8.87694144193777,11.31992173008671,15.684036879552233,20.69237494166444,23.334392488432478,24.019182371634702,0.00012491926000000002,2469.609375,0.045078125,0.0,0.0,0.0,0.014451182121410966,0.024220999609678984,0.0193859891500324,0.000961184926563874,0.9227646470069886,0.011648539965972305,0.002734994556521997,0.003832389903254807,1.0,True
00:11:02,5c41c28e896e090001c03bb0,,0.6441902450787007,,-55.85970835473788,-472.88034000000005,13.294944000000001,-0.5180962,2.7513834999999998,7.995862,-9.425122,-2.670761,10.2504425,0.1396412,-0.4294104,1.4752401000000002,-2.5426354,-16.93935,3.4765332000000004,-3.0549939999999998,-0.6561698,11.155561,-11.044463,-9.121807,9.844271,0.69818276,-3.5178405608155464e-06,0.0630381784883236,,3018.1009497430177,4330.294743367183,13.024599021051625,12.118978332554295,14.040032906500224,17.701047480848434,23.86718131325445,25.16340349165897,31.249082951975037,0.0040920232,6691.40625,0.1475537109375,0.0,1.0,1.0,0.07084786109626293,0.03156563420780003,0.05798262171447278,0.033081041276454934,0.06442888667806983,0.22960231751203536,0.4451064199209213,0.06738520963117481,0.0,False
00:11:03,59278c090220760001fda664,209.3017473889653,0.802426423655045,2.1116866306541424,-27.498537829082533,-298.77103,147.6166,2.656278,7.778042,3.615334,-11.203308,-19.270926,-9.339208,-0.46039759999999996,-4.7638764,-13.615034,-8.281135,-17.225158999999998,-18.109737,-1.2012998,11.80514,23.027689000000002,8.233464999999999,-18.263170000000002,-16.706207,1.1693813999999998,-0.00010349942474368787,1.7543193166735462,9.57105378384115,1560.3764489308387,1648.4863998417413,14.282520007045223,14.129868515683837,12.602934441534837,17.147813844621833,27.43322669559209,25.768661838109022,31.680729726747145,3.0690484e-05,2600.390625,0.05431640625,1.0,0.0,0.0,0.024709557089954613,0.027862621005624533,0.029387051169760526,0.0055987018320593045,0.8627961277961731,0.032405564934015266,0.004037158633582294,0.013203272181272041,1.0,True
00:11:03,5c41c28e896e090001c03bb0,,0.2894568528957271,,-61.05147835737486,-489.42682,10.971108000000001,16.089148,8.042335000000001,-5.846825,-8.973853,0.7532350999999999,9.588866000000001,4.850457700000001,-5.21053,-5.853446,1.1702,-19.1349,-18.756532999999997,2.6896467,17.515244,8.072125999999999,-15.650104500000001,-19.3246,2.1552215,0.30310863,-2.460016719050432e-06,0.041880762739889096,,3374.443066791415,3518.19758654741,9.18623716042411,7.772178466113952,14.254078050782356,20.61560327007529,34.238101204613564,20.631300337020164,18.92138975193692,0.01949902,5609.53125,0.07626953125,0.0,0.0,1.0,0.10958241820335388,0.0040880348009523,0.11531204432249068,0.13627091981470585,0.0073058658977970484,0.17126061990857125,0.3734016329050064,0.0827784713357687,0.0,False
00:11:04,59278c090220760001fda664,146.24083021208216,0.5827615500587016,2.5336910096962635,-21.986685999545735,-258.1064,163.00826,-1.8119147,1.3751584,-3.134665,2.1155381,-6.6411242,-11.480882000000001,0.36417857,3.6850758000000003,-5.638200299999999,-7.913061,-33.606342,5.6450806,29.050177,1.3975526000000003,-5.6865654,-8.670278999999999,-16.63146,-18.260775,1.6441245999999998,-0.00016265870065569873,2.7127878995338293,29.329138320655485,1852.7316102519894,1822.3509949823565,15.025544428342268,11.683980647144649,15.764202159188544,17.47608803689845,20.00849749180967,26.21382993410165,35.356771846305385,0.00010476687,3216.5625,0.045791015625,1.0,0.0,0.0,0.007102889521047474,0.01656643642345444,0.010345414222683758,0.0011910480621736494,0.9529800772666932,0.006733916234225036,0.001422699523391202,0.003657509526237845,1.0,True
00:11:04,5c41c28e896e090001c03bb0,,0.8919346505295851,,-97.68689646241378,-506.2974,10.195944,1.7172904999999998,2.598304,3.7190017999999996,4.9175944000000005,5.9398193,6.578002000000001,6.759031299999999,6.423991,5.544444599999999,4.2507209999999995,9.280787,7.9335637000000006,6.288489299999999,4.576953,3.07776,1.9525381000000002,1.3007268,1.2293184,0.22356541,-1.1200846583065838e-07,0.0019258502454892067,,6220.218006975988,7234.279361874945,8.224474165809651,9.036807956268497,11.486859951591553,11.471574287339847,12.686140676764408,14.373235856085946,13.179976387932832,0.48517615,14450.994318181818,0.04334259033203125,0.0,0.0,0.0,0.0479552192526171,0.048550592036917806,0.013137027813354508,0.010415074581396766,0.4985462188720703,0.20821453083190136,0.14424464320763947,0.028936668415553868,0.0,False
00:11:05,59278c090220760001fda664,99.18666153157629,0.8328467827071991,0.8430861452439148,-31.9476104736903,-342.17307,128.81363000000002,-5.0623245,-5.6585455,-4.304446700000001,-1.8689776999999999,-8.694119,-13.328704,-1.748922,6.928494000000001,-5.5122089999999995,-11.248021000000001,7.467286,21.311317000000003,35.19522,2.9909956,-11.002172,-2.9116897999999996,1.5538125,-2.6877855999999998,1.2381657,-6.246261834848458e-05,1.0392193162078225,19.7002376387966,1978.2909621255624,1524.6354019665775,12.911513580192144,9.77894309717257,14.627232694206667,15.476618429654913,22.672349633847645,24.87533967387949,31.236525965263105,0.00011012627500000001,2837.8125,0.0347998046875,1.0,0.0,0.0,0.015208158770110456,0.010673597129061818,0.0015323303494369609,0.0032047962638898754,0.9421959280967712,0.016900536068715156,0.008706735480518545,0.0015779070439748467,1.0,True
00:11:05,5c41c28e896e090001c03bb0,,0.6221813716786122,,-94.90862277371113,-505.15823,29.505314000000002,-6.465721,-8.415438,-7.338032000000001,-4.5436087,-1.203601,3.505784,8.941419,12.14987,12.210328,11.263207000000001,10.154757,-5.546478,-12.280588999999999,-13.731104,-12.917403,-9.55103,-5.277435,-4.08594,0.93667746,-1.928649484608682e-07,0.0032932265724907378,,6347.989039389117,6478.031329698996,7.057562222257973,10.015969228863415,11.145699601757839,12.573794794224447,16.843103752617303,14.059434250738745,13.752038074223874,0.29119670000000003,14386.537063953489,0.036748976934523815,0.0,0.0,0.0,0.001240226739901118,0.010924803325906396,0.0003962429182138294,0.0013469730474753305,0.957880675792694,0.00899601001292467,0.011278813052922488,0.007936238986440003,0.0,True
00:11:06,59278c090220760001fda664,133.9552171418093,0.6178565419053278,4.618956672061357,-49.81729659194006,-440.09225,63.48526999999999,0.90987986,3.0086584,1.5012157,-2.87779,-7.2946279999999994,-5.7065773,-2.3708994,-3.7652555,-5.4284153,-3.2617216,15.409288,3.097798,5.7062893,1.228535,-4.9555016,-10.225122,-12.024364,-6.2962885,0.8045044,-1.538238390329532e-05,0.2552933238065364,14.927943276627545,2501.576777886025,1578.1903337305164,12.867624131559634,8.690986808615602,11.916693976387071,17.91331370902831,20.730683903511146,17.59604825015165,22.46145073880057,0.0004999779,2293.59375,0.0358251953125,1.0,0.0,1.0,0.00817088142503053,0.039217414986342194,0.0012012344901449975,0.0007010874629486352,0.9310708284378052,0.011566049046814441,0.007451049238443375,0.0006214746565092355,1.0,True
00:11:06,5c41c28e896e090001c03bb0,144.08258916666014,0.7843214596089606,0.5700877345617269,-27.485103096426126,-269.14645,144.5174,-7.149685400000001,2.6853254,7.825188000000001,-7.487162,-3.9153674,-2.683141,-10.65945,-3.3590138,-2.3346865,-12.552283000000001,-37.360073,17.041494,16.659145000000002,-6.37795,-7.779613499999999,-17.397434,-15.074292999999999,-4.692938,1.2556263,-0.00013071527722272391,2.1860099246419007,8.358634087497071,2238.042648070943,2229.1695039395736,16.473373586971487,13.621991307772687,17.528997786681167,16.751805531033508,20.669708611740447,22.894549537036838,36.857301464779646,0.014247869,4219.6875,0.0432421875,0.0,0.0,0.0,0.00563850284088403,0.007636391196865587,0.000804283021716401,0.01735762262251228,0.8966956734657288,0.018311398243531583,0.04336774777621031,0.010188386938534678,0.0,True
00:11:07,59278c090220760001fda664,102.17061846110636,0.5876471739413708,0.31313336629696803,-36.72995939185319,-346.57193,97.9133,3.6798701,-6.620825999999999,-7.098407300000001,7.588455000000001,-1.3876298999999999,-5.8295636,3.0561402,0.011674597,-4.986065,-2.0442256999999997,-8.646776,29.629122,28.353721999999998,2.13353,-14.397376000000001,-13.736245000000002,-13.093739999999999,-8.493322000000001,1.2823331,-9.32958046856558e-05,1.5850427887388554,27.856567034668327,2695.765759074026,2363.581635345499,15.82751054234336,9.534118129697696,14.83366151976161,17.19050253087213,20.14822196458979,25.50274407501775,29.415914539332142,0.0006154940000000001,3924.84375,0.0693408203125,0.0,0.0,0.0,0.0018434322671964766,0.025764012522995476,0.0005310498469043523,0.00011192492675036191,0.9644730925559998,0.005506144883111119,0.0014713690034113824,0.00029895364714320753,0.0,True
00:11:07,5c41c28e896e090001c03bb0,,0.3762690199372704,,-79.22466612456405,-495.1985,26.876210999999998,9.076596,7.6863284,5.5178566,5.6468678,7.7397594,6.8483114,2.7379084,0.5923604,1.4967873999999999,2.2042909,4.8349767,-1.8698947,5.092955,10.079759,8.912206,7.430148599999999,8.084038,9.014553999999999,0.67804766,-1.0049780847444387e-06,0.016801191614051237,,4740.561484276289,4835.01167589919,10.142336197492249,9.91290777680678,11.496261486214946,13.421167307661642,16.604422275540536,18.575088158844864,17.88163884243986,0.19959325,9618.699596774191,0.05011053399725274,0.0,0.0,1.0,0.04782932860252913,0.0026647715189028532,0.0035291928310471118,0.007772789176669903,0.8390095677226782,0.0051608182839117936,0.09169756656046957,0.002335961900826078,0.0,False
00:11:08,59278c090220760001fda664,94.74376331369065,0.9031900045740208,2.480601146657045,-41.832786138040476,-394.12567,76.345825,1.3871416,-2.5856447,-3.048866,0.46081865,-3.8267882000000006,-6.599319500000001,-4.2567086,-1.1363457000000001,-1.6708759999999998,-3.1481109,0.49534076,26.172954999999998,19.509762,-14.310726,-15.742439000000001,-0.77191937,-0.41570446,-2.766045,0.9885273000000001,-3.3305195804586135e-05,0.5759874050340837,10.847249329809705,2245.73536427012,2150.3806008816605,14.299787610494516,9.62813215726002,12.269893353843207,16.017212529775957,19.31322412383137,21.00409747981881,27.88260623490221,0.00034341309999999997,3185.390625,0.0638134765625,0.0,0.0,0.0,0.0010278866277076304,0.01887020263820887,0.0003705686191096902,9.381992422277109e-05,0.974098777770996,0.00392978461459279,0.0012296201195567847,0.0003793850308284164,0.0,True
00:11:08,5c41c28e896e090001c03bb0,152.56015884971526,0.6296014263429186,1.0559804006075864,-58.77280109388379,-403.8222,107.08359499999999,-15.186269,-1.4572802,6.3436747,-13.70074,-0.19505751,6.607249,-12.573913000000001,-2.5336993,2.451423,-8.337326,-13.693335000000001,29.854415999999997,28.86559,-5.2086525,-14.240809,-27.193525,-10.924406,1.6491558999999998,1.4547035,-5.321901157515188e-05,0.8897019411920515,12.963856189941275,4292.791673433654,4412.014721423209,11.250309403468334,10.317648628127381,13.115721592777948,15.871703030020887,20.257599744145388,22.419863459231987,27.574375494807448,0.05230032,9192.65625,0.05740234375,0.0,0.0,0.0,0.0743919953238219,0.004288922308478505,0.0057552619982743644,0.008639039064291866,0.7294451840221882,0.016138241160660982,0.15893307719379662,0.0024083047203021122,0.0,True
00:11:09,59278c090220760001fda664,,0.7576349382407132,,-63.11668302700857,-489.30722000000003,23.716373,1.1716266000000002,1.062558,-0.46596968,-2.6163332,-4.4958954,-5.4588203,-5.289094400000001,-4.201027,-2.6945605,-1.3366748,16.993494000000002,8.230533,0.05594907,-5.429503400000001,-7.345047999999999,-6.164092,-3.3073230000000002,-0.44332457,0.35250357,-7.614094153952455e-07,0.0126828188252441,,3578.5846510940605,1735.2854878616479,15.909320297872245,8.56367493083116,10.959693167960658,20.081877343536828,15.77539595469888,15.047765151617194,17.839565688480498,0.00082320295,2044.21875,0.0262109375,0.0,0.0,0.0,0.014506086474284531,0.04486721605062485,0.007067669276148081,0.0007572267451905647,0.8863214612007141,0.02682133447378874,0.018903790391050283,0.0007552520488388838,0.0,False
00:11:09,5c41c28e896e090001c03bb0,139.43234929561962,0.8532787944867107,0.3672923615427725,-40.51790842920428,-321.17874,172.0894,-7.9652324000000005,-6.344778,1.9159749,-3.8585550000000004,-1.8803159,1.8277511999999998,-6.535126999999999,-3.2921312000000005,-1.6858841,-5.373411,-28.767109,8.255611,31.543652,-2.9054115,-8.156927,-11.794811,-12.614067,-4.1037989999999995,1.0817444,-0.00010738667183316796,1.7877872095826086,13.433712209904758,2785.309763907373,2710.2124454181303,14.835741571419627,12.624949770295222,15.323959530490027,15.080120735478785,19.42600702339384,22.07060982956139,29.385166275731216,0.018233833999999997,5422.734375,0.0605615234375,0.0,0.0,0.0,0.002304360548441764,0.002993149738176726,0.0002574236757936888,0.00846708815661259,0.906841105222702,0.00698642008646857,0.06265752543695273,0.009492944472003727,0.0,True
00:11:10,59278c090220760001fda664,396.95292191405946,0.7405520302812408,3.4151841594560617,-47.779652945058615,-434.18613,73.697464,8.736906,10.697818,3.9255636,-5.112408599999999,-11.693850999999999,-10.101303,-2.5692717999999997,0.38757759999999997,-1.8451153999999999,-2.0812328,19.635597,-7.463202000000001,-9.17183,-6.166681,-4.462018,-6.375389599999999,-8.602821,-1.9571721999999998,0.8441723,-1.9016525947610668e-05,0.3147441556461088,34.20499556731444,2203.1125475317763,1390.4187226074923,14.040947318488904,7.739871385597575,12.55217201551668,19.99543802401094,23.246929557030988,17.737713456772443,21.545377408445635,0.00026906258,1700.625,0.0358740234375,1.0,0.0,0.0,0.0022122923284769056,0.027108369395136837,0.0006774214562028646,0.0001277893883525394,0.957626485824585,0.008209912758320571,0.0037502098362892865,0.0002875248581403866,1.0,True
00:11:10,5c41c28e896e090001c03bb0,139.4786808906701,0.6408258197526882,0.6660194370803197,-21.009852603970682,-231.44633,174.83957,-14.219801,0.89292264,11.488841,0.13837835,-5.7633333,-6.822308500000001,-6.6474667,-0.71043336,0.12769914,-7.774159399999999,-30.25723,5.660695,-5.688203,-10.153747000000001,5.3819623,-15.82666,-13.80799,-5.899346400000001,1.9280182000000001,-0.00015549028754901996,2.6031577055749313,15.75571091963224,1861.3990074237765,1961.38753342572,14.878712557328972,12.426173836501784,15.052075811022297,17.358922087765528,17.867710915925734,20.382508499768907,40.041349417011425,0.0011808412,3382.265625,0.06208984375,0.0,0.0,0.0,0.002578618912957609,0.00362884581554681,0.0005156251179869286,0.018431132496334608,0.8277398347854614,0.007521360623650253,0.12652838081121445,0.013056221883744,0.0,True
00:11:11,59278c090220760001fda664,,0.6620091072410771,,-57.226578316558545,-466.73224000000005,49.45908,2.290618,1.8043885,-1.0908396,-3.889918,-4.723975,-3.9663544,-3.1060805,-2.7914658,-2.4961944,-1.7360315,29.189608000000003,9.404488,-1.9365529,-5.348913700000001,-5.4531956,-4.8312364,-3.0671084,-0.03234152,0.5532428,-1.8753334444194573e-06,0.030988502142421367,,2627.9878574371123,1385.0374163444608,12.312333970661456,7.644582493472434,10.775622968520008,16.600880227669272,19.462709015184632,16.153051612535958,20.006268645235007,0.00037623043,1794.140625,0.0286328125,0.0,0.0,0.0,0.002388784918002784,0.012914083967916669,0.0005371604231186212,0.0013364996673772113,0.9627324938774108,0.007176427263766527,0.003553252480924129,0.009361241315491495,0.0,False
00:11:11,5c41c28e896e090001c03bb0,127.74596379000114,0.8633086449025309,0.43927683932589,-29.21886157211017,-284.92203,186.61636000000001,-3.4269397000000006,-5.793393,7.8536167,6.711303699999999,-6.942146000000001,-6.564442,-2.4192126,0.38122538,4.048757,-2.751906,-5.329022,-7.609457000000001,2.884525,-11.431689,-7.178465400000001,-9.816165,-18.829126000000002,-7.216132000000001,1.4111446,-0.00013167995970000718,2.171792896750529,11.237019303266415,1881.7060670281976,1744.2611470879197,17.238856912105287,13.371015206785533,15.80890228667845,16.974014981639918,20.95227490735088,23.066112715690114,30.475417391885237,0.0035594304,3149.53125,0.0412060546875,1.0,0.0,0.0,0.0007534906132301936,0.0012965966404105227,0.0001846927019262997,0.009060719205687445,0.8760155638058981,0.002126867650076747,0.10340260838468868,0.007159405620768665,0.0,True
00:11:12,59278c090220760001fda664,,0.7434715413268403,,-60.37927770801353,-482.70345999999995,32.35322,-0.062876835,0.706214,-0.4167425,-2.5618098,-4.596576,-5.614944,-5.250642,-3.7330699999999997,-1.7106738999999997,0.05379267,23.676942999999998,12.136959,0.96665287,-7.099781,-10.689502000000001,-10.064019,-6.7643504,-2.8471912999999995,0.40596184,-1.0249030787496564e-06,0.016956169479957317,,3177.855759393073,1474.0319623471871,14.77566159118752,9.052018356711498,10.345881629902683,20.777581435513692,15.381470790285164,14.99203923214568,18.09045712407508,0.00048172605000000005,1452.1875,0.025126953125,0.0,0.0,0.0,0.007056564628146589,0.01801763291005045,0.001935062720440328,0.002787598373834044,0.945412576198578,0.00806115665473044,0.013532829191535709,0.0031965625123120843,0.0,False
00:11:12,5c41c28e896e090001c03bb0,179.18011117810116,0.6187487946016637,2.5043977682576832,-20.753667416484802,-223.06577000000001,162.0976,-7.306047,5.4774475,10.347511,-6.0342197,-6.045396,-6.849327000000001,-7.479087400000001,0.9243496999999999,0.5419392,-10.420541,-46.203724,13.005343,-2.8394467999999997,-15.765948999999999,7.2744856,-21.263536,-17.436564999999998,2.9680705,1.8165543999999998,-0.00015538621507622363,2.6130237133059206,20.64655531277113,1845.6768776660795,2492.015994927537,14.758706558235954,12.039830477116533,15.314140186192812,17.897174883709578,18.155919088961856,20.523073846199992,42.434697370468,3.228418e-05,4061.71875,0.0946728515625,,,,,,,,,,,,,True
00:11:13,59278c090220760001fda664,,0.7397266985828507,,-67.27240265721815,-496.35727,14.716028,0.13526670000000002,0.23830877,-0.585743,-1.746657,-2.5741110000000003,-2.6232436000000003,-1.8423566999999998,-0.55085045,0.7369432,1.5458643,10.549619,5.0312448,-0.25499853,-3.9682112000000003,-5.4482756,-4.8665514000000005,-3.0519505000000002,-1.0883868,0.24161229,-5.24717128776346e-07,0.008821509590896934,,4171.839376932507,2205.1061234702943,14.1353305059087,8.16143991346161,11.07520634851294,21.030925392961,14.882331098283428,14.650040616903748,17.262518269980884,0.0021910188,3591.796875,0.0293359375,0.0,0.0,0.0,0.01798597951419651,0.028724952740594743,0.009544683713465929,0.003116575683816336,0.8840227603912354,0.029330441728234288,0.01282177462708205,0.014452806347981097,1.0,False
00:11:13,5c41c28e896e090001c03bb0,224.64792529485456,0.979793555253647,1.9615618852386645,-25.865414535140623,-241.96507000000003,157.72678,-13.295175,-7.4493575,7.900478,-7.797099,-6.5068097,-1.9689648999999998,-2.0378594,3.0483732000000003,-4.452467400000001,-22.411742999999998,-39.56738,6.296016000000001,2.7522357000000004,5.0911026,6.31568,-21.134972,-29.168203000000002,-3.2379708,1.7066791000000001,-0.00016597466163677263,2.804273732393121,24.699612586088872,2274.848684155307,2116.507875853577,11.887780076289589,13.82399626969416,16.522061332846214,16.979338792791633,21.078729074793827,21.867455632092337,39.5482818088305,0.0020287947,3972.1875,0.0487158203125,0.0,1.0,0.0,0.0015108534542378038,0.003457673778757453,0.0003933814514311962,0.0011305014835670591,0.9654301166534424,0.007501135522034018,0.0181937794899568,0.0023825742944609376,1.0,True
00:11:14,59278c090220760001fda664,132.31270495818478,0.7765994177285519,0.3292947699973983,-39.464131352861024,-344.72147,105.16452,11.050278,8.122442,-5.6043706,-5.093494000000001,-2.6072345,-6.6834235,-2.2000592,1.7961512,-6.985396400000001,-2.1787164,-22.619677,-3.4584386,8.234001,-5.4126453,-14.034157,-11.46241,-5.503094,-1.2868211999999999,0.9065549,-0.00010517685693023482,1.7638313481651955,19.780700927307123,2653.1792357204417,2075.2472038990163,14.452892468476934,10.820154889439891,14.182318334240415,19.808767331190463,19.99247070297107,23.517183666885884,30.237156970848687,0.0011087469,3819.84375,0.0436474609375,0.0,0.0,0.0,0.0035522100050002343,0.030205879360437393,0.0009149644989520313,0.0005259511468466373,0.9485498189926148,0.011384379118680954,0.0028815075755119325,0.0019852760946378113,0.0,True
00:11:14,5c41c28e896e090001c03bb0,167.22902184620077,0.7052902781779954,0.5676873660094661,-43.59333835690713,-367.6153,87.40297,-4.1132536,-2.8138096000000004,-2.0303972,-2.334577,-0.98569894,-1.7415766,0.45451197,1.2856054,-1.3355271999999998,-6.681062700000001,-16.316738,6.0719886,5.708414599999999,5.5503919999999995,-4.981448,-13.017205,-15.406556,-8.190966,1.1335349,-9.310432622563111e-05,1.5705667373955603,16.80439412972678,2890.236509316468,2460.777392964164,13.287164832534426,10.234134977376096,17.152286673522248,16.139011319402876,24.927393436609545,22.572128800197806,27.21042325135309,0.0023186987,3975.46875,0.0577880859375,0.0,0.0,0.0,0.0016684312984580176,0.0031554957502521576,0.0004724635102320462,0.001676002045860514,0.9640798151493072,0.0024601542332675307,0.024932980071753263,0.0015546705515589565,1.0,True
00:11:15,59278c090220760001fda664,143.97999552623457,0.32911330098802305,1.235858839155851,-46.11591513125216,-414.03372,80.83386,3.7049446,-0.7941522,-4.4213586,-3.4382534,-2.8650184,-3.1759207000000003,-3.3893072999999996,-4.597275700000001,-5.9635057,-1.1070657,12.928522000000001,2.1939375,5.122444000000001,-3.03558,-15.273793,-19.65515,-11.506972,-0.5941347,1.0572868999999998,-4.44786836546002e-05,0.7395175443509616,39.26073645040582,2581.668952266833,1763.3637261091606,12.265849095405375,9.66435181639252,11.440714694641054,17.12475568368786,18.661037668544985,18.717761130376285,25.288271492546343,0.00079465087,3009.609375,0.03849609375,1.0,0.0,0.0,0.21651015407405794,0.022249625227414072,0.008749175700359045,0.11081562410108743,0.38046891558915374,0.07838693913072348,0.03392700124531985,0.14889260423369705,1.0,True
00:11:15,5c41c28e896e090001c03bb0,170.9079534020534,0.6611518584038957,0.7903748751761986,-26.247363749473013,-252.85841000000002,109.88221999999999,-17.307615,-7.619251299999999,-1.2127516999999999,-6.6024199999999995,2.3647575,3.2564394,-3.5771685,-2.8889065,-4.3644055999999996,-12.325709,-68.52883,36.427395000000004,-1.4612246000000002,-0.4364567,14.263562,-25.850752,-23.192455,-8.352583000000001,2.0292788,-0.00016256021919927843,2.8520786403642218,18.11719041712561,2553.6077316715728,3685.2754592276174,12.789867593970275,12.40442000938611,14.554567029530515,14.57927536674011,19.63697858641901,22.32360604507164,44.002656780198286,0.0052635246,5782.265625,0.122236328125,0.0,0.0,0.0,0.015648100548423825,0.007551436423091219,0.008495460817357525,0.05508649861440063,0.5910508140921593,0.04925172333605588,0.2561809454113245,0.016735023353248838,1.0,True
00:11:16,59278c090220760001fda664,176.2238379124334,0.8737751893989983,2.39449874932183,-33.80738782157633,-385.79953,115.06138999999999,-0.10589413,3.6571252,-4.7812223,-8.584883999999999,-3.3864028,3.3622339,4.3982706,-0.5476512,-3.7270775,-0.75505304,29.700497,8.580316,13.451543,-0.058636837000000004,-17.211695000000002,-21.4097,-19.441809,-12.99536,1.3667655,-6.676955996535922e-05,1.093500566569588,34.77732987010708,1655.52668694274,1204.2723647905566,12.980230916110814,11.397999912943584,16.553399307646078,17.02414380575225,21.08449518065911,20.435292992522925,26.581287192518797,0.00023418303,2005.078125,0.0301953125,0.0,0.0,0.0,0.06982777984812856,0.0236182184657082,0.002327923383563757,0.04895094693638384,0.5235235661268234,0.03653116635978222,0.003973411326296627,0.2912469674833119,1.0,True
00:11:16,5c41c28e896e090001c03bb0,166.7553310554629,0.9687662498236888,1.0702182198346544,-16.233862589475414,-241.05497999999997,138.40912,-13.905582999999998,-8.721703999999999,-2.3450189,-2.6452627,-0.06057315,1.4651991000000002,-0.1520585,2.9573781,-1.48492,-8.4756365,-52.275383000000005,24.580214,14.359791,-1.4663188,5.1549697,-22.022541,-20.355917,-10.617506,1.5723333000000002,-0.00018238585307728519,3.1013857129049875,7.98420543555361,1562.4666405813778,2192.932439567553,15.773283708567913,14.063840262093438,19.691204614686306,20.40151229313751,20.84589459410241,22.054554694323073,41.12259418511393,5.9072619999999996e-06,3305.15625,0.0731689453125,0.0,0.0,0.0,0.11012218734249472,0.013514005183242259,0.30753095671534536,0.07211587936617432,0.12413724476937205,0.10338603742420674,0.2010805167257786,0.06811318548861893,0.0,True
00:11:17,59278c090220760001fda664,159.60732017159182,0.9940084528027144,5.175041953660589,-46.27067768512975,-439.2271,73.646416,-5.1208897,-3.8313483999999995,-5.4002514,-8.499911,-8.990094000000001,-6.089829,-2.7473855,-2.6362247,-4.3840666,-2.9934428,34.987534000000004,19.044931,13.444216,-0.63999957,-10.485645,-7.0029454,-3.0255792,-4.670245599999999,0.73218936,-1.7576650546399474e-05,0.28674163326243784,13.92294612676508,2160.680949916124,1386.225292960229,13.323641347295265,10.22418800166612,13.112845475641475,15.905420200017511,18.88835824693837,18.95822345765972,23.3274635536448,0.00033805042,2470.078125,0.0308642578125,1.0,0.0,0.0,0.005683946027420461,0.01864741037134081,0.0006967759036342612,0.0020540013705613084,0.9504063963890076,0.01641398277133703,0.0038366339751519257,0.002260843105614185,1.0,True
00:11:17,5c41c28e896e090001c03bb0,130.42937760052834,0.8818311235892354,0.543402800118168,-52.19014133965168,-382.4299,150.68765,-3.9204266000000003,-5.2354335999999995,1.5685506,-4.2054315,-5.3923,3.5379052000000004,2.2824209,-2.0313407999999997,-5.718947,-12.045942,2.0684744999999998,4.376737,19.879763,2.6194177000000005,6.2630954,0.810283,-8.164639,-1.0538404,1.0282907,-6.102561700589016e-05,1.0047491429043376,12.424043551239837,3419.282930784268,3127.6386851647276,14.312980610069394,12.164126993324974,13.403877463376439,15.811917163827795,17.310850596255776,18.617753226009995,24.77698072447475,0.04246636,6585.46875,0.022598930027173912,0.0,0.0,0.0,0.17770035285502672,0.006418586382642389,0.123948822543025,0.0938443074002862,0.019635045947507025,0.17824442014098169,0.34674035757780075,0.05346808736212552,0.0,True
00:11:18,59278c090220760001fda664,219.7136064324349,0.9008074720627112,7.992386473030645,-40.08235487500822,-372.97797,65.673965,0.18095441,-1.1276811000000002,-0.08540668,-1.0754567,-4.563668,-0.5917342,5.326043,-1.5282544,-0.96748286,-0.4921392,0.1286299,15.568566,-8.262437,9.939492,-9.343554,-15.085188,-14.886695000000001,-9.780644,1.2124344999999999,-3.277009927493288e-05,0.5989023525979897,22.44924065774416,2842.8477558595064,3819.840714393399,13.198453354489699,8.358661670549429,14.045519266588402,16.203937409048862,20.394071871009718,22.875498902379665,33.45128865951313,0.00079418666,5996.484375,0.1329296875,0.0,0.0,0.0,0.007958030654117466,0.028546010301215573,0.0007585978019051254,0.0062852560062310655,0.9366494178771972,0.0030472439480945467,0.002024964755401016,0.014730438182596116,1.0,True
00:11:18,5c41c28e896e090001c03bb0,112.39464244291948,0.5303473049571061,1.8638889165275505,-59.42970813427186,-370.9606,158.53696000000002,-16.36853,-9.481802,8.659883500000001,-8.511319,-4.549429,7.541333,-9.783123,-5.17899,1.9554497,-16.903389999999998,-23.605328,28.332819,30.536153999999996,-15.344941,-9.2358265,-18.872854,-15.888421,0.41279966,1.6441473999999998,-0.0001108891789398054,1.85709044013985,15.417322822484673,2510.53113699224,2502.90550236786,13.057952642129528,9.739279328149523,13.395478257185914,15.09967608680085,16.248010784805,18.84521750443092,25.920348243188947,0.36102462,5050.426136363636,0.03706430288461538,0.0,0.0,0.0,0.04085065331310034,0.028141675796359775,0.016506687528453766,0.009653099253773691,0.5004590410739184,0.20335724093019966,0.1879513807594776,0.013080205325968564,0.0,True
00:11:19,59278c090220760001fda664,145.4402082174826,0.8245806531308147,5.448253053225469,-48.355688279754645,-428.95648,79.01988,11.413669,10.001265,2.5897069999999998,-3.3835792999999996,-10.947799,-11.707438,-3.071797,1.2731393999999998,-0.47459543,-0.092275314,25.058416,-1.3014928,-10.935047,-12.861914,-3.671163,-1.3119783,-7.523095599999999,-0.8267853999999999,0.80702204,-3.76503836859193e-05,0.6183629199064975,30.851985825612413,2698.6190973165835,1641.1276855597155,14.295086926805793,8.801343486446418,11.953774098669955,20.83812341116285,20.644452104449893,18.496930889900018,22.044511048649603,0.0007441250999999999,2494.921875,0.033447265625,0.0,0.0,0.0,0.00040968060202430936,0.0012049214506987481,0.0001025431221933104,0.00033979707513935863,0.99570552110672,0.00027724443207262085,0.0007621201628353446,0.001198191041476093,1.0,True
00:11:19,5c41c28e896e090001c03bb0,,0.4233708444750869,,-63.16030602638404,-400.33867999999995,128.6701,-7.892937700000001,1.0762742,13.666552,-4.5832695999999995,-10.856207000000001,-1.2613484,-4.010718,0.7953237,2.586434,-11.391838,-31.519424,-30.83806,0.37474746,1.6585723,4.4848623,-5.735675,-5.6575239999999996,1.7541845,0.8481424999999999,-4.4672972058182104e-05,0.7447169191375571,,3665.7145645869855,3988.848322871159,9.52363811259375,6.911619667740432,9.06255356024828,13.343367563258973,18.848490704564828,17.514257238271085,25.953101495649985,0.12586224,7727.713815789472,0.06658139436141304,1.0,0.0,1.0,0.004709239479982191,0.0077561024485880295,0.0009435331497419004,0.25631163214307484,0.5408215764909983,0.014389970048796387,0.025847345137865182,0.14922056701551709,0.0,True
00:11:20,59278c090220760001fda664,174.2848959415393,0.538985837942525,1.2943726382595788,-34.217057588786965,-335.11658,99.31317,-6.600759,-3.140893,-5.203776,-5.416383000000001,-5.6843734,-3.3701575,-0.070074506,-1.3955708,-0.15960902,-3.8891763999999998,-8.646131,29.946066,25.1926,4.9707775000000005,-17.965443,-16.90036,-12.814312,-13.288035999999998,1.6482792000000002,-8.665088374048786e-05,1.4700008421216881,33.352318036070855,2569.3960354044707,2204.8258044360045,15.54269739878409,10.902327425402026,16.366098630193765,16.255580013316596,19.429364197948857,22.60615601881783,31.616908553423553,0.00029088385,3658.125,0.0584423828125,0.0,0.0,0.0,0.0007962533301906661,0.000865545857232064,0.0002554356200562324,0.0002796886095893569,0.9965503692626954,0.00022447201408795083,0.00037461039028130466,0.0006536529632285238,1.0,True
00:11:20,5c41c28e896e090001c03bb0,,0.9633286344025932,,-106.43627115130242,-507.33987,,,,,,,,,,,,,,,,,,,,,-1.2609340694653836e-08,0.0002627454882327664,,6862.729923826141,6737.154182554234,9.530480098110427,9.251780522600779,9.668992373407358,10.591510788472148,10.57513783890976,10.729861595380012,11.272351134553446,0.7618193,15855.09072580645,0.00951306573275862,1.0,0.0,0.0,0.031191052868962288,0.08916095644235611,0.08637082576751709,0.004252804908901453,0.4864388704299927,0.19827724993228912,0.09912895411252977,0.00517922081053257,0.0,False
00:11:21,59278c090220760001fda664,122.4367428444573,0.8532980916538822,0.6242439341308511,-21.512337807520066,-264.82812,179.08443,-4.9293466,9.021116000000001,4.676740000000001,0.06475886,-3.5162175,-4.524701,-4.299751799999999,0.41593859999999994,-2.0768502,-4.5801050000000005,-11.704854,-6.223796,27.282694,15.638020499999998,-5.75102,-6.8243113,-15.814959,-26.698086,1.7345926999999999,-0.000131912572145764,2.1840621224984567,27.43698978723681,1780.0659244834492,1778.9947566482388,16.256654597253807,11.182888303869861,14.826130250352898,16.783729139714836,21.009317062557088,27.751674663220054,33.70814202312361,0.00015341642,3258.28125,0.056689453125,0.0,0.0,0.0,0.00228631982463412,0.000632645795121789,0.00033004150609485807,0.0007889681844972075,0.9923208713531494,0.00021512409293791281,0.00025553640953148723,0.0031704413529951127,1.0,True
00:11:21,5c41c28e896e090001c03bb0,,0.4629236614824175,,-86.524974408166,-501.85927999999996,6.6408033,-3.8538040000000002,1.6124842,6.089434,4.547503,2.6321998,0.20060260000000002,-2.1328974,-0.27247983,-0.26335979,-1.720534,-11.7981205,-2.6330867000000002,-0.2814659,-3.590359,2.1641505000000003,1.7672436999999999,-4.241994,-5.521641000000001,0.7042348,-7.026062234020121e-07,0.012487850898346428,,5609.454733607755,6568.013097144675,9.177385890459119,9.056133006930779,10.575475724172458,14.499629717482533,13.55793104182504,15.975686427177319,19.202262544133944,0.13524236,12714.964561855671,0.07933815238402063,0.0,0.0,0.0,0.023548360603551068,0.03660376545869642,0.06352102032138242,0.00297380212901367,0.5628453062640296,0.08827160547176997,0.21838878840208054,0.0038473389577120547,0.0,False
00:11:22,59278c090220760001fda664,100.6243319144725,0.5613757424427451,0.5595014749697808,-23.4689671004382,-271.33136,159.11627,6.503164,-2.1753023,2.0973465,6.5790224,-5.6984763,-4.770794,7.578298599999999,2.1326267999999997,-10.332939,-1.5424274,-19.983970000000003,5.936203,25.300362,1.5162138,-9.136835000000001,-13.258237,-29.24308,-13.981948999999998,1.7923331999999998,-0.00011982721428875797,2.0019190781099363,35.926904083144315,1903.614967646032,2145.9922598094017,13.322775687637948,9.841727184632953,14.910975351420742,16.074958342002606,21.501646043000736,28.125555734223948,34.05871785560177,0.00011468311000000002,3821.015625,0.0697607421875,1.0,0.0,0.0,0.002173022599890828,0.0015153317479416728,0.0006867831572890282,0.00035052287857979537,0.9934637069702148,0.0005296890856698155,0.00029822757351212205,0.00098279359517619,1.0,True
00:11:22,5c41c28e896e090001c03bb0,,0.5835927814248615,,-105.53132423881632,-507.33987,,,,,,,,,,,,,,,,,,,,,-2.084799546524902e-08,0.00046398658977682726,,6597.798034610357,8179.034308807249,8.996538653071521,10.146898738164102,9.766384260896091,10.115940729537106,10.585545953470248,10.367341492783149,12.369443050572045,0.7174418,16518.643465909092,0.04490902549342105,0.0,0.0,0.0,0.13888511154800653,0.02418363802134991,0.08873870875686407,0.02241598521359265,0.059725347813218824,0.3514071211218834,0.2812551259994507,0.03338896071072668,0.0,False
00:11:23,59278c090220760001fda664,123.05925391315931,0.5337605577212253,0.5278360046265412,-26.530569913914395,-285.70447,151.91591,3.0599976000000004,9.351873,-0.7843002,-10.070329,-6.8128204,-4.633099,-2.798608,-0.77204883,-5.9633174,-2.9915307,-26.732770000000002,-15.18183,10.538758999999999,3.0547154,-2.5340752999999996,-4.0978336,-12.348155,-11.658636999999999,1.4163598,-0.00015193560646275769,2.5379626321386404,18.664649278484408,1946.7505630365906,2327.6801919844233,13.512123007616902,11.010971339514407,13.396309211798446,16.17893916285367,20.882729217174575,25.42360309890429,33.46912375018105,0.00067392405,3813.046875,0.0764697265625,1.0,0.0,0.0,0.0635435540229082,0.011970675573684277,0.004894990532193333,0.0071134043042548,0.8798467755317688,0.00983181930205319,0.020507674891268837,0.0022910860367119307,1.0,True
00:11:23,5c41c28e896e090001c03bb0,,0.0,,-109.46512580451794,-507.33987,,,,,,,,,,,,,,,,,,,,,,,,,,10.211688719812749,10.211688719812749,10.211688719812749,10.211688719812749,10.211688719812749,10.211688719812749,10.211688719812749,1.0000007,,,0.0,0.0,0.0,0.1504910483956337,0.02566247889772057,0.0923355545848608,0.013391994452103971,0.019082467909902333,0.3425096184015274,0.34356427639722825,0.012962580658495426,0.0,False
00:11:24,59278c090220760001fda664,117.82788724945827,0.8093869481668213,2.3024924927714605,-21.736706365011937,-281.62497,179.09503,3.3618257000000007,5.497833999999999,-3.8837767,-4.170507,-8.023201,-9.281775,2.0747168,-1.6346475,-13.382856,-1.4374595,0.5971882,1.6121945,26.799309,-1.774714,-6.906097999999999,-4.073607,-20.52704,-17.91164,1.4762876,-0.00012231009019387248,2.022410454890593,17.806807519536843,1412.8663813121561,1287.1712849893304,15.11654800299674,12.00389671336359,14.885872022073945,18.052277845625934,21.63735248884111,28.41520177065567,31.866371470793787,3.5968846e-05,2294.0625,0.0403271484375,1.0,0.0,0.0,0.053073530364781615,0.016532435640692712,0.004028896614909172,0.005818912968970835,0.8988948106765747,0.008709302730858327,0.011234469176270068,0.0017075775132980198,1.0,True
00:11:24,5c41c28e896e090001c03bb0,,0.9246247451980304,,-108.86180692042008,-507.33987,,,,,,,,,,,,,,,,,,,,,-9.354650367225724e-09,0.00022270599761952422,,6747.166970667812,7860.298787685806,9.831725563966078,10.02739631512371,10.041950312421086,10.647013250104617,10.375597495529746,10.50517592584908,10.529250224337318,0.9535197,16585.9375,0.016031901041666668,0.0,0.0,0.0,0.01569260561373085,0.05175402835011482,0.0068810505676083255,0.002271515410393477,0.7505124345421791,0.09790108539164066,0.07183337099850177,0.003153947298415005,0.0,False
00:11:25,59278c090220760001fda664,103.88491012582256,0.8996244527853047,0.3706452474200928,-16.831294031159736,-233.45866,205.63025,9.923817999999999,5.8357339999999995,-0.7560688,5.7784185,-4.0595083,-11.560205,3.1822054,2.7876163,-12.945443,-5.496008,-23.493729000000002,-9.356196,37.07215,-0.650868,-10.516441,-11.100037,-35.262184000000005,-21.298178,1.4517187,-0.00017960300619676594,2.972122768888146,29.00105310603536,1251.7589265156564,1318.6070809822334,15.580088111499258,11.543506293086526,15.718348646417693,17.181906316501678,21.873224299693998,28.263738253038987,31.300412803570005,2.3925752000000004e-06,2291.953125,0.0377880859375,0.0,0.0,0.0,0.0033506001345813274,0.004112864891067147,0.0011194278020411732,0.0008075699646724388,0.9879258632659912,0.0007307913037948309,0.0006970631657168268,0.0012557640206068755,1.0,True
00:11:25,5c41c28e896e090001c03bb0,,0.8016408772711296,,-91.73849341112722,-501.19046,24.43168,-9.742272999999999,-10.391455,-6.5371227,-3.7937366999999997,-4.3155527000000005,-4.251232,-2.278332,-2.6631014,-6.958698700000001,-9.817567,14.111023999999999,8.334197,6.5796156,3.061922,-1.7616488000000001,-3.3305085,-2.801526,-5.2366839999999995,0.5734268,-1.0467717076229693e-06,0.017226290420714073,,4938.570890534761,4334.7003234195345,10.326729464320692,10.473849550380306,11.532032173383017,12.405653170399836,14.731143472238555,12.159185141431939,12.242800182839543,0.5516958000000001,8773.73798076923,0.01657284007352941,0.0,0.0,0.0,0.017005036398768426,0.06610042192041872,0.008782792952843009,0.002717101044254377,0.6520854532718658,0.14152503833174707,0.10842552483081816,0.0033585984725505113,0.0,False
00:11:26,59278c090220760001fda664,142.8515206092167,0.6162740372648193,1.7688321042482669,-32.198528904845354,-354.24866000000003,124.55578,-2.7049992,-5.1522117,-2.070243,-0.30470067,-7.026153,-2.6663995,8.1178875,-1.4539316999999998,-9.035226,2.5215294,23.193579,14.285184,13.342913000000001,4.6587677,-3.2608118,-7.953488,-20.710179999999998,-14.671439000000001,1.3583438,-5.6159539671437464e-05,0.9301220449633386,15.796800620479797,2111.0578724298025,1891.5856722724152,14.602337261516533,10.492143042847337,16.11901841216331,16.27893129598851,22.059842062080136,24.092021594591184,30.352018644723433,0.00031117385,3369.375,0.054384765625,1.0,0.0,0.0,0.004713043780066073,0.004384128237143159,0.0011054034810513258,0.0008441830519586803,0.9846331596374512,0.0019212913233786824,0.0007615252747200429,0.001637251174543053,1.0,True
00:11:26,5c41c28e896e090001c03bb0,,0.9976439248119778,,-97.36774385755156,-506.9923,3.8063066,-0.07683335,0.71658385,1.5114492,2.3466012000000003,3.1295843,3.590349,3.5153703999999997,2.9680748,2.2098312,1.4258034,3.084436,2.2150621,1.3484626,0.46340623,-0.41398279999999993,-1.0601356000000002,-1.2042568,-0.80147123,0.078112595,-4.324896423610286e-08,0.0008119295657841434,,6531.982489484658,6131.858809184842,9.735546163408683,8.196368908516263,12.096922455147707,11.285484057218893,14.49579908227616,12.231744683078315,13.578434992108233,0.35108408,14061.536815068494,0.01805302868150685,0.0,0.0,0.0,0.04427935890853405,0.036812239792197936,0.013807909935712816,0.015730858570896088,0.2340028692036867,0.3733729392290116,0.26498105078935624,0.01701278027612716,0.0,False
00:11:27,59278c090220760001fda664,95.81073010507065,0.8172576946297637,0.4478292938999554,-27.163819732926093,-314.72977000000003,138.42674,0.12122588,-1.6815801,-0.85327023,4.538039700000001,-4.6687183,-10.9651985,-3.8045201,1.3887749,-4.3105965,-3.5720283999999998,-0.8859524,6.0727754,3.9259193,-6.5276246,-4.504976999999999,-8.591921000000001,-19.099129,-15.441078,1.7230093,-5.91156622510929e-05,0.9878518346457242,12.75002862093653,1936.154834480109,2219.060964673729,12.943204520923304,9.989661063808297,14.86123064448372,16.536101021815533,22.24347361068702,26.82811507267404,34.457312162439926,0.00026430422,3716.71875,0.072490234375,1.0,0.0,0.0,0.0428446114063263,0.0546555932611227,0.005049692024476826,0.00656835197005421,0.847719144821167,0.02194519229233265,0.019048302061855798,0.002169155201409012,0.0,True
00:11:27,5c41c28e896e090001c03bb0,,0.7679132295193952,,-105.68794008146317,-507.33987,,,,,,,,,,,,,,,,,,,,,-1.29708839838639e-08,0.0002701674466942524,,6686.3117973648295,7386.15644983555,9.541446398250988,8.76044185343188,9.92387413723431,10.263305507337783,10.659847187998283,10.710396730107657,11.716206564212804,0.7264085,15855.152027027028,0.009195963541666666,0.0,0.0,0.0,0.04126757346093655,0.031960042007267465,0.04005862083286047,0.019262151373550297,0.1643522411584854,0.3169058084487915,0.3690588712692261,0.01713471198454499,0.0,False
00:11:28,59278c090220760001fda664,91.57420527611626,0.8590858266023657,0.492108016455745,-50.33219982305508,-434.62807999999995,72.63332,3.6858660000000003,4.826788400000001,-1.247365,-4.1884760000000005,-5.463747,-7.1834145000000005,-5.459573000000001,-3.036755,-2.3860349999999997,0.4811776,21.362807999999998,-0.038289778,-2.6893822999999997,-5.4100366,-2.2050242,1.4686803,-3.2564723,-3.917528,0.5846531999999999,-1.0226045655959033e-05,0.16958726996981327,25.36704621637824,2365.4587849078907,1366.0506605488024,14.523453174047251,9.236146168330993,12.235031344198775,17.367167703456847,19.068572329587465,18.821471905508552,21.42700996399105,0.00028428354,1802.578125,0.0298291015625,1.0,0.0,0.0,0.08541032522916794,0.02791430912911892,0.0016514318995177744,0.013015484251081944,0.8071273684501648,0.026268982887268068,0.03424061946570873,0.004371485998854041,0.0,True
00:11:28,5c41c28e896e090001c03bb0,236.53246651094196,0.4866668480164098,2.7738597964256866,-41.05437428239758,-284.28567999999996,166.9451,-7.8919497000000005,-5.0440583,4.151626,-3.4135516000000004,-6.9135275,-1.4428676,-4.1943980000000005,0.5244395000000001,4.1796837,-15.005945,-52.710224,11.565131,11.677408,-7.111415400000001,-20.850195000000003,-22.46084,-18.347923,-8.942542,1.8732241000000003,-0.00016170382107183275,2.7116313401397156,6.349149370192773,2934.828609860848,2948.9985633831484,12.52704989455141,11.213380813152533,15.464293982062069,14.471545270846152,17.81160732364936,19.440067961702894,32.821341180142056,0.13750824,5941.661005434783,0.03183381453804348,0.0,0.0,0.0,0.037176191620528695,0.029568116413429383,0.031710798665881154,0.02610364942811429,0.12354702092707155,0.31126626580953604,0.4304913610219955,0.010136628709733484,0.0,True
00:11:29,59278c090220760001fda664,108.08290224846864,0.4247905894337605,0.5609242228362088,-46.96165626345307,-435.35042999999996,74.34848000000001,1.5219678,2.355312,0.16831036,-0.25861737,-1.2013886999999999,0.10902758,2.7233392999999997,-0.34936184,-4.6330056,-2.3245575,25.844357000000002,2.161437,-3.0770264,-7.160969000000001,-10.245201,-13.812779999999998,-15.542704,-7.916395,0.9635425,-3.075206000893587e-05,0.5037282177952921,27.651479330023623,2405.617767134794,1481.4864525612884,12.48851278455012,8.285907881072399,12.433519426452667,16.476550457088326,20.119591028850852,17.03766423860689,22.855449352586128,0.0004931767,2181.328125,0.032080078125,0.0,0.0,0.0,0.021190454065799717,0.014260679436847569,0.0018475166987627746,0.005097655337885953,0.9468858003616332,0.0030114113353192805,0.0032122319331392645,0.0044942504813661795,1.0,True
00:11:29,5c41c28e896e090001c03bb0,180.24203989050443,0.9402660045811856,0.2899883938943692,-15.005874733827705,-214.5821,190.3427,-21.069263,-12.769874,3.6992936000000003,-2.9377685000000002,-4.898360299999999,-1.0314493,0.8579530000000001,2.350922,-2.5815468,-8.324146,-33.82646,2.0693421,17.804192999999998,-4.190726000000001,-6.887617,-16.086899,-17.724125,-11.520885,1.5205705,-0.0001904333486719035,3.152138714199173,10.69311137802368,1525.08635428159,1336.2691891615225,17.078401584826608,16.628278742617088,21.500864124639165,19.59842406838155,21.295603549686508,22.43086318352625,38.38890816717959,3.5698939999999997e-06,2456.25,0.0283154296875,0.0,0.0,0.0,0.05294248959980905,0.015765417832881212,0.013863890385255215,0.055399857461452484,0.2836722001433373,0.22936174627393485,0.3274734765291214,0.02152092745527625,0.0,True
00:11:30,59278c090220760001fda664,164.41652942036967,0.7284821850191596,3.404457621252548,-36.87036606496932,-391.54092,112.54579,9.483931,6.1883197,-0.46842813,-3.9994322999999996,-6.2400007,-4.774124,-2.9242735,-5.623643,-5.8182893,-0.89232767,24.760107,-11.010642,-6.607789,-4.8144574,-10.936427,-17.109556,-15.144229999999999,-1.2218993,1.2049134,-6.0967347610228566e-05,1.0015995699200086,29.664222220135585,1817.7396516965475,1490.7666180678711,13.2273359759603,8.459312605686751,14.917035897667168,17.00966803650959,22.17708218262216,19.66423461376859,25.84596095653862,0.0003859121,2587.96875,0.0390771484375,0.0,0.0,0.0,0.0033478317433036863,0.005819464847445489,0.0032843348861206325,0.0004025761008961126,0.9830738186836244,0.0015961440687533466,0.0016565806348808108,0.0008192738547222689,1.0,True
00:11:30,5c41c28e896e090001c03bb0,166.0777780649228,0.6789997529471891,0.594730103107295,-53.81970228473903,-374.54498,139.08545,-11.065589,3.5756896,8.357627,-6.729963000000001,-5.472939,-1.9755103999999999,-2.309113,6.3392916,-3.3429693999999994,-15.786248,-38.67889,1.2895865,24.335526,-0.28198415,1.5382521,-14.233248999999999,-20.81914,-11.552794,1.4113738999999998,-7.816292498097177e-05,1.3091927497039713,15.541921055750027,3524.428195119809,3893.0320414649054,11.781096780219178,10.763436777130778,14.115355205627456,15.943369030154006,18.968280247149305,18.881458115060674,28.50728828891386,0.080618694,7947.206439393939,0.06281565656565656,0.0,0.0,0.0,0.0831796370446682,0.017985717579722404,0.08059393987059592,0.08391571678221225,0.11365551427006723,0.2555320341140032,0.3175537168979645,0.04758372800424695,0.0,True
00:11:31,59278c090220760001fda664,116.64382261048729,0.5558583384638637,4.120701047515081,-34.22535660551876,-350.2576,130.27092,13.293823999999999,5.382347599999999,-3.6890410000000005,-5.0113080000000005,-11.300028,-7.199812400000001,0.71511513,-8.363047,-12.732399000000001,0.11379593,5.149504,-4.679086,14.472284,6.6819277,6.821921000000001,-5.098332,-25.58417,-9.399247,1.1526071000000002,-5.174132544189131e-05,0.8618886237533574,21.056939523506998,1703.190372769624,1472.1864672889828,13.810869382536977,10.054918026690704,12.049560539138474,15.900689729010722,25.80780019504756,26.742021607381744,26.97428765259289,7.324754e-05,2465.859375,0.04306640625,0.0,0.0,0.0,0.0010201457072980702,0.0011390079162083564,0.0003834267030470073,0.000511337339412421,0.9948111295700072,0.00023622620501555499,0.0007698479632381349,0.001128825347404927,1.0,True
00:11:31,5c41c28e896e090001c03bb0,,0.7357274579403724,,-108.24365544342069,-507.33987,,,,,,,,,,,,,,,,,,,,,-7.345852298732098e-09,0.0001645159512763965,,6361.897474783955,7608.205563080968,9.473344340079537,9.508470108372824,9.514626271963158,10.026316382665406,10.363750464934672,10.382198524041529,11.036526053395002,0.8854324,15512.109375,0.007555509868421051,0.0,0.0,0.0,0.028741220943629738,0.010272286320105194,0.019306481815874577,0.08542113974690438,0.2506345741450787,0.11080266647040844,0.4635275363922119,0.031294123735278845,0.0,True
00:11:32,59278c090220760001fda664,,0.7463333824010139,,-57.9085305732651,-473.71497,43.366417,-0.06944314,-0.6712443,-2.0917537,-3.2690866,-3.6207675999999998,-3.152172,-2.1693327,-0.99628705,0.054903433,0.61837184,30.554109999999998,14.641891000000001,0.8324471999999999,-7.5291733999999995,-9.878616000000001,-7.902264999999999,-4.244726,-1.2322843,0.4938292,-1.4515715145392866e-06,0.02389281175754969,,2707.24576592653,1259.7871277282154,14.768684841425078,8.551504834571718,10.797187168279658,18.322992440762672,17.269104701723176,15.513362297430685,18.352204762334345,0.00031057646,1318.828125,0.0236181640625,0.0,0.0,0.0,0.001932988950284198,0.0013565635192207993,0.0003648260870249942,0.0005877018891624175,0.9941153287887572,0.00033092304947786034,0.0006592641089810059,0.0006523154355818407,1.0,True
00:11:32,5c41c28e896e090001c03bb0,169.77819686022772,0.2500277245267091,3.7488307698363883,-24.922463884351306,-257.79794,166.61043,-15.840776000000002,4.207120400000001,24.431051,-7.5737190000000005,-9.909303,5.061241000000001,-8.232482000000001,-2.8957977,-0.18462226,-15.687563,-46.938087,-18.12739,16.592905,0.108104035,-6.020014,-28.589221999999996,-18.62518,0.56954736,1.6215588,-0.00011901327088536729,1.9844623682757103,12.296768371754483,1598.9800544265058,1906.0583866003635,13.62217370840208,8.98259963240738,14.2421358642914,14.661474780125015,19.49014014888752,26.153582415534128,38.92737753341273,0.0017832498,3159.84375,0.0580224609375,0.0,0.0,0.0,0.01885916781611741,0.009730841092823541,0.003422399508417584,0.029418215784244237,0.33597406623885034,0.09383226388017647,0.498730268701911,0.01003278842108557,0.0,True
00:11:33,59278c090220760001fda664,,0.7526236528331094,,-58.34750994940018,-474.39087,42.557625,-0.38825813,-0.7617933000000001,-1.9907877,-3.4848306000000004,-4.7103324,-5.2097254,-4.707285,-3.2828135,-1.4343463,0.10386683,30.115816,14.659639000000002,1.2973303999999999,-6.692867999999999,-8.874428,-7.0799155,-3.918721,-1.4055598999999999,0.49416605,-1.4420444829629997e-06,0.0237401090601662,,2782.5252654130572,1293.0849830197494,14.520253035393177,7.797390976318805,10.703869229428053,18.05937369086317,17.256854697602467,15.169189938314195,18.53184696351414,0.00035221962,1345.546875,0.023447265625,1.0,0.0,0.0,0.035947042144835,0.02553580868989229,0.010962411761283876,0.012185602402314543,0.8248479962348938,0.024288739264011386,0.059955963119864474,0.0062764672795310615,1.0,False
00:11:33,5c41c28e896e090001c03bb0,146.243918162481,0.9023637081564724,0.7903976201943708,-21.948035160000984,-241.01346,181.63821000000002,-14.410598,-10.914174000000001,4.166158,-0.14759278,-2.0841925,4.0887194,-0.63305974,-2.3484197,-6.6128364,-12.8081875,-31.345066,-3.3606238,22.09039,-3.8027858999999995,-9.097727,-14.554081,-14.729238,-8.291748,1.7193025000000002,-0.00015242120014642444,2.5298993843699096,18.36418112491036,1455.5252205272714,1537.3431669990923,15.33310817438724,12.494897661544616,15.535815816304812,15.850859212060179,18.903528231542637,21.63467953168921,35.27340185922744,1.129954e-05,2655.9375,0.042080078125,0.0,0.0,0.0,0.0019234188366681335,5.151131699676626e-05,0.0001728547940729186,0.049378033727407455,0.002511076629161835,0.00014743095380254093,0.9457338452339172,8.19071792648174e-05,0.0,True
00:11:34,59278c090220760001fda664,,0.7260326346160485,,-59.530398190958316,-478.67685,37.067028,3.5283883,1.9471947,-1.5140871,-5.0857167,-7.242369999999999,-7.3074865,-5.586515400000001,-3.0582955000000003,-0.83442426,0.3376413,25.954584,11.768862,-0.93238574,-8.69668,-10.380201,-7.258684,-2.1264615,2.088641,0.44505897,-1.233663221073003e-06,0.0203643215232514,,3003.663694258133,1436.4001699277787,14.535899173752266,8.272218318033309,10.916941125374787,20.940617965017136,16.658241961839607,15.623373530911056,18.651657316611878,0.00048026910000000005,1494.84375,0.0261865234375,1.0,0.0,0.0,0.3779356449842453,0.013972332980483771,0.04266977794468403,0.04571101330220699,0.2818585698958486,0.040912677906453615,0.1916262350976467,0.005313770426437258,1.0,False
00:11:34,5c41c28e896e090001c03bb0,131.80346392801218,0.9433850335335656,0.3771413103848803,-23.049919092117985,-253.99374,142.43486000000001,-3.6277437000000003,6.570698299999999,8.255664999999999,-6.363479,-6.031959,1.6096761,-0.88838786,-0.76402164,-2.147504,-10.345582,-55.173416,-6.478219,-5.43668,-4.7278986,15.820383999999999,-9.708307000000001,-9.458596,1.8362188000000002,1.7667202000000002,-0.00013483665669466503,2.2883683944460174,20.469082589295265,1529.988284986637,2424.482212759008,13.214456591364733,11.553807917331696,14.429554274419102,16.92453016842488,20.712630771155297,22.35008482992181,40.2821287991116,1.8997576e-05,3676.171875,0.0923681640625,0.0,0.0,0.0,0.02420507102376885,0.003999290202045813,0.016600395151827898,0.08788689939926067,0.15920730700923336,0.03380382490447826,0.6690944267643822,0.0052027749544423475,0.0,True
00:11:35,59278c090220760001fda664,,0.7394179693366107,,-59.60789432397791,-478.81003,36.685303000000005,1.6603674,0.5992601,-1.9574852999999999,-4.529157,-6.001842,-6.0018525,-4.845738,-3.2166542999999996,-1.791035,-0.986276,25.098322,10.402285000000001,-2.62356,-10.467341000000001,-12.10247,-8.980767,-3.9694772000000005,0.11770891,0.45975313,-1.1973029458337326e-06,0.01978382722681165,,2983.0876250936444,1434.7150602888146,14.066544150422194,8.910840004121091,10.87946234821867,19.98030736039872,16.14649332156351,15.242086259880168,18.60443962437992,0.00045269483,1426.640625,0.026220703125,0.0,0.0,0.0,0.1692480906844139,0.09157182201743126,0.04243135266005993,0.02049172529950738,0.4587660253047943,0.07190932407975198,0.1387933999300003,0.006788255926221609,1.0,False
00:11:35,5c41c28e896e090001c03bb0,142.26149249880586,0.8236683882679897,1.4692155276240977,-21.770417082929526,-250.22048999999998,193.0283,-9.851589,-4.9098597,11.412152,1.7903069999999999,-8.949849,3.149809,4.6626330000000005,-5.9867300000000006,-7.114896000000001,-6.394253,-16.308971,-4.964736,24.811846,-10.938601,-13.406270000000001,-7.2159224,-11.96879,-6.5114,1.3767954,-0.0001296002189630833,2.1384420966465907,12.753021656795852,1351.1373695019936,1364.8653620525145,14.264757559240413,13.13963090488266,15.467676290208551,17.25373155728753,21.275595327242367,28.553998195560784,32.680057077897914,2.0796311e-05,2581.40625,0.03490234375,0.0,0.0,0.0,0.017389982764143497,0.005669827364908997,0.009566065593389794,0.16548509874846787,0.36911985035985706,0.0633501660078764,0.3550675667822361,0.014351459487807004,0.0,True
00:11:36,59278c090220760001fda664,,0.6906992795445295,,-53.10958648109197,-452.14052999999996,63.655359999999995,4.728123,0.9146559999999999,-4.724245,-6.137948000000001,-3.1942367999999997,-1.10521,-2.6649694,-4.5035734000000005,-2.986859,-0.14548281,31.133335,4.7949047,-5.7597765999999995,-7.877063000000001,-9.532618,-9.706213,-4.994269,1.9844978,0.67171097,-3.1336648062696637e-06,0.051574383685122,,2266.399540185805,1252.3853167103998,15.344770103326747,8.689030117013672,11.009069396452535,17.89939012810524,20.163287012315614,17.9162073330014,19.494052503625518,0.00020836436000000002,1521.328125,0.030732421875,0.0,0.0,0.0,0.054030685871839526,0.054401492327451714,0.009146240819245578,0.008396836672909556,0.7659861803054809,0.07447044979780912,0.02764790970832109,0.00592019958421588,1.0,True
00:11:36,5c41c28e896e090001c03bb0,130.15264638264864,0.8925407063716109,1.4282385746815631,-44.37202104074461,-398.3522,58.30084599999999,0.0761401,6.027794,4.8280389999999995,-10.819192,-2.9157796,10.710221,4.617514599999999,1.7715589,-0.88898236,-5.592804,-37.350563,1.6054578000000002,24.922439999999998,5.5435989999999995,4.5498915,-2.9535975,-7.012083500000001,0.8561431999999999,0.8332868,-3.229521735512685e-05,0.5422181216161159,9.619744518630148,2256.159970404599,2607.7518807133274,12.928058949866106,11.212075607304065,13.309641164008331,18.3189527157484,21.730473215933863,22.456670068133207,31.05081918279805,0.0006744306299999999,4248.28125,0.07515625,0.0,0.0,0.0,0.005041122241527774,0.004952920507639647,0.002850694782682695,0.007754437008406967,0.7815878033638001,0.007640853314660491,0.18780341455712915,0.0023687549983151253,1.0,True
00:11:37,59278c090220760001fda664,120.58082537341188,0.7161573631763777,0.314605409834312,-30.824130167015532,-348.13715,154.85805,11.55868,10.56836,3.4832015,-5.793144,-8.599039,-0.6324873000000001,1.6475929,-5.400339,-3.5474699,3.310504,32.4549,-17.89944,-3.7258077000000003,10.510794,4.1870337,-9.923786,-12.618247,0.5328411,0.9585733000000001,-8.764962346138686e-05,1.4323151288720142,10.598339070591814,1332.1715142458818,1124.8430169126616,16.761723988713634,10.922238393785753,13.544101701258347,18.949555239240087,25.750616717006448,22.262802660800887,25.454087506332502,7.371346e-05,1788.984375,0.0357080078125,1.0,0.0,0.0,0.24235335886478426,0.032975732162594786,0.018457587622106083,0.08851856663823128,0.3994253665208817,0.07993603684008121,0.10390685275197027,0.03442651443183422,1.0,True
00:11:37,5c41c28e896e090001c03bb0,,0.616314187389941,,-59.240121096117704,-458.02826,23.610285,2.2538388,3.1145183999999997,-4.706475,-9.7983055,4.0323577,9.192397999999999,-0.5515051999999999,-1.3243293999999999,-2.3311509999999998,-2.8070297,-39.102965999999995,9.94395,33.185359999999996,6.2084794,-4.3661866,-5.7538514,-4.0409775,1.0078857,0.8207251,-9.352888399812823e-06,0.16290201772950694,,3366.9303692276094,3881.9928775501508,10.2263774051111,9.579171108083132,14.026477913671124,16.961964380952256,18.594457211704093,24.88864209216151,26.11472961388134,0.013399292,6673.359375,0.112021484375,0.0,0.0,0.0,0.019298351276665925,0.0032793791731819512,0.012020775643759408,0.03145359791815281,0.8016250491142273,0.018984876945614813,0.10432111052796243,0.00901687900768593,1.0,True
00:11:38,59278c090220760001fda664,170.61769629278538,0.6649963681209865,0.9597402458427025,-23.91462393236827,-306.68027,158.4695,-4.3283377,4.947499,0.80067265,-6.6083229999999995,-7.0548925,-0.75918156,-4.416998,-8.732416,-3.7214622000000004,2.1676333,12.565306,-0.21429429999999997,7.707329799999999,2.773818,-5.215024,-7.341599,-20.023582,-23.450584,1.7560097,-0.00010504350700337506,1.7400055127988951,24.109604394931658,1623.9527484114892,1783.2173819178886,15.518305574719616,13.148368782556696,14.157865357583098,18.00442237770648,24.94151411593503,25.669309469095182,30.922117913997603,7.968450499999999e-05,2835.0,0.062958984375,0.0,0.0,0.0,0.2903566390275955,0.04744444768875837,0.03674726039171219,0.13203020133078094,0.2875460632145405,0.07645529601722956,0.11904522441327572,0.010374877508729695,1.0,True
00:11:38,5c41c28e896e090001c03bb0,194.49661079522556,0.5810962305700151,0.9541969057858984,-47.85044330101378,-379.98532,45.41267,-14.458238,3.3434343,6.815770599999999,-4.6804013,4.362746700000001,1.6136354,-4.575556,0.015193786,2.8833077,-9.789946,-42.834522,48.68371,5.658618499999999,-6.953212700000001,17.941502,-15.272908,-15.107576000000002,8.278165,1.7645292000000001,-6.203578392036761e-05,1.1845401346659643,18.53437067730444,3497.4326358871162,5161.284438263476,11.001307901351767,8.89582484201576,11.699864023459051,14.021160245132403,16.543490705594742,22.676309847730185,38.53505978577071,0.02366948,8342.34375,0.1717919921875,0.0,0.0,0.0,0.029731064755469563,0.009876958001405,0.012198130995966495,0.028487905533984306,0.5660050183534622,0.051994470320641986,0.29519902616739274,0.0065074364421889175,0.0,True
00:11:39,59278c090220760001fda664,105.03544155099551,0.8690734236005921,1.1193485091491966,-37.5244082589548,-354.26083,119.55720500000001,4.3956714,1.2988013,-5.5287595000000005,-2.653404,-2.991364,-3.3199650999999997,0.9355945,-2.8775077000000002,-7.099632700000001,-0.29610997,-7.184599,1.4909037,37.402443,11.92401,-11.31739,-10.386911999999999,-13.667142000000002,-8.588087,0.97036296,-5.705827802927675e-05,0.9494051492750096,16.049678426830962,1787.6270943115608,1570.4557264914747,14.687312205571189,10.010087240118194,13.547722713545909,14.794698842332425,20.932773300274345,26.076348992179106,25.257273029756448,9.928545e-05,2528.203125,0.0473291015625,0.0,0.0,0.0,0.16111935898661614,0.06013002851977944,0.016750316089019182,0.11173242451623082,0.4897428348660469,0.02410787083208561,0.11915415711700915,0.017263004183769227,1.0,True
00:11:39,5c41c28e896e090001c03bb0,,0.6343061223812847,,-92.36978252758878,-504.4162,17.161170000000002,-8.906496,-7.5931372999999995,-5.613758,-4.4938803,-3.1876125,-1.3730924999999998,-0.6395368,-1.7264946,-3.2586386000000003,-3.6418574,12.63391,9.546416,6.1982726999999995,1.1011862,-2.7937336,-3.7939093,-4.811984,-7.4320683,0.39756948,-3.7345905581738904e-07,0.006275344775023981,,5736.96585352867,6053.232434395593,11.211119368765257,10.172649567566957,12.77315703812888,14.482512033591563,16.927796358306868,15.52563495689296,13.305947053405587,0.47627088,12302.766393442624,0.058945952868852465,0.0,0.0,0.0,0.0897244993597269,0.013133510062471031,0.16134822219610215,0.07464222563430667,0.2661447219550609,0.11231159679591657,0.2612754717469216,0.02141975611448288,0.0,True
00:11:40,59278c090220760001fda664,,0.7620763015249923,,-65.90415142128802,-495.31592,16.005592,1.4419316999999998,1.232689,-0.25157806,-2.2312162,-3.7847114,-4.2416,-3.4304955,-1.7012068,0.26090235,1.7308011000000003,11.360147999999999,5.2507806,-0.51210964,-4.406283999999999,-5.705235500000001,-4.6551480000000005,-2.2742407000000004,0.11900419999999999,0.24101399999999998,-5.755461637691662e-07,0.009632176426551172,,4036.9158060507134,2062.4358840402288,14.92005833355543,7.94255557802377,11.897266518056679,20.82875161799044,15.472681245303129,14.558881131780929,16.69456190177583,0.0016479482,3196.640625,0.026923828125,1.0,0.0,0.0,0.1323890400119126,0.04731034943833947,0.02326363016036339,0.010668176854960621,0.6111231649294495,0.07804957693442703,0.07422885466367006,0.02296721523161977,1.0,False
00:11:40,5c41c28e896e090001c03bb0,256.2779211474214,0.8991647703654726,2.612235740079899,-16.90604132218302,-195.34046999999998,128.4147,-18.4923,-15.391734,-0.08313484,-6.397268,-4.963346499999999,-1.3623216999999999,-3.6895287000000003,-2.6248126,-3.577839,-19.391742999999998,-66.525986,35.552372,-9.362842,-12.574411,-0.07066130000000001,-20.112579999999998,-17.209644,-2.4280279,1.7069441000000003,-0.00019701067812263583,3.3846980742984134,12.260194270528162,2300.1479633592635,2985.589050580909,13.442051783052008,14.250410805124973,18.258035918842282,16.533855633281135,17.025707598607042,19.80618998174912,48.12588913933531,1.9148003000000002e-05,5055.46875,0.1014013671875,1.0,0.0,1.0,0.21355598606169224,0.011492061836179346,0.09622479905374348,0.043888486514333636,0.14732015132904053,0.19314353168010712,0.28284109476953745,0.011533829267136751,0.0,True
00:11:41,59278c090220760001fda664,,0.7445170279721645,,-63.060590576344005,-488.5171,24.69666,1.9168427,1.6719055,-0.37172338,-3.0711665,-5.135484,-5.6870937,-4.574774,-2.3430576000000003,0.08024643,1.8072317,17.576105,8.216416,-0.61032313,-6.585757000000001,-8.618858,-7.102442699999999,-3.5875456,-0.050960623,0.35072726,-7.861893676680287e-07,0.013069800379544465,,3550.510333487365,1711.7368961332666,15.381223353463955,8.501194542104338,11.115837765790868,21.35223019636061,15.027053204579374,14.625831576846313,17.55503835925515,0.0008912466,2064.609375,0.0273583984375,0.0,0.0,0.0,0.006081167887896299,0.07437010742723943,0.003337250556796789,0.0014767725835554302,0.8777426600456237,0.022036181320436297,0.007002131792251021,0.007953695068135858,1.0,False
00:11:41,5c41c28e896e090001c03bb0,195.28470683572516,0.9584415176371256,1.6485360838659109,-16.88952273136493,-210.99677999999997,141.6642,-19.401838,-15.054142,5.153511,-3.7709322,-3.738402,1.9942026000000002,-3.5944335,-0.09418661,-3.4858540000000002,-14.346026,-55.312206,40.135853000000004,-0.5756624,-10.8269825,20.896524,-15.103665,-16.896528,0.56244797,1.9833066000000004,-0.0001786792657077365,3.0789384997541918,16.08538334505025,2039.505428417206,2881.924685316092,12.031033269266642,14.963326230996616,18.83651851175388,14.883006781907152,19.14350064968245,22.378171725656625,46.61748920048996,1.0284247e-05,4614.84375,0.0983056640625,1.0,1.0,1.0,0.1049417614005506,0.007654902630019933,0.06864034030586481,0.06824854088481516,0.1978667452931404,0.18217589631676676,0.3455067567527294,0.024965058034285902,0.0,True
00:11:42,59278c090220760001fda664,,0.7664660604226063,,-60.531562843277456,-482.85748,31.853458000000003,1.7918798999999999,1.2310649999999999,-0.97965974,-3.5779959999999997,-5.371392299999999,-5.7147074,-4.6591554,-2.786606,-0.8745944999999999,0.42901940000000005,22.546232,10.53505,-0.46538892,-7.572360499999999,-9.703443,-7.7031326,-3.6853292,0.016098285,0.4040651,-1.0364986491644114e-06,0.017139807005082622,,3216.6260139285705,1508.3174880694912,16.098673840540958,8.68925689264542,12.171019619069655,21.508580057346467,16.534418604742815,14.933285096840248,17.687357646242774,0.0005475911,1552.03125,0.025693359375,1.0,0.0,0.0,0.04083110420033336,0.0224348621442914,0.017707302677445115,0.00486057645175606,0.8738775014877319,0.01996768461540341,0.012967383512295785,0.007353548053652049,1.0,False
00:11:42,5c41c28e896e090001c03bb0,136.2193790223103,0.2789051827490221,0.9928944965397979,-48.752866458745395,-384.63788,124.29851000000001,-15.037735999999999,-18.263424,-2.7474506,4.0508137,-0.48304513,-2.4854097,3.086482,7.167459,-4.133228,-12.613031,-4.2728410000000006,23.866459,27.174707,-0.7316336999999999,-2.269446,-3.7727337,3.4854879999999997,3.8410976000000003,1.5751753000000002,-5.686780490110196e-05,0.9543408227881356,11.579499735002846,3299.5887690797736,2982.2886534709637,13.754196020383949,10.909229625252793,13.463161811572142,14.947084722261383,17.082960987319268,20.344330501041355,25.69837992413513,0.017801989,6346.171875,0.0448583984375,0.0,1.0,0.0,0.016744574904441832,0.0007535884054959751,0.016083101625554264,0.10797685235738756,0.013308223802596329,0.006963707925751806,0.8360253214836121,0.002144633961142972,0.0,True
00:11:43,59278c090220760001fda664,383.34128696006263,0.950102183089366,12.596010888992383,-54.41641441322194,-463.3391,51.87637,3.8592126,2.3584737999999996,-2.1070786,-4.6219410000000005,-3.9429607000000004,-2.6812892,-2.916909,-3.7533276,-3.3080027000000003,-1.4956231000000002,27.471909000000004,6.599471,-2.7182367000000003,-5.1867356,-7.480517999999999,-9.249596,-6.6055546000000005,-0.31600714,0.6432368,-3.914874382040461e-06,0.06443441556134467,8.837821555729066,2598.1290419520333,1447.6906122819016,13.090968721845831,7.906203511004563,11.629219190809222,18.16563544152474,19.826746901961588,15.939551459097006,20.477649294385387,0.00039751784,1745.625,0.033740234375,1.0,0.0,0.0,0.19978325439151376,0.02502237027511001,0.029991363687440757,0.06248844295041636,0.5882711671292782,0.01823475940618664,0.04974376470781863,0.026464876998215914,1.0,True
00:11:43,5c41c28e896e090001c03bb0,165.50844884463856,0.7483812841334608,1.7205096332498402,-19.052452992363047,-220.8666,151.42947,-17.224327,-10.823866,2.3056742999999997,-7.397711,-7.455361999999999,0.8019345,-2.1306884,1.6468036,0.23997492,-17.048328,-43.485153000000004,23.095541,-1.4917129999999998,-3.3468025000000003,15.50371,-11.676052,-17.94045,-7.463439500000001,1.9649948,-0.00017526635180324706,2.9663146857980007,15.853220879352213,1988.8641355989637,2511.8657298380717,17.194585277685345,13.378096034829097,16.17331730467329,14.968995652335071,21.281257338391953,20.57915370024772,43.574255086141825,3.940959e-05,4053.515625,0.087314453125,0.0,0.0,0.0,0.017650789755862206,0.00025545830521878093,0.004552830941975118,0.12771721556782722,0.011370125837856905,0.0019823467155219987,0.8353579640388489,0.001113275848183548,0.0,True
00:11:44,59278c090220760001fda664,,0.7568893212419568,,-61.49724860934248,-484.46173,29.55347,1.8524881999999998,0.987901,-1.179614,-3.3993267999999994,-4.648733999999999,-4.498602,-3.1577895000000002,-1.2606243000000001,0.45961747,1.4596072,20.239708,8.436501,-2.0108666,-8.281400999999999,-9.549449000000001,-6.973789,-2.85236,0.5387643,0.4038272,-9.758759315098222e-07,0.016166469680346164,,3284.398811902556,1584.6997098621553,14.056361628410238,7.888655240493279,11.107578896353345,19.63284085433786,16.020922029433756,15.224255414109127,17.68315772505132,0.0006953991999999999,1735.78125,0.0275341796875,0.0,0.0,0.0,0.09417052417993546,0.0519164752215147,0.03400158267468214,0.01166115931700915,0.7211411356925964,0.022189865447580816,0.06005395483225584,0.004865320399403572,1.0,False
00:11:44,5c41c28e896e090001c03bb0,114.49097930204962,0.7590242147606286,0.7501270893406443,-49.574892087036524,-371.7297,133.58366,-14.412854000000001,-11.989099000000001,7.0567226,2.210943,0.054994345,1.7996467,-2.2194977000000002,0.06649679,-2.9116347,-11.116124000000001,-9.465763,18.364325,-5.061918299999999,-15.729624,16.717295,-2.2157257,-0.16446424,11.510994,1.2625681999999998,-6.354932390010588e-05,1.0768294267611405,14.731288059539517,3246.893756222226,3871.739016089392,12.285055380760069,9.488082731738244,13.127882449479493,14.327640851834865,19.522702397224574,21.64419212642723,32.77492722014173,0.05198148599999999,7149.84375,0.0864501953125,0.0,0.0,0.0,0.009476688490914448,0.005367526368770216,0.009708362964114972,0.05626832427723067,0.2945960552564689,0.021816014179161614,0.595308033483369,0.0074590327484267095,0.0,True
00:11:45,59278c090220760001fda664,,0.7889782335841993,,-55.91193756859907,-469.79465,48.273070000000004,3.119055,2.178857,-0.56830674,-3.7373247000000003,-5.936568,-6.259322599999999,-4.6105084000000005,-1.7167314999999999,1.2177867,3.0539202999999997,33.771458,15.730746,0.14925329999999998,-8.998477000000001,-10.989966,-7.846647999999999,-2.7734032,1.4045602,0.5168305999999999,-1.6955549569084576e-06,0.027824347689765928,,2510.006468925766,1128.6885425925725,13.757927398191205,8.107034049108531,12.053985702528115,20.22458452085249,18.945399955794013,15.61991176102126,17.89241940811084,0.00018011115000000002,1102.265625,0.024599609375,0.0,0.0,0.0,0.010311189573258163,0.0101517828181386,0.0021674997988156974,0.0007371548970695585,0.9642383217811584,0.0061537835747003545,0.0058383654803037645,0.0004018975218059495,1.0,False
00:11:45,5c41c28e896e090001c03bb0,169.6495274855324,0.7067305839422641,0.19323212641768206,-50.14540538044941,-409.81113,61.014419999999994,-7.6886168,0.6751491999999999,2.6775527,-6.0663433,-8.422272999999999,-1.8788081,4.4825015,6.808778,-4.033024299999999,-12.110334,-46.13536,-18.16884,-0.84299827,4.2954574,12.901834,-5.305095,-15.414129,-11.532886,1.5501850000000001,-3.924147511110449e-05,0.6635056434750627,8.347969305386522,2818.207685057225,3274.586562903772,11.056317716399047,11.450657871399624,12.189537033355524,19.138051626630872,24.457813965229796,17.238104824202846,27.408130317138482,0.044612367,5583.096590909091,0.0851287841796875,0.0,0.0,0.0,0.015096118673682213,0.008493479186048111,0.024401584019263584,0.046222854716082416,0.35694029927253723,0.06532211881130934,0.4689876387516658,0.014535859227180481,0.0,True
00:11:46,59278c090220760001fda664,,0.7190931866408506,,-61.42431471945301,-482.2687,32.304386,1.5158285,1.1967524999999999,-0.20412116,-1.9325881,-3.2430484,-3.6407926,-3.0491178,-1.8020724999999997,-0.44532517,0.5315721999999999,22.206373000000003,9.748513,-0.8597521999999999,-6.9318137,-8.113783999999999,-5.913885,-2.5241952000000003,0.25523293,0.413025,-1.1024636428433262e-06,0.018208436206013458,,3223.9347518722825,1557.5017624744232,14.191805557797618,8.345619907901085,10.866506929223306,18.852018890537984,16.217483346311287,15.108101527764964,17.850948951686977,0.00071629224,1872.890625,0.0260009765625,1.0,0.0,0.0,0.00697965850122273,0.045089836791157724,0.0012735154130496086,0.0007117193032172509,0.9213167905807496,0.01346164015121758,0.010564048308879135,0.0006028236617567018,1.0,False
00:11:46,5c41c28e896e090001c03bb0,160.50104766260446,0.9092110422647688,1.1467311899051005,-18.818455150895698,-245.07335,189.15968,-13.719484,-16.367516000000002,-3.5138809999999996,-1.9729683,-6.383725599999999,-3.2595556,4.5095415,6.1502376,-9.931444,-19.096804000000002,-18.107798000000003,3.5291061000000004,28.956762,2.1100771000000003,1.0883223999999998,-10.5102215,-20.744001,-9.837446,1.3541018999999999,-0.00015577806592271303,2.5681849087277677,12.705427773939777,1379.6864770936722,1213.5235156388205,18.15752524111533,15.472827689627938,18.99895003791946,18.871271367429124,22.607832376549894,24.612180844618827,35.80380989397571,3.4633956e-06,2343.75,0.0298876953125,0.0,0.0,0.0,0.04494940023869276,0.007124571391614155,0.04647939084097743,0.4449980154633522,0.15266483090817928,0.08780618980526925,0.10809022858738901,0.1078873883932829,0.0,True
00:11:47,59278c090220760001fda664,,0.7552860164054399,,-58.039194156731604,-476.94577000000004,38.97953,3.5972834000000002,3.6297182999999995,1.5132853000000002,-1.5337553999999998,-4.2010445999999995,-5.547404,-5.289543599999999,-3.8196802000000005,-1.9390828999999998,-0.44042617,26.531733000000003,10.835005,-2.9901164000000002,-11.292613000000001,-13.066802000000001,-9.782121,-4.235434,0.81501037,0.46834317,-1.4185842105273946e-06,0.023337479328941882,,2853.7021922224562,1332.6693173092674,13.707663299883947,8.607217048271746,12.148608217774205,20.397735549751857,16.41264828338747,15.533125955269801,17.915251791422232,0.00035184557999999995,1234.6875,0.0265478515625,1.0,0.0,0.0,0.010497070150449872,0.013962675724178551,0.0011934141744859516,0.0004898406652500853,0.9520478010177612,0.01196041302755475,0.009572448721155523,0.00027637592284008856,0.0,False
00:11:47,5c41c28e896e090001c03bb0,137.9581066532215,0.8620523516656491,0.40298170134309136,-18.111384247171046,-235.39722000000003,161.8049,-16.494745,-7.433441,10.293022,8.158203,1.3409953000000001,-3.9138812999999995,-6.046198400000001,0.66908747,-5.278976,-13.870510999999999,-41.72486,12.907092,8.376679,-11.343872,12.358439,-1.1686878,-14.363191,-11.037219,1.7982588,-0.0001603446840233054,2.7004022633534883,13.746651358860321,1504.4564715921024,2013.080503561053,16.548764038475042,14.283332718864141,17.999755465239293,18.879838646161584,20.362360714122374,23.37677977347563,39.76454774273113,1.2151410000000001e-05,3085.546875,0.06541015625,0.0,0.0,0.0,0.06692630127072334,0.00848476677201688,0.1293067827820778,0.40868124663829797,0.059078737953677775,0.10638489965349436,0.11167826130986214,0.10945901274681093,0.0,True
00:11:48,59278c090220760001fda664,,0.7638426421036846,,-57.86839333609105,-475.20853,40.726574,2.5614252,1.9614923999999998,-0.44287625,-3.2515318,-5.1200824,-5.3838162,-4.2784629999999995,-2.6405547,-1.3345143999999998,-0.79942054,26.693073,9.691147,-4.35711,-11.920672999999999,-12.765474000000001,-9.064045,-3.787726,0.5643731,0.48150757,-1.5727047291889194e-06,0.025876047591893228,,2856.6491405725924,1359.5771620544285,14.144619763853886,8.266181148692867,11.69151811968876,20.121660283847422,17.28220354308816,15.716443833989393,18.196532230537844,0.00036157668,1268.671875,0.0274658203125,1.0,0.0,0.0,0.004820125224068761,0.013730908185243609,0.0007607023697346447,0.0002365265288972296,0.9717025399208068,0.00412157722748816,0.004379530157893896,0.00024809296301100405,0.0,True
00:11:48,5c41c28e896e090001c03bb0,124.99706600611799,0.8108151830459418,0.8252909607416495,-22.008256643421888,-264.02762,156.32558,-21.531178,-10.985709,12.459903,8.662075999999999,-1.4924457,-5.793979,-4.581348,4.6879973,-4.3867087,-11.04907,-26.551454999999997,8.436976,15.283051,4.7507150000000005,10.8651905,-5.810464,-9.939250999999999,-9.37768,1.614997,-0.00012709414818806033,2.138514777845315,18.174844377236873,1544.534107435301,1944.0108495730356,14.308022206188948,12.126185903701307,16.199914419222974,18.163718796987727,26.19167395248746,22.545392505821795,37.83738552474534,1.7844308e-05,3132.1875,0.0645947265625,0.0,0.0,0.0,0.1007480002939701,0.004030686942860485,0.10585592649877072,0.3653544619679451,0.0121469623176381,0.12989657260477544,0.17695362642407414,0.10501375570893287,0.0,True
00:11:49,59278c090220760001fda664,,0.9889299140457409,,-54.04955160450419,-462.44922,55.816566,4.604767,3.3711762000000003,0.7755193,-1.8673398,-3.4746397000000004,-3.7204466,-3.1540939999999997,-2.5961907,-2.2992756,-1.8248253,34.779537,10.815168,-6.8855867,-14.258655,-12.806444,-6.885236,-0.66353697,3.4054531999999997,0.5910555999999999,-2.3070875435210258e-06,0.037791602186552566,,2296.024879651793,1121.4461448782865,11.569088073074672,8.65364428944054,11.886950841227653,19.642343076450537,20.66003444280166,16.768363665279438,18.02812830756189,0.0001757897,1168.828125,0.02673828125,0.0,0.0,0.0,0.008724896423518657,0.01158984014764428,0.001989149395376444,0.0018681228248169648,0.9566705465316772,0.005481089092791079,0.01273346827365458,0.0009429013647604732,1.0,True
00:11:49,5c41c28e896e090001c03bb0,145.96785890392118,0.6873599164379554,0.7088335331477654,-35.05282218867541,-324.1619,130.30719,-10.494085,-6.980213000000001,5.981145400000001,1.7179163,-7.834795,-2.736728,1.0971859,2.9714227,-1.424194,-12.509541,-33.00848,7.5235753,15.419541,-5.914214,9.959087,-2.9335582000000002,-15.946863,-8.434334,1.5663201999999998,-9.537993536766663e-05,1.598950238576843,13.708448870875614,2149.430568543605,2603.586748580125,15.539297418413017,12.879044865367607,15.587485998239446,17.873318526014828,21.441262312834645,18.668714269231092,33.81577594814528,0.008312413000000001,4434.375,0.0835595703125,0.0,0.0,0.0,0.11869454176889525,0.003639164762312753,0.05601017591026095,0.2360508595075872,0.007469736298339235,0.21425750023788875,0.2786260181003147,0.0852520102635026,0.0,True
00:11:50,59278c090220760001fda664,,0.8961383533219159,,-61.20594004637006,-483.79224000000005,30.316822,2.9450805,2.6971073,0.7546783,-1.5202619,-3.0038857000000005,-3.2609906000000004,-2.5608392,-1.5536792,-0.84690255,-0.714549,20.465635,7.843132000000001,-3.5176062999999993,-10.498159,-11.975762,-8.971741,-3.9008794,0.63936186,0.40742818,-9.692778752948292e-07,0.016054902828995073,,3220.3044101802025,1528.104226023023,13.327869698825364,8.449442391220943,10.549307118324805,20.142198382681173,15.737640286201724,14.884249750566378,17.80313917585719,0.00053896575,1447.734375,0.0272265625,1.0,0.0,0.0,0.05194634879007935,0.009550980199128391,0.003417700342833996,0.078333471249789,0.7773116946220398,0.02324109161272645,0.04362202156335115,0.01257663145661354,1.0,False
00:11:50,5c41c28e896e090001c03bb0,132.1172910418074,0.9036231734075252,0.4761804443772352,-23.530764386775736,-322.92467999999997,147.07306,-14.762962,-12.819364,0.17590912,1.6829677,-5.765478599999999,0.6757261,7.7045520000000005,2.7166936,-5.169269,-9.4519,16.867905,14.990573000000001,7.2773857,-8.6301775,2.7058334,-3.74002,-14.005464000000002,-12.001522,0.9969385000000001,-0.00010979266315539289,1.8133340446278632,10.574402473649936,1206.0734740876462,1989.3289778352976,18.203737189514538,14.96640050939617,20.67729241660321,20.302379138230208,22.979440356650127,24.158282639369286,32.60523362807302,0.00016075205,2755.078125,0.074296875,0.0,0.0,1.0,0.04002086818218231,0.00041313044494017964,0.0164710550258557,0.5933317144711813,0.0006889701471664011,0.03528817184269428,0.2771337976058324,0.036652288710077606,0.0,True
00:11:51,59278c090220760001fda664,,0.6769582659506078,,-59.91727895174023,-479.88842999999997,35.311325,3.8916023,2.8708124,0.1789221,-2.7494338,-4.6998453,-5.0649896,-3.9183311,-1.8499188000000002,0.32053125,1.845474,24.153894,10.091477000000001,-2.2190208,-9.407894,-10.556353,-7.1405983,-1.9668161,2.239491,0.42844090000000007,-1.1595517246960905e-06,0.01913094579243419,,3038.483300438149,1435.028949132738,13.62516090693088,7.8636797801753175,11.14284145797727,21.172691586202205,16.066935192819837,15.211674173802056,18.072871776830773,0.00048986776,1522.5,0.0267626953125,1.0,0.0,0.0,0.050230998033657666,0.011492391442880034,0.004823911562561989,0.04406178249628283,0.7548227787017823,0.012939584674313664,0.11586236511357127,0.005766200716607273,1.0,False
00:11:51,5c41c28e896e090001c03bb0,168.38868508923295,0.614160634419393,1.9946548572157503,-29.61124029192688,-273.6819,153.74388000000002,-4.0606203,-10.874658,2.9181356,-0.65041107,-6.1930404,4.899673,-1.022404,-4.361292,1.0330625,-9.391182,-43.626846,13.466623,15.911616,-4.8704753,0.8841899999999999,-15.942823,-20.510353,-1.2326058000000002,2.059873,-0.00012594128437959352,2.1284672203461925,19.333017887052726,2286.729908984305,2701.1165776278767,14.058131891670476,12.794180242145796,14.279012657417313,15.117127588547804,18.60485242565844,20.786525601345648,35.94892835609878,0.010029337,4674.84375,0.08021484375,1.0,1.0,0.0,0.04089263454079628,0.0007505048415623605,0.05322577059268952,0.2729557752609253,0.0018378491513431074,0.02079807035624981,0.5832735300064087,0.026265805587172508,0.0,True
00:11:52,59278c090220760001fda664,,0.9957613672495556,,-60.963839817214044,-484.01755,30.302868,2.57934,1.9887042000000001,-0.41422120000000007,-3.2093625,-5.0288734,-5.130914700000001,-3.6094,-1.2181293,1.0462849,2.3833830000000003,21.218357,9.460308,-1.3300898,-8.259825,-10.173179,-7.8560386,-3.4467542,0.61093074,0.41117135,-9.852937389273135e-07,0.01630807491826855,,3256.9710215761943,1538.623402255279,14.634067163115107,9.004609188388363,11.763003053778336,20.43297819966186,16.11963098658254,14.714853827589355,17.64896692820895,0.0006048827,1594.6875,0.026162109375,1.0,0.0,0.0,0.018443548958748574,0.010298637300729751,0.0042345606605522345,0.005133881187066436,0.919257926940918,0.0060275081545114505,0.032743219705298546,0.0038607684313319616,1.0,False
00:11:52,5c41c28e896e090001c03bb0,127.48485754207474,0.28081357970312243,0.9696091874283284,-47.814169461527904,-416.0716,62.35913000000001,-8.62978,-10.437046,-0.7851581,-2.1430182,-2.4537406,1.2071553,-1.5458198,-1.0274453000000001,-3.408232,-13.122776000000002,1.6482936999999998,59.13254499999999,29.915276000000002,3.9466273999999997,10.544611999999999,-12.831597,-2.0732121,10.759125,1.1602714,-2.953369355036741e-05,0.5081795967127711,9.719159094080947,2899.932288838429,4160.604559914651,14.203871284811774,11.462091526499623,14.461586600481372,16.152273034131337,19.987915064109327,19.297362330625592,34.224504365366094,0.021406872,6517.96875,0.1433984375,0.0,0.0,1.0,0.07081487122923136,0.00468630277464399,0.0534727395279333,0.16904350381810218,0.11664364255557302,0.11192269483581184,0.4575880020856857,0.015828229283215478,0.0,True
00:11:53,59278c090220760001fda664,,0.910620623698164,,-59.379579177891294,-478.58453,37.175476,3.5969281000000004,2.5538216,-0.23116678,-3.2458122000000005,-5.1872334,-5.438072,-4.1537476,-2.0275383000000002,0.08232446,1.4776243,26.02776,11.851359,-0.78157544,-8.479351,-10.188153,-7.212734700000001,-2.2595843999999996,1.9144241999999998,0.45674342,-1.2701972733135941e-06,0.02093154829927972,,2971.817748899891,1390.836249733249,12.63211694632446,8.240043674603124,11.749736866726954,19.842520343399,16.546687109086545,15.113095115691245,17.729557250580854,0.00046048435999999996,1469.296875,0.025771484375,1.0,0.0,0.0,0.0032991598127409816,0.0020095659536309538,0.0005367358215153217,0.0015651760797481984,0.9880642533302308,0.0009409748949110508,0.001930606854148209,0.0016535359900444744,1.0,False
00:11:53,5c41c28e896e090001c03bb0,143.39641112953478,0.8078758299571668,1.3903239869323594,-30.92637224641365,-300.68726000000004,129.84215,-8.775574,-5.084918,5.064998,-2.2212834,-7.7318845000000005,-2.0247285,-2.7586958,1.761743,0.2269336,-14.972332000000002,-21.391863,28.217539000000002,6.363894,-9.361836,10.839597,-15.198482,-12.645775,1.801623,1.8193451,-9.312100143471421e-05,1.581355579691646,17.172745896164564,2339.0369350017013,2736.4809540892848,16.98459708166217,11.878313299832675,13.71273994523383,14.811577895903273,17.886585237482862,19.570493212950154,38.62783905142118,0.0014854476999999998,4591.640625,0.0943701171875,0.0,1.0,0.0,0.0583114493638277,0.007375036366283894,0.04843992553651333,0.0200805151835084,0.118951216340065,0.2978373169898987,0.4407883882522583,0.008216154179535806,0.0,True
00:11:54,59278c090220760001fda664,,0.7495450984265425,,-62.95977029855238,-488.9543,23.931416,0.8990756999999999,0.30732912,-1.7639169999999997,-4.0858874,-5.5052905,-5.4475784,-4.0813766000000005,-2.1238148,-0.43071679999999996,0.40864342,16.46389,6.7808137,-2.1302017999999996,-7.8774776,-9.487327,-7.593327499999999,-3.9672186000000003,-0.65150875,0.35609558,-7.69063662861248e-07,0.012799587098492451,,3536.031938656207,1709.924690162482,13.148289657442715,8.00263420275992,10.644044987278882,21.54212626305197,15.058575273547593,14.887695933205695,17.81551292178607,0.0007835979300000001,1914.140625,0.0273388671875,1.0,0.0,0.0,0.006567473569884896,0.011439218558371069,0.0007040978991426527,0.0005079107781057246,0.9670255661010744,0.007719950377941131,0.005654941266402602,0.0003808635316090658,0.0,False
00:11:54,5c41c28e896e090001c03bb0,129.46289713242166,0.7244187820734471,0.4700725081344968,-24.130855353735146,-307.99292,139.39514,-6.2342677,3.2547143,2.708544,-4.8050346,-3.716241,2.8750923,0.47226113,-0.6421368000000001,-2.010639,-11.2542095,-14.250434,1.6214346000000002,8.179018,-1.2628276000000003,10.950726,-2.3936447999999997,-16.665367,-14.287516,1.3431195,-0.00010493333551461416,1.7610445871015568,13.58249438782081,1232.1287444305067,1968.5937367514894,16.165879608356367,13.86006198995672,15.241614166083592,18.608565752456588,23.57550708538121,23.680952188884028,32.66542338756952,4.5068307e-05,2952.65625,0.0704736328125,0.0,1.0,0.0,0.14766933303326368,0.0057172069427906536,0.05403656727867201,0.08552239328855649,0.17671054194215685,0.2385897822678089,0.2610764745622873,0.030677670423756357,0.0,True
00:11:55,59278c090220760001fda664,,0.7238846529795712,,-56.68911733936528,-471.63797,45.854176,2.061235,-0.32126573,-3.8386762,-6.7810087,-8.046439999999999,-7.393452000000001,-5.277273999999999,-2.5002277000000004,0.11869608599999999,1.9572029,31.810095,14.294567,-0.77938145,-9.356386,-10.659699,-6.9085410000000005,-1.7294049999999999,1.7361384999999998,0.5117404999999999,-1.5545926289061682e-06,0.025540062159509703,,2611.633232865137,1177.5206958539052,14.272203668991553,7.54304977933236,12.139059496316865,19.96000366062048,18.3664377949808,15.534591191630767,17.743680655834524,0.00022171301,1134.84375,0.0245263671875,1.0,0.0,0.0,0.006679752934724092,0.03747529555112124,0.0007468768977560102,0.0002834817933035083,0.9227473139762878,0.02318500727415085,0.00845062849111855,0.0004316247068345546,0.0,False
00:11:55,5c41c28e896e090001c03bb0,143.13393770499417,0.6071440904915161,0.5684731881945086,-70.92909952768383,-440.7625,115.1402,-2.1527612,-4.934608,6.3937917,2.4980946,-5.9314027000000005,-2.733761,-0.5531642,-0.9048094000000001,-4.5208044,-8.995474,-8.924139,-1.1589530000000001,14.874564000000001,0.46683693,-1.4582051999999999,-14.919442000000002,-19.099356,-1.1095078999999999,1.7201394,-3.73624060179389e-05,0.6151153245854205,11.193016704922142,5000.479643797757,5356.928185769806,14.206056146742013,10.729581091274827,11.179812521131204,13.442245870054276,16.758259811193184,16.380235442080906,20.43240835707542,0.10460914,11073.75,0.052333984375,0.0,0.0,0.0,0.0697227343916893,0.0028771324083209037,0.05099043846130371,0.1517551824450493,0.016424072626978158,0.07399174198508263,0.5864481866359711,0.04779050834476948,0.0,True
00:11:56,59278c090220760001fda664,,0.7139684117853797,,-64.4263665583602,-491.32025,21.140078,-0.025521446,-0.3917573,-2.016267,-4.0615172,-5.5375559999999995,-5.7283883,-4.487957,-2.2763107000000002,0.07698472,1.7573560000000001,15.146601,7.346995,0.069497794,-4.855442,-6.680892999999999,-5.827936,-3.523532,-1.2167013999999998,0.31293437,-7.141680647235425e-07,0.011906495960592471,,3726.495944263371,1861.91622634745,14.562675210196948,7.905411277289917,11.207546796467046,20.043747639490125,14.311370110292813,14.728248992967146,17.742993332402442,0.00111994,2574.140625,0.026376953125,0.0,0.0,0.0,0.04964897632598877,0.08046860508620739,0.005107694142498076,0.0037730644195107742,0.7650633215904236,0.052274026349186896,0.0409629050642252,0.002701417729258537,0.0,False
00:11:56,5c41c28e896e090001c03bb0,133.02833122928956,0.89376653502792,0.6540728639200882,-20.89023354986702,-259.6145,180.1422,-7.925142999999999,-10.279853,0.3372482,-3.718685,-6.705975,4.680609,5.022381,-0.33004203,-7.5267572,-16.120743,-7.091008,14.079632,21.979792,-4.8339057,6.1375470000000005,-6.51715,-21.533066,-8.051110000000001,1.429409,-0.00011687499214139043,1.9321311845468556,13.010392078599025,1459.9182396186068,1457.8517622884399,19.427718976470825,14.049406150314336,18.05460513755807,17.75192468132025,21.339518711357048,21.51252101156213,34.72567847496307,5.8572227e-06,2653.125,0.0410888671875,1.0,0.0,0.0,0.06645499942824244,0.0017249648240976964,0.07337313555181027,0.17868987694382668,0.004882604372687638,0.040417703799903386,0.5617486655712127,0.07270804140716791,0.0,True
00:11:57,59278c090220760001fda664,125.35160835608394,0.9034906087695768,0.5633126066334085,-56.03496514918227,-472.01505,45.291354999999996,3.4854480000000003,2.6377857000000002,0.194386,-2.7114766,-4.9789615,-5.8557196,-5.1480144999999995,-3.2430282000000004,-0.8844091000000001,1.1308391000000002,31.448896,14.76339,0.8998411000000001,-6.935889200000001,-8.560481,-5.879058000000001,-1.5638835,2.01885,0.49974129999999994,-2.3147583932368363e-06,0.037845136915725566,8.444954211750392,2802.4031473543464,1314.0320996748405,15.528973703626532,8.303670314095818,11.161529335203523,19.564171473294948,18.076205417120427,15.796006169080107,18.422551165049764,0.00046381244000000005,1555.78125,0.023515625,0.0,0.0,0.0,0.01932690935209393,0.10613977052271366,0.003978333098348229,0.0008277842949610204,0.8267845034599304,0.0327599385753274,0.007632073480635881,0.002550669107586145,1.0,True
00:11:57,5c41c28e896e090001c03bb0,148.7559369466417,0.9296920014678396,12.097692335861291,-71.12445698617665,-486.44300000000004,25.91384,-2.397408,-3.704078,1.7269008999999997,-0.8839184999999999,-3.7987175000000004,0.30571154,1.0155222,-0.63957095,-0.19894472,-1.9200221000000002,-3.3593664,-3.1485682,-0.3848738,-0.3345781,5.28084,5.946845,4.989358999999999,4.463806,0.7016598000000001,-2.9432164412354784e-06,0.04938052082975241,115.46770337413857,4452.582304429876,4841.270956168529,9.561904287339978,9.853472973881631,12.236957421512002,15.97643792513627,17.470850082753724,19.618348740440204,19.28559478198513,0.036673926,8621.25,0.115654296875,0.0,0.0,0.0,0.12267610552953555,0.008227178986999206,0.05623262037988752,0.08269758964888753,0.10703033016761763,0.15164396818727255,0.4177297092974186,0.0537625125143677,0.0,True
00:11:58,59278c090220760001fda664,,0.7784441026627562,,-54.71648736799862,-463.9294,54.983715000000004,4.305584,3.0538564,0.22195669,-2.7878017,-4.7836957,-5.278263,-4.4245543,-2.6335897,-0.35423917,1.8475076000000001,36.948190000000004,15.948837,-0.39183307,-8.465124000000001,-9.066051,-5.331859,-0.51482856,3.0883741000000002,0.5583693000000001,-2.1483575613856653e-06,0.035260787020722155,,2395.340810000637,1126.69702749577,12.315313770052676,9.010650759907575,12.126340589660645,18.708278769512287,19.667166305174973,16.289178002266322,18.861621990318326,0.00018341592000000002,1273.59375,0.0238427734375,0.0,0.0,0.0,0.0273455910384655,0.22748927325010296,0.003062779735773802,0.00043190713331568985,0.6409604668617248,0.08314042836427689,0.01709344927221536,0.00047611984482500704,0.0,False
00:11:58,5c41c28e896e090001c03bb0,107.67107505585577,0.3881372413725446,0.9414406210413312,-52.56376270105039,-383.59497000000005,100.55933,-9.91576,-1.0905924,11.465109,3.4788193999999995,-4.1374574,2.9441516,2.054736,-2.1808739,-4.3854737,-11.272148,-45.083256,-3.1453990000000003,-5.340326999999999,-6.2545304,15.742589,-5.8444123,-7.338571000000001,-0.5077527000000001,1.7766433000000001,-4.881977444774924e-05,0.8302694774062316,21.175770709966482,3621.083260990022,4630.285940083282,12.03937759223336,9.883271089934283,13.151540326432755,16.036942669817115,18.92634546047179,17.898653229498986,29.215765842323712,0.03373134,8811.09375,0.0932666015625,0.0,1.0,0.0,0.007761861139442772,0.0063663464097771785,0.003258891872974345,0.07362304767593741,0.41126443119719625,0.019348816116689704,0.4243667023256421,0.05400993773946538,0.0,True
00:11:59,59278c090220760001fda664,,0.7458576014663083,,-62.277962996921616,-487.3187,26.154757,1.4683496999999999,1.2720002000000001,-0.6943085999999999,-3.2617637999999998,-5.167426,-5.6032977,-4.496264,-2.4416754000000003,-0.36471567,0.9138485999999999,18.4172,8.292825,-1.1868415,-7.533126400000001,-9.631902,-7.9769845,-4.2647653,-0.5779151,0.3761368,-8.171198620943824e-07,0.013577578376982456,,3440.3792046551084,1636.0746103495162,14.744148056042507,8.221940959153454,10.895193128002566,21.060358891080504,15.090396262594838,15.028664390418424,17.889462750824453,0.0006571711,1714.21875,0.0266455078125,1.0,0.0,0.0,0.007152085099369288,0.07751617766916752,0.0013201717054471373,0.0002805229160003364,0.8888812422752379,0.01920640412718057,0.004668658436276019,0.0009746995929162947,0.0,False
00:11:59,5c41c28e896e090001c03bb0,139.3258575999554,0.6603996499581564,0.4840210171884245,-26.362644578964172,-262.92096000000004,150.91826,-23.167645999999998,-17.69645,11.13775,3.6107913999999997,-8.59446,2.8704544999999997,0.9434256999999999,-4.633063,-5.2025146,-11.310391000000001,-45.90457,-7.4734015,5.946346,-11.253312,5.094597,-2.209319,-11.592799000000001,-8.527963,1.4651861000000002,-0.00012336037370669776,2.06359892697654,14.146090997840627,1665.6017324621055,2076.4365368065664,16.508172710100297,13.08780560489009,16.687960777543932,18.255426512644245,19.292231633414648,20.529410618298932,36.748531299818566,3.9526298e-05,3503.90625,0.07474609375,0.0,0.0,0.0,0.003321157153030591,0.003443872805551759,0.01531669671281374,0.11458284461072513,0.2932931264596326,0.004859201402203845,0.5383202071700778,0.026862902766359702,1.0,True
00:12:00,59278c090220760001fda664,,0.7495387852114228,,-62.30902594559614,-486.0792,27.955371999999997,1.6689786,1.4873353,-0.29207890000000003,-2.659973,-4.5116754,-5.110746,-4.330266,-2.6165655,-0.73204166,0.5921013,20.342543,10.3656845,0.97350997,-5.4330926,-7.7930649999999995,-6.580087700000001,-3.3867211000000004,-0.142644,0.3601357,-9.101253454591663e-07,0.0150758409613084,,3402.751403552557,1614.2233081659815,14.186436410023095,8.784875807398336,10.948625469127348,19.156977390881444,15.295269971417534,14.731032171342953,17.539737712765035,0.0007805702,1882.03125,0.025634765625,0.0,0.0,0.0,0.009712359309196473,0.0158879840746522,0.0022573847090825443,0.0005437373009044677,0.9435499429702758,0.01494901245459914,0.012424698006361723,0.0006748868443537503,0.0,False
00:12:00,5c41c28e896e090001c03bb0,169.1893484632807,0.6517820247310004,0.756881275679171,-32.024640194434625,-292.66052,132.64822,-7.8699994,-6.893724000000001,5.639118,2.3629367,-3.868921,-0.4239553,0.05415967,-2.1253433,-4.1450586000000005,-10.571974,-29.510693,7.692311,15.101512,-4.3998795,-6.4920535,0.058769412,-8.096658,-7.990766000000001,1.4449579,-0.0001418232618819514,2.3637638126490392,11.221045960628423,2320.508043380492,2194.2133923663364,14.572072748945846,11.911330768060616,14.874088302613124,15.264693336286076,19.742778245152586,23.973735513657875,33.01188363209324,0.0012062686,3891.5625,0.0526318359375,0.0,0.0,0.0,0.02716671474627219,0.004369290548008091,0.022501097031636164,0.2387388739734888,0.18596601005022725,0.03741086662436525,0.4195232515533765,0.06432390003465116,0.0,True
00:12:01,59278c090220760001fda664,,0.7185597437818733,,-59.790280819661476,-480.67664,34.54141,3.5606375,2.5676308,-0.35697213,-3.7453345999999996,-6.1492724,-6.685341,-5.296978500000001,-2.6835175,0.05106018,1.8819749,24.229942,11.0618,-0.75786084,-8.0576,-9.777378,-7.0351834,-2.302397,1.8075208999999999,0.42262864,-1.1523340816512381e-06,0.01901320548509377,,3083.9361420197133,1457.9233425169045,14.55369787917275,7.770775521438853,11.866796818158742,20.47737508576884,16.76685544153474,15.006758203010495,17.714459604337893,0.0005388917,1611.328125,0.0257275390625,0.0,0.0,0.0,0.011618807446211576,0.04984959289431572,0.0026480859145522123,0.0003899372066371143,0.8945799112319947,0.029831260815262793,0.00988546712324023,0.0011969236424192787,0.0,False
00:12:01,5c41c28e896e090001c03bb0,132.4786393953862,0.2776102908537611,1.4658531259744425,-46.19269099525543,-372.05800000000005,88.35403000000001,-7.5032754,-0.34312370000000003,16.58888,9.882223,-1.6514389999999999,3.3941126000000006,-2.443685,0.3979458,6.037713500000001,-14.343576,-44.997486,20.570768,-3.4708245000000004,-7.8922,16.917095,-20.613432,-17.547379,1.6968558999999996,1.7093433999999998,-5.948725780759235e-05,1.0423833852022693,26.76710212213881,3070.4669005513983,4323.139178654524,11.756866696822602,9.481441665586203,12.735584080942475,17.052912770920365,16.692722958277564,20.963170885178908,35.217914041973756,0.026064936,7450.78125,0.112119140625,0.0,1.0,0.0,0.06590883019897673,0.0094480163210796,0.2883180319848988,0.18614079472091466,0.05224639860292276,0.07901673308677143,0.2790986266401079,0.03982258789862195,0.0,True
00:12:02,59278c090220760001fda664,,0.7528592059933407,,-56.56917471368596,-470.89374000000004,46.938572,4.48075,3.3725655,0.8898709,-1.6547919999999998,-3.3572953,-3.8728116000000004,-3.2984529,-1.9967568,-0.46705404,0.7529636,32.960365,15.47129,0.31084615,-8.4836445,-10.055983,-6.44931,-1.0784059,3.0541970000000003,0.50180537,-1.5890319207079168e-06,0.026105788576567403,,2598.986148745292,1163.5507028596444,13.891429857224555,9.178103244976231,11.962442995801757,19.632865134852842,18.187264426147113,15.260934458625796,17.683041943117033,0.00020998289000000002,1120.546875,0.0242529296875,0.0,0.0,0.0,0.008709006942808628,0.09147092401981352,0.0017646237509325144,0.00030374311463674534,0.8574368834495545,0.03357433751225472,0.006160071957856417,0.0005804594722576441,0.0,False
00:12:02,5c41c28e896e090001c03bb0,,0.8849363854731773,,-86.93871606551066,-506.22687,6.333778,-1.3118239999999999,0.12240809,1.6697855,3.076244,4.076194999999999,4.45805,4.137654,3.2019467,1.8940674,0.5384956,4.926202,2.9459636000000002,0.8168966,-1.0605950000000002,-2.4010344,-3.067165,-3.0497810000000003,-2.423512,0.24663647,-9.471725018336836e-08,0.0017230377399551269,,6294.290107391438,6059.189685310287,10.993015292624804,8.801337640776872,13.30032445007277,15.891303550436106,14.179104580049641,15.454907493595913,15.13616643783695,0.09275026,13365.9375,0.04990234375,0.0,0.0,0.0,0.044351925142109394,0.0040725615806877615,0.06742274835705757,0.444703883677721,0.02775691077113152,0.12183617912232875,0.1786316975951195,0.11122411228716374,0.0,True
00:12:03,59278c090220760001fda664,,0.6998195078703867,,-60.31422845866531,-479.8887,35.505993,1.3476458999999998,0.54373044,-1.3483225,-3.2311308,-4.313271,-4.304973599999999,-3.3484604,-1.8340028999999998,-0.22827633,1.040463,24.853739,11.391898,-0.50193655,-7.7034199999999995,-9.4064865,-7.0045223,-3.0304372,0.16893470000000002,0.43352637,-1.1744656556926457e-06,0.019372337699261742,,3067.246623858889,1437.2257898678174,13.157995160594563,8.059317519361885,11.048653702272851,19.801584895997408,16.910501061768528,15.250814737882653,18.00964119256279,0.00052773237,1532.109375,0.02625,1.0,0.0,0.0,0.01823509857058525,0.029760624654591082,0.0030980871641077107,0.0015121152973733842,0.896839153766632,0.03610770460218191,0.012984128203243015,0.001463131606578827,0.0,False
00:12:03,5c41c28e896e090001c03bb0,161.2910489238101,0.5567721091735595,2.4641673739114647,-27.91305290115789,-259.8229,141.61456,-20.005177,-1.9273561999999997,9.0737095,-5.968396,-6.204564599999999,1.4234416,-8.4570675,-0.32322398,4.3713274,-17.242153,-57.250071999999996,24.018373,12.799721,-8.4885435,8.577127,-18.456953,-10.766248,-5.771184,2.0088006999999997,-0.0001173722306296446,2.0248461213657203,29.599443205403016,2327.8608115910915,3087.302875701588,14.400707733190716,10.4625507508584,13.095377454684026,15.171635128432705,16.888139023656198,19.72358154917454,42.92696820338099,0.002750331,5493.046875,0.1014794921875,0.0,0.0,0.0,0.04461626522243023,0.012785899935157172,0.02682928740978241,0.2233924546412059,0.21238394507340025,0.20124717216406549,0.1940312811306545,0.08471366004752261,0.0,True
00:12:04,59278c090220760001fda664,,0.6966120108212067,,-59.01727349021354,-478.95554000000004,36.9313,3.1650414000000002,2.3329717999999997,-0.12476040000000001,-2.8499331000000003,-4.6770024,-5.0434837,-4.0226097,-2.1386812,-0.12980004,1.292562,26.519341999999998,13.233602,1.242407,-6.3741603,-8.58849,-6.4296489999999995,-2.2211279999999998,1.5347548,0.45065042,-1.231567043762541e-06,0.020300976991126297,,2971.138496852121,1370.3896852858825,14.969759223328754,8.168810629124675,11.658029257611167,20.744860173038596,17.478984291373294,14.958766126910175,18.057214828771148,0.00041976132000000007,1436.015625,0.02466796875,0.0,0.0,0.0,0.02779698204249144,0.01487524975091219,0.004040415026247501,0.003212790645193309,0.9090653300285341,0.024956442601978775,0.014283315464854241,0.0017694639740511774,0.0,False
00:12:04,5c41c28e896e090001c03bb0,272.74491303984473,0.8826844826707229,7.588508921677833,-39.35409852198711,-375.7112,91.83626,-2.3533353999999997,-7.683422599999999,-6.9405589999999995,-8.567274000000001,-6.305557,1.0577393999999998,3.4053576,5.67051,8.665239,3.4190474,-1.6545953000000002,14.263774,7.9876309999999995,-11.962612,-3.0280192,-0.6893715,-2.820415,2.0867307,1.3497493999999999,-5.7415610918709485e-05,0.9839859828312952,22.910596377074494,1976.4005355592474,1563.7267959662067,15.061547839433004,13.059000322933054,16.528370080414483,21.64270588090281,18.84154851822992,19.999025028603672,26.389238019019388,5.6172892000000004e-05,2454.140625,0.045234375,0.0,0.0,1.0,0.002028336672810838,0.002077973949781153,0.0007190723452367818,0.02890147693397012,0.8744461596012115,0.002662160692852922,0.04348519835621119,0.045679640336311424,1.0,True
00:12:05,59278c090220760001fda664,,0.7237577364353944,,-56.08271609485932,-468.494,49.574444,2.0164888,-0.30324537,-2.968626,-4.7219553,-5.1333528,-4.399880400000001,-2.9499252,-1.2091798,0.41261536,1.4858372,33.79538,14.558746,-1.3144678,-9.558375999999999,-9.947052000000001,-5.5413346,-0.4664321,2.3096932999999997,0.5348988,-1.7518605077574794e-06,0.028740440024800005,,2554.185542261524,1159.9505648700938,13.916391882333816,9.073211549950834,11.974433726993132,21.32446591597121,17.02954293357165,14.906235482187435,18.231136126152645,0.00025792794999999997,1176.09375,0.024873046875,0.0,0.0,0.0,0.02653984781354666,0.020525730215013027,0.0032564139692112803,0.0029587003111373627,0.894537878036499,0.034561215341091155,0.015313533414155247,0.002306711091659963,0.0,True
00:12:05,5c41c28e896e090001c03bb0,,0.6570655668285778,,-38.53544726483411,-383.74875,40.806595,-1.3874716,1.8802668000000002,4.7924924,-0.9353214,-2.3820565,0.07896698,3.5003572,10.052047,2.2459874,-8.811214999999999,-87.275856,-8.165724,46.542595,9.094657000000002,1.1930450000000001,2.8454242,-8.984589999999999,-5.8625989999999994,1.0148903,-2.513726373643385e-05,0.4410030982476193,,1544.8207940808022,3076.005569980134,12.991587488505926,10.467344835403091,16.027791676129358,22.743513675064897,19.396007258272547,29.19279508304997,30.85025191352725,0.00027474656,4603.828125,0.1261279296875,0.0,0.0,1.0,0.010055176628520712,0.009659319091588259,0.0009848548434092663,0.004322021180996671,0.8027431160211563,0.007979883486405015,0.1633124530315399,0.000943159410962835,1.0,True
00:12:06,59278c090220760001fda664,,0.6693138842045925,,-47.898614310872134,-415.5389,63.733437,6.075145,0.36331964,-0.91334426,-5.235424500000001,-9.741782,-0.3220618,-1.8712146,-5.25507,1.7865196,2.9224002000000002,-4.291778599999999,6.981485,10.59336,-4.3216553,-11.756747,-9.795263,-7.545838400000001,-0.9498228000000001,0.86195725,-2.2772156992648826e-05,0.3914502418546497,,2425.217038602734,1661.9782966769912,15.903390080724824,8.63681023414126,11.737602517951984,19.581115473941267,18.00960865241849,20.074872051113072,23.187807505741485,0.00018859578,1922.109375,0.0480419921875,1.0,0.0,0.0,0.03148566856980324,0.026996952854096888,0.003053769760299474,0.002385425369720906,0.8767887711524963,0.04062704797834158,0.016839537676423787,0.0018228619126603007,0.0,True
00:12:06,5c41c28e896e090001c03bb0,,0.9530527364142608,,-77.73509587804286,-503.81485,8.7133045,-0.7817976,0.19520926,1.1948283000000002,-0.2630892,-2.4599022999999995,-3.2181242,-3.415512,-4.127145,-4.10182,-2.5061908,5.4020085,4.703432599999999,5.225468,4.435204,3.5679574,3.9620497,3.4919927000000004,0.95165896,0.2451492,-3.2756167034224835e-07,0.005611597618488153,,5522.4048794137025,5032.144009490488,11.328737212048875,12.594707045818913,10.53862178928464,15.34532740951348,17.835341456588825,19.290110869890913,15.920869405887265,0.03305124,10739.53125,0.0679345703125,0.0,1.0,0.0,0.005098110827384515,0.011518750188406555,0.0082195358692843,0.0017519123910460619,0.8565854072570801,0.020807675435207784,0.09501823261380196,0.0010003610368585212,1.0,False
00:12:07,59278c090220760001fda664,116.17188500196394,0.5094204332126792,0.2190572103991547,-27.322040885863156,-304.18042,153.12347,14.430055,6.9363894,-3.373619,-3.7466839999999997,-4.474131,-0.21385685,3.3869112,-5.426768,-9.93544,2.295493,-19.580864000000002,-11.310862,33.65139,11.449399,-8.002225,-8.105153,-12.133755,-1.215465,0.98237044,-0.00011193132512184414,1.8609517159760909,11.448278442902474,1565.1394986720607,1569.4813366603225,15.843307650726937,11.274669205747282,14.394188355600418,16.704201302432757,21.863113169235557,26.510070734107963,29.215794887162065,5.641974e-05,2481.5625,0.0482470703125,1.0,0.0,0.0,0.012551454827189444,0.02323722615838051,0.002072498889174312,0.00028918129683006547,0.9377557873725892,0.020028734020888804,0.0037699733395129436,0.00029511663597077127,0.0,True
00:12:07,5c41c28e896e090001c03bb0,,0.4095866047409051,,-86.53706519930509,-505.6388,4.0444,-1.4261491000000002,6.4255943,7.397089,0.5920369000000001,-6.6839395,-6.786803999999999,0.21440877,6.7961287,6.076836,-0.97618186,-4.764247,-8.4849615,-3.20321,5.4272747,8.244425999999999,2.3233216,-5.9813279999999995,-7.866099,0.08938389,-2.1739152273026753e-07,0.003769152457308551,,5922.990393859109,6176.895945462196,9.637705630121332,7.5011623902794335,10.868759649575832,21.47678362425731,21.495826106088348,14.365260117396106,13.51946021492995,0.20947014,12741.500686813188,0.0496116460755814,0.0,0.0,0.0,0.005864823656156659,0.030448998324573037,0.013386751036159694,0.0014778661337913946,0.8356164276599884,0.03360074805095792,0.0782788272947073,0.0013255996454972776,0.0,False
00:12:08,59278c090220760001fda664,100.24165830042885,0.8054248065080771,0.4079395831119279,-24.678853828037358,-304.76166,161.60133000000002,7.7667656,14.283007999999999,2.1070773999999997,-2.8309677000000004,-8.788953,-4.869935,1.3770678,-3.6055379999999997,-8.484588,-1.4033712999999999,12.47225,2.5723498,-1.4944347,-17.328537,-3.8341053,-0.19466901,-25.49486,-25.935852,1.4019263000000002,-9.147617812674164e-05,1.510475489385559,11.737916798775053,1743.269013703176,2111.673144198836,14.263020954011491,10.32035814279676,14.500000226512318,17.291884182421025,25.21299595170074,28.455533891553372,30.97267928712645,0.00034498604,3484.21875,0.0732958984375,1.0,0.0,0.0,0.11356990337371825,0.09049178957939147,0.021520758885890244,0.002108733798377216,0.5865375459194183,0.13556309193372726,0.049158883839845666,0.0010492920991964636,0.0,True
00:12:08,5c41c28e896e090001c03bb0,,0.8166374619106002,,-108.09586499970652,-507.33987,,,,,,,,,,,,,,,,,,,,,-8.43670421677414e-09,0.00019090598412704041,,6761.34462779542,7814.615198264279,9.323222838893779,9.102114136222694,9.566691044236356,10.107556268480476,10.7537506876623,10.776649917508797,10.983097516927636,0.8525004,16559.103260869564,0.011207217261904762,0.0,0.0,0.0,0.004878223658306524,0.00961769830319099,0.0023963530180481033,0.003615178255131468,0.8750263631343842,0.021192228153813632,0.0810269278474152,0.002247014601016417,0.0,False
00:12:09,59278c090220760001fda664,104.2494941504513,0.8553888830542166,4.278803438208711,-51.598747786597436,-442.0115,71.403336,6.305611,5.274198999999999,-1.9361776000000002,-7.8503194,-7.800097,-3.730482,-0.7086359,-1.0695503999999998,-1.9046916,-0.8716749,29.451620000000002,2.7314065,-3.5692875,-3.350904,-3.8350995,-4.8460293,-4.073996,0.82680005,0.6263911,-8.884563693628355e-06,0.14651535390950432,21.763343625547144,2208.5714826310896,1252.7983305774076,13.650986228918368,8.42165492181191,12.05719466122022,17.744307278803927,22.067022827103205,18.078823645314017,20.565923873266755,0.00018561921000000001,1510.78125,0.03275390625,1.0,0.0,0.0,0.06866634199395777,0.0727368239313364,0.005766078620217741,0.003860348858870566,0.681621378660202,0.1188398279249668,0.03353840275667608,0.014970842981711032,0.0,True
00:12:09,5c41c28e896e090001c03bb0,,0.6964344341699864,,-104.10843465911051,-507.33987,,,,,,,,,,,,,,,,,,,,,-1.2931724368440609e-08,0.00027699954169159153,,6664.155232859001,7068.255187642274,8.328532013828521,7.669292212635215,8.98146080432517,11.11194589428892,11.95313199435934,11.276292099730576,12.76887479895936,0.51877546,15592.085040983606,0.011067708333333334,0.0,0.0,0.0,0.006627495028078557,0.014342309953644872,0.0026840200880542397,0.00372062826063484,0.8092252731323242,0.0488645177334547,0.11029500477015973,0.00424073685426265,0.0,False
00:12:10,59278c090220760001fda664,339.4230318057835,0.5618892927704598,2.202830906869305,-40.07667782943386,-389.90817000000004,105.14958,3.1512036,9.391193,7.2026644,2.239478,-4.867053,-4.2364945,-0.18907039,-3.5801647000000005,-5.45453,0.91724867,22.158928,0.7517369,-5.9052453,-15.12822,-11.949125,-5.552118,-11.338797,-10.954194000000001,1.014051,-4.5197018912843406e-05,0.7505146429563423,39.3477375476056,1920.4861363494197,1324.578296121288,11.895439916910734,7.939359901267721,13.400148546893135,18.609307984234725,23.333712242199148,21.780594076296588,23.460743368400262,0.00010676038,1827.421875,0.0384521484375,0.0,0.0,0.0,0.047978786192834376,0.04580364543944597,0.005400760052725673,0.001935061538824812,0.8011226177215576,0.08222297802567483,0.011971934279426931,0.0035642168484628202,0.0,True
00:12:10,5c41c28e896e090001c03bb0,,0.9302409191276806,,-90.72824745969541,-506.7197,3.2309449,2.3382259999999997,2.285477,2.2556229,2.2456002,2.250122,2.2622117999999998,2.2738917,2.276967,2.2638116000000004,2.2281112999999997,3.1800493999999997,3.0996217999999995,2.9958242999999998,2.8764622,2.7502513,2.6260103999999997,2.5118408,2.414386,0.10563813,-4.638612019442203e-08,0.0008624269106162862,,6606.922882716198,6520.0708595649085,11.080876763832377,8.854500401147943,13.044876488583348,11.76722747279258,14.492922507020657,12.712117007407533,14.153184439094153,0.14688699,14514.140625,0.014012192234848484,0.0,0.0,0.0,0.004574570358575632,0.007519924081861974,0.0015602883423626835,0.0061763113610342965,0.8045446508460574,0.020787937463157703,0.14979479793045256,0.005041521081390481,0.0,False
00:12:11,59278c090220760001fda664,376.1018717739118,0.6921695216510511,4.48543654709523,-39.85836019788249,-359.5338,106.59638000000001,6.275061599999999,2.9878527999999998,6.2575517,-1.0102689,-12.251379,-2.5783994,2.9191427000000005,-4.5871544,-3.0630822,-1.222186,10.439675,-3.6720226,-9.493327,5.006771,-6.9662313,-10.0879345,-10.352189,-4.132255600000001,1.1427708,-3.786720446377609e-05,0.6476520106289027,31.600108864535674,2926.561237017791,2795.988176364629,12.351751057652502,8.028796263841993,11.013614789614458,16.476121190034114,20.059339930476092,20.859247257076206,32.07601807413105,0.0007901122400000001,4957.265625,0.08982421875,1.0,0.0,0.0,0.06764015443623066,0.07131899129599333,0.009463426563888787,0.005669831507839262,0.7226119220256806,0.07840491160750389,0.041945142671465874,0.002945644885767251,0.0,True
00:12:11,5c41c28e896e090001c03bb0,,0.7849628320565164,,-98.93237334901028,-507.10294000000005,3.0439979999999998,2.8250964,2.779932,2.7309687,2.6783368999999997,2.6221802000000003,2.5626488,2.4999027000000003,2.4341085,2.3654417999999997,2.294085,3.0372174,3.0259376000000002,3.0101892999999995,2.9900142999999995,2.9654694,2.9366207,2.903547,2.8663387000000005,0.10305651,-2.5307096668101585e-08,0.0004910338750296508,,6602.079260638526,7383.688151432188,8.898675323277796,6.862478005987524,8.128399829778083,9.952098739871797,11.720404296257279,11.789069053972357,13.226290519055985,0.40891394,15464.0625,0.013059978243670884,0.0,0.0,0.0,0.006100849946960807,0.02302846256643534,0.018527606804855167,0.0027612081263214353,0.7727961719036103,0.03555806204676628,0.1377276536077261,0.003500003076624125,0.0,False
00:12:12,59278c090220760001fda664,262.63042705512606,0.8803259455949591,4.32611844016898,-48.865035118218366,-436.30273,81.64694,-0.27625963,1.5784421,-0.7930656999999999,-4.517990599999999,-5.204098999999999,-3.6498525,-2.4954116,-1.4539471000000002,-0.088572286,0.263314,39.892309999999995,5.5905695,-9.218706,-10.577197,-6.993276,-3.7715375,-3.1643167,-2.8603183999999997,0.8455578000000001,-4.809035985414108e-06,0.07914621334513396,7.42438446468068,2002.6046539103354,1182.8925299645489,11.96003831165165,8.090549860839221,11.275613970576474,16.487656495142573,22.47206356234067,18.03498432522395,21.393316123634726,0.00013497687,1622.8125,0.0295654296875,1.0,0.0,0.0,0.2283922865986824,0.06464590281248092,0.028105596825480462,0.004815124557353556,0.4018582865595818,0.18085144609212875,0.08045482859015465,0.010876574972644448,0.0,True
00:12:12,5c41c28e896e090001c03bb0,,0.5376398103314245,,-69.20642758569264,-423.2779,74.60604000000001,-13.005803,-12.085936,6.0338959999999995,-0.8173562,-8.011497,2.4963040000000003,-7.6116779999999995,-3.9816387000000004,3.0134722999999997,-13.558964000000001,-49.52143,21.014236,7.429987,-12.002245,13.483229999999999,-5.8512754000000005,-15.145976000000001,-4.748578,1.4911791,-5.536378115210163e-05,0.9870434545464574,,5239.694556181762,5188.216359432202,10.434622244094546,12.540002156891266,11.506957040850285,13.495443241221368,14.797103291982028,14.058052689537444,23.714995971904212,0.072984785,11149.921875,0.056708984375,0.0,0.0,0.0,0.007896016933955252,0.010765399411320686,0.010150622233049944,0.0059124579653143895,0.8058931946754455,0.01659289631061256,0.1394726127386093,0.003316821067710407,0.0,True
00:12:13,59278c090220760001fda664,329.685334096739,0.7501272144885224,10.696342332643649,-42.329926445027006,-405.53766,107.23467,5.0343599999999995,7.5059104,2.2519717,-4.255095,-7.6053143,-7.607538000000001,-6.1975565,-4.498725,-2.5197182000000002,-1.1908869,32.994240000000005,-12.579963000000001,-11.723583999999999,3.459108,3.6882462999999994,-8.034728999999999,-13.203342000000001,-5.4231358,0.8916844999999999,-1.732211547254364e-05,0.2847806088442932,17.361315582753207,1818.640307299216,1286.9296990126195,12.481793908746466,7.986364391083164,12.664221085953109,16.188553584014592,25.029570969284716,17.305280455735268,25.19750764579664,0.00017415505000000002,1909.6875,0.033720703125,1.0,0.0,0.0,0.05310513880103827,0.061478246003389365,0.004950862657278776,0.0018997915438376367,0.7256433486938476,0.0998591311275959,0.05208582039922476,0.0009776785736903546,0.0,True
00:12:13,5c41c28e896e090001c03bb0,106.88917609430936,0.4989971459591081,0.6723457101097163,-35.381077866751845,-304.51907,136.89156,-11.536076,-3.128959,5.105262799999999,-4.9755054,-0.12057249999999999,2.3790642999999996,-8.255906,1.8198797999999998,3.4016974,-14.600218,-34.977,26.933115,31.028736,-17.941021,-9.809255,-12.1237955,-12.293299000000001,-3.884644,1.2608167,-0.00011286404941520139,1.8911713228961824,11.552734124539313,2433.052213840274,2694.566300390539,15.061610542068024,10.091716522067788,12.874892559647332,15.68094712845715,18.111308507396917,21.91361387453998,36.09022612236454,0.007276589,4960.78125,0.08751953125,0.0,0.0,0.0,0.04049654770642519,0.04613829946611077,0.03855760251171887,0.05276763872243464,0.3229204837232828,0.15312730111181735,0.33435288071632385,0.01163920993276406,0.0,True
00:12:14,59278c090220760001fda664,,0.7216691644847266,,-54.18450890363248,-457.44185999999996,60.873013,0.016485054,-0.1355976,-1.0417565,-2.7616074,-4.4263177,-4.876955000000001,-3.6621620000000004,-1.4451851999999998,0.52843976,1.4003618999999998,35.722294,9.469111999999999,-6.7052364,-10.509481,-7.080913499999999,-2.7841177000000004,-0.59212667,-0.066920005,0.6369223,-2.48723847804682e-06,0.04079459288459079,,2293.039061801573,1164.6159060952643,12.860043327925515,8.555514408247424,10.56998752557851,17.43036579918974,19.27253994709192,16.685881389679242,19.27680165382472,0.00021746333,1350.46875,0.02748046875,0.0,0.0,0.0,0.008949903957545757,0.02212348692119121,0.002036571188364178,0.0005145971546880901,0.9255265951156616,0.03068022392690182,0.008392507024109364,0.001776065642479807,0.0,True
00:12:14,5c41c28e896e090001c03bb0,131.8374253218862,0.6791083917887313,0.8599362991396412,-43.452133545691254,-404.13842999999997,81.36336,-0.7357251,-0.42112082,5.1000037,0.12443806,-1.8699355,6.7866325,8.291831,2.9497299999999997,-1.0419391,-4.094083,3.6946294,5.1635480000000005,6.927262,-8.453444000000001,-4.6850877,-3.4121802000000003,-5.5333385,0.4399959,0.858979,-1.7585921762682047e-05,0.2940987456281895,17.7954910207744,1863.6223826694345,1761.465333154499,13.756135765015365,13.225334296544233,17.575194744909503,21.35028852842011,23.192493608439523,24.00987962202977,24.190647009590112,5.3805765e-05,2971.640625,0.053818359375,0.0,0.0,0.0,0.008220674900803715,0.006928023160435259,0.0031512821500655265,0.023248193529434504,0.7024803049862385,0.04612966170534492,0.1999310774728656,0.009910796326585114,0.0,True
00:12:15,59278c090220760001fda664,,0.7342896142529455,,-53.575717070716905,-456.2383,63.211998,2.0565608,-0.27902204,-2.6686938,-4.296005,-4.835456,-4.309366000000001,-2.9507904,-1.1169635,0.7495464,2.1577122,38.90477,11.824883999999999,-7.1248190000000005,-13.681828,-10.65498,-4.0701160000000005,1.1323798,3.010469,0.6249281,-2.4849808188909897e-06,0.04071940158609976,,2115.9171659229364,1060.6972436007618,12.924959899939676,8.345441293580413,10.68021140098175,17.869552699999602,21.107437840376388,16.88798997510045,18.585164521007226,0.00012888669,1216.640625,0.02716796875,0.0,0.0,0.0,0.01701519126072526,0.03884441442787647,0.00421414589509368,0.0005958549154456705,0.8823825359344483,0.04810095019638538,0.0073565788567066205,0.0014903167728334665,0.0,True
00:12:15,5c41c28e896e090001c03bb0,,0.652720163802667,,-53.87737990985114,-434.88892000000004,59.342075,-1.4665747,-6.434475,1.8041251,-3.8466086,-2.388745,1.8118787,-4.1055817999999995,-5.624679,-7.011359700000001,-6.173253,-6.8899035,20.869867000000003,13.123551,-5.059823000000001,7.246403,-1.1428314,0.43649542,13.385477999999999,1.3453237,-1.1489604101224366e-05,0.197654718078288,,3133.004418239962,3370.712151070676,11.491707040890795,10.254333503764713,13.050493045006453,17.85507002223654,20.41306079479147,19.74423866790737,30.103103653440304,0.019424006,6390.703125,0.0961181640625,0.0,0.0,1.0,0.021118763268792203,0.01786827888073666,0.005776227260607162,0.02059550872737808,0.5288597515651158,0.19776653974050926,0.18739495107105802,0.020619965283133618,0.0,True
00:12:16,59278c090220760001fda664,131.99426102232627,0.17511529257718125,2.360249364696656,-44.43844760616409,-399.43158,85.10134000000001,9.219494000000001,6.951478999999999,-1.5666606,-6.0530186,-6.5861692,-4.5786940000000005,0.0825213,-1.638524,-7.589637799999999,-2.2514756,-5.224225499999999,-8.093824,10.258072,0.86360747,-7.9934416,-9.450191,-8.672882000000001,0.09951238,0.8723697,-7.303432623958005e-05,1.2158788171922887,29.06693978875203,2555.205006671193,1750.6400071245125,14.004205996686409,10.108039023026759,13.646598516198793,19.461591637200605,21.621828275307056,21.201773452514985,22.79355485719335,0.0010526321,2755.546875,0.0416357421875,1.0,0.0,0.0,0.025490351766347886,0.079128497838974,0.007400480052456259,0.0016902138537261634,0.7833033084869385,0.08386516571044922,0.013236182974651456,0.005885788652813062,1.0,True
00:12:16,5c41c28e896e090001c03bb0,146.00231204737088,0.8963037746282705,1.948388465722304,-23.10089806305387,-275.62622000000005,170.07301,-18.5094,6.422581,13.924045000000001,-12.567475,-7.889621000000001,5.912439,-1.7576078000000002,-2.7639403,-3.8789382000000003,-6.581721000000001,-6.499925599999999,6.127825,10.599707,-4.6486279999999995,12.257695,-4.0548553,-18.827267000000003,-16.721346,1.4046777,-0.00012223901152208708,2.0092107218193758,10.02593310717459,1452.661416676295,1689.2824913358356,16.240009751183006,13.173306816240704,16.078349759153127,17.984541976176843,23.309120216625036,28.389968802286788,39.57486377379091,3.0534084e-05,2834.0625,0.0593896484375,1.0,0.0,0.0,0.05464911637827754,0.022494264831766485,0.02454125694930553,0.18980967281386255,0.19720557034015654,0.2748073861002922,0.09926289934664964,0.13722987323999405,0.0,True
00:12:17,59278c090220760001fda664,121.26760257877102,0.8979552400278192,1.9854747266589388,-19.566759322852718,-301.06942999999995,176.20044,-4.344412999999999,0.5291295,-10.159007,-11.173243,-4.3156705,-0.728413,0.82100594,-2.6140254,-8.803787,-7.086542,20.592829000000002,6.812442999999999,36.974796000000005,24.017193,-1.3707521,-11.352333,-21.268755,-21.830710999999997,1.3094628000000001,-0.00010544246993562734,1.7276129546944043,17.873149301204236,1343.0740792083834,1099.2513350310373,16.74004909494619,12.437732846956965,17.31246585054701,15.950338297433982,23.97106592027691,28.47049058107946,29.7709700129793,2.4466839999999997e-05,1986.5625,0.0307958984375,0.0,0.0,0.0,0.0175324568990618,0.039691311866045,0.009167114389128985,0.0054283383360598245,0.8613484144210816,0.03580382447689772,0.014981665858067572,0.01604691061656922,1.0,True
00:12:17,5c41c28e896e090001c03bb0,489.4148317432566,0.6377160471306649,9.843957377008524,-66.92476049722076,-475.6731,27.274328000000004,0.98951346,4.7621675,2.9425494999999997,-3.3847828,2.033819,9.34298,9.545413,4.184871,-2.560717,-0.8058624,-12.9018135,14.483160999999999,11.298416,9.635928999999999,12.392902000000001,-15.7426405,-19.595776,-2.3252769,1.0438379,-5.281957817331009e-06,0.09422513193304782,21.22584976858573,4088.2910698754217,3882.6611459032374,10.497644220263348,9.384465720220009,11.808002790533994,16.26570922595513,19.547018160137874,18.596309719913528,23.568991170312394,0.021305675,7056.328125,0.09865234375,1.0,0.0,0.0,0.08161611268296838,0.007864294573664665,0.06725814528763294,0.4734678141772747,0.07900347439572215,0.09317809250205757,0.15246907472610474,0.04514297880232334,0.0,False
00:12:18,59278c090220760001fda664,95.10431640418751,0.5556688566245371,0.3225226081951081,-32.00189929225785,-322.4432,122.53542,9.769718,2.4516525000000002,-6.2456746,-3.3438258000000003,-3.7836137,-4.2273135,-0.63429344,-3.5412654999999997,-1.8938953,1.1923242,-3.1261861,4.4749303,4.543251000000001,7.612506,-3.9750464,-7.971456,-14.416326000000002,-7.581108,1.2927525,-7.582070561734667e-05,1.2843255673787657,15.650884682407387,2439.793776660369,3062.5336116193043,13.556016618591228,9.848258007691014,13.031559594234905,16.98739521509286,21.0473470922109,22.978239108950238,32.280614186659236,0.00082685106,5222.578125,0.106650390625,1.0,0.0,1.0,0.011073854938149452,0.009886166453361513,0.0014541654440108688,0.003214835019025486,0.9582345962524416,0.0046541288960725066,0.007681338605470957,0.0038009066127415283,1.0,True
00:12:18,5c41c28e896e090001c03bb0,,0.9306866885742844,,-98.03905229412963,-506.85944000000006,7.395454400000001,-2.9862263,-4.1845393,-5.188632,-5.9601617,-6.471911,-6.708798,-6.6682973,-6.360217,-5.805958,-5.0371513,6.9408693,6.205697499999999,5.2225175,4.034730000000001,2.6945,1.2602767,-0.20595646,-1.6415788,0.14405683,-4.682972322941676e-08,0.0008437825370914983,,6403.429563893521,6581.735233656888,7.924033727184222,8.343018449095062,8.965707746672594,9.81193091553785,11.388014740328677,11.131226089253198,14.227259113750513,0.3634578,14171.875,0.010844983552631578,1.0,0.0,0.0,0.020719654951244598,0.020934979151934385,0.011264219181612134,0.049602201161906126,0.3348562635481357,0.2208975046873093,0.3077329061925411,0.033992303721606734,0.0,False
00:12:19,59278c090220760001fda664,93.9106207330974,0.7506389773050329,0.5019059616119602,-30.172281314361264,-322.69516,146.76546000000002,9.358581,2.3156486000000003,-3.5679476,-1.6475634999999997,-8.701576,-3.9669663999999996,3.8029889999999997,-7.717181699999999,-10.970865,3.4755769,3.6966292999999997,2.1658447,19.882301000000002,2.3709445,0.08376156,-4.602488,-24.606407,-13.713025,1.405576,-6.538680395790092e-05,1.0852622010044568,16.112595704436174,1771.2836095688585,1570.8680888351346,14.780336798303034,9.44271113834928,13.3008643313893,16.854922425319177,23.59699956326672,28.98285689958787,28.038715345933763,9.878961e-05,2850.46875,0.04466796875,1.0,0.0,0.0,0.06884136162698269,0.04232605956494808,0.003189981007017195,0.013794480077922344,0.8243823528289795,0.02104061208665371,0.01958481753244996,0.006840303947683425,0.0,True
00:12:19,5c41c28e896e090001c03bb0,,0.6866879763619366,,-100.8277766553266,-506.95892000000003,3.5525620000000004,-0.6481399999999999,6.087573,6.1909757,-0.2883638,-6.284664599999999,-5.440253,1.1384368999999999,6.2888307999999995,4.609074,-1.8672725,-4.404313,-7.5955634000000005,-2.6134477,5.1301703000000005,7.298553,1.6302214,-5.698717,-6.8217025,0.37876165,-7.908547717445512e-08,0.001450853199612506,,6550.245463858149,7196.559538832174,9.034600906591104,8.699993091918131,9.187422421693608,13.747686643832749,14.43780841429476,11.829214781395828,11.966225777786944,0.6340024999999999,15234.895833333336,0.04705668604651163,0.0,0.0,0.0,0.10858392156660557,0.01260154852643609,0.07516481075435877,0.02442141287028789,0.06816873135976494,0.3775505423545837,0.3119540125131607,0.021555003803223373,0.0,True
00:12:20,59278c090220760001fda664,95.22091933016891,0.8546387867778891,0.4332972786776706,-35.335647096306545,-358.31967000000003,128.35773,4.144503,-8.419383999999999,-4.6035642999999995,3.2634876,-5.624968,-6.3609290000000005,-0.08687704,-4.150703,-6.186853,0.59282196,24.26022,12.228097,13.163620000000002,-1.386599,-7.5009369999999995,-9.027395,-10.89381,-0.31379855,1.2070645,-3.992902338406403e-05,0.6593793438111994,12.860415653914936,1881.9962921588635,1540.725714810383,13.591574050653893,8.952238535108517,12.508669532787499,15.373663028948055,20.287078607877508,22.21011264126771,27.959888848177513,0.00017026169999999997,2720.859375,0.04490234375,1.0,0.0,0.0,0.018982799164950846,0.014140099193900826,0.0018677198211662469,0.004448307957500219,0.9461285591125488,0.004930175235494971,0.004540796158835292,0.004961551958695054,1.0,True
00:12:20,5c41c28e896e090001c03bb0,411.2513852890085,0.7020159748384238,8.365149723864759,-71.09025858888124,-458.4942,61.652485,-8.979047999999999,-0.15690206,4.1888456,-0.6116096999999999,-1.1563702,-3.9810736000000007,-0.7923308000000001,10.260009,3.1539872000000004,-6.5795207,-15.023015,3.4967843999999997,21.28142,0.46799168,-12.170634,-11.412436,-6.750004,-6.829087299999999,1.2573854,-1.2031078590652726e-05,0.2035441080656128,14.500544119084136,3977.517882056147,3957.15081364072,12.093158464733705,9.084677994712383,15.477011979943745,13.1811719576422,17.289528719372722,17.136154154737795,23.665300677427265,0.20162047,8042.689732142857,0.06200009300595239,1.0,0.0,0.0,0.11195256058126687,0.0056230791029520345,0.029082322912290688,0.0902451993431896,0.08988259579055011,0.2916083328425884,0.27669844031333923,0.1049074745737016,0.0,True
00:12:21,59278c090220760001fda664,,0.717724990018042,,-55.90145658707572,-465.259,52.491443999999994,2.9985,1.0104412,-1.4783611,-3.5729527,-4.7604120000000005,-4.826714,-3.8697972000000003,-2.2839851,-0.60472447,0.7076048,32.89605,10.233781,-6.6924615,-13.521691,-11.504288,-5.303978400000001,0.41054168,3.1963183999999996,0.5638114000000001,-1.9194373453115138e-06,0.031541787501170364,,2452.8041196497034,1215.8533598380648,13.592301301032537,8.346453940051395,11.508108401050654,18.624966994547048,18.90057358339012,16.151754042609227,19.037952733857182,0.00022852179,1307.578125,0.0279931640625,1.0,0.0,0.0,0.030895442143082617,0.010733392648398876,0.003354988759383559,0.006253755383659154,0.9326307296752928,0.005564183951355517,0.006581747066229582,0.003985729301348329,1.0,False
00:12:21,5c41c28e896e090001c03bb0,176.0020542314466,0.6117474563005311,0.5353586394847535,-24.812591703280845,-247.65086000000002,137.54028,-8.7525,-7.783809700000001,2.9422722,-1.2978922,-7.269603999999999,1.2862841999999999,-2.7965329,-0.12211083,1.3081528999999998,-12.402564,-55.859554,35.155945,3.0796787999999995,-14.146767,4.0544305,-19.007963,-23.53924,-13.030854,1.7682056000000002,-0.00018425435062136377,3.1645796824567105,12.371900530850976,1858.2075299869712,2612.844053899249,16.147777483418214,13.47555824297122,17.16884882104983,17.768847441593444,19.44430262039107,19.837173352820923,41.2459103047056,0.0810817,4050.866168478261,0.08446734884510869,1.0,1.0,0.0,0.06422588635574687,0.01472788109359416,0.03347763467834077,0.015628337076949803,0.513427312401208,0.08156544334170493,0.2692915837873112,0.007655873434321786,0.0,True
00:12:22,59278c090220760001fda664,,0.7455349486499577,,-57.819872733179636,-472.8395,43.411633,1.5448273000000001,-0.24362007,-3.3950187999999994,-6.325132,-7.647454,-6.8659669999999995,-4.6242495,-2.223995,-0.73083764,-0.36832859999999995,27.808042999999998,9.30792,-5.3174524000000005,-12.372953,-12.187582,-7.7637177,-2.5989,0.83955485,0.49851579999999995,-1.6194810277575122e-06,0.026653304248456317,,2766.577167208421,1354.7633026750796,11.85972799336621,8.531205522725072,11.087421683461804,19.86017749080111,17.099948573990556,15.438339712904119,18.88019529191536,0.00035517222999999996,1382.8125,0.0264404296875,1.0,0.0,0.0,0.01277880687266588,0.02189727788791061,0.0018448570044711234,0.0024287029053084554,0.9446976900100708,0.009317355882376432,0.004490661830641329,0.00254464513855055,1.0,False
00:12:22,5c41c28e896e090001c03bb0,164.96893636170427,0.884314183143669,1.4758002975341078,-27.56383988829455,-283.87085,148.68344,-5.200866,-10.918808,-3.6427267,-2.4141235,-0.37070897,-2.6820908,-3.404189,4.9695377,-0.6874949,-8.942435000000001,-35.21927,9.048860000000001,15.098503,-10.677249,0.4720702,-18.358282,-25.38662,-2.5517830000000004,1.7558558000000002,-0.00012833301547374398,2.1362005034596363,17.242771552350725,2015.4407623018694,2149.072056296977,14.457256284557117,12.20915815526186,15.87807427739356,17.67903296624466,21.937887394038352,22.92586586502639,37.336340480505314,0.0028917405,3872.109375,0.0652685546875,1.0,0.0,0.0,0.17466273690973008,0.0059363827375429005,0.2736820929816791,0.0991394871047565,0.03246857039630413,0.1064590641430446,0.2790977018220084,0.02855398505926132,0.0,True
00:12:23,59278c090220760001fda664,,0.7251938502710925,,-59.17924798469672,-477.53345,38.237152,3.6143084,2.0614388,-1.4011921999999999,-4.818621599999999,-6.633905,-6.2855086,-4.24449,-1.5997378,0.5290493000000001,1.4618868999999999,25.967243,10.380772,-3.422199,-11.609464,-12.972922,-9.034744,-2.9919,1.885288,0.47380838,-1.2435419811814664e-06,0.020534722528557408,,2925.8392498917924,1401.0706949040034,14.716678806542197,8.248128795379216,10.112607576651982,21.367121752146502,15.400477939462169,15.285473884485695,18.660958940143185,0.00040234407,1295.625,0.027705078125,1.0,0.0,0.0,0.031840125005692235,0.023098917305469514,0.0019083885941654445,0.004375382748548873,0.912024223804474,0.017141669057309628,0.0058717199368402365,0.0037395392544567595,1.0,False
00:12:23,5c41c28e896e090001c03bb0,184.75434396120536,0.9460802667047212,1.7661281046402022,-23.617366226256628,-283.60385,154.73481999999998,-10.211844000000001,-14.139494000000001,0.63490355,0.023816037999999998,-3.7194464,-2.0595562,1.6506958999999999,6.862614,-3.7200417999999997,-11.406489,-22.606282999999998,-0.24729536,10.958162,-12.479887,-4.9269824,-19.043570000000003,-23.480947,-3.2070305,1.6702848999999997,-0.00011216004081384099,1.8583106945290495,17.606102498492127,1496.7459327723864,1650.5485195280235,14.360295983676135,12.86732345642755,17.720343378132867,18.015649335540832,22.280630060316568,23.785941192396816,37.03853442736485,1.1764383e-05,2859.375,0.0482275390625,1.0,0.0,0.0,0.05599773246794939,0.0010140710706764368,0.04952914137393236,0.5471042528748512,0.006901009962894023,0.052626412175595765,0.12459378819912673,0.1622335821390152,0.0,True
00:12:24,59278c090220760001fda664,,0.7364611973861281,,-58.63293572560125,-475.38867,40.353953999999995,2.3602297,-0.23572382,-4.0559187,-7.031100299999999,-7.846686,-6.448616,-3.8219545,-1.2668544,0.30702707,0.6544685,25.967173000000003,8.471419000000001,-5.8994985,-13.205460999999998,-13.0736265,-8.088509,-2.0339339,1.9251088,0.48022538,-1.3706826585956309e-06,0.022603186656320023,,2828.2620658719457,1378.1561084705686,13.441411406387367,8.806507051519715,10.522045364826452,20.687364976212987,16.520397441344613,15.444365224039302,18.65790606449925,0.00038861137,1362.890625,0.0274365234375,1.0,0.0,0.0,0.0073235580464825045,0.012265578866936269,0.0008530389328370802,0.0019697608426213265,0.965348207950592,0.005163877527229488,0.00315553235122934,0.0039204675238579505,1.0,False
00:12:24,5c41c28e896e090001c03bb0,137.76804456333375,0.5080047692645573,0.5185672234914526,-25.08778605260695,-277.6178,159.757,-10.476364,-2.7917087000000005,8.347652,2.1244674,0.19519009,-0.9107639000000001,-7.071227,-0.030486822,1.6277893,-7.213188000000001,-23.772099,11.495096,14.639256,-15.647441,2.6328883,-7.183151700000001,-24.158023999999997,-13.208951999999998,1.7762607,-0.0001365524161062925,2.2656281529870803,15.854275703609927,1733.045498062419,1959.7183791550049,15.436815502682073,12.581342673681693,17.117780716262132,16.940937912315697,19.651440451260488,23.475276468035158,36.48635826845821,0.0010647078,3201.328125,0.060341796875,1.0,0.0,0.0,0.033256573230028154,0.002458454587031156,0.048240718338638536,0.4276000127196312,0.011256331903859973,0.09065111111849547,0.2290416229516268,0.15749517902731894,0.0,True
00:12:25,59278c090220760001fda664,,0.7738772604641486,,-60.25403327797314,-480.57455,34.250842999999996,2.8971522000000003,0.79561347,-3.0060596,-6.536580000000001,-8.259299,-7.6460195,-5.2121325,-2.1143330000000002,0.42922437,1.6249653,22.848387,8.472247,-4.0692606,-11.237828,-12.035701,-8.051679,-2.3980217,1.8423102999999998,0.43792266,-1.0813766645563992e-06,0.01790882803114899,,3048.568589435624,1483.629838262631,13.678568158575068,8.450096418717008,11.048133943478312,20.455834887912108,15.75823252411033,14.737379571726473,18.889173861934232,0.00046340885,1419.84375,0.0283251953125,1.0,0.0,0.0,0.026805536798201503,0.05277323089540005,0.0049331992398947465,0.0009962552096112634,0.8748511672019958,0.03045987612567842,0.008299898891709744,0.0008808724320260807,0.0,False
00:12:25,5c41c28e896e090001c03bb0,147.00410802804257,0.906245453050436,0.6685022149532945,-17.72092150422273,-206.37057,183.91179,-6.540177,-7.7916102,4.411654,0.65777266,0.1070264,0.5681258000000001,-5.007947,-3.0871027,2.2311397,-7.721317,-30.688152000000002,8.542114999999999,10.9286,-3.5773985,-7.0836369999999995,-14.903854999999998,-24.291985999999998,-7.527489,1.6308271,-0.00019991513150187626,3.3442873480664534,18.20029525224848,1727.5044454068122,1627.6968564801887,16.524083964984072,12.72159927265243,16.770222300847745,17.52416903381373,22.68566707011345,22.968369286508374,39.033524471462705,1.0673251000000001e-05,2925.46875,0.0400634765625,1.0,0.0,0.0,0.049540278408676384,0.0024780740059213713,0.023585220763925458,0.2814652308821678,0.01898232977837324,0.127909251768142,0.4209860607981682,0.07505357908084989,0.0,True
00:12:26,59278c090220760001fda664,101.60889654438203,0.746148623329815,0.410182729643313,-50.38583900166714,-450.8759,69.16819,2.0387546999999997,-0.13195097,-3.2531597999999997,-5.16959,-5.555903,-5.1832023000000005,-4.293323,-2.6128767,-0.48820525,0.9463049000000001,42.536120000000004,16.145789999999998,-0.006061585,-6.099698,-6.828108,-5.119492500000001,-1.8845674,1.2768937,0.6538455,-8.378185965815787e-06,0.13604840247752434,22.628227593716787,2336.8043860544344,1218.0237671515285,13.669527613267222,9.259657318571874,11.912222315706881,17.756327190316355,17.548501455570193,15.91068856415977,21.996945439761085,0.00027396722,1584.140625,0.025224609375,0.0,0.0,0.0,0.011956159234978258,0.008440868090838194,0.0015641811187379062,0.0007312949921470137,0.9619886398315428,0.01056528164772317,0.002454270888119936,0.002299312874674797,1.0,True
00:12:26,5c41c28e896e090001c03bb0,130.1316100380779,0.8376272064806821,0.5776714703774648,-21.141518049566642,-248.03061,172.93636,-4.3363953,0.552363,11.278439500000001,0.91261196,-9.579367999999999,-2.1772443999999997,0.5475383,-1.5117985,-0.48969975,-4.7226644,-35.67908,-4.179853,6.33146,-19.135574,7.1626716,0.82791823,-18.259687,-7.6357539999999995,1.6602377000000001,-0.00013266412488572622,2.2124537698195907,16.751959828112227,1421.584282017684,1795.4329718232898,15.235540246894164,12.243756305688178,16.07430121395755,16.57070331024755,23.860288341584138,24.161455232090567,35.767924227567185,1.02705035e-05,2939.296875,0.057939453125,1.0,0.0,0.0,0.06558576496317982,0.0018963915033964442,0.12346706218086186,0.31843958497047425,0.030920242983847858,0.08579451953992248,0.2764618180692196,0.09743462400510908,0.0,True
00:12:27,59278c090220760001fda664,,0.7434929616465978,,-56.837870899367616,-468.5403,48.807915,2.1530783,0.45911949999999996,-2.042095,-4.1615996,-5.2593955999999995,-5.242227,-4.367714,-3.0507348,-1.7390723000000001,-0.7983385000000001,31.455085999999998,10.888347999999999,-5.3087316,-12.964158,-12.475789,-7.3671050000000005,-1.7417679,1.6760582,0.51071113,-1.7658128890413413e-06,0.02901940208218856,,2579.138793687271,1239.9363955904025,12.246698677455552,8.19711118708569,11.20917392542075,18.69222053325439,17.390752656635236,15.906145705812413,18.673666902180212,0.00026443943999999997,1223.90625,0.0270703125,0.0,0.0,0.0,0.0068200536537915465,0.004660767363384366,0.0012048327829688786,0.0007260622340254485,0.9830991625785828,0.00147515379358083,0.0014351357473060488,0.000578821508679539,1.0,False
00:12:27,5c41c28e896e090001c03bb0,108.27865049507021,0.5440413386111976,0.5374372799304714,-20.987720057391943,-276.94067,143.45256,-7.313047999999999,-6.609199,7.255853699999999,4.3929696,-4.2782063,0.83069605,3.2055132,0.4925441,0.039238423,-9.852286,-31.50677,12.297221,9.150145,-10.32169,8.860037,-15.826923999999998,-22.08783,-1.7724609,1.3831127,-0.00012496525244664082,2.110884680252326,12.416434167097066,1308.2173032767905,2210.020818105846,13.259296007802469,11.689818776797528,15.993617124922693,19.332504433816148,23.933546129822478,26.011976441551944,37.987873006960214,8.9360965e-06,3198.28125,0.076376953125,0.0,0.0,1.0,0.04603339452296496,0.005846064702685301,0.0302447747413276,0.3653635018401676,0.0662846598877675,0.1025914450486501,0.29789110128250385,0.08574507457928525,0.0,True
00:12:28,59278c090220760001fda664,97.27910348040092,0.6398451694928616,0.2338788283127316,-44.84194336090825,-396.27307,87.83358,5.3549447,-0.6356221,-3.5451424,-0.48177004,-4.820158999999999,-6.188727,-1.9734213,-3.9665343999999996,-3.9098012000000004,2.7611406,4.986048,7.461521,8.609471000000001,-14.08451,-17.026247,-11.403855,-10.67361,-2.2863982000000003,0.9082409,-6.546109871992936e-05,1.0947826925813138,11.364483110031388,2293.919159282749,1403.7926812124344,13.494064471487686,8.803790543219453,12.586369458500796,19.66428707935365,18.729485896281105,20.166368855347287,22.32930970041678,0.00018890406999999998,1832.34375,0.031943359375,1.0,0.0,0.0,0.0091440059710294,0.011089653940871358,0.001878586644306779,0.0020083750132471323,0.966606342792511,0.003538164868950844,0.004137179290410131,0.001597705774474889,1.0,True
00:12:28,5c41c28e896e090001c03bb0,92.13204168303896,0.7073209772067244,1.159397417990125,-59.59673791664006,-460.95667000000003,50.596779999999995,1.675707,-2.527803,-3.012051,-1.1996492,1.2634659,4.171278,4.958605,2.151434,-1.749526,-2.0506759999999997,-1.6632023,-2.8667336,8.291267999999999,1.5183786,-5.315891000000001,-5.683037000000001,-2.4023373,2.495562,0.9205976999999999,-1.4643148420445236e-05,0.24140736578608674,37.63949424567261,3556.4391034978603,3244.925472483679,11.323259488353061,8.3157896982868,14.662070125792606,17.960809705822154,21.212228776635968,22.503249107511262,21.58008239900969,0.014869315,6137.8125,0.0661572265625,1.0,0.0,0.0,0.1869483973298754,0.008106786641292274,0.04720822029880115,0.21562739302005088,0.010491990517558796,0.11035605253917832,0.3293669734682356,0.09189420672399658,0.0,True
00:12:29,59278c090220760001fda664,120.87346090581087,0.5946548675042342,1.6278768693037104,-30.848537224375207,-315.28598,142.19142,13.6517935,3.8016739999999998,-2.2224915000000003,-2.7752697,-9.665148,-4.792439,3.300654,-5.377714599999999,-10.809391999999999,1.0973841,-19.030924,-10.157838,25.373764,3.5454017999999996,-15.089601000000002,-16.84248,-13.750287,2.3172107000000004,1.1766347,-0.00011166362346402641,1.8628372442157,27.138009859111552,1683.724609504925,1679.1867046710813,13.459850127909961,10.663369369916866,13.133445805851007,17.105224028595938,19.90593740726652,23.910367360216192,29.977268376569658,0.00025980172000000004,2820.9375,0.0479931640625,1.0,0.0,0.0,0.027938929200172425,0.022731620632112027,0.002150236687157303,0.0014970371616072956,0.898259961605072,0.0249278349801898,0.021715233568102118,0.0007791329291649162,0.0,True
00:12:29,5c41c28e896e090001c03bb0,144.07389411803325,0.8857612427732277,1.6441490117376514,-28.63234449774186,-283.15067,134.97911000000002,-11.546071000000001,-14.907439000000002,-0.31446946,0.4295237,-1.3400653999999999,-1.7425213,-1.2761065,5.205549700000001,-1.0644307,-13.361273,-20.636229999999998,22.790087,20.727435999999997,-2.5621294999999997,-11.839914,-20.158531,-17.48457,-4.0583816,1.5330848,-0.0001327802481776384,2.222064761274032,19.54948459855572,2172.692615924417,2023.460058075668,14.336697558737544,12.764744337932177,16.91201146066627,14.443452909719221,20.13631375014416,21.85235246914668,38.571221033026994,0.00041920042999999996,3883.359375,0.0534375,1.0,0.0,0.0,0.104252609051764,0.0713714174926281,0.01349005065858364,0.07551235929131507,0.22038989663124084,0.09929533824324607,0.2815754324197769,0.13411291874945164,0.0,True
00:12:30,59278c090220760001fda664,155.28832549235676,0.6122511959388699,2.9943509640309056,-26.37381129114968,-316.59647,149.00623000000002,8.388499000000001,14.549769,5.422286,-2.1048145000000003,-6.496065,-10.2303505,-7.238772999999999,-3.5705445,-5.193605000000001,-0.73115677,-12.337297,-26.203896,-4.7277317000000005,-7.9211955000000005,3.5418785,0.8060989000000001,-19.421646,-13.946114000000001,1.4731816999999998,-0.00011241242875528203,1.8637287498561876,26.49897954160183,1489.8137435272574,1601.5896131119848,13.454820514945553,10.114532904162386,15.452936832820384,18.653254551618982,24.81379045168181,24.376344773270365,30.58205056449361,0.00017833573000000002,2752.03125,0.0498828125,1.0,0.0,0.0,0.3143571928143501,0.07214121613651514,0.09375135004520416,0.032097356952726835,0.33865416049957275,0.049847832694649694,0.08770989254117012,0.011440978618338704,1.0,True
00:12:30,5c41c28e896e090001c03bb0,142.99103836807734,0.6831440783252107,0.486826887809448,-37.860790211021474,-371.6007,95.66949,-4.217332,-7.192159700000001,-5.8735957,-4.3949245999999995,3.3381104,0.050085012000000005,-7.144525999999999,3.5291660000000005,4.5943613,-5.265084,-5.2544675000000005,14.486483999999999,17.397417,2.8676772,12.413832000000001,-10.06123,-28.868042,-10.850438,1.1360903999999998,-5.243620500779873e-05,0.8696885964787957,11.007652774088267,1925.0513601239707,2759.120219346913,14.87780944166932,13.372702805463275,18.28278249753436,18.467699347924462,24.096723372351146,24.83639357446507,33.96276685913869,0.00037825896,4405.78125,0.1007421875,1.0,0.0,0.0,0.05261851102113724,0.0560138713568449,0.03274074132204987,0.06737657283665613,0.266915385320317,0.10522842388600112,0.3498608261346817,0.06924567630048843,0.0,True
00:12:31,59278c090220760001fda664,102.64586823254572,0.6913491831837624,0.2422348235683593,-43.57636242908106,-412.18018,89.93463,0.38425988,-3.83765,-6.2330184,-5.912591,-8.379559,-6.0895150000000005,0.47823566,-0.41822687,-4.2752685999999995,-0.5560901,24.082314999999998,11.646089,16.171595,2.7922993,-7.684974700000001,-8.045304,-7.372383999999999,-2.8998005,1.0005038,-2.0539603087434682e-05,0.33801161191053675,8.930080213875359,2135.4605439401626,1452.46779301761,13.424562673861473,10.279792707908204,14.01427647925635,16.38237343779027,19.972800709788693,21.194685713339933,24.347434982730103,0.00025086445,2372.109375,0.033525390625,0.0,1.0,0.0,0.050598399341106416,0.06432395782321691,0.009407306136563421,0.007988531631417573,0.7765153646469116,0.035314681753516194,0.05301156211644411,0.002840174688026309,1.0,True
00:12:31,5c41c28e896e090001c03bb0,161.4264904648921,0.8532049958643261,1.1458815488399594,-58.11892101104447,-442.18048,56.852737,-6.303595,-4.2168665,0.13193515,-0.33760336,-3.7858739999999997,-6.423833999999999,-4.647039,-1.2711934999999999,0.6973543000000001,-3.3044796,7.6450787,14.237476000000001,7.457195,6.2870145,1.4592034,-1.8970578000000002,-8.041758999999999,-7.8467484,1.0693723999999998,-4.6337218821091604e-05,0.7799212244213003,14.350739278248572,4121.029893040365,3149.39629240865,15.616484871281786,11.270131643456946,14.628514425100743,18.37976783720524,18.94376812039066,18.158204964823792,23.975206471072468,0.013485456000000002,6500.859375,0.051640625,1.0,0.0,0.0,0.11678307820111515,0.04315232471562922,0.015606560953892769,0.015059171454049647,0.06896546811331064,0.3006329968571663,0.4299638122320175,0.009836614364758134,0.0,True
00:12:32,59278c090220760001fda664,,0.7085125969335364,,-65.78623456683478,-494.42596,17.287134,1.626135,1.3380425,-0.23241489,-2.3296634999999997,-4.022973,-4.6008143,-3.8388116,-2.0500605,0.07854078,1.7774675,12.691108,6.60981,0.80366737,-3.2297344,-4.749198000000001,-3.9536917000000003,-1.8053873,0.41463986,0.25377738,-5.961865108066854e-07,0.00995492525273672,,3951.743205548632,1937.1184627131934,14.992579615822075,8.379275288539782,12.152065205951054,20.88634861419226,15.794908110268409,14.548531169279507,16.33034428539991,0.0013416164,2643.984375,0.0264794921875,1.0,1.0,0.0,0.10892136180773378,0.04465937302447855,0.015539805032312868,0.02405205194372684,0.7147871792316437,0.044518726598471406,0.027484810305759312,0.020036705024540424,1.0,False
00:12:32,5c41c28e896e090001c03bb0,176.80452934457975,0.8214678854818919,2.7928015500015753,-25.239038003717198,-243.77621000000002,129.91128999999998,-8.807866,-10.734166,-0.82934743,-2.9585774,-0.47273788,-1.4787591999999998,-3.2484287999999997,-0.67383945,2.1027892,-8.441686,-41.888058,18.469091,15.890633,3.894427,-20.076685,-19.52165,-21.939379000000002,-8.7083235,1.49346,-0.00018181462267175758,3.076852362883656,17.26900372295232,2208.3542157967267,2159.608957704723,14.987146311422473,11.123967530713212,17.095173093691873,16.164967580463212,19.37371444517132,21.577484276485034,38.310180567265675,0.00013963046999999998,3764.53125,0.05126953125,1.0,1.0,1.0,0.02454593224683776,0.033354470739141114,0.002851678451406769,0.09220864906092174,0.41075207851827145,0.1198221785016358,0.30222272220998997,0.014242294681025669,0.0,True
00:12:33,59278c090220760001fda664,,0.7519778589656537,,-67.4358862705887,-497.87903,12.784142999999998,1.2944574,0.99966997,-0.33827397,-2.1014526,-3.5408366,-4.091683,-3.5813947,-2.2591175999999997,-0.65574604,0.6499623999999999,9.216732,4.5152472999999995,0.06398039,-2.9658682,-4.006694,-3.2379234,-1.4416268,0.35476297,0.21738401,-5.03041550375862e-07,0.008451635039499309,,4286.7786228883915,2240.3385399526765,14.68304464279978,7.511729335614986,11.242988481205744,19.968192945677256,15.174318676361954,14.452274941357262,16.74560112855068,0.0021153989,3820.078125,0.02654296875,0.0,0.0,0.0,0.04102042354643345,0.01779280574992299,0.006489200657233596,0.004030384006910026,0.8983620643615723,0.02082606256008148,0.007253904268145562,0.004225170286372304,1.0,True
00:12:33,5c41c28e896e090001c03bb0,157.0666985886135,0.8258946672948897,2.4463398605055064,-27.505476738528614,-297.95132,148.7138,-14.496217000000001,-8.083853,4.227409,0.53822315,-0.23658063,-0.048460092,0.28450778,2.7023256,-7.0394545,-11.105519000000001,-14.001776000000001,-2.9205549,10.373681,1.612689,4.268031,-8.667719,-13.226317000000002,-7.505998599999999,1.7624304,-9.916230352835169e-05,1.644759734322987,20.41803193779696,1642.9719688818525,1536.8852525068924,14.707287928367016,11.183210281398424,16.020777564301493,16.600624841200098,20.98650390288465,22.361853850969272,35.946351839889715,3.1194963e-05,2628.28125,0.0451953125,1.0,0.0,0.0,0.039355397783219816,0.001161279424559325,0.02352922168793157,0.5724771901965141,0.10973888544831427,0.03551659919321537,0.1519894789904356,0.06623196583241224,0.0,True
00:12:34,59278c090220760001fda664,,0.7299416363673028,,-66.51675494129609,-496.03795999999994,15.145681,1.791636,2.0452256,1.016994,-0.75985265,-2.5302267000000005,-3.6358953,-3.7546203,-2.9739343999999996,-1.6939331000000002,-0.42803457,10.924241,5.343888300000001,0.018884616,-3.6812294000000003,-5.0669746,-4.28155,-2.1457822,0.21295454,0.24352011,-5.860232287927071e-07,0.00979741528133977,,4115.020471552718,2139.116757536305,14.975125576102776,8.363291623012984,11.133041073631585,19.19323125222053,15.602911854505427,14.623014034214664,16.761195343143893,0.0019989773,3446.71875,0.0283349609375,0.0,1.0,0.0,0.01907518310472369,0.0053588422946631905,0.0024533991119824352,0.008505365578457713,0.94442617893219,0.00444716732017696,0.011799622606486085,0.003934265905991196,1.0,True
00:12:34,5c41c28e896e090001c03bb0,144.9523149191188,0.8826458890852072,0.5452660675992701,-23.04373792314761,-263.62256,161.96266,-9.701041,-2.423844,9.299825,6.3440375,-5.7828083,-8.351382000000001,-3.2440512000000004,2.5349538,-4.1408033,-12.832286,-23.19156,9.353928999999999,2.1888485,-8.922842,12.618667,-12.983794,-28.536785,-15.429846,1.5906717,-0.0001376079356968007,2.3123796449418332,15.808995200226786,1681.8265683365023,1875.5515016880565,17.433962547166338,12.287349326488714,17.932026348013938,18.198458757572226,21.07810795811245,20.851164171954824,36.86496641413089,0.00076527754,2833.125,0.0600830078125,1.0,1.0,0.0,0.08256136775016784,0.004015480424277485,0.059343730937689534,0.22494768239557744,0.016174602229148148,0.2623642832040787,0.26944794729351995,0.08114487817510962,0.0,True
00:12:35,59278c090220760001fda664,,0.7151904519756395,,-64.757944702174,-492.96555,18.933075,2.7427776,2.7928884,1.3155012,-0.8820678,-2.8502755,-3.9145769999999995,-3.8790972000000004,-2.9715705000000003,-1.6413995,-0.36258609999999997,13.271069,5.9413347000000005,-0.8137635999999999,-5.2160106,-6.508674,-5.0632334000000006,-2.0823865,0.93159825,0.29619375,-7.31065587228222e-07,0.012160119401139736,,3854.44791702664,1962.5046936741421,13.615439216070149,8.644387841354487,11.745450935463355,20.018484767973376,16.534081893795626,14.728430774841499,17.05274493105372,0.0014301276999999998,2959.21875,0.0278857421875,1.0,1.0,0.0,0.009760911390185357,0.01970257144421339,0.001465610257582739,0.00048096308164531366,0.9489289045333862,0.012461457285098732,0.006856686645187436,0.00034287877497263253,0.0,False
00:12:35,5c41c28e896e090001c03bb0,148.0963701921255,0.8591931901814904,0.4530679645194233,-34.069342923058,-294.10617,162.36673000000002,-6.931943400000001,-7.5691667,3.02904,-2.7577493,-5.505441,1.3774654,1.2426095,-4.9172363,-7.985954799999999,-7.127842,-29.396395000000002,1.5506319,10.463492,1.2554483,-0.14393455,-3.9740226,-10.3192625,-4.533228,1.5257938,-0.00014453206123381165,2.40633480342528,13.813368811690893,2624.9034468066798,2264.274683985885,15.04998502773307,14.05490646198373,15.376780594791253,16.37838314544619,18.743663545066788,19.774667719974726,32.22560596993595,0.01280848,4468.828125,0.049716796875,1.0,0.0,1.0,0.06501051121287876,0.00792213653524717,0.050697188513974346,0.20630352416386208,0.03392285532835457,0.2004032689664099,0.3114748448133469,0.12426566901720232,0.0,True
00:12:36,59278c090220760001fda664,98.11404536570478,0.5372780519206927,0.6915282804993822,-50.38543633951306,-447.01993,65.59519,3.8728607000000004,4.1647023999999995,-0.5093854999999999,-5.4482446,-5.1542959999999995,-2.2469213,-2.3978727,-4.223147,-2.441157,1.853464,28.458275,8.708769,5.329166000000001,1.9646293999999997,-2.3404717,-2.5727215,-0.78076845,1.1852167,0.6735306,-9.173912853792777e-06,0.14965141733889134,19.46487530938253,2549.0763727300564,1394.0454721163378,13.806657010807214,8.349610207280765,12.268508276351481,17.369946710259978,20.622229567709745,18.748415011386868,20.815185720761047,0.0006663709599999999,2180.625,0.02748046875,1.0,0.0,0.0,0.003219823283143341,0.026371498964726924,0.000678068702109158,9.023907769005746e-05,0.9611387252807616,0.006285717920400202,0.002014972281176597,0.00020093043276574462,0.0,True
00:12:36,5c41c28e896e090001c03bb0,131.87115374596337,0.8935507060650842,0.2902374042100925,-41.14151219672871,-377.88525,93.93073000000001,-8.058661,-5.835209,3.8283412000000006,2.348163,-1.7353009999999998,-0.004767549,-1.0736355,-5.2060246,-5.367399,-3.2283895,-22.831903,-18.258795000000003,4.0588983999999995,7.808373,7.9308643,-0.11834416,-5.2695656,-3.749283,1.065868,-6.746217689576483e-05,1.1158277502969098,12.362790860766802,2181.5655416683344,2412.38747119031,13.368486959351575,12.348037859519465,13.56187354952178,20.046507682780106,20.94393462294362,23.61272385936252,29.91431347538869,0.0023717808,3836.015625,0.072802734375,0.0,0.0,0.0,0.07428649179637432,0.010737388487905264,0.033461223682388665,0.10777954366058112,0.013881679304176942,0.1240444265305996,0.5077128887176514,0.1280963744968176,0.0,True
00:12:37,59278c090220760001fda664,,0.7741184122851884,,-67.07345104245626,-496.7355,14.102757999999998,1.8677001,2.0660028,1.1575463,-0.30497929999999995,-1.671704,-2.4461882,-2.426445,-1.718098,-0.6490060999999999,0.3660739,9.759782000000001,4.1076193,-1.1278899,-4.542127,-5.5189276,-4.349335,-1.9913927,0.38686174,0.22470437,-5.549947042339518e-07,0.009301618822568268,,4191.458994276447,2186.942482479832,13.887699191645165,8.569564755108987,11.25389644864424,20.809045424810744,15.11645199748525,14.233196402814976,17.009271972077574,0.0018204426999999998,3505.546875,0.0285986328125,1.0,0.0,0.0,0.011769418325275182,0.03604673258960247,0.0024076198693364853,0.0004302740446291864,0.930382227897644,0.011297791544348002,0.007072098623029888,0.000593834271421656,0.0,False
00:12:37,5c41c28e896e090001c03bb0,136.1764620870887,0.8515544943449517,0.612406138185874,-31.057353123962198,-290.09885,171.7523,-14.963663,-13.528293,5.579937,1.7489747,-8.794174,-1.0456152,1.1470791999999999,-8.6629095,-7.449667,-7.765502000000001,-10.080374,2.8984318,11.359046000000001,-3.9924376000000006,-0.7926428000000001,4.1220574,-7.843814,-8.832193,1.2562263999999999,-0.00012921626741491628,2.1438494284343634,15.5349905342386,2188.3352191625654,1947.826633087308,17.116394411065286,13.484843390008528,14.944468380536945,16.487951274752312,20.260980946147033,23.18076463385031,31.268130702616048,0.007013989,3705.46875,0.0456787109375,1.0,0.0,0.0,0.02559551368044181,0.008449076907709241,0.01582972188903527,0.3073736324229024,0.029403493570333176,0.06024245096539909,0.3785978586158969,0.17450826005502182,0.0,True
00:12:38,59278c090220760001fda664,,0.7369446064013082,,-61.828316550844356,-484.17014000000006,29.542590999999998,2.5175363999999996,1.2671063,-0.58367115,-2.379092,-3.7134062999999995,-4.3361444,-4.075496,-2.8989152999999996,-1.0581375,0.8474693999999999,19.398585999999998,7.2961526,-2.298427,-6.8167663,-6.399801,-3.164031,0.33079663,2.3702066000000004,0.3758261,-1.1267005441788182e-06,0.018594065639567482,,3417.935186843073,1749.3868044561057,14.741452671780825,8.7072865081632,11.552542826346778,20.590682637499867,17.59548269548066,15.469108283610113,17.056582181973468,0.0011543853999999999,2756.953125,0.028046875,1.0,0.0,0.0,0.07040759213268757,0.01800164729356766,0.009850937686860562,0.003430461650714278,0.858229911327362,0.023390430118888614,0.01554061621427536,0.0011484207585453984,0.0,True
00:12:38,5c41c28e896e090001c03bb0,168.55570942832074,0.6315268590288186,1.0709043275923051,-33.148001616228406,-265.50653,174.83151,-14.296579999999999,-5.715105,4.1634283,-3.505894,-6.260553,-0.3133641,4.888501,3.2244685,-6.379699700000001,-15.796714000000001,-37.63573,8.684375,2.6597798,-4.4515305,-9.028656,-10.738122,-13.237535000000001,-12.184718,1.9152153000000003,-0.00017520118856658514,2.953348669065851,17.55035570511772,2815.978890303708,2936.9081330443705,13.40210194262518,11.664306098775333,14.349440618475773,15.39175256743689,20.510350577575526,20.194057776246567,35.053961831568195,0.038462866,5807.34375,0.051640625,1.0,0.0,0.0,0.027872130792174075,0.00017660643748563918,0.004579182559003432,0.7424406276808845,0.0009870377834886312,0.008892435722777413,0.011845890070415206,0.20320609956979752,0.0,True
00:12:39,59278c090220760001fda664,,0.6583888111296216,,-60.31498718098396,-482.50305,31.614824,4.5837507,2.998913,-0.12774798,-3.2799949999999995,-5.235793599999999,-5.441711,-4.0687275000000005,-1.8098303,0.45482796,1.9855967,20.577007000000002,6.9896173,-4.369175,-10.279157000000001,-10.186557,-5.9353843,-0.5039254,3.4563227,0.40075168,-1.2477135244513278e-06,0.02054887677646539,,3267.743438040534,1616.9257049678622,14.340658453270304,8.818969505267084,12.154583837932535,21.753799688934894,17.412800868370663,15.401427320370813,17.163970302585067,0.0008310307000000001,2071.171875,0.0281494140625,0.0,0.0,0.0,0.01962086791172624,0.011121101258322596,0.0025837751105427737,0.001144724083133042,0.94120591878891,0.011008053738623857,0.012876953557133674,0.0004386333806905895,0.0,True
00:12:39,5c41c28e896e090001c03bb0,150.4175840142835,0.6914860849777206,1.243965937503148,-37.948770398507655,-349.19473,94.15549,-7.7385983,-9.881979,-1.9957949000000001,-1.8663169999999998,1.3008286,-0.20917335,0.6062659,6.6597886,-2.7177162,-5.5172944,-32.892666,23.739912,26.4183,-5.908398,-3.3691912000000004,-19.34938,-13.942125,3.7394464,1.4921547,-8.084730966213737e-05,1.3634446802340412,23.35541718186884,2284.187977185729,2934.822893226346,12.086521195334079,9.792251866923847,14.554913731488767,16.328702021750928,22.10466990956053,24.40213588794696,33.94660420843637,0.0022764632,4768.59375,0.0943505859375,1.0,0.0,0.0,0.06481293588876724,0.0017818173170477773,0.0244656087209781,0.3283904666701953,0.07217397804682453,0.10221254701415697,0.0918562492976586,0.3143064066146811,0.0,True
00:12:40,59278c090220760001fda664,,0.9157233863251808,,-59.914051055145606,-481.39218,32.96351,1.3928989999999999,2.126114,1.1983049,-0.7781741999999999,-3.0522423,-4.778918,-5.242445,-4.2263136,-2.189268,-0.014168142,21.341488000000002,6.9524875,-5.3822220000000005,-12.486064,-13.741939000000002,-10.681353999999999,-5.800289,-1.3453066,0.40514296,-1.1695391238109848e-06,0.019293358013697068,,3114.8078810317834,1476.1186294904578,14.049379190460984,8.987627171167322,11.376871794851866,21.73612216428967,17.644231827235586,15.106683246214947,16.911161306607582,0.00045296745,1387.265625,0.0271044921875,1.0,0.0,0.0,0.02424705121666193,0.027121068164706233,0.003975119022652507,0.0009751328849233687,0.8936601996421814,0.03369528036564588,0.015388321038335562,0.0009377778857015075,0.0,True
00:12:40,5c41c28e896e090001c03bb0,168.93542839303268,0.8905761324576532,0.7505056690471703,-46.744200480817,-318.834,134.37691999999998,-5.1527595999999996,-4.6166352999999996,-1.9888005000000002,-10.079613,1.104747,1.8704101999999998,-4.4409165,-7.5726759999999995,-1.3353494,-11.961051,-36.255844,25.006447,-0.50417006,-5.831169,-10.049992999999999,-5.6100435,-13.601817,0.21780561,1.2357183999999999,-0.00013461080743514738,2.3203911943869606,12.03996832088369,3696.1839586681535,3724.0810654389184,12.523398796892552,12.283864941535914,13.293182996082846,14.467046689015115,20.088592986456156,20.33508032035085,34.09488995936405,0.047476053,7406.71875,0.060927734375,1.0,0.0,0.0,0.036626377453406654,0.003584912531853964,0.01560466255371769,0.2851021339495977,0.10965871329729757,0.05231459128359953,0.0542834959924221,0.4428251286347707,0.0,True
00:12:41,59278c090220760001fda664,,0.9335626453731752,,-64.99360436722452,-492.5613,19.663823999999998,2.3187954,1.6785892,-0.31731859999999995,-2.7620676,-4.6270584999999995,-5.179908,-4.2375865,-2.183346,0.2261743,2.1657193,14.394092,7.4958477,1.0350487,-3.2879872000000003,-4.712534,-3.5889040999999997,-1.1110308,1.2440501,0.27281177,-7.081426202930297e-07,0.01177104829281116,,3857.8916838552977,1917.6473281243275,13.892944686379225,8.880734927635311,11.50604937619061,20.88250299745364,15.428762852045462,14.323576014553351,16.972656372051393,0.0014909544,2932.03125,0.0266845703125,1.0,0.0,0.0,0.0926874715834856,0.04866156503558159,0.014140376495197416,0.0513580468017608,0.68794364631176,0.05710731819272041,0.03819701168686152,0.009904576977714895,1.0,False
00:12:41,5c41c28e896e090001c03bb0,156.58815928896087,0.6985356395480907,1.0073970756544794,-20.9262759992418,-222.73667999999998,152.487,-22.292445999999998,-8.032193,3.1216826,-8.624305,-4.259221,-0.72230715,0.9635809000000001,9.709797,-1.7338139,-9.706771,-45.050816,33.64585,16.362935999999998,-3.8162480000000003,4.321551,-24.442001,-22.153376,-11.552263,1.8632886000000002,-0.00015937841518439812,2.681592118119513,16.887365215378555,2094.7942821640804,2277.3223359212025,14.717744678335759,13.238941958747453,19.35426468827793,16.626259382025463,22.33617120033916,21.5945881044853,45.11553658120177,2.1853604e-05,4272.1875,0.0633544921875,1.0,1.0,0.0,0.03710889692107836,0.009416805088727009,0.02043357201748424,0.3308632969856262,0.19340040581300852,0.034582489273614354,0.2033847984340456,0.17080970687998664,0.0,True
00:12:42,59278c090220760001fda664,,0.7690504443489071,,-68.32398727374031,-499.83795,10.069049,1.5862798999999999,1.7825726999999998,0.94682044,-0.37228134,-1.5105892,-1.9721361000000002,-1.60506,-0.6149197,0.56552243,1.4754782,6.661958,2.2097461,-1.9280808,-4.608809,-5.288839,-4.1583233,-1.9923679,0.20173289,0.17352352,-4.4537003201581604e-07,0.007522041962902611,,4401.7309298439295,2402.087407523646,13.607813443519523,8.26832937814231,11.568837504465602,20.800735466734928,15.277628375821743,14.343293077014485,16.92781916413851,0.0025398775,4281.09375,0.030419921875,1.0,0.0,0.0,0.20137612670660016,0.012738567683845759,0.02120144516229629,0.184494186937809,0.3382770329713821,0.06352253928780556,0.13189809173345565,0.0464919843710959,1.0,False
00:12:42,5c41c28e896e090001c03bb0,183.50349113906623,0.6275877777891701,0.9761185598839868,-22.854008624944143,-213.19572000000002,141.91884,-11.227892,-11.239305499999999,-0.16349004,-2.0075867,-3.2384812999999997,-5.8364234,0.56471366,-1.9593652,-2.308425,-11.631642,-33.919437,14.511010999999998,-8.638883,2.7387316000000004,-7.159329400000001,0.46079692,-8.459689,-1.9204546999999998,2.0703528,-0.0002522860945981246,4.342313992996019,18.900352648943628,2426.3744080953948,2137.6181835699804,14.932750588167444,12.232019248582327,14.937287816380945,18.04518414937893,19.450160898171717,20.170868458863247,39.232960184367094,0.00035115232000000005,3903.515625,0.05029296875,1.0,0.0,0.0,0.028121015289798382,0.004198416575996412,0.03647012681338108,0.22251790265242255,0.2939287870346258,0.01744485147193902,0.3055068188243442,0.09181206590599483,0.0,True
00:12:43,59278c090220760001fda664,,0.7283816035465747,,-66.46351157149182,-496.33374000000003,14.691298499999998,1.6260438999999998,1.8677002,0.8209052,-0.92539424,-2.5979989,-3.5659566,-3.5612947999999998,-2.72589,-1.4948926000000002,-0.388424,10.3726425,4.6675699999999996,-0.7573069,-4.478728299999999,-5.7804402999999995,-4.826989,-2.5027522999999996,-0.0057066109999999995,0.24839227,-5.319784780753814e-07,0.008933194405556144,,4097.135895948722,2106.2408767170605,14.751662050229738,8.207075880791413,11.243381340715661,20.538649720663585,14.965972340785493,14.286718019043551,17.000403569951196,0.0017162036,3281.953125,0.028701171875,0.0,0.0,0.0,0.4079861015081406,0.03508845658507198,0.03692461000755429,0.035976182017475364,0.3992634281516075,0.04062098199501634,0.03887585867196321,0.00526439780369401,1.0,False
00:12:43,5c41c28e896e090001c03bb0,260.39849454183343,0.8591493679570982,3.1226847621982796,-21.852536815883408,-219.88486,136.39368000000002,-8.716509,-3.6871254,3.1985817,-7.6669483,-0.91023135,-1.6116924,-3.8612309000000002,-1.7157296999999998,-0.5329045,-13.850388,-44.208687,10.9346,-11.130971,-0.62141544,1.5620227,-5.84007,-17.544211999999998,-0.9233231,1.9186188999999998,-0.00020046040373375128,3.4683347440244963,22.502779201655073,2207.6355505884962,2283.0925683482665,10.64022194839598,13.051188367343466,16.079540740976903,17.56252910605616,21.505829810492525,21.847022072754907,41.31023642737901,2.9524013e-05,4232.34375,0.0582470703125,1.0,1.0,1.0,0.014883912727236747,0.005777136814504047,0.004411730420542881,0.4238602468743921,0.2218171374173835,0.06164737828075885,0.12799557708203793,0.13960688663646578,0.0,True
00:12:44,59278c090220760001fda664,345.49283417118204,0.463514249311848,4.202216984358732,-39.155896766050894,-409.47433,95.7604,14.452788,9.273579,-1.2751956,-7.344621000000001,-8.474065,-5.290121,-0.13790345,-0.334573,-3.7702942000000004,-0.83810115,16.158929999999998,-26.621609000000003,-27.360426,-16.97182,-10.900715,-9.098192999999998,-4.45988,6.81222,1.079302,-5.836638669153204e-05,0.9593946711105846,39.83356111541281,2117.3938087001106,1546.9903453790014,12.467282474383463,8.11148927374386,14.809290539523422,21.063511697022054,22.134823962303166,17.868710778692407,24.650681122010273,0.0005882215,2371.171875,0.0368017578125,0.0,1.0,0.0,0.14395221695303914,0.06511492431163787,0.045992433279752734,0.006681786687113346,0.6580581575632095,0.043850972503423694,0.03347221910953522,0.002877299743704498,1.0,True
00:12:44,5c41c28e896e090001c03bb0,260.3801212741448,0.9538589781811077,3.783362796369045,-42.52067423849845,-332.3234,126.412704,-3.7438339999999997,-9.151552,-4.0248947,-11.651513000000001,-11.241017,-1.4616004999999999,4.3758345,1.7296396,-2.5791008,-8.196365,-44.039223,6.0885677000000005,14.476925,-1.4557368,-12.506979,-20.448929,-20.284653,-1.7417737000000002,1.6185589,-0.00010394488585058193,1.7445895826971252,23.061194748494877,3152.294191339128,3179.8404775159056,10.85381952447886,12.773177650250142,14.266977058713742,17.022497521539155,18.41174702951257,21.35334391907918,32.156938929583376,0.022684615,6515.859375,0.070048828125,0.0,1.0,1.0,0.01576271272060694,0.012641585967503487,0.014576502303680171,0.023055338975973432,0.6976950697600841,0.10045592128299176,0.11809802544303237,0.017714846204034983,0.0,True
00:12:45,59278c090220760001fda664,108.72933080713099,0.4555794938770046,0.5667244897337413,-36.318948667612645,-389.75998,113.014435,2.42327,2.7663803,-0.46336088,-3.2136216,-5.526301,-5.01727,1.1526469,3.449,-3.6562943,-4.1301756,38.160990000000005,19.518376999999997,14.070495000000001,3.0855248,-3.6081762000000004,-12.832216,-15.752332999999998,-6.1613846,1.141985,-4.592022854597207e-05,0.7529230676372412,21.441688293112712,1997.7365149610227,1362.2564654824755,15.745539492072293,9.950137120453489,14.527781531933256,17.971448384681267,22.17834852255193,21.602005719303516,26.184491478092646,0.00010921923,2232.1875,0.0343896484375,1.0,1.0,0.0,0.046226609125733384,0.028474022820591926,0.003986979462206363,0.020665231859311458,0.7991200089454651,0.02330842260271311,0.07163167558610439,0.006587061518803239,1.0,True
00:12:45,5c41c28e896e090001c03bb0,,0.4974151021781909,,-67.72058681844327,-429.90915,65.83102,-19.41354,-18.272562,0.6273064,-5.386258,-2.3658805,0.68064946,-4.7148724,2.2464614,-0.31769368,-7.477227,-61.251305,20.600245,11.358946000000001,-19.650887,16.251986,-5.389419599999999,-17.505919,0.7322024,1.3231361000000001,-2.7683875760376946e-05,0.4924906694727732,,4546.466605210941,5630.763038627288,11.487570162966547,9.020251076199397,11.915244898284818,13.792673579499874,15.09356114459684,16.73894198719989,26.9248278007862,0.07015319,10294.453125,0.12666015625,0.0,1.0,1.0,0.017090226826258003,0.016003703163005412,0.02615863894170616,0.0027968011367192963,0.8087388247251509,0.04052579021081328,0.08591173330787569,0.002774259581929073,0.0,True
00:12:46,59278c090220760001fda664,119.16598352457159,0.8326710253690959,2.3109640755743763,-30.27750417128409,-340.28992,142.44554,8.958706,-7.321511699999999,-10.5967865,2.1647444,-3.6599758000000002,-8.426294,3.3086242999999995,2.8413342999999998,-6.1506715,-1.0317944,14.272641,3.6505601000000003,23.183882,11.552024000000001,1.8530581000000002,-15.6171875,-30.109999,-7.9382606,1.1012523,-9.50066024354698e-05,1.5637612407402677,11.971104236424669,1617.8263422322527,1310.0766089296644,16.549238871480192,11.348760633350196,15.906196882799234,16.57539185109632,24.991685781913876,25.272530782623612,26.92439500530576,0.00011406408999999999,1984.921875,0.038125,1.0,0.0,0.0,0.09375023394823076,0.08031585831195116,0.01316644917242229,0.003839250840246677,0.5654263496398926,0.11614300683140755,0.12651206329464912,0.0008467794279567898,0.0,True
00:12:46,5c41c28e896e090001c03bb0,,0.776490571221175,,-93.66901160462294,-481.81592,67.95051600000001,-2.7541053,2.1288552000000003,3.0290177000000003,-6.428191,1.5166568,1.7212983,-3.0593767000000005,4.2340655,5.2362633,-4.911953400000001,-34.28318,-3.7115214,-28.339440999999997,-26.064777,-2.9765677000000004,-4.3530602,-13.826626999999998,-4.3473287,3.7677517,-3.0986930541109836e-05,0.5347762337140318,,5027.7390788693765,6660.257156795198,10.154499114602613,9.56074671233962,9.95664705483334,11.206078015499306,13.38810580230956,13.43667050727461,15.199905822145205,0.63063383,12441.745923913044,0.05240531589673913,0.0,0.0,0.0,0.023405503274665937,0.042120287815729775,0.040960303300784685,0.0023003482751341327,0.7038985523912642,0.08749323255485958,0.09624085202813147,0.0035809081164188687,0.0,True
00:12:47,59278c090220760001fda664,232.17412873161663,0.4440931920500022,3.8606008787732486,-51.573968388610744,-447.67947000000004,56.843697,-1.0927790000000002,-0.18988428,-1.0458296999999999,-2.2644327,-5.2529580000000005,-5.262283999999999,-1.2083529,-0.7009835999999999,-3.1379004,-1.8491209,14.5835285,4.817722,5.875007599999999,-4.966451599999999,-12.244186000000001,-9.868911,-7.7666664,-5.207686,0.8689404000000001,-1.9268662141405842e-05,0.3194787006899329,34.115772210943696,2880.1191424633225,1780.8821286805469,12.957579629541097,9.39576862343194,12.76357034996438,18.38747852881323,20.46188814604329,19.30383659542521,20.33195023419855,0.0010140260000000001,2657.578125,0.0374072265625,1.0,0.0,0.0,0.12149649988859892,0.0544958608224988,0.008853747462853789,0.008256060525309295,0.6492009341716767,0.0932396113872528,0.06244977181777357,0.0020075494423508642,0.0,False
00:12:47,5c41c28e896e090001c03bb0,219.82367566373603,0.956272655473374,0.5426487247227061,-14.169387816824036,-152.52507,169.58278,-15.672082999999999,-8.206195,1.8297716,-8.163684,-4.039187999999999,-5.730297599999999,-5.913986,-5.4680634,-1.3006089,-12.477269,-53.453759999999996,18.413465,-15.468878,-12.963614999999999,-5.3135543,-2.394145,-17.762435999999997,-8.880930000000001,1.5755796,-0.00028535847885756963,4.832032066980597,13.330927632673475,2206.997326360045,2032.9972139859549,13.631544725210766,16.12242893087107,18.318738182505356,18.555183940492324,20.048995991737048,21.616304653262223,45.383684155214354,1.5063129999999999e-05,3902.8125,0.042529296875,1.0,0.0,0.0,0.0672606256686979,0.0497687784049453,0.08222682737848824,0.05017825371275345,0.2457919191155169,0.2460650387737486,0.2401929043440355,0.018515643974145245,0.0,True
00:12:48,59278c090220760001fda664,127.23042145112564,0.8787264287332633,1.2970914561915556,-58.773827240978356,-474.022,39.823566,2.564517,1.6521395,0.16009612,-1.2482521999999998,-2.7228818,-3.7966626000000003,-3.6756212999999995,-2.637874,-1.6042926000000002,-1.0209117,23.216670999999998,9.207064,-0.19749529999999998,-6.774882300000001,-9.095142999999998,-6.4694332999999995,-1.8468163,1.5649627000000002,0.45936728,-2.7306889510653674e-06,0.045043508117444266,40.4797696834962,3149.915139497796,1791.3784119030536,11.723853669767005,8.487464009064064,10.259672471870827,18.384736869297328,15.794287762736516,15.453512632213776,20.688682720452658,0.0009711698,2807.578125,0.0314697265625,1.0,0.0,0.0,0.03101068064570427,0.031043301895260805,0.005279497639276087,0.048731699027121066,0.68453648686409,0.07896544337272644,0.06725224629044532,0.053180638886988166,1.0,False
00:12:48,5c41c28e896e090001c03bb0,177.08295681263226,0.9486418760961884,0.7842543567482148,-22.107575336904077,-303.26562,144.99399,-19.752863,-13.361039000000002,1.5311386999999999,-10.715276,-9.778095,0.7589183,-0.48872358,0.41330668,-8.251805000000001,-16.971909,4.540846299999999,40.447196999999996,25.633965,-18.323593,-1.4167707,-3.2432373,-7.8216267,-2.9381294,1.350616,-0.00010364623855525566,1.7204059532361504,9.321659682306976,1606.0850887548013,1496.341929226988,16.5451875735551,17.049529507662008,18.86859187041769,21.122562311055468,26.704298886694733,26.889492141527604,36.00179864994621,1.0524106999999999e-05,2757.890625,0.0406005859375,0.0,0.0,1.0,0.3177582919597626,0.0036734831519424924,0.02856247872114181,0.013467029668390751,0.09974560141563417,0.26938313245773315,0.2601659297943115,0.00724404864013195,0.0,True
00:12:49,59278c090220760001fda664,141.4225860723464,0.3256474290282994,0.6963964201372721,-38.489957937494246,-351.22147,100.54468,0.687271,5.8595866999999995,2.5369387000000003,-2.3988247000000005,-7.9210259999999995,-6.5330367,0.8221360999999999,1.3870965,-6.263054,-2.7138703,-10.35432,7.0792675,6.6621809999999995,-1.9933491,-9.700633999999999,-13.798036999999999,-17.417042000000002,-14.892138000000001,1.2883858999999998,-8.842236191521561e-05,1.4819984147977052,32.94607462791635,2506.342665519041,1763.6004114284106,17.046495561565493,9.823345778067193,14.449621731690169,20.114141084751186,20.99869966833093,20.664201649067632,27.904874971600023,0.00021882699,2571.328125,0.04546875,1.0,0.0,0.0,0.06645367667078972,0.058984188735485076,0.0035332181025296452,0.005779490247368813,0.7302497982978821,0.0966491550207138,0.03181186988949776,0.006538589857518672,1.0,True
00:12:49,5c41c28e896e090001c03bb0,,0.9527671222914218,,-96.57961844095152,-507.22542999999996,1.4004860000000001,-0.52749497,-0.34171486,-0.10146478,0.14819583,0.36215246,0.5023687,0.5438373000000001,0.47843796,0.31612912,0.08327517,1.1982213,0.89249843,0.5254434,0.14690599999999998,-0.19295599,-0.45109084,-0.5978169,-0.6209968000000001,0.050922632,-5.120291660767969e-08,0.000990719552944217,,6511.629954090459,6274.283017272456,8.407142073276606,9.962352173804533,12.346388416425226,11.044895841759457,13.103978541212143,13.81610134710393,13.551847086881235,0.3593137,14276.288006756755,0.03781838613013699,1.0,0.0,0.0,0.08473682817485598,0.002601186279207468,0.09825450906323062,0.12715227239661747,0.08217232612272103,0.0750124342739582,0.5133714642789629,0.016698992604182825,0.0,False
00:12:50,59278c090220760001fda664,112.5939574972904,0.8981498970565932,0.3656249750512459,-17.844669907487933,-240.87155,188.22221000000002,0.117382206,2.3392391,0.18322583,4.8257017,-6.6560619999999995,-9.982519,6.347738,3.4437935,-10.825003,-6.136352,-19.845354,6.644776299999999,38.97103,11.125206,-4.3542819999999995,-11.991539999999999,-29.787952,-24.614204,1.4119476,-0.00016663779504918631,2.7636733389795127,24.301860886106898,1597.0169638670081,1639.6985594173273,16.76396883152027,11.710916724125752,17.095039811304346,16.846685663693712,21.23848501245523,29.803305102263387,33.27059148420614,5.4983633e-05,2910.234375,0.046982421875,1.0,0.0,0.0,0.028667291160672907,0.07535002902150154,0.006240398972295225,0.0016930453013628722,0.7832569241523742,0.08765689134597779,0.01427091499790549,0.0028644694946706297,0.0,True
00:12:50,5c41c28e896e090001c03bb0,,0.3681611043986602,,-91.23693649287512,-506.5812,1.8974391,2.0165745999999998,0.31888437,-0.52037656,0.56885535,1.5534562,0.6756169,-0.7578751,-0.5414483,0.8597216000000001,1.0289085999999998,-0.50644445,-0.28968924,2.091478,3.0642614,1.2831725,-0.5458512,0.113559544,1.9367223000000002,0.06989584,-7.460051503968995e-08,0.0013967455644069626,,6387.660124710729,6319.620837602763,12.838532944895155,10.328053366742898,9.49186177046938,17.383698437202288,19.643535025625734,12.82997568504169,13.172876849866276,0.31186885,13600.661057692307,0.04843098958333333,0.0,0.0,0.0,0.03923108708113432,0.03152737794443965,0.05781660694628954,0.03109067426994443,0.5421442985534668,0.09571122899651527,0.17692928686738013,0.025549438083544374,0.0,False
00:12:51,59278c090220760001fda664,100.43921887273191,0.5267377542620024,1.7434796810662052,-44.438365102352364,-398.11896,91.45386500000001,4.114393700000001,-5.5363836,2.6098522999999996,4.570397,-11.640500999999999,-10.623519,1.5226468,-1.7059171000000002,-5.8120365,-1.4102905000000001,14.251572,17.799238,20.817617000000002,-2.1496797,-5.5610504,-5.8017926,-8.955672999999999,2.9115307,0.8370909,-2.998398475619076e-05,0.5041597645764823,16.217358702467337,2241.89241727971,1474.091828649794,15.140229373347006,8.596649167488671,12.573895624642903,17.191554571398303,19.851656093112013,21.82909950522232,22.96434018106441,0.00016141387,2315.15625,0.0362890625,1.0,0.0,0.0,0.03388578984886408,0.07715367786586284,0.0049394176341593255,0.0014027449360582978,0.811239767074585,0.058819615840911874,0.010641420353204013,0.0019175311434082686,0.0,True
00:12:51,5c41c28e896e090001c03bb0,207.38325341057052,0.9277681417116154,0.2799010147693993,-76.34769944840524,-416.86624,108.20328500000001,-2.1991832000000002,0.30284736,6.1236153,-2.445579,-7.9793224,-8.247813,-1.2930883999999998,-0.73977447,-5.2368207,-12.813845,-49.476078,7.3340335,-14.487865,-5.150163,-16.829113,-6.1181455,-16.580161999999998,-11.887322,2.3137152000000003,-0.00012144756063637202,2.067917245861694,7.178108301840662,4383.907220802227,5709.579693510992,11.499225079298265,9.366093319296356,11.08603902855036,12.503008961744268,16.927035288149813,17.938532024533448,20.362847950520237,0.43304175,10436.219262295082,0.08936347336065574,0.0,0.0,0.0,0.11524896174669265,0.032626356650143865,0.07599453758448363,0.016755382204428314,0.3418438587337732,0.2589027777314186,0.13974536433815954,0.018882754584774376,0.0,True
00:12:52,59278c090220760001fda664,118.78035423773315,0.8521498062444615,8.607300260854439,-55.225266788292245,-470.76235999999994,45.773033,-0.70349103,-0.010938453999999998,-2.608099,-5.715464,-6.3258486,-4.3069525,-2.0610144,-1.5494778,-2.3105443,-2.4991302,30.011909999999997,14.071610999999999,3.7902343000000003,-1.2953905000000001,-4.4570627,-6.840523200000001,-6.949247,-4.1158266,0.54372823,-3.1127806287143106e-06,0.050921865340418926,5.085912518789382,2770.926730117188,1387.9421265048334,12.493020931481693,9.531764811706784,10.53586505429775,17.030876460352268,18.94175679858693,15.702586953125165,19.951800675610915,0.0004982132,1805.390625,0.025732421875,1.0,0.0,0.0,0.009419373981654643,0.0603250153362751,0.002195292338728905,0.0009360564057715236,0.8708773851394653,0.04456602968275547,0.00816816403530538,0.0035126797039993106,0.0,True
00:12:52,5c41c28e896e090001c03bb0,183.91371235008,0.9438160038194248,1.4416781168775206,-14.596822965077909,-161.0777,169.51546000000002,-16.155766,-6.587414999999999,3.3282921,-4.266728400000001,-0.5730529999999999,-2.1640252999999996,-0.9359473,1.0677978000000001,-2.6274137000000004,-11.54621,-58.387276,22.873293,-9.7528,-13.221515,2.5962777000000004,-10.581067,-22.749746,-12.64794,1.7700273999999998,-0.0002588474713882744,4.38239659688241,15.340995411152596,2000.750670947809,2359.782366201777,15.243852631736393,13.286626877306881,15.804740085051463,15.928974769170205,19.265619598364502,21.354559046221077,45.39309726886261,1.4390554500000001e-05,3921.328125,0.073486328125,1.0,0.0,0.0,0.11789619885385035,0.0016350878227967768,0.020254860096611083,0.3214882750064135,0.010504218703135849,0.15457720402628186,0.05982169508934021,0.31382243894040585,0.0,True
00:12:53,59278c090220760001fda664,,0.7209278222710447,,-58.70608782707301,-475.15714,41.038353,1.7392998,-0.15084854,-3.1876273,-5.547715,-6.1654763,-5.0570010000000005,-3.0496220000000003,-1.1928265,-0.21260534,-0.2614393,27.400414,10.364472,-4.293642,-12.526973,-13.454494,-9.187938,-3.3497510000000004,0.80965716,0.49562255,-1.330866124831315e-06,0.021959615529959845,,2841.4734424735907,1352.0439512527985,12.750691441479,8.070431494195326,10.793114182280206,20.474448328022877,16.604512999571238,15.276797808352518,18.346350112953466,0.00035235337999999996,1262.34375,0.0276416015625,0.0,0.0,0.0,0.013721080124378204,0.07589409723877907,0.003849867428652942,0.0008734199102036655,0.8289734005928041,0.067130808532238,0.0061804082244634635,0.003376952139660716,0.0,False
00:12:53,5c41c28e896e090001c03bb0,178.558633324685,0.8978314170503013,0.680743601166364,-31.889953858363302,-289.82498,144.30167,-13.384837,-3.720422,5.728152,-7.397386599999999,-9.033432000000001,-0.7792743000000001,4.101505,0.45964044,-5.344659,-6.8052497,-27.584372,5.5396833,-13.552595000000002,-7.944185000000001,0.56537706,-14.832876999999998,-10.173808,-3.5942678,1.3347556999999999,-0.00014769174663823716,2.490362835216157,15.461294565401568,2445.947790140549,2589.314476002752,13.57624240292636,13.849266372881505,15.721005137239176,16.436584450041455,22.213791529285093,24.411017575309163,35.774345017445725,0.0072038714,4626.796875,0.0731494140625,1.0,0.0,0.0,0.1508404105901718,0.007188163325190544,0.2500297608785331,0.18077934794127945,0.02261322853155434,0.15722885336726905,0.05965525396168232,0.17166501022875308,0.0,True
00:12:54,59278c090220760001fda664,,0.8261371368647852,,-52.88224497557806,-457.68823,58.774525,3.973232,3.7259517,-0.49954987,-5.277924,-6.7207046,-4.337961,-1.0564795,0.06441093,-1.3054231,-2.9688077,30.853859000000003,4.975093,-7.3409867,-7.811404700000001,-4.859796,-3.3736462999999994,-2.1414979,0.85639083,0.7141389,-3.7107368698669176e-06,0.0611832725945612,,2386.269555633109,1321.8001123648774,12.7518210424705,7.845555693030472,10.694756820096554,19.230609022525613,20.957018903652035,15.785546853044016,20.613496927759627,0.00028208416,1522.265625,0.0328662109375,1.0,0.0,0.0,0.02137635983526707,0.08825068697333335,0.004183238185942173,0.0010821708419825884,0.8047836899757386,0.06876041144132614,0.007906761206686496,0.0036567075119819494,0.0,False
00:12:54,5c41c28e896e090001c03bb0,169.7028535792476,0.7937348383912127,1.0399675570503486,-19.48378435136037,-245.01157,157.1738,-18.865070000000003,-5.0423160000000005,3.6193553999999994,-14.510798000000001,-5.03251,6.027347,-1.9190391,3.9316974,-1.5817965,-14.222466,-35.827927,22.715270999999998,-1.2706238,-22.800385000000002,14.979016,-14.304626999999998,-22.751604,-6.580433,1.7719619,-0.00014876216223737418,2.5154610491089957,16.185748167514053,1833.0526693815698,2426.534711572923,16.130724984351062,13.987550445871827,17.744281057812408,18.017802267308095,21.57729344036072,23.02970361243789,42.651666396750066,0.0008894778,4036.40625,0.080712890625,0.0,0.0,0.0,0.10094221867620944,0.005369588290341199,0.24589389376342294,0.1604250442236662,0.01375935641117394,0.2038745701313019,0.14868516847491264,0.1210501503199339,0.0,True
00:12:55,59278c090220760001fda664,380.5055791427782,0.7208725912344238,5.432034063025929,-51.90601024696746,-446.30762000000004,66.09577,2.8196146,0.9663771000000001,-1.7568538,-5.1310459999999996,-5.84987,-3.0747942999999998,-1.3253438,-1.2798268,-1.518686,-1.181635,30.744202,8.934864,-4.646232599999999,-9.069492,-4.661814700000001,-3.9215918,-4.2897153,0.37606436,0.76807183,-4.052920411560115e-06,0.0680511523185602,16.58055168040578,2243.3427727053463,1411.5215177652829,12.938761391199126,8.153715519550389,10.781147501712372,16.551548439928666,21.060570199505086,16.92528395880368,21.823396783163627,0.00030540556,2009.765625,0.0372998046875,0.0,0.0,0.0,0.03052175138145685,0.11157466769218444,0.006466820277273654,0.0028676606481894853,0.7227996826171875,0.10625959783792496,0.013657030463218691,0.005852800561115146,0.0,True
00:12:55,5c41c28e896e090001c03bb0,101.9237172336084,0.1151491362381263,1.0465541397754243,-51.8979775169868,-386.87433,96.99681,-3.9197742999999994,1.1862172,2.2321339,-5.937506,1.8806832999999998,-0.7592048,-6.0139318,5.2126813,-4.133963,-12.509509,-36.829464,32.306976,3.8508258,-20.838371,10.06462,-19.920973,-22.680307,1.4768611,1.3426521999999999,-7.416916960397438e-05,1.2699107246427552,7.783921459336621,3354.8443516447314,5361.606612107858,11.181161696902013,9.40048537216189,11.972131160774524,14.351300531618767,19.00272387617784,23.850189436952828,32.997315283679185,0.11013762,9113.4375,0.1103076171875,0.0,0.0,0.0,0.13153204931454224,0.010152396957644009,0.4050018638372421,0.035927638792517515,0.014965264973315325,0.17666236582127484,0.20344975184310565,0.02230866511606357,0.0,True
00:12:56,59278c090220760001fda664,333.28695360865004,0.7573372459226634,11.937045541931152,-44.64791935108656,-424.7275,87.728165,8.103008,11.520108,3.6461246,-6.435535400000001,-9.912871,-5.690328599999999,-0.4674803,-0.8035512,-4.4783998,-4.7212205,28.410999999999998,-8.39293,-7.801851299999999,5.1831510000000005,5.6148690000000006,-5.923262599999999,-12.367422,-4.5713816,0.9627829,-1.0369099870179298e-05,0.17139462481674653,21.759129285756487,1997.101358537143,1450.4068835033304,11.910147110441127,8.435734949232103,11.293477156710491,16.352865128254752,23.567937442182732,16.1934326269901,24.33622284154221,0.00024112879,2184.609375,0.038994140625,0.0,0.0,0.0,0.021929821558296682,0.14771592766046526,0.006437267456203699,0.00043690224993042653,0.6987878561019898,0.11459161937236785,0.008302511088550091,0.001798095367848873,0.0,True
00:12:56,5c41c28e896e090001c03bb0,137.07062568440654,0.8416216068048504,0.8318886731521733,-63.618230485640154,-447.55655,61.67775699999999,2.948404,6.536279,5.117805000000001,-5.5040393,-5.4734282,-0.8016960999999999,-1.7522857,-0.75929177,-0.42123023,-0.82224864,-10.084776,-16.713148,0.5567264000000001,4.914421,0.11318418400000001,-5.7554135,-0.70780724,4.7838907,0.46190387,-2.114217226880121e-05,0.3487257858424628,29.922036759474942,3817.466836658519,3462.806869074827,13.90646589799249,10.555778007372561,13.669910490670135,20.12021156977265,20.993703948896687,22.12357987382443,22.230653639123634,0.017463878000000002,6729.375,0.0679345703125,0.0,0.0,0.0,0.08650835665563743,0.011686043050657544,0.3894761411680116,0.029988512707253293,0.24063549051061275,0.08337232228627221,0.1481312389175097,0.010201904418257376,0.0,True
00:12:57,59278c090220760001fda664,128.050362109275,0.7029929715001206,3.9390695708625443,-34.844979370618056,-337.01636,142.64594,7.2935143,14.46856,7.958191,3.5473661,-9.788369,-17.17069,-1.8138105,5.917172,-4.993249400000001,-4.4265102999999995,1.2472725,-19.72674,-0.71634173,-11.180794,-5.6062,4.7875695,-11.90436,-15.021876,0.98431736,-0.00011016607809489148,1.8233795837778215,25.21804050022344,1767.709357659817,1527.9590888561088,12.516360899582095,10.443747272028864,12.421910569967501,17.830801584556767,20.730947972580783,25.85984127613493,27.157267253858837,0.00022265793999999998,2427.1875,0.0429052734375,1.0,0.0,0.0,0.12031604815274476,0.055833641439676285,0.004453718801960349,0.07397188967443072,0.6613000720739365,0.050084521621465684,0.020238793455064297,0.013801304600201549,1.0,True
00:12:57,5c41c28e896e090001c03bb0,180.16756248471359,0.5809503411105809,1.2630699268178112,-23.082940277840997,-199.15689,164.65698,-5.9080900000000005,-1.3475001,4.98771,-4.237514,-6.579982000000001,-7.7646995,2.6983333,5.662025,-0.9146949000000001,-9.819564999999999,-50.11675,16.90036,-7.5793905,-2.0624125,-10.443931,-19.66818,-24.330078,-9.951095,2.019075,-0.00024110114896595464,4.056529041273773,14.943182585410526,2754.842554760828,2508.422267718034,13.962822347011855,12.79630331817811,15.669588009777494,16.958068005680722,18.660389532013983,19.596583871969568,39.85737296936905,0.006963600000000001,5148.984375,0.032998046875,0.0,0.0,0.0,0.07144992213164057,0.003668955760076642,0.06385094366435494,0.053725912900907655,0.02498032352221864,0.14720842561551506,0.6047118561608451,0.0304036627390555,0.0,True
00:12:58,59278c090220760001fda664,,0.7860217259711566,,-59.449995228841935,-477.64417000000003,38.222115,3.6690147000000004,3.3955677000000004,0.96415347,-2.1029923,-4.264851599999999,-4.7687984000000005,-3.8361487000000003,-2.2425794999999997,-0.75861114,0.14775848,26.490164,11.919741,-0.7523880000000001,-8.441322,-10.446981,-7.996009,-3.3209932,1.184895,0.45934644,-1.3329062668797852e-06,0.021961558590183047,,2950.014282778151,1380.1965905286634,12.247705069514355,8.149975033618395,10.768426708369795,20.00069066848639,17.015437745837193,15.138377454178105,18.28875094322574,0.00040360412,1309.453125,0.0254345703125,0.0,0.0,0.0,0.03978937081992626,0.003876756504178047,0.0008897673396859318,0.050339499628171316,0.8614607334136963,0.009804104454815388,0.008731380570679903,0.0251083433162421,1.0,False
00:12:58,5c41c28e896e090001c03bb0,148.25815916714873,0.8076116101348427,0.3608573088792946,-15.142629920674178,-200.61055,170.6492,-8.307183,-10.591617,-5.315052,-3.3211470000000003,-2.3440107999999995,1.067533,4.624061,2.3383117,-7.340258599999999,-10.506055,-42.930609999999994,35.445026,21.434824,-3.9122593,0.2212222,-23.508938,-23.833648999999998,-7.9269257,1.7240518,-0.000203546143951084,3.428630204308005,12.423527566687802,1779.4112503593783,2066.6635324771314,15.614885554418604,14.557689194987551,18.586629666890076,17.378920634902002,20.750443977706205,24.238525169082195,40.95781892224811,9.489572e-06,3564.375,0.0610595703125,0.0,0.0,0.0,0.07229583768639714,0.005828741850564256,0.20329288747161628,0.10272490046918392,0.034674708452075716,0.06839759275317192,0.4642938926815986,0.048491456266492615,0.0,True
00:12:59,59278c090220760001fda664,,0.7638478129485321,,-60.643945111544625,-481.50775,33.28072,3.463113,2.669619,0.032155182000000004,-2.8802826,-4.7530303,-5.0493417,-4.065628,-2.596232,-1.4472117,-1.0566813,22.731486999999998,9.240015,-2.8606722,-10.242199000000001,-11.742057,-8.510845,-3.1886097999999996,1.4104383999999999,0.42790827,-1.0364539784589388e-06,0.017157688932869508,,3131.0214959076525,1495.3661740576974,15.712531290515482,8.532747084577387,10.649420770301502,21.445857174394792,15.651502678616094,14.800341902536333,18.39995497986831,0.000511459,1448.203125,0.0267919921875,0.0,0.0,1.0,0.10845018157269806,0.03634089408442378,0.017238939813978504,0.014820022205822169,0.6458022862672805,0.12855624733492732,0.029046584200114006,0.01974483757512644,1.0,False
00:12:59,5c41c28e896e090001c03bb0,160.23549800587875,0.7948586705338698,1.1283508145807144,-13.614140125796741,-179.19603999999998,174.38483,-13.439115,-1.5910995,4.0135126,-1.8700886000000003,-2.7171072999999994,-5.863686,-0.3190504,5.0704,-1.295185,-5.960193,-43.842026000000004,25.482159,-2.7591617000000004,-0.8891051,5.231523,-22.788282000000002,-23.428303,-14.478757,1.8846086,-0.000243976390135477,4.104599476309672,15.448998217862222,1911.3226538059287,2045.487277503626,14.434585722157705,13.458993846589275,18.07201105639228,16.83390543012299,21.472026217592003,24.2010714260438,43.748904527868525,8.958985e-06,3527.578125,0.054599609375,0.0,0.0,0.0,0.09918727725744247,0.01086780822224682,0.2397755534388125,0.12529105348512531,0.035643060109578066,0.12675061356276274,0.3088424772024155,0.05364211909472942,0.0,True
00:13:00,59278c090220760001fda664,,0.9806185341154926,,-60.6820431424496,-481.48294000000004,33.512722,1.4414414,-0.0012480998,-2.669134,-5.017185,-5.950189,-5.2650847,-3.5715342000000003,-1.8300815,-0.8102134,-0.75351137,23.489296,10.676539,-0.82907414,-7.929382,-9.619789,-7.086365700000001,-2.8595474,0.48643994,0.43395025,-1.037398070370902e-06,0.017164319812176334,,3151.164084305218,1470.4496026066834,14.677577450734002,8.375119951823955,10.8265431688002,21.519440010402736,15.384469912872687,14.80162163218067,18.250328317342923,0.0005220555000000001,1426.640625,0.0260986328125,0.0,0.0,0.0,0.06556421434506772,0.05432368014007807,0.005869899748358875,0.03467740663327277,0.6884348720312119,0.05321870148181915,0.0662294494919479,0.031681781634688384,1.0,False
00:13:00,5c41c28e896e090001c03bb0,159.65058821540845,0.8003154282276471,0.8166690632661253,-15.609871030268414,-209.67157,166.89171000000002,-9.213621,-8.6406975,-3.481788,5.0706489999999995,7.006505499999999,-7.111578999999999,0.24619931,3.477506,-4.490632499999999,-7.061019,-23.396926999999998,32.72388,2.0672379000000003,-18.165535000000002,-9.358782000000001,-10.256202,-22.921758999999998,-13.160548,1.9764661000000001,-0.00020170957622407914,3.4030919136361617,15.882813542793993,1878.023294083593,1839.4590747284533,13.856489435410689,13.04277299851901,17.09700459536889,16.672125428941133,21.42659643783887,25.4647767368639,40.050310811935574,1.1568382e-05,3227.8125,0.044365234375,0.0,0.0,0.0,0.04908916726708412,9.148083093653744e-05,0.005990982055664063,0.7220955888430277,0.0006378277321346103,0.01078471882889668,0.17881805201371512,0.03249220550060272,0.0,True
00:13:01,59278c090220760001fda664,,0.7305154885775332,,-61.59400339604103,-484.0849,30.17387,0.9814794,0.10909686,-1.9998248,-3.9796722,-4.7948112,-4.175557,-2.5996082,-0.9151626,0.14089301,0.272789,21.029911,9.27702,-1.385285,-8.107385,-9.883018,-7.676499000000001,-3.7126379999999997,-0.3386088,0.4184906,-9.138530079585177e-07,0.01517063855812546,,3282.5372031355964,1565.888805480355,13.817872171874946,8.656135918808543,10.730013966326547,20.612826334118928,15.211542042693482,14.937903213570142,18.28613533097475,0.0005937041,1534.453125,0.02759765625,0.0,0.0,0.0,0.1850724220275879,0.06497485265135765,0.033166928216814995,0.01909456732682884,0.4769246846437454,0.095253024995327,0.11727775037288665,0.008235752629116178,1.0,False
00:13:01,5c41c28e896e090001c03bb0,148.57470580439525,0.8859940828692702,0.7251368249706533,-22.867997669176546,-263.45482999999996,155.37964,-13.160314000000001,-8.406157499999999,4.342935,6.1756673,0.4334447,-5.834045400000001,-3.8444644999999995,-1.6219362,-4.6130385,-5.4282894,-13.912613,17.47725,5.4908314,-19.231752,-12.702952999999999,-9.303747,-16.120468,-12.17024,1.4856191,-0.000164072806616848,2.7367320640157238,15.496551087080727,1804.1990665266528,1786.9157563868787,14.21468046856338,13.165474578468006,17.560309376993757,18.405039444068887,19.32397793358276,25.004835502487744,35.35728941253008,0.00010838604999999999,3080.390625,0.049892578125,0.0,1.0,0.0,0.05057440930977464,0.00036491444006969687,0.015385941136628391,0.21882271487265825,0.0016287778380501552,0.017837967490777373,0.6928443163633347,0.0025409928857698105,0.0,True
00:13:02,59278c090220760001fda664,111.2587724892117,0.6552806072222851,3.8270708001631832,-43.23852996988103,-386.80948,96.84226,4.2872395999999995,0.577984,-1.3521526000000001,-4.2286415,-8.227172999999999,-4.06498,-1.0261099,-2.2411923,-1.7089095,-3.8326116000000003,7.492237599999999,2.5560042999999997,5.1421523,-7.965928599999999,-10.991489,-7.0199875999999986,-5.867694999999999,-0.37298492,0.99271643,-5.3511525256804465e-05,0.8955940545081448,24.25089029944028,2231.092741170521,1480.6711558806066,13.37655621385347,9.053737263700986,12.08597094827055,17.437263293658322,19.12360672166953,19.303256278488753,24.291895488883185,0.00020892968999999999,2107.5,0.0350048828125,1.0,0.0,0.0,0.18486213609576224,0.1043062463402748,0.03302519340068102,0.010454777372069657,0.4299161583185196,0.15485389232635502,0.07766345832496882,0.004918136657215654,1.0,True
00:13:02,5c41c28e896e090001c03bb0,106.1446657542852,0.7549734604700189,2.092045779873282,-66.01328012794437,-452.85574,77.450096,7.682600999999999,5.7102385,9.716391,0.02773867,-3.0218055,6.39579,2.7166324,-4.695963,-0.7664685,1.7105886000000001,6.834462599999999,14.6463375,25.287502,11.710804,3.4640775,-3.549711,0.7180736,12.160730000000001,0.89851564,-1.7016742450555843e-05,0.2819183748679532,14.270224968958782,4290.207425664121,4093.2695944153616,12.077435987985616,8.311016864568144,10.988602653292386,13.959748031882565,16.441280563787018,18.247429477584127,22.34154895891856,0.08975867,8393.203125,0.041291824494949496,0.0,0.0,0.0,0.0509687700929741,0.007262839778074219,0.01154053621252792,0.1700538651396831,0.19591311944532208,0.0915161269561698,0.4559135445290142,0.016831147342195943,0.0,True
00:13:03,59278c090220760001fda664,141.12567338570344,0.2935645727493306,1.1128092379966508,-32.63627700927468,-337.4131,129.50063,8.412963000000001,0.7981009,-3.85069,-0.18340494,-5.831091000000001,-5.7790040000000005,2.8934439999999997,-2.1671677000000003,-10.758386,-2.9624137999999998,-11.907094,-0.4910238,32.578068,0.07518649,-19.39911,-15.918223000000001,-18.764128,-6.3272605,1.3436316000000001,-9.022229285354864e-05,1.5038790939587718,18.470672309750512,1793.3312168547532,1676.2132835806415,13.32765552312625,11.31646079605221,14.908547375433741,16.157486982510594,20.199950725624568,27.131386618986863,26.134140900099286,0.00020629026000000002,3028.59375,0.0470556640625,1.0,0.0,0.0,0.15738017335534096,0.03880686287302524,0.035546057485044004,0.1434220878407359,0.2422255113720894,0.14397575408220292,0.026715490128844974,0.21192808710038666,1.0,True
00:13:03,5c41c28e896e090001c03bb0,226.4908324317408,0.7147714935057775,2.6245712471835367,-50.07152108929921,-425.70016,88.521164,-12.850638,-19.489817000000002,-6.581146700000001,0.014420006,-4.0818954,-1.2784343,0.71888286,-3.7304285000000004,-6.2778444,-5.9171042,20.686272,10.107603,10.156383,2.135592,-0.3996841,-9.626387,-12.913905999999999,-5.503544000000001,1.3565933000000001,-2.2947288083017154e-05,0.37525882051892057,29.93182166054598,2942.2623417877558,2180.661879951842,10.684269415020603,11.9094620143841,15.421636888471587,16.942215160049333,18.737145571147067,20.473038925884897,21.14069955036661,0.007121569,4288.125,0.0412109375,0.0,0.0,1.0,0.008069416791840922,0.014519891657982953,0.0042608170842868285,0.004682935163145885,0.8073909915983677,0.0883374057157198,0.05217066200566478,0.02056788097252138,0.0,True
00:13:04,59278c090220760001fda664,124.78900777930231,0.8684590622894376,2.082475209662686,-20.366600246793993,-242.17265,197.15604,11.770567999999999,15.647507999999998,9.666681,6.3465896,-10.710379,-14.227520000000002,6.117734,4.398661,-12.665205,-4.5248919999999995,-31.005422999999997,-22.956066,28.317053,2.5215563999999997,-6.555680000000001,-5.8830995999999995,-25.785679000000002,-17.539032000000002,0.9676478999999999,-0.00017877220315463233,2.9700333421140432,12.623744873871612,1351.3837030020147,1535.1766846967614,14.896462599152649,11.0760981557288,15.77182314352557,17.998205301284774,23.507273735794215,30.281690359033732,30.070578614325704,1.5230388e-05,2674.453125,0.05212890625,1.0,0.0,0.0,0.02237637918442488,0.03493495722068474,0.003460904327221215,0.252403811365366,0.27383270114660263,0.052829182613641015,0.0069527155719697475,0.3532093673944473,1.0,True
00:13:04,5c41c28e896e090001c03bb0,,0.49615730484809706,,-64.29082052316461,-443.83023,60.20080600000001,-13.807321,-14.628701999999999,2.881698,1.4949056,-2.2152232999999995,2.4543787999999997,0.18113945,1.3237777,2.0958023,-3.516783,-32.529976,-10.15325,-3.885987,-15.799057000000001,1.1607087,-5.1013665,-13.986773499999998,-4.472654,0.9417693000000001,-7.71673096289102e-06,0.1334560416007107,,3925.024367441298,3732.0783456520417,10.854785609375746,10.520947435620762,13.017889385894089,14.258823695907276,17.44584382620749,16.41023910266262,22.927482956801,0.020980032000000003,7676.71875,0.0822314453125,1.0,0.0,1.0,0.0169836986460723,0.015605134936049581,0.031196814449504017,0.002908299071714282,0.8183389157056808,0.047125302441418174,0.054903244972229,0.01293860429432243,0.0,True
00:13:05,59278c090220760001fda664,159.366002188269,0.4523565474275644,0.9522876406562822,-30.538049551176464,-324.9485,148.61688,1.2709309,9.598573,-2.2976747000000004,-6.488315,-2.3627696,-3.7762097999999997,-3.7930064,0.29625186,-2.5572546000000003,-4.943665,-3.5680339999999995,-17.658594,8.601172,-4.7670035,-5.977246,1.8716143,-14.1315,-19.748823,1.4233412,-0.00010484732367931922,1.736982452869,34.93738381660523,1608.4365734941925,1398.9835105038035,13.853354660133279,11.280235312594698,14.026866759152588,17.026119120011348,23.13364668660553,25.00195718950449,27.15890801722313,8.349063e-05,2224.21875,0.0411083984375,1.0,0.0,0.0,0.114395385235548,0.02407611852977425,0.0110507782548666,0.10510133262723684,0.11033603944815697,0.29004244059324263,0.08880185354501009,0.2561960697174072,1.0,True
00:13:05,5c41c28e896e090001c03bb0,,0.9772906255089628,,-103.55416057533562,-507.2216,1.4261907,-1.3821433,-1.0904148999999999,-0.6651275,-0.16005744,0.36138475,0.8341768,1.1998562,1.4138141000000002,1.4507614,1.3077495000000001,1.1542709,0.7391196,0.23274961,-0.30147633,-0.7968390999999999,-1.1916633,-1.4370573,-1.5030243,0.03237257,-2.962508224242532e-08,0.0005990603309955885,,6854.294694043916,6518.990537469569,9.770654495316498,9.161192038178717,13.108184994639025,10.808853036371179,11.021574687775571,11.255410400981543,11.703473699058495,0.6869214,15396.428571428569,0.014997209821428572,0.0,0.0,0.0,0.06954995151609182,0.036387605406343934,0.4157105386257172,0.0077401749906130125,0.3169389799237251,0.09262604489922524,0.04872010331600905,0.012326589412987232,0.0,False
00:13:06,59278c090220760001fda664,114.26893756466323,0.8491251764815139,0.9905339800458745,-22.151144547302856,-277.78528,152.09296,9.922303999999999,0.32479188,-9.142191,-0.88599455,-0.08733774,-4.3046083,0.09463352,5.145934,-5.2655144,-8.765197,-20.578388,23.192505,49.1154,11.0433655,-10.550203999999999,-14.005242,-27.226128000000003,-15.963386999999999,1.5411114,-0.00010550856323820374,1.7622767193035502,17.921007857647236,1895.2555344525088,2003.5895274627633,15.863636579750832,10.978320575305615,16.97947709861584,16.394985637893473,22.00861914410432,27.146175579301477,33.890075138060226,7.048414399999999e-05,3613.59375,0.0584814453125,0.0,0.0,0.0,0.17589964270591735,0.11727021485567092,0.014327252097427847,0.0037811938673257828,0.2866170160472393,0.2858026534318924,0.11370342299342155,0.002598600904457271,0.0,True
00:13:06,5c41c28e896e090001c03bb0,,0.6355608928026795,,-92.37090719095477,-470.62137,98.096085,-18.089423999999998,-18.384453,5.922797,-3.0289189999999997,-4.813858,6.8205867,-0.48478317,-0.21763192,0.42954380000000003,-7.115215299999999,-78.15139,0.62368613,15.608410999999998,-22.195328,7.4081225,-9.844225,-29.6535,-6.425498999999999,2.4942830000000002,-2.346013274507055e-05,0.4090039584762046,,4667.120361209505,5340.762727454954,9.961898439983342,9.869339959209213,10.614119969213244,11.944779900925221,12.171464528000708,11.89663050235304,16.272211080499133,0.631587,11045.5078125,0.0630126953125,0.0,0.0,0.0,0.2373149201273918,0.023846076941117643,0.19414813742041587,0.021523001417517663,0.01557698668912053,0.3324068531394005,0.10962331518530846,0.06556070651859043,0.0,True
00:13:07,59278c090220760001fda664,374.3365641740922,0.6232895180262612,3.4478226360884245,-46.96472777732837,-417.00558,91.46942,3.1721826,8.040121000000001,5.888403,0.44314322,-5.353233,-7.490121,-3.39835,0.043548327000000005,-1.2944118999999998,-0.23595087,26.472503999999997,-5.4305525,-7.735453999999999,-6.3709945999999995,-7.243863,-9.644551,-11.143411,-6.1364675,0.7066677,-3.348218788975885e-05,0.5501624917674064,16.995282749100184,2313.175967280072,1435.0272649343342,13.961378991155119,8.12386133687054,11.475697231069784,18.40822972307515,19.793604288719298,18.51724924802248,23.02100452271587,0.00039243244,1965.703125,0.031796875,0.0,0.0,0.0,0.17739263772964478,0.09283919520676136,0.019937880290672186,0.02091491925530136,0.24345074370503425,0.3833117365837097,0.02072303295135498,0.04142987579107285,0.0,True
00:13:07,5c41c28e896e090001c03bb0,174.96664658667396,0.6231003128942615,0.6262302055620015,-25.267954197702323,-249.83007999999998,137.52719,-16.864883,-17.201195000000002,0.24557829,-4.565737,-6.930055,-0.35020852,-3.8752258,-1.3713845,-1.0243299000000001,-9.654599000000001,-47.338004999999995,22.163120000000003,15.531943,-6.2338448,3.180741,-13.510983999999999,-20.111710000000002,-7.628027,1.6939523999999997,-0.00014623291409765482,2.4780433462136613,21.461894992906853,2122.0799346604667,2380.9150368520027,14.961158896542447,13.112407131403069,17.16060301033291,15.043199951847589,17.307535047869518,18.40952642550761,40.210897749074825,0.00059470144,4147.734375,0.07201171875,1.0,0.0,0.0,0.1014094203710556,0.020197869527951943,0.04890480284978237,0.05487655981310776,0.0673259227935757,0.3845745889203889,0.15959383653742926,0.1631169568614236,0.0,True
00:13:08,59278c090220760001fda664,,0.6092169833313541,,-57.92200363225448,-471.1656,39.753723,3.6615765,2.682963,0.54581773,-2.2772883999999998,-3.9084008000000003,-3.6856265,-2.7412891,-1.4448829,-0.17422493,1.0477432,24.126225,10.838481,-3.1411757000000002,-8.718926,-10.078,-6.329066,-2.2596712,0.8823029,0.5625238,-2.240622992367453e-06,0.039377477460611016,,3049.8909636089293,1590.6591984225627,13.718239853993552,8.432214121239342,11.070096976618473,19.700066620930787,18.84782342264469,15.965167854768467,18.826153686018355,0.0005699580000000001,1912.734375,0.03130859375,0.0,1.0,0.0,0.38360393717885016,0.029332894179970027,0.09497254146263004,0.05594821106642485,0.3421414062380791,0.030979405716061593,0.05366787984967232,0.009353718906641006,1.0,False
00:13:08,5c41c28e896e090001c03bb0,142.32788003742564,0.9006460205058348,3.5914085169211165,-79.38651064572488,-442.77533,123.447,-7.447887,3.0631952,10.143754,3.4827406,0.4514879,-5.9390282999999995,-7.163065,4.5281,-1.9245644,-10.341892,-0.82417464,-1.2262619,-8.530282000000001,-18.355438,-10.368986999999999,-2.3728962000000005,0.8041273,-4.461693299999999,0.99756515,-5.288395622204784e-05,0.8754347547023751,28.16286342584662,4564.2754800969515,4646.555195224276,11.457462844737694,8.881735112347595,10.791978400818312,13.337795447921824,13.546605996690753,16.574281317510536,19.55650604898666,0.35121346,9514.375,0.03780880489864865,1.0,0.0,1.0,0.056904972530901425,0.017287148989271372,0.07454183992231264,0.09218090418726206,0.11672896947711706,0.1871798664331436,0.41005835607647895,0.04511792175471783,0.0,True
00:13:09,59278c090220760001fda664,204.52521427662396,0.5251418083205707,5.036783637960956,-39.525138729136856,-377.2404,114.38918999999999,9.033733,11.067215,11.476839,4.3115190000000005,-13.30683,-10.802651,6.5354047,3.1650907999999998,-10.273943,-8.053124,13.521973000000001,-11.766112,-7.335754,-7.9403186,-4.6458535,-9.518899000000001,-20.140991,-8.809805,1.1191003000000002,-3.1173847329949465e-05,0.5176069284768299,16.04060824343835,2076.155485048037,1786.7604811066751,11.594258469332164,8.661090249647152,13.158351062896516,17.83207619627038,22.648225277498344,19.860567944326025,27.250649732556962,0.0005084527,3026.953125,0.0519580078125,1.0,0.0,0.0,0.012569528818130494,0.007810876145958902,0.0006357507663778961,0.004515073413494974,0.9645895957946776,0.003161582967732101,0.002291533479001373,0.004426056041847914,1.0,True
00:13:09,5c41c28e896e090001c03bb0,198.24153906384984,0.5615103833496606,4.115198688980192,-41.002134654234474,-297.57982999999996,134.35213000000002,-9.136902000000001,-7.657424000000001,4.7285094,0.51603687,-4.937431,0.29337123,-1.8532442999999998,2.176256,3.3055475,-11.274591000000001,-45.983109999999996,18.769223999999998,-0.35228086,-11.235154,-5.76716,-19.148447,-24.049946,-10.909952,2.0026683999999997,-0.0001540163672542339,2.61590584735017,15.940802846359976,2371.014090498621,2878.676780609036,13.186448514636426,9.891056587263147,14.612230141511404,14.038068567664034,18.36429944401151,17.710001006683548,32.95312293852782,0.17541474,4865.513392857143,0.07770647321428571,0.0,0.0,1.0,0.044674614723771815,0.03983758174581453,0.014778089290484787,0.07106440882198513,0.4153543808497489,0.21289205588400364,0.11292381584644318,0.08847507610917091,0.0,True
00:13:10,59278c090220760001fda664,,0.7368955751953811,,-57.266163107255814,-470.95862,46.381996,3.5994184000000002,1.968041,-0.87792295,-3.4870476999999998,-4.848114,-4.6643147,-3.347365,-1.7451229,-0.6864024000000001,-0.55612916,31.341393,12.935131,-2.3946216000000002,-10.552800999999999,-11.136001,-6.765121499999999,-1.1718158,2.689743,0.5101926999999999,-1.5614449727154562e-06,0.025693196760118952,,2637.748490435242,1244.804173516472,13.810979214058655,8.474847111164866,11.322854560934289,18.19525683229281,17.3256080190995,15.710768859672363,18.959738495983398,0.00027277162999999997,1231.40625,0.026025390625,0.0,0.0,0.0,0.0008877565269358457,0.00250982585712336,0.00021756401110906154,0.0002230363345006481,0.9941783905029296,0.00041514946497045463,0.0001314246721449308,0.0014368522097356615,1.0,False
00:13:10,5c41c28e896e090001c03bb0,163.87625308042905,0.8564776908313946,7.204833657102398,-33.50516107436422,-338.97137000000004,120.958405,-6.3657937,-0.24768911,2.8077595,-2.9359965,-0.93024,-1.3168416,-3.343096,0.9173870999999999,-5.8549266,-10.742083000000001,-9.192860000000001,2.4046242,10.371456,-3.5691940000000004,-2.3883,-9.393524000000001,-5.8782682,-1.0106903,1.3690108,-5.449993732841289e-05,0.9171199861661832,19.662938866800186,1673.5078216462073,1756.7750007526324,15.359709741345576,8.96401626344243,12.675628930892225,16.807204101695493,20.08352746735159,23.095312848451986,34.328748905136564,7.309464e-05,3031.875,0.0553173828125,0.0,0.0,0.0,0.056765665858984,0.001999418441846501,0.2041463208384812,0.34364557042717936,0.00405935199232772,0.03720307927578688,0.21038831248879436,0.14179228665307164,0.0,True
00:13:11,59278c090220760001fda664,211.91831155090003,0.6983965839607955,11.861885192637196,-44.29562958542107,-404.92557,96.91234,4.576053,2.5551324,-1.2505141000000002,-4.672291,-7.092178,-3.0030723,1.2877581,-2.5089736,-4.568506200000001,0.7866454,20.488348000000002,-2.3945887000000003,2.7880785,-3.2531285,-10.191981,-10.496305,-8.262214,-1.1832049999999998,0.93671983,-2.1449643541085192e-05,0.3561476645692308,18.693767546222507,2019.846663481385,1354.6485339036826,14.390634259802232,8.524565779879987,11.578693853918624,17.381881691767283,20.280364412646698,18.50533331645969,23.565173939761834,0.00015182071000000003,1856.484375,0.03556640625,1.0,0.0,0.0,0.0005156136874575167,0.0041900594951584935,0.00020578576950356365,0.00010272356739733368,0.9936633348464966,0.0005534117633942513,0.00010552404855843634,0.000663528946461156,1.0,True
00:13:11,5c41c28e896e090001c03bb0,,0.8224358935334799,,-89.97777539552311,-502.5797,26.063194,-3.0748286,-4.6008224,-4.6290236,-5.089337,-6.6523747,-8.217573,-8.344693,-6.875433999999999,-5.090525,-4.475894,12.182723,-0.60628456,-5.4136615,-2.0350807,4.191497,7.419156599999999,5.592194999999999,0.90364414,0.5898158,-4.1214397542704786e-07,0.006907047936623592,,5688.403761473574,5068.929335714184,11.06639221078597,8.394522026828616,9.798837373587482,12.350452894103967,15.700486058573125,13.708968922256956,14.591349068616152,0.27531209999999995,11201.66015625,0.04884033203125,0.0,0.0,0.0,0.10474322307854893,0.004521271045086905,0.13315264359116555,0.23963369615376,0.0160930547863245,0.16333888433873653,0.24542478770017626,0.09309244193136693,0.0,True
00:13:12,59278c090220760001fda664,225.87842983045223,0.7937922341567927,3.829109281815685,-48.152596177597076,-415.92197000000004,75.59119399999999,1.0899596999999999,3.5899034,-0.6050904,-6.4088254000000004,-7.412787400000001,-3.099577,-2.1993492000000003,-2.7637272,-5.205388500000001,-3.4779067,8.870292,-2.9178830000000002,0.93864906,1.6189231000000002,-9.303577,-11.2890215,-5.618434,-4.741524,0.97924054,-5.4954645044120923e-05,0.9130669103142623,27.778206486190072,3210.210665870793,2817.250009716755,13.021607781148514,9.419692168918136,11.515524238949464,18.534195143090802,18.648346095616674,21.24857069984564,26.878535928496063,0.0022471445,5619.609375,0.076533203125,1.0,0.0,0.0,0.000990195869235322,0.005578379984945059,0.0005766963411588221,9.437379412702283e-05,0.9914821982383728,0.0007918210467323661,0.0002193743945099413,0.0002669936540769413,1.0,True
00:13:12,5c41c28e896e090001c03bb0,183.30527239846782,0.4984587697851738,5.3391532367871575,-55.92196388117093,-399.22733,112.41951999999999,-4.1181754999999995,2.8716028,5.263708,-5.540222,-3.1761625,-0.16827857,-2.3458047000000004,3.0549834,-0.39812893,-6.7822766,-17.154885999999998,-1.3650365,10.966292,-5.9673195,-3.7116895,-10.243072999999999,-9.667006,-1.362486,1.2573277,-5.63743617071338e-05,0.936144525054391,51.08224431124138,3455.1362083609806,3387.5508285834953,10.34189683690756,8.848740472432432,10.409873226676329,16.324627773844593,16.714688557978246,17.808589420164484,25.94791028227569,0.046242107000000005,6469.921875,0.0628564453125,0.0,0.0,0.0,0.12042628303170205,0.006857325183227658,0.2115798857063055,0.07336166501045227,0.016742141358554362,0.22016635164618487,0.2980561949312687,0.052810160256922235,0.0,True
00:13:13,59278c090220760001fda664,209.96721922433488,0.8528819157647688,1.270865573577955,-12.766603037747636,-241.95497000000003,198.29799,-6.975225,8.859276,-6.152888,-8.327662,-6.8961954,-11.027307,-0.6595281999999999,1.7401055,-11.1987,-5.5341926,-22.089895000000002,-11.905716,32.59085,1.8528966,-17.524548,-13.597922,-26.165066,-34.35242,1.3745188,-0.00020432076417935526,3.373469817064875,19.907254455272145,1257.9535371998672,1217.0431009680397,14.747199154754494,15.96333376065428,19.13591002324125,19.409256761862327,22.999378593539337,33.31724228580228,33.92381614390006,1.6485741000000003e-06,2137.734375,0.0318505859375,0.0,0.0,0.0,0.003284436007379555,0.03823544159531593,0.0027655751851852982,9.610370179871097e-05,0.9435477375984191,0.010041375760920346,0.0016878461465239525,0.00034148096310673284,1.0,True
00:13:13,5c41c28e896e090001c03bb0,,0.5270178188450736,,-99.13087052158129,-507.29242,0.5119702,-0.32953957,0.87667173,1.1755601,0.0006485872,-1.2164661,-0.9139181000000001,0.42243838,1.0935329,0.52628905,-0.40105474,-0.87328684,-1.1024703000000002,-0.13364258,0.7634264000000001,0.8192383,0.20688686,-0.6012286,-0.97275853,0.07186922400000001,-4.309435764071023e-08,0.0008984491461203,,6549.658573259992,7444.43328130104,9.282110970540893,8.541586386870163,9.98490086266825,15.598629095817024,14.167806345859036,13.973353813220642,12.604145942785756,0.47690585,15609.747023809525,0.06764270413306453,0.0,0.0,0.0,0.11325425722382285,0.016599945131350647,0.1927086216482249,0.01862435373054309,0.09993599439886484,0.2355349734425545,0.2993428944186731,0.02399897389113903,0.0,False
00:13:14,59278c090220760001fda664,127.60151174712227,0.879709963241345,0.4925078862103848,-26.446448499892863,-341.1287,152.36196999999999,2.2832928,8.8626,-1.7642026000000002,-3.4597027000000002,-2.7333617,-5.298784700000001,-1.5763558000000002,-1.4430578,-7.353679700000001,-3.9375918,31.392014,2.3443084,5.948528,-5.449383,-9.162913,-10.33025,-21.355492,-19.203146,1.1801627000000001,-0.0001047508377405455,1.7221157936716145,18.743394912535805,1406.0745392145514,1136.8094058592262,15.213821934893536,11.967532012964798,15.654167218045654,18.994867582635067,23.387480041129514,22.276782563845558,28.09151429398379,7.327679e-05,1548.984375,0.0337255859375,1.0,0.0,0.0,0.16751485653221607,0.1350063294172287,0.06673066541552544,0.011040084768319502,0.3905513942241669,0.16726890280842782,0.05390835665166378,0.007979456952307373,0.0,True
00:13:14,5c41c28e896e090001c03bb0,,0.9090692555040674,,-103.28438092103302,-507.3291,0.24750571,-0.16580012,-0.20458359,-0.23263615,-0.24851295,-0.25140843,-0.24120168,-0.21845944,-0.1843938,-0.14082551,-0.09005801,0.22799596,0.19661932,0.15501906,0.10537564,0.050288714000000005,-0.00735781,-0.06455035,-0.11829818,0.015091404,-2.048224357463937e-08,0.00046158700627898396,,6923.861046230048,7631.017935989341,9.440220565586444,10.722040053849993,9.851877350280443,11.873364869478586,13.223105081961588,12.51928871752988,11.978507715938349,0.6607235,16655.048076923078,0.02914663461538462,0.0,0.0,0.0,0.11176846772432328,0.01816347343847156,0.044638126902282235,0.008368212427012623,0.023018735460937027,0.4676550686359405,0.3176159262657165,0.00877199899405241,0.0,False
00:13:15,59278c090220760001fda664,115.15764832409882,0.9132541827255384,0.9294651542400496,-30.585646218928,-339.5628,149.3986,16.659336,14.549864000000001,-5.6085362000000005,-4.7422943,2.953989,0.94802064,1.5692317,2.0578074,-6.200173400000001,-8.567366,11.358416,-20.307564000000003,12.355138,21.914982000000002,6.728082000000001,-19.06034,-37.54999,-17.520457999999998,0.7349732,-0.0001128523792510022,1.862826951113048,8.709107336306444,1493.4723944492011,1336.6302557473994,16.503736129414925,10.265839499953552,16.21864731479036,18.1033306939908,29.7066344277125,21.897924988342844,24.34371417033712,0.00016027916999999999,2028.515625,0.040263671875,0.0,0.0,0.0,0.09016942232847214,0.14431572258472442,0.017063927743583916,0.0025307195261120795,0.5045165717601776,0.16726065874099733,0.07154743205755949,0.002595579717308283,0.0,True
00:13:15,5c41c28e896e090001c03bb0,,0.917455232451062,,-103.41373681614166,-507.2847,1.2677628,-0.80481446,-1.0052469000000002,-1.1539552,-1.2436770000000001,-1.2702171999999998,-1.2326565,-1.1333691000000001,-0.9778681999999999,-0.7745199,-0.53405976,1.1708345,1.0148466999999999,0.80782545,0.56041694,0.28532112,-0.0033677632000000002,-0.29089970000000004,-0.56263804,0.060738962,-1.7143132778417845e-08,0.00035007935286761734,,6770.316343922553,7700.138414097999,7.96619125365694,8.892879145987123,9.345083846362034,9.55175380302667,11.253763624679294,11.27026726587539,12.155851270657413,0.59549224,16104.343220338984,0.00914779974489796,0.0,0.0,0.0,0.17322460810343426,0.006095328575207127,0.03338269030468331,0.010577630251646042,0.006591103789913986,0.38009468217690784,0.3785047796037462,0.011529196390054293,0.0,False
00:13:16,59278c090220760001fda664,,0.7258258354228407,,-61.15077208273213,-485.17055999999997,29.042447999999997,3.0347435000000003,2.5439808,0.15632096,-2.8942938,-5.250531700000001,-5.991397,-4.9413222999999995,-2.6505332000000004,-0.10319023,1.6984795,20.91657,10.320559,0.45520985,-6.0852804,-8.182398,-6.410578299999999,-2.5814939999999997,1.1233984,0.36588827,-8.983408053292941e-07,0.014857705997469429,,3261.2963359283144,1445.271652752538,16.506365533020436,8.52153570757074,11.996814920860302,22.56642791769885,17.04416098988167,15.378350122340732,16.253889767869403,0.00041714244,1212.890625,0.0247021484375,1.0,0.0,0.0,0.21475359201431274,0.05095493067055941,0.017625817097723484,0.02676820543128997,0.2702664345502853,0.3175941467285156,0.056094092130661015,0.04594280032906682,0.0,True
00:13:16,5c41c28e896e090001c03bb0,,0.6751614520028668,,-105.5758584704243,-507.33987,,,,,,,,,,,,,,,,,,,,,-7.321182216100568e-09,0.00017850961321771007,,6639.186195172437,8674.740571269465,7.101086238237147,6.910283549701702,7.6433542470129145,9.24582129501974,9.76339241036834,10.42400577179376,12.677496936018846,0.6409934,17029.47443181818,0.022799744897959183,0.0,0.0,0.0,0.1512617751955986,0.007069325749762356,0.037886347249150285,0.014852085290476682,0.006147898314520717,0.4621699541807175,0.3026269435882568,0.017985687218606473,0.0,False
00:13:17,59278c090220760001fda664,320.5537544824314,0.6376317154404231,4.088713244307972,-43.84556600739882,-403.5233,76.03976999999999,2.974334,9.426111,4.4948106,-6.0135164,-9.660534,-4.7926645,1.7656060000000002,1.544088,-4.398322599999999,-3.163592,-18.705616,-13.35624,19.431151999999997,8.104503999999999,-9.63815,-9.005421,-6.7533520000000005,-4.9483194,1.0170636999999998,-2.2920461446186845e-05,0.3866288712050807,25.7162105613247,2146.6541766470727,1873.3162350649704,14.449534722053384,8.125410903759386,12.550540545948072,18.658144279300693,18.068249249149037,23.627512242950075,24.31954743694893,0.00027513705,2620.78125,0.0560009765625,1.0,0.0,0.0,0.1356397017038294,0.006859151446925742,0.005118261723380003,0.06362951154421483,0.6483068572623389,0.056381278804370334,0.06261160583900552,0.02145362239597099,1.0,True
00:13:17,5c41c28e896e090001c03bb0,,0.970826798019168,,-90.18617870529108,-501.83517,25.508997,2.443064,0.94139105,0.982017,1.2335991000000002,0.82273775,0.5341185,1.7299228,4.4469705,7.0652365999999995,7.7793455,9.293514,-6.1854625,-13.001081,-10.111258,-2.2881082999999998,4.453469999999999,6.789815400000001,5.197403400000001,0.53530097,-3.73831768328452e-07,0.006213602973372314,,5739.299243367781,5968.1597723243285,7.359635080681572,7.051796223134612,9.229200456530602,11.544898424914846,15.58686124072535,11.514075030964232,13.816814133722966,0.26063633,12442.105263157895,0.023335551167582416,0.0,0.0,0.0,0.10446313328363678,0.009234334426847372,0.027971935712478375,0.06416406008330257,0.06303097426214001,0.38042759082534094,0.2958205315199765,0.05488744530488144,0.0,True
00:13:18,59278c090220760001fda664,166.51281354647813,0.8522467375950267,3.1553866528345287,-18.541485744177088,-256.57812,197.53354,-4.1144238,11.170373,3.8444564,-4.183819000000001,-6.655342,-6.743891199999999,0.5869498000000001,1.2580572,-9.497974000000001,-4.49533,-15.571136,-30.969164000000003,12.403795,1.4358212,-13.059318,-16.607578,-27.831415000000003,-27.588364000000002,1.6234283,-0.00018192834506085075,3.0074180868409437,29.39856272976348,1323.7666808404883,1363.8745799311396,15.200832532128976,11.552298175554734,16.229733925806837,18.42244488599886,23.9133368380581,27.690405093288035,31.830520783625175,3.9458530000000004e-05,2208.984375,0.04001953125,0.0,0.0,0.0,0.02510615736246109,0.0420173860155046,0.005134524503955617,0.005988615802198183,0.8280212879180908,0.05949649419635535,0.016540467226877808,0.017695059487596154,0.0,True
00:13:18,5c41c28e896e090001c03bb0,,0.9673307121131716,,-106.97923264193324,-507.33987,,,,,,,,,,,,,,,,,,,,,-7.026712126427145e-09,0.0001673845667206969,,6565.515935320224,8527.080547613077,7.869311808261533,8.211104501866652,8.593328650365446,8.831621189031154,9.237771550288175,9.927232629794515,12.113577953174213,0.71184057,16858.38068181818,0.014690896739130434,0.0,0.0,0.0,0.0880496675769488,0.043786648040016495,0.02676981480585204,0.00912707818982502,0.11405394640233782,0.4876206152968937,0.21546162913242972,0.015130595200591616,0.0,False
00:13:19,59278c090220760001fda664,133.29592411337921,0.8669904677284977,1.4196185115943925,-27.779471842454385,-331.90182000000004,143.28615,1.6363216999999999,-2.4023051,-8.501914,-2.1023366,-3.895808,-6.9665713,0.56286496,1.2999046,-9.439012,-6.3553953000000005,18.333906,13.03017,22.23101,9.829177,-4.5981574,-14.149353,-20.494884,-13.771904999999999,1.4128441,-5.5663325374822706e-05,0.9213395880211104,12.134397508130554,1726.6268116074905,1857.1387430113728,14.705482558994415,10.221516597780091,14.983784642292287,16.421694489721617,23.431224107835764,25.879257849707823,30.115505471519512,0.00017889582,3046.640625,0.0647802734375,0.0,0.0,0.0,0.4903781414031982,0.045393308624625206,0.08629923965781927,0.04550682770786807,0.07646391354501247,0.1509650256484747,0.08932162076234818,0.01567192588117905,0.0,True
00:13:19,5c41c28e896e090001c03bb0,,0.9661571030937424,,-99.92734792106691,-507.32648,0.30747676,0.25022444,0.24433705,0.25199357,0.26305506,0.26450053,0.25018865,0.22547095,0.2031855,0.19405362,0.19866121,0.28937092,0.27407420000000005,0.27204087,0.28338885,0.2978183,0.3023302,0.29097432,0.2693014,0.024108222000000002,-1.5204006615849542e-08,0.0003477979441596463,,6748.313492813753,8013.406219154534,8.476111106533109,7.807375709428152,8.550016542128299,12.85279573715714,12.59376329823149,13.216732353389625,13.743518474764233,0.37852287,16628.62723214286,0.030492538060897436,0.0,0.0,0.0,0.08922909877517006,0.13864231143485414,0.05033942764963616,0.003060895034154369,0.2470729540694844,0.3511950807137923,0.10784885084087198,0.012611367517489602,0.0,False
00:13:20,59278c090220760001fda664,100.65687552012376,0.8397716730830226,0.5279642982391667,-28.00794729391079,-336.73413,146.66043,5.4850902999999995,2.1716737999999998,-3.6741123,-0.18510237,-5.3514085,-8.104355,6.507679,6.935892599999999,-12.002583999999999,-9.963417999999999,15.309854999999999,9.211421000000001,38.64907,15.51096,-12.045503,-18.983385000000002,-21.457386,-10.213567999999999,1.28281,-6.11325442080209e-05,1.0066093941189949,13.549161800379668,1522.1790919034818,1171.8952847131054,15.759798639732207,10.147069811503435,15.690910800513187,16.27956257197604,21.76138297809704,26.30538296022845,28.034959207965,3.754775e-05,2102.34375,0.02912109375,0.0,0.0,0.0,0.3874364301562309,0.07493542479351163,0.06833379371091723,0.017094371188431982,0.2749485827982426,0.0861050833016634,0.0871499877423048,0.003996325505431742,0.0,True
00:13:20,5c41c28e896e090001c03bb0,,0.9951749897383624,,-104.84609924714407,-507.33786,0.015756068999999998,-0.06427106,-0.13399088,0.034733504,0.14164771,-0.0035080425,-0.14242104,-0.027887896000000002,0.13627331,0.0579286,-0.123503275,-0.13947481,-0.046502515999999994,0.12922359,0.07498914,-0.11269264,-0.09983161,0.09068531,0.11982269599999999,0.021680862000000002,-1.20835771134813e-08,0.0002645071170638606,,6668.855407101495,7661.87524424562,8.68152643536774,8.792458377513798,8.670562597583503,9.661787533798114,10.938119765381103,10.196959711793797,12.60915603834686,0.6413236,16122.242647058823,0.01797645970394737,1.0,0.0,0.0,0.028516419185325506,0.027561907679773862,0.006587171391583979,0.012805247050710022,0.4809499233961105,0.13913925401866434,0.2981974855065346,0.006242595356889069,0.0,False
00:13:21,59278c090220760001fda664,178.8581994209931,0.924892706605126,3.606454243501745,-26.74770561043373,-346.0169,150.44641000000001,-11.15064,-3.3463263999999997,-0.6656569999999999,0.97663474,-0.87424505,-0.9105706,3.6343657999999994,1.5177121,-2.6030436000000003,3.227481,30.208532,-3.6293252000000003,2.3807110000000002,-8.662275,-15.459211999999999,-13.761586,-19.316208,-20.90352,1.4383198,-9.118186888412054e-05,1.4920616750867846,33.85485323586629,1525.9430562782136,1132.4947604937795,14.303787557539204,11.235789807284453,16.00070216383117,18.353714313362577,23.123993758242626,24.41453167935395,28.11469650696884,7.0635106e-05,1770.703125,0.0277099609375,0.0,0.0,0.0,0.3315856471657753,0.12610233724117278,0.028041210770606995,0.010054812324233352,0.3188058584928513,0.11036495938897133,0.07200914025306701,0.0030360421864315873,0.0,True
00:13:21,5c41c28e896e090001c03bb0,,0.7901178613913437,,-94.64801005493248,-505.88715,9.676405,6.098527,2.2063432,-0.24947080000000002,-0.15582289,1.9858445,4.660897,6.390439499999999,6.406708999999999,4.8048415,2.4188392000000003,5.510811299999999,1.3292263000000002,-0.6439934,0.4380133,3.8181635999999997,7.652951,9.886092,9.261532,0.22133139,-1.5972332495061377e-07,0.002732802435092939,,6261.704837379757,6358.11482035281,9.461657841616251,8.660048153436627,10.352247443101213,14.449217639103392,17.119991693210302,12.954773211606081,13.381292016962615,0.35577235,13766.364020270272,0.033751605308219176,0.0,0.0,0.0,0.15293284133076668,0.06126746581867337,0.056500885263085374,0.006422335444949567,0.16006261333823205,0.40441179275512695,0.15102825909852982,0.007373797404579819,0.0,False
00:13:22,59278c090220760001fda664,120.86163044831552,0.8554216723023723,0.8867262222459992,-30.584875244504037,-329.9257,140.58183,9.92205,1.5314318,-5.7539263,-3.5926704,-1.9836591000000001,0.94869924,1.3728533,-2.737241,-6.335758,-3.4216537000000002,2.6986735,0.3964483,25.122576000000002,14.059301000000001,-7.115786999999999,-22.317467,-23.2161,-4.497992,1.279173,-9.715852585461852e-05,1.6113659458766498,17.16376103685073,1874.7366243071758,1649.2580593638986,15.949411912982333,10.283155399595662,14.69842485945837,15.937348971225786,23.91207704653384,22.85843451105947,29.759581243950446,0.00019931248999999999,2887.5,0.0413818359375,1.0,0.0,0.0,0.24895745366811756,0.08321336470544337,0.01795637784525752,0.01037379822228104,0.30365744419395924,0.20826143249869347,0.1181136122904718,0.009466497879475354,1.0,True
00:13:22,5c41c28e896e090001c03bb0,,0.6414397157402661,,-89.8132376418623,-506.50695999999994,2.2154164,-4.323955000000001,-2.779743,0.6071629,2.160043,2.3361206,2.029346,-0.14747013,-3.4380405,-3.6695672999999993,0.13575616,-1.9494131999999997,-3.2309542,-2.1080097999999996,-0.75572664,1.2804456,3.688281,3.0994174,-1.1975121000000002,0.07675273,-7.279173128096044e-08,0.0013860595833417966,,6384.981920638937,6974.399864371219,10.2258020794859,9.529838396511007,10.555014871811508,17.10347469024557,17.986653686994785,14.754016305913018,14.805013431979866,0.22868815,14197.798295454546,0.05756487165178571,0.0,0.0,0.0,0.17858529910445214,0.015192163363099098,0.09448109455406667,0.02265961151570082,0.055042316578328615,0.3895024120807648,0.2167759016156197,0.02776119876652956,0.0,False
00:13:23,59278c090220760001fda664,,0.7172725090275828,,-61.553584450585824,-480.3243,33.861694,2.6397543,1.1774399,-1.6700561,-3.7967803,-4.5105705,-4.364864,-3.8105881,-2.6933557999999995,-0.90953296,1.0247787,20.937654000000002,7.667185000000001,-1.2736145,-5.6813755,-7.0394936,-5.890371,-2.5660303,1.1203603000000002,0.3959105,-1.2879886017551231e-06,0.02142154653109954,,3398.913766529964,1811.960146991055,13.555899422468094,8.552665954159357,10.659103863500963,19.326840903011664,16.382675325517315,15.210489611001409,18.701576513532245,0.0013475523,2809.21875,0.0289599609375,0.0,0.0,0.0,0.25248677730560304,0.08606778010725975,0.04724854733794928,0.011513881059363485,0.11253693401813508,0.3282453164458275,0.14275404401123526,0.01914668567478657,1.0,True
00:13:23,5c41c28e896e090001c03bb0,282.0909013472911,0.6075289116740932,1.1237409637006368,-50.77925004161219,-298.93372,143.8046,-16.978579999999997,-9.727306,5.04402,-12.32852,-8.738684,-2.1130707,-6.999686,-11.766477,-3.3304212,-21.935059,-66.28395,34.174521999999996,-14.617244,-7.979552,-14.129048999999998,-12.725436,-23.1712,-7.882572,2.229884,-0.00019606573009387396,3.38313808976933,7.7241593270562605,3809.7570439442793,4251.652069484505,10.509135749266981,12.715952745054395,13.367575736325795,13.533681439510481,17.211458600445066,16.189090160138786,33.764143512288534,0.24677457,8436.631944444445,0.0591724537037037,1.0,0.0,0.0,0.11244839876890182,0.0071307584177702655,0.11958729103207587,0.1234624743461609,0.02094425056129694,0.24792572632431986,0.16406962126493455,0.2044314544647932,0.0,True
00:13:24,59278c090220760001fda664,,0.7773276172435789,,-68.03487613371345,-499.49097,10.762302,-1.0227795,-0.41674706,-0.58224773,-1.2850873,-2.0986830000000003,-2.594377,-2.5064976000000003,-1.8142585999999998,-0.72160167,0.44277903,7.8456697,3.8769174,-0.11539679,-3.1952314,-4.7982154,-4.867948,-3.8114989,-2.303753,0.18614544,-4.2133684229377365e-07,0.007129954752091717,,4430.411307096165,2326.0558674720137,14.18887157108238,8.670975905259658,11.283325834791308,20.492810943121427,14.543194239429655,14.180241551357565,16.78510458751821,0.0020642302,3985.078125,0.027841796875,0.0,0.0,0.0,0.2354987166821957,0.06033866312354804,0.114214089140296,0.011549703357741236,0.2737838998436928,0.2259755115956068,0.06524843089282513,0.013390976283699276,1.0,False
00:13:24,5c41c28e896e090001c03bb0,241.30753606747848,0.866749465153394,0.8099076807257379,-11.327177874384489,-140.1713,170.78157,-14.441141,-9.840595,-2.4427636,-9.435024,0.7406158,-0.18732248,1.4411492,-5.553005000000001,-5.2917404,-8.511414,-52.954273,16.581831,-17.826788,-2.947447,-13.053678,-10.715518,-17.28772,-8.598293,1.7985209,-0.00031224937366957316,5.261656170822289,10.538028758793976,2212.8806577853047,1918.0098113168383,11.08188359021319,14.674227502183992,19.217228523258765,17.276480359281415,19.408687984815074,21.656707755047673,44.81656058105155,2.0274336000000002e-05,3416.015625,0.039375,1.0,0.0,0.0,0.17967807532598576,0.004001463467526871,0.11381830973550675,0.2121716756373644,0.042682413632671036,0.0773838631187876,0.052182389112810285,0.3180817865456144,0.0,True
00:13:25,59278c090220760001fda664,,0.7655373390119956,,-66.19912524985739,-495.73537999999996,15.30175,1.6388848000000003,1.837105,0.5480063000000001,-1.4354278,-3.1347218,-3.812701,-3.2494464,-1.7716285,-0.051694265999999996,1.2129033,10.359226,3.861447,-2.2515872000000003,-6.330729,-7.564184,-6.1828775,-3.2665915,-0.25285405,0.26502377,-5.246209314291859e-07,0.008819570554556051,,4036.621128292414,2038.634370025189,14.261555359784596,8.347198218402866,10.505433196812989,22.178793653799172,14.814764522549545,14.610475011098785,17.392970298197902,0.0012910578,2872.265625,0.028681640625,0.0,0.0,0.0,0.1410979140549898,0.05263465717434883,0.019820151943713428,0.014926455021486618,0.6769887149333954,0.06371237970888614,0.02456872588954866,0.0062509853814844965,1.0,False
00:13:25,5c41c28e896e090001c03bb0,219.8087910652289,0.949701672441508,0.8998386857009998,-18.174418625818607,-256.55875,148.73158,-24.787096,-7.1821410000000006,6.015276999999999,-13.082073,-9.140422000000001,1.4099423999999998,-0.9331765,-0.28354588,-6.9250026,-12.011393,-19.660583,30.155724,-6.9996886,-23.571533,8.285375,-13.805287,-15.795786999999999,-6.7602839999999995,1.9071711999999998,-0.00015147957745363232,2.548536082028296,16.321949854217404,1772.3442574635792,1981.904956566229,12.148363180236167,15.693823667472286,18.008645833166426,18.69451197105125,22.49707228438417,24.320287766950173,42.446497197393775,8.757951e-06,3397.5,0.0589404296875,1.0,0.0,0.0,0.15465230792760848,0.01043064693803899,0.2053773896768689,0.07248758468776942,0.01960616966243833,0.17628504037857054,0.25627667978405955,0.10488419625908137,0.0,True
00:13:26,59278c090220760001fda664,,0.8054050107450629,,-62.782484523978155,-489.22677999999996,23.63015,3.9332807,3.0649897999999998,0.5016156,-2.413735,-4.374937,-4.671343299999999,-3.4133169999999997,-1.3755518,0.4219477,1.1806936000000001,16.405571,7.099571000000001,-1.3342586,-6.5429497,-7.597106500000001,-5.1853294000000005,-1.1480561000000002,2.3968762999999997,0.35920677,-7.935515391644322e-07,0.01317302178746855,,3537.0000427693767,1678.917097938901,15.062520761400476,8.644643094494246,10.709938161760356,22.040724966361577,16.049800830433753,14.718235312681966,17.404786429018422,0.0007354661999999999,1737.421875,0.027080078125,0.0,0.0,0.0,0.2462431982159615,0.026628786791116,0.07028240191284567,0.1334351232741028,0.3664420939981937,0.06131050637923181,0.07204006966203451,0.02361784923123196,1.0,False
00:13:26,5c41c28e896e090001c03bb0,209.89269131160495,0.806085576223937,0.8760960637527162,-18.583268092766613,-246.74733999999998,167.92533999999998,-14.657516000000001,-10.007954,3.677798,-3.0308118,-3.1927724,-1.0919731000000001,0.6189182,3.066718,-7.155185,-11.410183,-24.80718,2.4580245,4.573599,-2.5992236,2.782598,-17.434406,-24.592272,-9.63626,1.7659806,-0.00015580732180596203,2.5908742406053964,14.418191928429188,1654.0466416099496,1588.6151001589649,12.969041692810281,15.418741358228367,19.02543156248016,19.346131765768064,23.51265099977091,24.120127530744103,39.447497657776324,1.30164235e-05,2866.640625,0.0398095703125,1.0,0.0,0.0,0.4213429788748424,0.01263159417754246,0.2813200503587723,0.02188360784202814,0.02328288026102301,0.1050658132880926,0.1222601325975524,0.0122129424319913,0.0,True
00:13:27,59278c090220760001fda664,,0.7706489118749842,,-65.99574059699921,-495.7941,15.304227,0.84973395,0.43818253,-1.2002598999999998,-3.1899867000000004,-4.567655599999999,-4.7059426,-3.5534220000000003,-1.6074061000000002,0.34287587,1.5717063999999998,10.599932,4.4388504,-1.3246229999999999,-5.146054299999999,-6.314878,-5.1297956,-2.6765830000000004,-0.3225962,0.25932378,-5.408897816989237e-07,0.009084261896887644,,4009.0649821024235,2025.2056455313943,13.80982496009305,8.076405176541696,10.896782669997563,21.07605144258857,14.58211178681307,14.661286591880035,17.01976960632645,0.0013177163000000001,2878.359375,0.028125,0.0,0.0,0.0,0.6292275875806809,0.014619776839390397,0.10913695506751538,0.07163958200253548,0.04467274650232866,0.05211064317263663,0.0633859358727932,0.015206769155338409,1.0,False
00:13:27,5c41c28e896e090001c03bb0,197.665282728428,0.9446952370561412,0.3954741045549385,-16.231185584180874,-242.8721,148.1199,-12.156775999999999,-10.853485000000001,-5.6977614999999995,-8.574434,-3.3258286,1.7421745,3.4297116,0.7915399000000001,-10.288492999999999,-10.587535,-43.003067,27.956734,17.613989,-6.6882825,2.8295395,-28.087969,-23.36359,-2.4818754000000003,1.7667495,-0.00015814162530540518,2.6611133439949297,10.951694830577132,1642.3659211376525,2184.5782349156593,13.052454229963145,16.69295100294837,20.76475383093218,21.021919700613307,21.472623283615288,24.952817949667324,41.609924873513826,6.085833e-06,3424.21875,0.068876953125,1.0,1.0,0.0,0.2228412479162216,0.0056143295369111,0.13713412545621395,0.05097294908482582,0.013499579741619527,0.08704039454460144,0.4494546249508858,0.0334427464636974,0.0,True
00:13:28,59278c090220760001fda664,,0.9986812357220229,,-58.122262249166425,-473.54434000000003,42.562607,1.0537458999999998,-0.81830597,-3.3273432,-5.573817,-6.772475,-6.529075,-5.003532,-2.7829604,-0.58611447,0.96190286,27.539219,10.246958,-2.6946871,-8.220967,-7.431707,-3.6977860000000002,-0.19058666,1.4547141000000001,0.49626073,-1.6143644733160953e-06,0.02650839614738869,,2826.2735868593013,1352.2552736113205,13.564390579336498,8.405388635290683,11.825404178191588,19.626231434962577,18.488028286782374,15.681033194307066,17.421630418617955,0.00048206035999999995,1571.25,0.026201171875,0.0,0.0,0.0,0.5798365205526352,0.02593377891462296,0.19704335778951645,0.022659017983824012,0.05682343505322932,0.05092993602156639,0.04934207182377577,0.017431873921304943,0.0,False
00:13:28,5c41c28e896e090001c03bb0,213.3605584017389,0.8807120184179035,4.566776198000757,-59.10328053987868,-424.2457,110.08193,-4.764457,5.966897,5.856584,-6.119730000000001,-2.6117365,7.693671000000001,7.318908,2.3120782,-4.753191999999999,-9.546717,2.354934,-7.7732353000000005,-19.6561,-6.7436743,14.885845000000002,-10.247983999999999,-21.7157,-10.321547500000001,1.4305933000000002,-3.215602098241784e-05,0.5411943361075059,28.815666762489208,3736.956860703832,3645.8824376545476,10.737405527313943,9.177112690698667,13.408852389992695,16.969669155883484,24.74996327916318,17.552228868217785,23.38685668669207,0.028053017000000003,7544.53125,0.0612109375,1.0,0.0,0.0,0.1653392430394888,0.005740597395924851,0.2813813932240009,0.039132004510611294,0.015040324022993443,0.09817418083548546,0.3677646115422249,0.02742767261806876,0.0,True
00:13:29,59278c090220760001fda664,,0.7146697983749131,,-50.10390431754426,-441.14095999999995,77.23188,3.2231421,2.7147930000000002,-0.74170524,-3.3421019999999997,-3.046968,-2.0434499,-2.3611097,-2.512197,-0.5959959,2.2574122,38.751329999999996,4.436568,-10.809297,-10.476928,-5.807628,-3.2309887,-1.8851963999999999,0.6484014,0.77316654,-3.691391036766218e-06,0.060531843404568415,,1865.2970613797788,1067.3591043623628,12.755009043686476,8.066499380676591,13.173761311877305,17.005539408362857,24.104447291062503,19.924294780388703,18.43748480464188,8.000581e-05,1479.609375,0.0294287109375,1.0,0.0,0.0,0.18716184683144094,0.0959625419229269,0.0857309790328145,0.003916799556463957,0.5150612309575081,0.0574194310232997,0.0531560380011797,0.0015911027148831636,0.0,True
00:13:29,5c41c28e896e090001c03bb0,,0.7368260329609192,,-103.45416244515995,-507.33948,0.054203472999999995,0.05060658,0.049852945,0.049033365999999995,0.04814577,0.047194444,0.0461777,0.04510241,0.043959387,0.042760674000000005,0.041502845,0.05409421,0.053909738,0.05365409,0.053323865,0.052923217,0.05244902,0.051909044,0.051289953,,-1.214087403950534e-08,0.0002569386935762358,,6663.00938569873,7455.517960367198,8.075182159800649,7.2768383430284835,8.877882887969344,10.331542743296556,11.50913562098568,11.113861705655047,12.734997437077967,0.49493375,15830.586472602741,0.009896805037313432,0.0,0.0,0.0,0.26932163909077644,0.0036847487324848773,0.16655021756887434,0.04775842260569334,0.0018114432983566075,0.13538818284869195,0.34353053718805315,0.03195478999987245,0.0,False
00:13:30,59278c090220760001fda664,131.0569135832723,0.6275408114326992,1.3771228649819145,-33.337928401402145,-359.11172,142.37996,4.2671947,11.394654,10.329619000000001,-1.7277943999999998,-9.878226,-3.9931064,2.4368060000000002,1.2583731000000002,0.5853969,-0.75425696,27.83415,-14.686067999999999,0.19659793,9.620375,5.87406,2.0308728,-1.1410558000000002,-1.3640934,1.0349547,-2.5095517706477496e-05,0.4121660789724476,3.7064521758984497,1682.9889408414645,1090.557406267405,16.234472410219258,9.460261987018152,11.558309187010748,15.122853020737109,21.100687817901644,22.299712783419047,25.851991826983827,2.4776036e-05,1764.609375,0.01935546875,1.0,0.0,0.0,0.03790571228601038,0.023927576234564187,0.006802021793555468,0.006298402728862129,0.8664779901504517,0.02263414398767054,0.03305613917764276,0.002898017424740829,1.0,True
00:13:30,5c41c28e896e090001c03bb0,,0.8103752710544779,,-108.48371229168373,-507.33987,,,,,,,,,,,,,,,,,,,,,-4.0811239727295485e-09,9.559551145350824e-05,,6536.077007313361,8340.89030498967,7.533058969563915,7.470991820124026,7.811044810832925,8.044457789558361,9.072820215313572,8.704797180012477,11.841302784031994,0.80485904,16739.6484375,0.003843245967741936,0.0,0.0,0.0,0.33921599984169004,0.004892096435651183,0.2497602015733719,0.020671668369323014,0.00223108601057902,0.11958862394094467,0.2483989506959915,0.015241381619125603,0.0,False
00:13:31,59278c090220760001fda664,,0.7007431193362322,,-53.140115971464965,-455.2605,63.76546,2.8340587999999998,2.982998,0.06828976,-3.8926529999999997,-6.1339455,-5.6727223,-3.7191047999999993,-1.8122941000000004,-0.29190347,1.1390357,38.233414,11.571828,-5.4365706,-11.009352999999999,-9.848298,-6.777359,-3.4589372000000003,0.07308796,0.5961297,-2.6028314603208307e-06,0.04267405517948698,,2168.505779864539,1079.2347598240644,14.966677181405725,7.848737109919359,11.612903145096645,17.833408334681838,21.983616548436576,15.836801149946554,18.04674865010304,0.00013547737,1265.625,0.0249365234375,0.0,0.0,0.0,0.18092923200068373,0.021369411868767604,0.05406035525811603,0.009359600091961006,0.6891251099813316,0.01708480379440718,0.02462698994592453,0.0034444824365588524,1.0,True
00:13:31,5c41c28e896e090001c03bb0,,0.7604340410073309,,-105.94728836600187,-507.33508,0.22524469,0.21029446,0.20716590000000001,0.20375714,0.20007168,0.19611563,0.19189328,0.18741134,0.18267499,0.17769147,0.17246675,0.22478701,0.22402404,0.22295816,0.22158943,0.21992105,0.21795401,0.21569452,0.21313743,0.028289437,-1.0865014900738937e-08,0.00022355214226482632,,6573.608110150566,7716.414383050474,8.989966525293681,8.182278043903176,8.26013395602374,8.551701405408245,9.422657354643656,9.93361799064864,11.830114361912687,0.74197924,15800.0,0.00713186553030303,0.0,0.0,0.0,0.34081106185913085,0.007557311234995723,0.2095555037260056,0.010879659093916416,0.003176195709966123,0.1697026178240776,0.2523813009262085,0.005936309020034968,0.0,False
00:13:32,59278c090220760001fda664,,0.7311278533061617,,-59.994413941951905,-481.06433,34.35967,2.3726358,2.1378925,-0.14042085,-3.1474576,-5.434143,-6.0277294999999995,-4.76156,-2.2417998,0.48329678,2.3841789,24.906912,12.52185,0.8756655999999999,-7.034114999999999,-9.875096000000001,-8.234911,-4.113724700000001,0.050327227,0.4001563,-1.1394387962066193e-06,0.018791702514285486,,3071.133925516121,1410.9840780757283,14.581584952966434,7.96290963846589,11.575741833455474,20.582575739889787,17.491403804181644,14.899823973738268,17.4700582623551,0.0004762907,1463.203125,0.0249853515625,0.0,0.0,0.0,0.32909588515758514,0.06556240972131491,0.051867046114057305,0.034568275301717216,0.3491056382656097,0.03886298742145299,0.12702948059886693,0.003908298932947219,1.0,False
00:13:32,5c41c28e896e090001c03bb0,161.28967918553744,0.6903158123504365,2.8210439298031518,-43.819158400958074,-337.24655,155.91257,-10.051943,-4.6942863,4.372524299999999,0.34538868,-6.074165,-5.2445216,0.734571,2.950943,-7.050224000000001,-10.305086,-14.051773,-1.3490468,16.978786,1.3204072,-3.364437,-17.021688,-26.740953,-15.570712,1.7297050999999999,-0.00011471555148930217,1.8984712323092217,23.48226028690389,2175.2541429159746,1784.3963722385206,15.148963531541055,11.641214208298178,13.465258039828743,14.150449815063036,18.153504558329715,18.600859051031843,27.931403396413078,0.16279203,3483.816964285714,0.032342819940476185,0.0,0.0,0.0,0.24288279712200164,0.004329153266735375,0.2578893586993217,0.03354172371327877,0.0028361252625472844,0.1374974139034748,0.3051355443894863,0.015887881629168987,0.0,True
00:13:33,59278c090220760001fda664,,0.7132697731119384,,-63.98035159552842,-492.1507,19.980701,1.8642743999999998,2.048205,0.47864354,-1.9930942999999999,-4.2604456,-5.4160104,-5.0725370000000005,-3.4518225,-1.2385681999999998,0.72043055,13.988272,6.097046,-1.36711,-6.4399266,-8.161662,-6.80138,-3.6116436000000003,-0.25212399999999996,0.29991835,-6.898243368495291e-07,0.011506473048849695,,3798.7556143314205,1900.9788497649893,14.538328499765894,7.586439670611206,11.403669188842347,21.538439558169895,15.776332097612073,14.790565963210161,17.075104345854758,0.0012099321,2629.6875,0.0277197265625,0.0,0.0,0.0,0.12068243708927184,0.04035742278210819,0.014147757657337934,0.009265058941673487,0.7674043357372284,0.018321995995938777,0.027518235472962258,0.0023027230927255005,1.0,True
00:13:33,5c41c28e896e090001c03bb0,141.09034906254513,0.8527214883390591,1.1856179638827606,-58.50247638973094,-420.35034,129.49986,-3.9307529999999997,-13.023705,-3.4553933,2.4624884,1.3463383,3.8975282,3.0345767,-1.804081,-3.7621480000000003,-6.9942565000000005,15.807242,-10.958739,9.208563999999999,17.960491,10.441239999999999,-3.2749424,-1.5466764,6.845403699999999,0.96063894,-4.3738532691240985e-05,0.7120631823391035,15.59171426011057,3669.625567963093,3351.1837611898704,14.667571986240914,11.026029166682294,13.105950001717426,15.270400234182816,19.029772347148853,20.33877710598016,21.56997088275657,0.06667264,7235.625,0.0284033203125,0.0,0.0,0.0,0.16201978381723164,0.0038660857564536853,0.3057675559306517,0.026074232766404748,0.1166841701604426,0.03764169358182698,0.3429441601037979,0.005002357739431318,0.0,True
00:13:34,59278c090220760001fda664,164.8542023248895,0.5766545752169056,8.313555075319616,-37.62893534273426,-366.54614,117.29347,7.700710000000001,5.2286873,0.59804493,-1.4863898000000002,-4.9031910000000005,-3.5740824,0.03214658,-3.3356452000000005,-5.13743,0.40126999999999996,-3.792931,-20.270828,9.088401,5.3745055,-6.345114,-6.747078,-6.620920699999999,-0.34373277,1.1421704,-3.4246708740207694e-05,0.5685554197052594,19.26787085690431,1756.1811301106711,1601.6338440367035,14.680931835951082,8.509943049254412,11.741019497689187,16.188692359427257,20.18167111174516,24.1249422432207,25.23912789761407,0.00011244628,2329.21875,0.052197265625,1.0,0.0,0.0,0.2302778702229261,0.028470062371343374,0.02540190496947616,0.05583372807013802,0.5051034230971709,0.05576084740459919,0.0458352574147284,0.05331690452439943,1.0,True
00:13:34,5c41c28e896e090001c03bb0,,0.5854320390151289,,-76.57274645082171,-503.95016,8.826478,4.3585910000000005,3.8076242999999996,3.5524197,3.3975244,3.097594,2.5501895,1.8765317,1.3292798000000001,1.0981296999999999,1.1614653,8.295601,7.733666,7.373742,7.234819,7.1192575,6.773452000000001,6.0890975,5.1929913,0.15934937,-4.5566671952428503e-07,0.007520476536899981,,5939.52385243256,5095.368379971974,13.389607851293464,11.227204573127368,11.126177440299418,19.468741176534483,16.13417666165952,17.910930806762074,14.689121967446122,0.0326705,11717.8125,0.0395849609375,0.0,0.0,0.0,0.3190557718276977,0.0158553576329723,0.0489551167935133,0.01577306455001235,0.041648181882919744,0.20514396131038665,0.3490821719169617,0.004486372426617891,0.0,False
00:13:35,59278c090220760001fda664,206.7083616482659,0.26195846314384663,4.890290250712453,-32.27946455014794,-358.6768,140.553,10.1327715,6.261985,-2.3594553,-4.821257,-6.566180999999999,-3.5278504,1.0555208999999999,-3.5840962,-8.069573,-2.9025562000000003,24.765438,-14.697668,3.0472887,15.409472000000001,8.215591,-11.856022,-22.903229,-7.249788000000001,1.2073610000000001,-3.76537163677102e-05,0.6202274585821117,18.829226650617713,1574.3436121315408,1275.5898739515649,14.819963499368182,8.501015367489138,12.240531662537634,16.793949262440925,26.802410611949085,22.719118502519017,26.81096458344205,7.66657e-05,2058.984375,0.034375,1.0,0.0,1.0,0.05185288391076028,0.008063736523035913,0.005411975464085117,0.07003841425757855,0.1573928351455834,0.3281673572957516,0.0398181915981695,0.3392546076327562,0.0,True
00:13:35,5c41c28e896e090001c03bb0,,0.6890584243258425,,-75.69212289614936,-502.18872000000005,10.681809,6.2880917,5.6856337,5.086024299999999,5.2082815,5.5504475,5.116194,3.8391614,2.6430352000000004,2.1457806,1.9254102,9.371129,8.709553,8.697891,8.232415,6.865272999999999,5.571614,5.413183999999999,6.0593667,0.13464338,-5.97081135238676e-07,0.009786110533407432,,5232.3411112454705,4228.97184608843,12.86501543675997,9.809764065504627,14.870069543542206,13.014436720487712,22.26426784815697,14.788908908163648,14.018038637162347,0.07985275,8819.53125,0.030512491861979168,0.0,0.0,0.0,0.12068911045789718,0.0775806676596403,0.07880314160138369,0.0130278711207211,0.3818807527422905,0.20348858535289768,0.11670124977827072,0.007828646013513208,0.0,False
00:13:36,59278c090220760001fda664,,0.7060720940224107,,-55.35146852633793,-462.1858,55.54229399999999,2.4566934,1.3755567,-0.79017425,-2.8169334,-3.9624846,-4.0994972999999995,-3.2807247999999998,-1.7865453000000002,-0.24747008,0.8563723,34.000645,11.426644,-4.001309,-10.486357,-10.091813,-6.081743,-1.5419433999999999,1.5437403,0.55093277,-2.2073685794660027e-06,0.0363812428205894,,2511.9350808459944,1280.2420061553075,12.48308390784925,8.35826914654724,11.261507326882914,18.63413405982034,18.566042727873914,16.799507329628575,20.88090783300167,0.00024324466,1547.34375,0.02703125,1.0,0.0,0.0,0.03829254154115915,0.019045744161121547,0.004134596104267985,0.07805307554081083,0.4263453349471093,0.17022814862430094,0.010258101695217191,0.2536424368619919,1.0,False
00:13:36,5c41c28e896e090001c03bb0,125.6458044590855,0.5114629366263701,1.1064531781798679,-62.84923315826065,-380.889,204.94211,-13.645638,-4.3290997,19.984632,-5.939317,-14.460559,9.493988,-0.2861881,-10.2462435,-0.7485745,-6.6015162,-25.40227,-11.755694,21.464502,0.8265329,-1.2552803999999997,-21.042973,-22.076303,-0.5272737,1.5864629,-8.786971500258395e-05,1.44899284486821,13.80728219731995,4238.245646023574,4778.125451534908,12.426955208866074,8.104654988826281,9.695701798164887,11.584520963581287,14.905959984695215,17.242668401179937,23.0288928961381,0.14690918,9822.890625,0.025609853316326533,0.0,0.0,0.0,0.01425765475432854,0.012848469213349744,0.012793997616608977,0.003852461450151168,0.9028719484806059,0.030197132295870687,0.020844690687954425,0.002333639419521205,0.0,True
00:13:37,59278c090220760001fda664,,0.8005002232663769,,-59.60764148109433,-481.71792999999997,33.432334999999995,3.065811,3.4364220000000003,1.3844899,-1.8241721000000002,-4.5836225,-5.7523045999999995,-5.091003,-3.1589963,-0.8683635000000001,0.9510089,24.034367,11.850856,0.49675027,-7.2290053,-10.124365,-8.653468,-4.512166000000001,0.060988154,0.41970304,-1.1155779701920297e-06,0.018402618052909398,,3095.881014489575,1406.5910552650928,16.01904748935532,8.64493395038271,12.332732056987574,20.790566934836864,17.157238847949394,14.963675060125619,16.963810640142132,0.0004066959,1282.03125,0.02529296875,0.0,0.0,0.0,0.012770502362400292,0.008976907096803188,0.00241206765640527,0.051640493236482135,0.03855699896812439,0.23572555482387544,0.023332527931779624,0.6265849947929383,0.0,False
00:13:37,5c41c28e896e090001c03bb0,142.14068075251137,0.7470676917948843,12.023485730081505,-88.74379402559684,-498.3821,26.177942,9.070615,7.9172807,2.405616,-4.8089247,-7.327807400000001,-2.4259586,1.4409968,-0.09361596400000001,-3.1456763999999997,-5.118811,-7.157247,-12.937016999999999,5.289626,18.171352,10.742841,-5.0536346,-8.232654,1.8488609,0.21072787,-1.023391464422942e-06,0.01714112032198629,40.33280093215311,5554.853093764321,6175.061852458643,9.643082576645293,7.9359715642142925,9.145159477019472,13.242747674244724,17.499079664782588,14.237441024239946,14.317671832112277,0.26564702,12351.04739010989,0.0538330078125,0.0,0.0,0.0,0.00935162816895172,0.008586472133174539,0.0027164988045115025,0.0037528065986407455,0.933902233839035,0.006563304830342532,0.033586663147434595,0.0015404265566758113,0.0,True
00:13:38,59278c090220760001fda664,143.25062572474,0.5771647685581989,0.951793498876057,-20.095396613018398,-259.61356,173.00812,2.7625184,6.6755633,0.3488461,-3.96159,-10.8641815,-7.767138,1.9406383000000003,-4.041308,-14.4526005,-1.0355401,-29.567484000000004,-7.1784015,16.878672,-15.26697,-13.938951500000002,-12.708155999999999,-28.482914,-20.543774,1.5701079,-0.0001861605788421566,3.0865638985122947,17.697277408897268,1529.0129232645093,1541.0889699332874,15.836531904632686,13.076093673132323,15.548229119201192,18.77993705868079,24.67071676395177,28.177114300912233,33.009495736652845,3.8673836e-05,2488.125,0.04662109375,1.0,0.0,0.0,0.013796076737344265,0.008819874841719866,0.0029951744712889195,0.10544395931065084,0.03972837254405022,0.21291642934083935,0.01679305313155055,0.5995070606470108,0.0,True
00:13:38,5c41c28e896e090001c03bb0,,0.6539018336855548,,-98.87839997293793,-507.11792,2.4089696,1.8857929,1.7819622,1.6710042,1.5536104,1.4305093999999998,1.3024579,1.170237,1.0346445,0.89649117,0.7565933000000001,2.3922732000000004,2.3645656,2.3260262000000003,2.276902,2.2175102000000004,2.1482315,2.0695093,1.981844,0.079405956,-2.858285320808257e-08,0.0005377482045044061,,6604.704079129595,6523.932164918787,10.325301740449834,8.342859858512236,8.313896068804457,9.828431309995107,10.959146837000295,10.980335118790627,13.711860201004535,0.40827277,14751.747532894737,0.010345901268115942,0.0,0.0,0.0,0.0023378125799354164,0.014636824326589703,0.001517775165848434,0.0001966202806215733,0.9589147210121156,0.005161355761811137,0.017100107157602906,0.00013478953842422926,0.0,False
00:13:39,59278c090220760001fda664,140.42350302516576,0.8308858988314294,2.501687818112986,-37.26108113027989,-357.21555,109.34485,-3.0029277999999997,1.6683816000000002,4.066585,-1.5423126,-11.466702,-10.357517,0.72929484,2.3405169999999997,-6.346746400000001,-3.9488652,-2.9205262999999997,16.910318,18.771753,-18.280735,-15.421154999999999,-3.008052,-7.461833500000001,-8.213098,0.9599399,-7.658167782927913e-05,1.2779300208205873,24.054424947962346,2225.1906905977307,1887.779107542322,13.240961463417134,9.975636300403078,13.72990549757992,17.92173400431665,21.723547953540827,23.675983461792132,30.903600436939513,0.00028155601000000004,3219.84375,0.0461083984375,0.0,0.0,0.0,0.021841159649193292,0.031598407914862035,0.004382269992493093,0.035446309903636584,0.08969013821333646,0.4831425100564957,0.03436659816652536,0.2995325859636068,0.0,True
00:13:39,5c41c28e896e090001c03bb0,,0.7187895744062917,,-106.10121557740662,-507.33987,,,,,,,,,,,,,,,,,,,,,-8.452546908133954e-09,0.000184552960743874,,6660.600182124894,7914.059952024093,7.647351375390273,7.8925892161313405,7.9230108282213925,8.35035798110525,9.857617583697373,9.640510478418198,12.64948867553946,0.64023125,16351.5625,0.007568359375,0.0,0.0,0.0,0.02981049034569878,0.01934336790582165,0.04047784913273063,0.008558080474904273,0.6494520582258702,0.11130394377978517,0.13114172550849618,0.009912493918818654,0.0,False
00:13:40,59278c090220760001fda664,204.80659971288884,0.4450700421132033,6.028317752705246,-43.6511266767989,-407.26346,90.84956,4.319159,1.2647309,-3.866865,-2.8432283,-3.286082,-2.3090252999999996,2.8839900000000003,1.0140923000000002,-4.6334763,0.5691468000000001,16.574202,3.7413394,14.210435999999998,9.112405,-0.2576295,-11.818374,-18.924015,-7.999669,0.9496218000000001,-3.5081474044886914e-05,0.5774712490367759,24.938292924675665,2420.734808842261,1496.8284178767785,16.20727770314251,9.379619702137648,14.288577875502785,17.997918348010646,20.769431195052448,21.347994025062142,23.82604178801205,0.0003254367,2093.4375,0.0347119140625,1.0,0.0,0.0,0.1250102013349533,0.03155469857156277,0.008841566857881844,0.016028169216588138,0.11950104162096978,0.5928758352994918,0.02573566036298871,0.08045283146202564,0.0,True
00:13:40,5c41c28e896e090001c03bb0,,0.0,,-102.81886444175704,-507.17685,3.0303150000000003,-2.059913,-0.91968066,0.35676453,1.5639925,2.5096483,3.0453862999999997,3.0903597,2.6435032000000005,1.7827468999999998,0.6514168,2.2833412,1.1729933000000001,-0.121878855,-1.3931102,-2.4370008,-3.087268,-3.2417884,-2.878791,0.06795577,-1.7513344684595612e-08,0.0003612120413156814,,6709.870735610298,8141.750448665327,7.673739194804568,7.094695186840756,10.042020912260183,10.188462603915088,12.145335211394313,11.530911236465034,12.36006675353832,0.5523713,16655.44577205882,0.012169471153846154,0.0,0.0,0.0,0.1488976649940014,0.031783989444375035,0.17586383670568467,0.012704995553940534,0.034805490449070935,0.29841870069503784,0.2840290144085884,0.013496283395215868,0.0,False
00:13:41,59278c090220760001fda664,174.2180433852071,0.2700116670204956,7.013257983280761,-42.41678291390804,-400.50064,91.22036999999999,2.2096753,-2.714052,-5.189497,-2.3052772999999998,-4.4215349999999995,-4.678019,-0.46155795,-1.7750479,-5.5696664,0.5747385,23.924616,20.871185,16.307726000000002,4.7679453,-7.3722205,-13.39744,-5.595071,0.9510833000000001,1.1112703000000002,-4.08951227957622e-05,0.6809496266816731,40.99790589557952,2193.060187218549,1390.5079687896089,13.845659923424625,9.824356673626204,13.110447357415532,16.337948315184246,20.15513424421888,21.188126135847142,27.694631092588548,0.00017046069999999999,2405.15625,0.0302294921875,0.0,0.0,0.0,0.0843539422377944,0.06721100620925427,0.011567712808027864,0.006176492455415428,0.5819421291351319,0.217721326649189,0.016896342858672142,0.014131045551039282,0.0,True
00:13:41,5c41c28e896e090001c03bb0,256.65083772697227,0.5477114369520282,1.64859617712742,-39.61552051206807,-333.82047,119.51423999999999,-5.432046,-5.73522,-1.6895031000000003,0.14931849,-0.55292636,-4.1497927,-1.3517370000000002,2.8140862,-3.036425,-12.109053,-30.317343,2.4196377,9.698279,-1.3499392,-11.122971000000001,-14.812951000000002,-21.543722,-12.425895,1.7833651999999998,-0.00010907965726897735,1.8214210854734143,14.906563998661035,2999.5242962779994,2690.5859366214445,12.577927806578007,14.158206531394878,18.667921233022934,17.43507031661837,18.307013815582255,22.439269896171407,28.564652395066233,0.0062946836,5862.421875,0.039541015625,1.0,0.0,0.0,0.2340964511036873,0.010380149190314112,0.2379376426339149,0.06096097277477384,0.004450495692435653,0.2150855094194412,0.1924251142889261,0.04466367308050394,0.0,True
00:13:42,59278c090220760001fda664,,0.7345373058240743,,-57.257070651992024,-467.1286,49.610766999999996,0.99681073,-0.008208159,-1.801596,-3.3469272000000005,-4.364874400000001,-4.6331525000000005,-3.8065007000000004,-2.121677,-0.6634505,-0.44498742,30.638984999999998,10.926767,-2.4980261,-8.758562,-9.866861,-7.589181,-3.596623,-0.15772367,0.54288036,-1.9082479418200083e-06,0.03167890419715178,,2772.5652327966404,1472.042725278599,12.583892722980769,7.758664258091854,10.093816760354716,17.349302177244244,15.90835894651517,15.410799346416152,21.088475722185105,0.00042764615999999996,1972.734375,0.0290966796875,0.0,0.0,0.0,0.3601974904537201,0.09044244433753193,0.08037181757390499,0.015410093532409519,0.29639377221465113,0.1023365844041109,0.05224919486790895,0.0025985861546359962,0.0,False
00:13:42,5c41c28e896e090001c03bb0,197.62287370686008,0.9521857963628638,1.5116486633102062,-22.418321044170483,-263.22516,134.36081000000001,-13.382617999999999,-14.673322,-4.074686499999999,-8.043617,-3.7439492,-1.8765845,-6.4216495,0.5270905,-3.9305854,-18.067835000000002,-26.712646000000003,35.401337,24.356552,4.670724,2.8265808,-16.505503,-22.515532,-5.887827400000001,1.7867688999999998,-0.00012771895095919594,2.1874730341623136,14.172492046680743,1972.8325160701984,2008.8507275175675,16.125696086711052,14.296202674705658,18.991111021935225,14.542083061598234,20.651866801204353,20.788336308286727,40.12088785997885,3.0154994000000002e-05,3714.84375,0.0494384765625,1.0,0.0,0.0,0.12917028740048409,0.014888987073209138,0.06473982930183411,0.1779653664678335,0.07050934627186507,0.2909266822040081,0.09165179654955864,0.16014772062189878,0.0,True
00:13:43,59278c090220760001fda664,,0.7302590402352144,,-63.55080045539078,-488.9567,24.420397,-1.085259,-0.10661677,-0.32573053,-1.2372153000000001,-2.165605,-2.595888,-2.3658946,-1.6648126,-0.87338704,-0.34448233,18.166017999999998,9.756242,1.4499341000000001,-4.7942480000000005,-7.9192657,-7.9878345,-5.9747567,-3.2644189999999997,0.33964857,-7.667502724697414e-07,0.01275636485617454,,3585.753787352488,1725.188456746728,13.520184622146967,7.825383314252182,10.565400750152396,19.159274734829463,15.180419528736724,15.256331983773439,17.903334156771315,0.00090769364,2123.4375,0.0253466796875,0.0,0.0,0.0,0.2836544841527939,0.019453081535175443,0.12415141873061655,0.0991184588521719,0.03701934730634093,0.2992628440260887,0.08776514604687691,0.049575218744575975,0.0,False
00:13:43,5c41c28e896e090001c03bb0,184.08793952555308,0.9441108398218524,0.7593239694043035,-15.270347298650169,-201.28891000000002,143.83581999999998,-19.294233,-10.184605,3.3984019999999995,-10.316856,-4.937624,-5.814113,-4.6139474,1.7461388,-5.1881886,-14.927566,-43.750885,58.199419999999996,26.249939,-12.833159,-9.509642999999999,-8.9319,-16.965998000000003,-5.521934,1.6562041,-0.00021678475125461755,3.7087885041782624,15.093033534710452,2125.754536588552,2438.502898067301,14.492011481979434,14.757097571873135,17.565409270304073,16.803237703027182,23.09902849881357,22.779009664543292,44.41836824869419,1.6957507e-05,4367.109375,0.058623046875,0.0,0.0,0.0,0.05879920106381178,0.02333381893113256,0.2704316712915897,0.12689232444390655,0.2658793695271015,0.11646559871733188,0.05062343180179596,0.08757456606253981,0.0,True
00:13:44,59278c090220760001fda664,278.8762235878044,0.594089278313322,7.019228918111634,-50.66135458413228,-422.31863,63.597590000000004,8.978966,3.8626986000000003,-2.3329782000000003,-4.3678292999999995,-5.9623394,-4.7802305,0.38627908,-0.9270453000000002,-4.30735,1.7529401999999998,-5.583069,-6.147962000000001,-2.4077857000000003,-11.241997,-11.5596485,-12.593910000000001,-8.803405999999999,3.3794599,0.83316624,-4.284706946889434e-05,0.717741810653895,28.06303670132511,3066.395887711196,2243.337290091601,11.4332887335076,8.743612976911121,13.07333832775518,18.39566553122239,17.900812971752753,19.1254862905676,25.311165066334475,0.0018246163000000001,4260.46875,0.044345703125,0.0,0.0,0.0,0.16524017006158828,0.035424069687724116,0.04161997847259045,0.025643996568396686,0.061854965612292284,0.5763812303543091,0.06515226662158967,0.02868332280777395,0.0,True
00:13:44,5c41c28e896e090001c03bb0,141.41645165642123,0.8286789034108705,1.5372524437811994,-41.9885225721046,-344.74802,157.61295,0.96646345,-1.564086,-2.2514133,-4.0299525,-0.5484365,1.5146239,0.15009904,-0.13450284,-6.968197,-9.114742,-5.127015599999999,-5.9392123,9.186314999999999,11.474654,1.8754159,-18.194862,-16.882804999999998,-2.6057584,1.2159429,-9.396341709126212e-05,1.5573212420742737,13.881695295216904,2823.2516303706675,2707.46692595943,13.454795665614107,12.100258331405444,15.537223599764175,15.6752017282028,22.209367680378328,22.054367986023397,29.162025788316488,0.030232292,5367.890625,0.0469873046875,1.0,0.0,0.0,0.05368819199502469,0.0090717519284226,0.13822111483896152,0.3330614112317562,0.12619838565588,0.100641536898911,0.0781467754393816,0.16097082421183587,0.0,True
00:13:45,59278c090220760001fda664,103.62041952811614,0.6533885267170965,0.6092497405106461,-50.290421120193976,-438.6554,68.54713000000001,1.7808294999999998,-0.9375334000000001,-1.9479877,-0.75324965,-3.6545553,-4.3344994,-1.644565,-2.2516868,-2.585162,0.04636033,23.504348999999998,8.193133,4.3656735,-3.2652075000000003,-6.3311496,-9.2633295,-11.694948,-4.5402260000000005,0.74099565,-2.7830035457179096e-05,0.4581163863272362,26.310446203054443,2674.98533717621,1461.1169384179675,14.68792116926367,9.090260439778426,13.138290700616553,18.472319551542803,19.504923975291494,17.473984064993772,19.938072204337555,0.000729827,2119.453125,0.0275,0.0,0.0,0.0,0.06624035462737084,0.05475171208381653,0.010408445820212364,0.00434804353863001,0.2059200972318649,0.6174646705389023,0.031864316854625936,0.009002356976270675,0.0,True
00:13:45,5c41c28e896e090001c03bb0,151.68063505283027,0.30610686351677063,0.9398200003674064,-28.9833112623344,-284.77646,118.63528000000001,0.42017308,0.012121544,-0.7936185,-8.513354,-3.0455229999999998,4.3787303,0.98504096,-3.995776,-3.395744,-5.4143133,-55.07122,-14.1620035,-2.5888432999999997,-6.987523599999999,1.0320201999999998,-3.5472317,-13.486794,-2.0580716,1.6673546000000001,-0.00013884127376614529,2.333397324390516,17.518429971883258,1860.7757787325797,2177.113911819664,13.757211824793176,11.423433768063367,15.633791649374087,16.874738197851666,20.816334418497103,22.275549188772796,36.26065730660483,5.9806876e-05,3629.296875,0.068515625,0.0,0.0,0.0,0.01823582878569141,0.01078293939353898,0.005575960001442582,0.13034777864813804,0.6432686962187291,0.05884537976235151,0.1065417522098869,0.02640165924094617,0.0,True
00:13:46,59278c090220760001fda664,157.01109355099126,0.8679699287850021,6.026833065136465,-55.530472772264645,-466.72272000000004,47.750473,0.15585953,0.17543913,0.28607142,-2.836195,-6.75973,-6.485566599999999,-5.447762,-5.869239299999999,-3.9203617999999993,-0.57465476,29.70225,17.043337,5.1923847,-4.7088684999999995,-6.5049925,-4.358085,-2.496575,-0.48901513,0.55391854,-6.100258847246127e-06,0.09964246308347713,18.25914656444453,2836.363464283558,1467.0078553154096,15.22939494661073,8.721841704027684,11.728562185216846,18.61488701657843,16.521944814903453,17.259418472025114,19.770129555432113,0.0005225542700000001,2075.859375,0.0261767578125,0.0,0.0,0.0,0.07252386547625064,0.06078236363828182,0.014853776805102826,0.01665957730729133,0.6118733644485473,0.1643158510327339,0.047723179869353774,0.011268040060531349,0.0,True
00:13:46,5c41c28e896e090001c03bb0,218.0737067219981,0.9707656813846914,1.7923542699183628,-42.86245799610806,-358.5712,90.70124,-20.320148,-10.241361,-0.12190153,-8.6593,-3.9858446000000005,0.043257482,-4.4232955,0.9176167,-1.5406864,-9.410252999999999,-28.186226,23.892172,4.1837583,-14.234548,5.9099574,-13.717581,-11.917124000000001,-4.470209,1.2309128999999999,-6.399733132131856e-05,1.1145284728742555,20.516420621555312,3019.528432666287,3141.000920633537,10.874396108542463,11.089513386893532,13.981440661475615,16.231960015404407,18.140785515076026,19.96622165006948,34.093003334627774,0.00645269,5569.21875,0.088818359375,1.0,0.0,0.0,0.10182665056781844,0.003544325789698633,0.047979186673183,0.31489398936973884,0.20104447104968126,0.0763110441621393,0.2049862822983414,0.04941402580589056,0.0,True
00:13:47,59278c090220760001fda664,,0.7706955594221739,,-66.96642579887072,-497.4113,13.415049,2.238277,2.3681188,1.263559,-0.5312316999999999,-2.2505205000000004,-3.2292514,-3.1532404,-2.1479871,-0.68830454,0.61732674,9.752524000000001,4.8892655,0.22648305,-3.015168,-4.190548000000001,-3.3994958,-1.3804101,0.8161834,0.22987509,-4.936038496106599e-07,0.008295698450578039,,4196.927006292362,2108.536956848988,15.055417359109073,8.319003029464506,11.707239310054991,21.13867007665625,15.227303244945151,14.347196932198601,16.74554750195319,0.0016066042999999999,3178.828125,0.0277490234375,0.0,0.0,0.0,0.06890739109367132,0.03679196750745177,0.004545095271896571,0.01620863713906146,0.755687627196312,0.059501588437706227,0.053995272144675255,0.004362443491118029,1.0,False
00:13:47,5c41c28e896e090001c03bb0,208.31447896647316,0.9558659113701484,4.199425106355937,-32.62895067573215,-303.63113,118.699326,-19.476053,-10.84603,-2.4224553,-10.264576,-3.9382832000000003,4.868741,2.3584224999999996,6.887954700000001,-0.15105237,-10.632272,-30.067353999999998,35.752865,5.005599500000001,-10.461622,6.054236,-25.015259,-23.398321,-11.02175,1.3344562,-0.00011492207592700148,1.981286448011813,13.444705084172632,2606.7353323125158,2845.6124530589186,12.436315403262393,11.944852973509427,18.022218482644988,13.27303739497217,17.906578237115106,22.599767618533484,38.11989429659774,0.003494014,5107.265625,0.08203125,0.0,0.0,0.0,0.0763118201866746,0.0019177947494123755,0.02976904638732473,0.11009981855750084,0.0026773733261507004,0.12521077420872948,0.6377479583024979,0.016265453033459682,0.0,True
00:13:48,59278c090220760001fda664,,0.7602992541466009,,-61.375153155377404,-484.51218,29.731240000000003,3.8879154000000002,2.9806532999999997,0.3804329,-2.5905013,-4.703428700000001,-5.2921586,-4.392322,-2.5755887000000004,-0.62159276,0.80190605,21.021278,9.844145,-0.2536294,-6.5298834,-7.9956784,-5.549454,-1.3293039,2.3383,0.3789534,-9.57153346119287e-07,0.015815075215182703,,3261.281812337229,1502.2543336378574,15.939998371363062,7.448397682349117,12.816426316701774,21.138638904986728,16.314895464521154,15.259646628978464,16.757770592710234,0.0006382655,1570.3125,0.026005859375,0.0,0.0,0.0,0.035309429391054435,0.01075187036767602,0.016484573463822018,0.016094354927190583,0.8747509300708771,0.016125058758188968,0.021438236758694985,0.009045536661869849,1.0,False
00:13:48,5c41c28e896e090001c03bb0,196.9724262112505,0.6392842820203739,2.615051705507704,-34.77451621637165,-309.46674,108.43422,8.008037,4.4644895,5.1338515,-3.4662553999999997,-3.7364623999999997,3.3807587999999997,1.6260315,-3.1617646,-2.087278,-6.703298599999999,-32.117374,-2.9958223999999998,-7.6846747,-0.5156374,-6.437732700000001,-8.714148,-10.520516,2.8695927000000006,1.5956757,-0.00014624381141780854,2.4572826621105803,17.57425956887661,2533.0039797468485,2278.668494035352,12.355310165258675,10.56343716075559,14.770245641843404,18.106296087143317,21.966473338352237,22.710673099854922,30.549558550271158,0.002402529,3978.984375,0.0567333984375,1.0,0.0,0.0,0.1043937779031694,0.002343981512240134,0.08281956100836396,0.1104490605648607,0.023425196879543364,0.04747388022951782,0.6212824694812298,0.007812091353116556,0.0,True
00:13:49,59278c090220760001fda664,,0.7419037486380502,,-67.00764974152605,-497.62582000000003,12.907003,3.1828015,2.877358,1.4114243,-0.5160305000000001,-2.1874466,-3.151334,-3.3291209000000004,-2.936964,-2.3023634,-1.6880060000000001,8.756136,3.4275255,-1.3602816,-4.2350874,-4.650693,-3.0038283,-0.36928147,2.0011156000000003,0.22900096,-4.867772594375255e-07,0.008189067856287114,,4203.874962782309,2144.261802840237,14.972373969002565,8.076155692413781,11.30657545369676,20.951971842078308,14.973561171983054,14.182558814764128,16.941916249480208,0.0016479034,3264.609375,0.027470703125,1.0,0.0,0.0,0.028126523247919977,0.01827578810043633,0.00627045506844297,0.003297901985934005,0.8932463765144348,0.02342056648340076,0.02594632711261511,0.0014160875784000385,0.0,False
00:13:49,5c41c28e896e090001c03bb0,198.92449486442328,0.8045708632197344,0.9550940395935864,-14.443166841678677,-148.92828,168.39061999999998,-8.618255,-3.3179295,7.1999564,-4.213595,-2.441399,-4.6538153,-2.8506331,-3.4902822999999996,-3.7082330000000003,-12.780194999999999,-52.340446,24.350193,-6.812023,-1.7823217,-8.11815,-8.7987585,-15.689748000000002,-2.502964,2.0385003,-0.0002996466239721698,5.06869619745253,18.292661949427394,2243.0095902550706,2075.91994601024,12.46313804940826,14.410801551548104,16.446981296432053,17.270821614349508,18.904368256279927,20.70954949411613,44.93853735104508,2.6282253999999998e-05,3914.53125,0.044599609375,1.0,1.0,0.0,0.07662277892231943,0.0041133999126032,0.02843876276165247,0.21037229876965285,0.16622893884778026,0.046076177433133116,0.4405575454235077,0.02759011371526867,0.0,True
00:13:50,59278c090220760001fda664,,0.9580712192708309,,-65.40083820387397,-494.89522999999997,16.546417,0.79651785,2.2040124,2.3421988,1.4687964,0.07796362,-1.3102118,-2.3070492999999996,-2.7281572999999995,-2.5883286,-2.0454884,11.724226,5.2828984000000005,-0.9877193000000001,-5.533308,-7.5094166,-6.9566135,-4.647761,-1.7110901,0.2638304,-5.848122655149226e-07,0.009778227640880351,,3980.370383799333,1964.664225409281,13.168338584828918,8.691489297390527,11.692393004136353,20.94242894119007,15.137649351449552,14.491005043093052,16.68970949278265,0.0011918534,2636.015625,0.02611328125,1.0,0.0,0.0,0.01625300515443086,0.013801488839089871,0.0023393566574668517,0.0015362589816504625,0.9484727144241332,0.012233146815560758,0.0041778434999287135,0.0011861728635267355,0.0,False
00:13:50,5c41c28e896e090001c03bb0,169.43087050944482,0.9289745411943432,1.2217128450139898,-16.479943843032643,-177.76221999999999,152.6196,-17.246016,-12.702039,-1.3455461000000002,-5.572107,-0.06738559,-4.359305,-0.21878923,2.0061307,1.3342572,-5.210508,-54.315296,34.244217,9.9735775,4.751837999999999,3.5342572,-5.4536734000000004,-16.681396,-7.2922273,2.1431315,-0.0002485937356363251,4.218177571125263,21.290357059627866,2187.7269401822355,2260.215069054071,15.56893965248135,12.96979747839645,18.57520527238738,17.957041290952528,18.158987645080558,19.70074351275997,43.9052149234965,2.2243128e-05,4158.046875,0.0533447265625,0.0,1.0,1.0,0.058935489771621566,0.00758891085362328,0.0036913996529100205,0.050462285455848487,0.1898876279592514,0.061512582004070275,0.6221006257193429,0.0058210582522276256,0.0,True
00:13:51,59278c090220760001fda664,,0.9391221757599448,,-65.76586326152514,-495.72794000000005,15.299557,1.2221558000000001,1.7556947,1.3867552,0.72048616,0.28417626,0.2672928,0.49171564,0.59176064,0.27793622,-0.47062844,10.348803,3.9084084000000003,-2.05313,-5.93973,-7.0635686,-5.774067400000001,-3.1633499,-0.5174485,0.26537773,-5.520106334710525e-07,0.009245983915390802,,3980.625458653061,1979.2573965556976,14.323502296260962,8.241214579587389,11.437878588699641,21.356630762393717,15.209842925285153,14.928361324772725,16.752277751963966,0.001393595,2543.4375,0.028203125,0.0,0.0,0.0,0.0302069119294174,0.008166785957291723,0.002427322170115076,0.03267732768290443,0.6601228125859052,0.050611796398879964,0.005657345945655834,0.2101296813780209,0.0,False
00:13:51,5c41c28e896e090001c03bb0,190.14559365941986,0.7484291923225618,1.5192504732616787,-16.00137568111984,-156.20332,166.61128,-12.344789500000001,-9.704933,3.4930334000000003,-6.7462993,-1.9599185000000001,-3.1663822999999995,-3.2054756,-1.9769636000000002,0.5422816,-8.202414,-56.89631,26.152227,1.4623435,-1.0309997,-3.6761692000000004,-13.28488,-24.108612,-4.7452383000000005,2.1310147999999995,-0.00025840231480755743,4.407528061571246,25.02967127716752,2240.131536475768,2356.4499968086225,12.892215750472538,11.938031646228831,15.351204857685785,15.403117009580706,18.22338038124495,21.075788234470405,44.39372035881283,3.7513368e-05,4238.203125,0.0638623046875,0.0,0.0,1.0,0.017680212040431798,0.01452503919135779,0.00498233514954336,0.009991655847989023,0.6169803380966187,0.05976235512644053,0.2712961390614509,0.004781897290376947,0.0,True
00:13:52,59278c090220760001fda664,,0.7814113708715336,,-62.238158931339036,-487.70764,25.169395,4.9565269999999995,3.8563796999999997,1.1013191999999998,-1.8248061999999998,-3.7563186,-4.2837133000000005,-3.7321537000000005,-2.7947052,-2.0818756,-1.8350349999999997,16.410048,5.3683190000000005,-4.219792,-9.548449,-9.756592999999999,-6.027481,-0.81536806,3.3595839,0.37290618,-8.313107291768731e-07,0.013792764157169384,,3452.5421331908287,1637.2778618936768,16.054375112810053,8.927759299195753,10.965708946235836,22.79266819866603,15.319824048874562,14.84425883614526,16.672892901917074,0.00066623866,1589.296875,0.028447265625,1.0,0.0,1.0,0.033328592125326385,0.0218727144645527,0.0020401643618242816,0.01604297902667895,0.7144477367401123,0.14970420794561504,0.01956685343757272,0.042996746744029216,1.0,False
00:13:52,5c41c28e896e090001c03bb0,189.2815561771688,0.9244353513047192,1.223571896297298,-24.053043071710853,-248.282,126.30994399999999,-13.127770000000002,-13.041989,-5.360995,-1.3231428,3.9257492999999997,-8.061803,-4.5874276,9.499668,8.229051,-9.281789999999999,-27.967416999999998,39.63238,4.3255324,-1.9435868000000003,-5.368137,-20.43955,-15.586963,-3.4869963999999998,1.7568703999999997,-0.00017742699223884247,3.0163740322776715,18.83115703323336,2503.7118704078302,2439.3138728898325,13.751204878669094,13.481658037414752,17.67526691334365,18.111215496086327,21.743924515161815,22.371031569890093,40.393258556323644,0.0006641149499999999,4508.203125,0.0573876953125,0.0,1.0,1.0,0.020603367616422476,0.0023531917828222503,0.009762991114985195,0.2453898737207055,0.17616193601861596,0.022674859338439997,0.5092590376734734,0.013794752344256266,0.0,True
00:13:53,59278c090220760001fda664,,0.8362249802505455,,-57.355838107497284,-474.57324000000006,41.169990000000006,2.3828626,-0.52847826,-2.7059667000000003,-3.1176779999999997,-3.126513,-3.5365309999999996,-3.3378099999999997,-1.8269941000000003,-0.26052967,-0.18864319,26.9633,11.5904,0.028841136,-6.5165396,-8.230502,-5.5373077,-0.5561891999999999,2.8684533,0.5033197,-1.6526641364465954e-06,0.02716128664868616,,2805.785481945301,1344.971527410058,14.661314826288487,8.729854912420429,11.39341430329922,18.816357238166887,19.442559802134536,16.241904724652073,17.179705063421302,0.0004572708,1586.015625,0.025556640625,0.0,0.0,0.0,0.03232385078445077,0.041517546586692336,0.005482631153427064,0.005331608804408461,0.42765512466430666,0.41504058837890623,0.01925182146951556,0.05339683135971427,0.0,False
00:13:53,5c41c28e896e090001c03bb0,308.9715202272352,0.946178368996144,1.3810300609629589,-50.660623936273744,-376.0592,93.4266,3.5889165000000003,11.482694,7.1050770000000005,-4.9123554,-4.0946946,-2.0816956,2.5544919999999998,3.5115726,3.7077196000000003,-4.063035,-23.138128,-0.9931882,-12.511428,-17.594732,-9.952233,5.395066,-2.4748304,-2.4323554,1.8732900000000001,-6.862494614683135e-05,1.1825659512218871,30.11575832244221,3476.596696834525,3172.2145135614464,9.653323148221304,9.832481478675142,13.03005786094747,16.02166335295141,19.535855454931408,21.44695100564324,28.249525873204338,0.023458468,6245.859375,0.0709375,0.0,1.0,1.0,0.008899866189393733,0.0009587436733353466,0.00169318472681981,0.11459018854010435,0.3157855673796601,0.008035930106416345,0.5427900834216012,0.007246407007591592,0.0,True
00:13:54,59278c090220760001fda664,365.1006203409529,0.6438787532284914,6.488644589332751,-44.188795710100784,-406.84497000000005,92.71281,4.792693,3.9448032,-2.7978792,-8.224609,-8.864644,-5.4438515,-1.7055243000000002,-0.94483775,-2.0933363000000003,-1.6774228,9.399503,-20.09897,-8.297115,-0.17735817,-2.0292828000000003,-6.230407,-7.8715660000000005,-2.243163,1.032265,-3.966137817225044e-05,0.6583400246124549,39.87772291307018,2044.977463205896,1419.9405828438935,13.785297835826752,9.068393948355338,11.214348610991003,19.106832598748888,23.87547171536713,21.367012138771752,20.599982461226386,0.0002505057,1866.09375,0.0397900390625,1.0,0.0,0.0,0.025466702319681643,0.07260060347616673,0.011155082285404206,0.0068262974848039455,0.5246293544769287,0.25221977531909945,0.010493937553837896,0.096608208399266,1.0,True
00:13:54,5c41c28e896e090001c03bb0,277.74760372771635,0.9813893507927052,8.395949755377256,-40.908818407206596,-375.14166,46.6481,-12.573555,-4.410539,12.291406,3.6915864999999997,-0.7503454,3.6670227,12.100682,16.631365,1.0225971999999999,-10.220299,-57.532869999999996,9.365725999999999,19.127768,-5.396016,-12.246061,-23.037516,-22.780922,-7.349295599999999,1.0679288,-6.527894242875627e-05,1.173812804119266,3.992254178851415,2211.85847497346,3140.859561011854,9.061025472567287,9.691403238615935,20.551561344370626,22.76941239585269,21.32519657669954,21.769061306624952,34.940909259516104,0.00038829239999999996,4575.234375,0.114267578125,0.0,1.0,1.0,0.006974399633084734,0.00225749624789589,0.000693071782330258,0.011950653518498356,0.9129562179247538,0.004004455236200657,0.059156656730920076,0.002007057507095548,1.0,True
00:13:55,59278c090220760001fda664,158.12762707118495,0.8270121295884875,0.5883640611548531,-16.608494608282328,-234.09001,194.92885,11.292769999999999,11.8944645,-4.68504,-1.3282146000000001,-5.194977,-9.022699000000001,-0.4064147,0.33715835,-4.944257,0.23978205,-39.1243,-30.13537,5.6677029999999995,-20.72713,-14.5904255,-1.3301929,-22.524126000000003,-22.273382,1.503528,-0.00020079734499476744,3.3345183372654814,22.343819957912405,1309.601543927329,1490.8525585016964,14.695083804567135,13.85817947286397,16.72986159105746,17.03224253395491,23.79134817487363,31.156233840032385,33.86511105279769,8.698104e-06,2517.1875,0.0416943359375,0.0,0.0,0.0,0.026162861660122872,0.018209787923842667,0.002360261516878381,0.028131251409649848,0.7207426637411117,0.09408031776547432,0.007213242212310433,0.10309960879385473,0.0,True
00:13:55,5c41c28e896e090001c03bb0,,0.2657604260006605,,-58.829229686192406,-481.1375,24.166023000000003,6.026221,9.223647999999999,6.4678903,-0.5516214,2.0817740000000002,7.0032744000000005,1.4898209999999998,-3.5141432,0.46771485,3.1768336,7.633437599999999,22.045560000000002,23.573544000000002,9.652547,9.768366,15.297932000000001,12.538573,7.021535000000001,0.61773944,-3.9827264960036435e-06,0.06696226307939578,,3750.489801020035,3066.2860630883024,11.542578067634215,11.081297212882076,14.773469449179153,17.715751506326473,25.630475797238027,23.053201016160887,21.2803815389611,0.006488504,6178.828125,0.059013671875,1.0,0.0,0.0,0.0010530750558245927,0.00209502661600709,0.00030660198899568064,0.0022189698254805987,0.9562889158725738,0.0021749368170276284,0.03505617913324386,0.0008062993263592942,1.0,True
00:13:56,59278c090220760001fda664,132.39389965525388,0.6015743268137134,1.6961573363343492,-17.288252404434203,-247.13612,202.3636,4.5315127,5.242774,1.6825898999999997,3.310222,-7.880044,-9.332310000000001,3.0970066000000003,-3.705199,-13.379319,-0.31507933,-12.351935000000001,-10.901689,24.589575,-10.884161,-14.700277,-4.1042523,-23.653624,-19.917460000000002,1.3611583,-0.00016408755537975202,2.713899350037216,17.861848508995028,1273.6569370142795,1298.5763763553493,16.040944619595123,11.395782897848244,16.354496929928786,18.111533476094557,23.179928060308622,30.830102322549127,30.03742155275932,4.325766e-06,2273.90625,0.0385009765625,0.0,0.0,0.0,0.01992538832128048,0.050210924819111824,0.002423525578342378,0.004366427613422275,0.7468790054321289,0.1526470363140106,0.006081324513070285,0.01746636712923646,0.0,True
00:13:56,5c41c28e896e090001c03bb0,,0.5039731977139577,,-68.20829734037775,-478.49295,26.329325,-2.2303405,-1.7070236,1.344603,1.3174089,2.31897,0.9540364,-1.6907332,-1.2714796999999998,-1.4186066000000002,-3.1889775,-5.441477,4.1918406,4.3587008,-1.2917024,-1.9212884,-6.959280499999999,-2.6160189999999997,2.3692452999999998,1.0208994,-5.015815833805314e-06,0.08803177555804481,,4507.653080178852,4274.891483480027,11.684355485379108,10.950151147449834,13.954141033642658,16.769404369767845,20.011838561042254,19.25900216278323,22.74333443050749,0.01926179,8960.625,0.0804443359375,0.0,0.0,0.0,0.013175288052298128,0.017451122507918627,0.012717551371315495,0.005406671843957156,0.5956078201532364,0.02714437854010612,0.3274718441069126,0.0010253130632918328,0.0,False
00:13:57,59278c090220760001fda664,113.6132974948444,0.8532324396401813,2.1007368976469807,-24.346807277120714,-292.16525,168.38556,30.584589,4.82607,-13.363973999999999,3.4930997,3.9320288,-3.7580647000000003,0.5276192,-0.7706503,-7.776709599999999,-6.4335737,-4.302829,-8.350114,16.423204000000002,5.7056985000000005,6.3031273,-18.657242,-51.916676,-13.12563,1.3465873,-0.00011727608265275627,1.942471303167252,23.12225639535129,1593.9581546919019,1558.8777288485035,14.481377704520845,9.416592714399343,15.136310638761715,17.607177938044266,30.566097749726246,29.17547994924118,28.71646587949481,9.061916999999999e-05,2440.78125,0.0478369140625,1.0,0.0,0.0,0.0445409594103694,0.06533016869798303,0.005036655091680586,0.015239661210216582,0.6417896494269371,0.17491816580295566,0.018353507411666213,0.034791248850524426,1.0,True
00:13:57,5c41c28e896e090001c03bb0,,0.6255106520285619,,-77.5856173575235,-492.57428,29.966656,-3.7336786,-3.9315681000000002,-3.05577,-3.2397091000000002,-2.2577384,-3.4082012,-3.4007056,-1.0589077,-0.8929658000000001,0.07701216,13.509657,18.548313,15.248667999999999,10.944128,11.13773,5.462603,2.7738357000000002,1.111032,1.0264264,-2.4343677452253228e-06,0.04185826482579743,,5113.6984503044505,4722.317164579576,11.554622509532864,10.895722534677029,14.555551076705546,12.863310262853249,14.727165089516564,13.950227913827062,18.761483294368727,0.09126497,9863.399621212122,0.052837949810606064,0.0,0.0,0.0,0.043679666519165036,0.023765165545046332,0.07865464221686125,0.014320320123806596,0.2961796134710312,0.15331317633390426,0.3834230273962021,0.006664385145995766,0.0,False
00:13:58,59278c090220760001fda664,168.60392324640512,0.9250309203284895,1.82014744252722,-31.52543315524385,-334.94296,116.18303999999999,-5.0519685999999995,-1.1031044,-0.56474036,-3.1011415,-8.102666000000001,-1.844396,4.392812,-6.003492400000001,-8.407657,-0.5818936,0.27185790000000004,21.594097,27.73402,10.0384245,-14.209709,-14.76965,-12.017659,-12.737368,1.4853113000000002,-6.02102205474859e-05,1.0101181756574766,22.597413154431948,2448.213911967693,2491.473110591296,12.4580045252221,11.395577900025932,15.806637902503441,15.139982078235793,20.65007238612158,24.10592101487839,33.446248877594705,0.0004503418,4482.1875,0.0649658203125,1.0,0.0,0.0,0.09444648651406168,0.05217957915738225,0.006575493246782571,0.02356846755719744,0.6155132651329039,0.14651289209723473,0.032231196737848224,0.028972627798793837,1.0,True
00:13:58,5c41c28e896e090001c03bb0,,0.9635234453025876,,-94.3925005657765,-504.46075,22.119785,-3.34429,-4.7769628,-5.4995275,-5.563396,-5.0699654,-4.156031,-2.9769347,-1.6894634999999998,-0.43635935,0.66598886,20.657532,18.348564,15.371948999999999,11.953612,8.344915,4.799363,1.549943,-1.2105508999999999,0.20972499,-3.2105839154743573e-07,0.005283204110678631,,5870.37685828289,5625.30400989894,9.180838089518241,8.849633012862018,12.308277324009627,10.10236885989056,12.357796760973391,11.449731746723751,13.304422651622856,0.43712340000000005,12173.772321428569,0.01335850046641791,0.0,0.0,0.0,0.03465471118688583,0.0445319440215826,0.11853079684078692,0.017380110220983624,0.2676230162382126,0.23334905803203584,0.2695449933409691,0.014385373331606388,0.0,False
00:13:59,59278c090220760001fda664,137.64199222972374,0.4923869973156424,0.4822723787489892,-30.72025472685596,-363.38293,128.37361,-12.767265,-1.6650633999999997,-0.8441463,-11.124086,-11.9423065,-1.3398117,3.1813029999999998,-4.700848000000001,-11.446394999999999,-5.6260129999999995,23.930542000000003,14.231551000000001,30.763626000000002,11.695192,-9.537822,-9.688446,-7.001572,-13.2787,1.2283981000000002,-6.865548975454989e-05,1.1263607002652771,18.460598333478206,1784.1882686579725,1251.0314370366575,15.941964589478689,12.724144866946306,15.876081360588806,16.121353996443407,20.315577639089533,23.015783610260915,28.170437172485066,0.00018287987000000002,2219.765625,0.02927734375,1.0,0.0,0.0,0.11208968586288393,0.03317767329281196,0.013267651933711022,0.0937397644855082,0.5665593288838864,0.10533818285912276,0.055117490841075784,0.020710247568786144,1.0,True
00:13:59,5c41c28e896e090001c03bb0,,0.9887672064949814,,-90.38827623933201,-506.34198,6.1267543,1.9685764,1.7962377,1.5201594999999999,0.9038735999999999,0.55891496,0.6860642,0.6606747,0.31474528,0.26164892,0.60031825,5.737924,5.6964207,5.513097,4.8011684,4.1114783,3.8339849000000004,3.4377165,2.6172487999999996,0.123512425,-7.493152510645269e-08,0.0013714212633384158,,6398.477668059101,6517.962710061168,10.983366072719667,9.214064470514188,11.355585828839462,11.530451723949827,16.930880984880414,16.873921558164827,15.452500882187836,0.16642392,14101.318359375,0.033447265625,1.0,0.0,0.0,0.028058499470353125,0.04433633144944906,0.0666727613657713,0.010142857255414127,0.2033644240349531,0.2551278486847878,0.3833124876022339,0.008984737889841199,0.0,False
00:14:00,59278c090220760001fda664,124.4482913388968,0.8799906586041516,0.468880443158046,-22.7984695496001,-268.36832000000004,166.3282,8.014391999999999,6.868503,2.8335013,5.403581,-4.428094000000001,-8.816631,2.630748,-0.32229602,-14.503324,-8.236155,-17.975798,-5.5745807,21.365986,11.553623,-5.2793655,-7.844245,-15.913362,-11.365428,1.5894053999999997,-0.00012757313811455448,2.127695560176297,22.765068330377588,1912.346544440876,2138.527536917214,17.364271814828673,11.947032199990995,13.546799390266663,15.981118151991739,19.30483546029905,27.425545166003275,33.739642742082964,0.00016971739,3699.140625,0.0697509765625,0.0,0.0,0.0,0.04729550555348396,0.034455605410039426,0.003241888523916714,0.0063637697545345885,0.8065889775753021,0.08303536772727968,0.010578000568784772,0.008440889080520719,0.0,True
00:14:00,5c41c28e896e090001c03bb0,,0.7071674428008946,,-103.11619720077483,-507.33987,,,,,,,,,,,,,,,,,,,,,-9.724263215671717e-09,0.0002518152992719645,,6766.923596474742,8795.382046687271,8.597067723494296,7.336634931704505,8.215871005915506,10.33084730582958,12.883217191090548,14.210144903384395,13.595641916454134,0.48217797,17546.669407894737,0.027792440878378382,0.0,0.0,0.0,0.0679501224309206,0.022377583384513854,0.156062813103199,0.010490354290232064,0.040307917259633536,0.23737002462148665,0.4597997188568115,0.005641473829746247,0.0,False
00:14:01,59278c090220760001fda664,130.62305506772094,0.8673411546275851,2.5321844616205738,-23.45556183596053,-297.32678,154.97153,-3.9528074,-11.037491000000001,-2.7336183,5.6833515,-8.327291,-9.528084,4.1855264,3.6024559000000003,-11.685222,-7.2484856,1.5383372,12.325811999999999,26.994453000000004,12.19238,-8.472886,-18.840836,-18.326094,-11.190719,1.5665541,-9.769827568955116e-05,1.6249967764808126,20.63950837081248,1893.5773803975546,2007.0813854657085,15.586170580804145,12.764101564036169,17.038616005220028,15.87331813890236,20.657022860064718,27.300897784541693,33.428388397257635,0.00029105849999999997,3667.265625,0.0615576171875,0.0,0.0,0.0,0.06126782409846782,0.03943620678037405,0.005620505404658615,0.005006085312925279,0.7487206637859345,0.1263907477259636,0.006397289060987532,0.007160687306895851,0.0,True
00:14:01,5c41c28e896e090001c03bb0,,0.7436451351146964,,-107.07602054373496,-507.33987,,,,,,,,,,,,,,,,,,,,,-7.930115315303138e-09,0.00020964563628237293,,6703.688669532038,8273.450040811462,9.15658064501085,9.156541146546806,9.893217991885118,10.770377439421956,11.057491963452296,11.375437084746945,11.362895416246026,0.8187937,16929.6875,0.03297776442307692,0.0,0.0,0.0,0.08007854484021662,0.01807891484349966,0.09900479912757873,0.01375027438625693,0.025715790037065745,0.3546414703130722,0.3977078855037689,0.011022363463416696,0.0,False
00:14:02,59278c090220760001fda664,152.4608657206416,0.8069001701756681,4.827790747769948,-25.828506328614225,-312.5822,160.05386000000001,10.507895,4.8201747,0.6713102,4.12213,-7.5814767000000005,-13.404152999999999,0.32336965,2.013603,-12.049268,-4.779518599999999,9.656286,-11.619266,-4.571162,-4.760442299999999,1.6817223999999997,-15.464767000000002,-35.1824,-15.089720000000002,1.538094,-8.828422604617823e-05,1.4642483588177737,19.317112828909877,1625.9881427828861,1700.1420080740695,12.518236680870086,9.392892590755102,14.700023619810224,18.527324289419035,24.95653102168575,25.987985516141052,31.280340144136353,0.00026296385,3100.78125,0.0527294921875,0.0,0.0,0.0,0.046296163834631435,0.03361814096570015,0.004371469176840037,0.003969225927721709,0.8188124418258667,0.07825057320296765,0.010506481910124422,0.004175510868662968,1.0,True
00:14:02,5c41c28e896e090001c03bb0,118.63094270953913,0.5706328416739646,1.6587318906506812,-38.48929178763493,-326.33295,125.14701000000001,-4.5859137,-4.419557,3.274069,-1.9455947,-2.2574255,-0.865769,-0.4115049,6.4563804000000005,-2.1528027,-10.571786,-38.679854999999996,20.225145,35.149796,-14.766342999999999,-8.893284,-11.306869,-18.504063000000002,-3.0726687999999998,1.5789825000000002,-6.839217778142977e-05,1.1531278975588182,16.627133512638906,2540.585408043112,2962.8929702037044,13.363058069249105,9.767839649072084,13.822607008314323,15.36611793287309,18.261104249391092,20.983272882244933,32.92242290650499,0.01890198,5577.890625,0.0716455078125,0.0,0.0,0.0,0.10696369893848896,0.011786446388578042,0.06184229329228401,0.046783180371858184,0.020134052727371454,0.34706943184137345,0.3957356661558151,0.00968525460921228,0.0,True
00:14:03,59278c090220760001fda664,340.0951187137118,0.6418933696588948,7.562379552766888,-61.613791255494185,-481.24352999999996,31.940165000000004,2.0933712,2.2335656000000004,-0.13899529,-3.0048926,-4.0812870000000006,-3.3881187000000006,-1.8725578,-0.63624644,-0.56165993,-0.67794144,19.137787,6.7555156,-1.1575912,-4.764498000000001,-6.3510776,-6.5454836,-4.2501940000000005,-0.53256285,0.40882668,-1.3434151857650544e-06,0.022423361366677653,8.39344481945951,3336.294064325385,1812.0674031736191,12.927441881923409,8.22538477942199,10.212480785034368,18.88102456258532,17.769550071404744,15.245255088206427,21.42034632063543,0.0008573887,2695.3125,0.0338427734375,1.0,0.0,0.0,0.016418352129403502,0.03256845772266388,0.0017139464674983177,0.0010154511997825463,0.8956112563610077,0.0445514403283596,0.005599813524167985,0.002521264637471177,1.0,True
00:14:03,5c41c28e896e090001c03bb0,135.26837425842206,0.6778065296213057,0.8420513042796356,-17.034445108062165,-212.97453,191.5293,2.979114,-3.0136664,-0.16965118,0.49005565,-0.6893309,-5.484611,-3.8470353999999998,5.8924932,-0.6303115,-13.484470000000002,-31.233482000000002,0.3120852,19.954824,-1.9210405,-13.205575,-15.354328,-19.053503,-3.8620691,1.5837799,-0.00019408700364556298,3.2305436574654163,13.074017153154884,1521.8567677556161,1461.019735427378,16.23745322912134,13.740639523438995,16.63110816928556,18.392424684558293,21.17720064889805,26.65962063309641,37.67727913058946,8.245355e-06,2688.75,0.0339794921875,0.0,1.0,0.0,0.052994513697922234,0.0008964933367678897,0.057333782571367925,0.2291422970592976,0.01851490368135273,0.039791237423196436,0.5853601336479187,0.015966607828158886,0.0,True
00:14:04,59278c090220760001fda664,,0.7515883684316119,,-59.84062831390085,-478.75287000000003,36.837112,2.2398933999999997,1.0585746999999999,-1.3533565,-3.566378,-4.5777735999999996,-4.135991000000001,-2.6620116,-0.9201571,0.35807806,0.745266,25.464523,11.113633,-1.4955691,-8.966542,-10.406676,-7.351020299999999,-2.643305,1.0339931999999998,0.46862248,-1.1945481751797013e-06,0.019719841495331063,,3024.950813316503,1424.4286001879434,14.479684088527057,8.050082137513792,10.728947707428553,20.655249529311668,15.17076968962776,15.219224525132619,18.40862552526481,0.00046057792,1373.90625,0.025703125,0.0,0.0,0.0,0.019766001682728532,0.030035813804715875,0.0017781729227863254,0.0020560161909088494,0.8972711384296417,0.03968781121075153,0.005388029967434704,0.004017025092616677,0.0,True
00:14:04,5c41c28e896e090001c03bb0,159.42656906919473,0.9178427230361434,1.374802275588128,-20.938092006997877,-217.5192,161.94888,-7.515467,-0.9694860000000001,0.07757126,-4.4775515,3.3097019999999997,-1.3644315,-7.8266729999999995,1.5609454,2.6509862,-10.109145,-44.191113,7.731984,5.468458,-6.292413,-5.8272343,-11.409310000000001,-17.735138,-9.616844,1.7699709,-0.00019138056845379069,3.2256701429831427,15.75880573636142,1866.1826651116676,1977.246158600262,15.171450684502215,12.465472525067947,15.687276620141413,17.46934104684751,21.27320095399809,24.44320106110907,40.88963721522279,2.8259756000000003e-05,3503.671875,0.0555908203125,0.0,0.0,0.0,0.04710176959633827,0.0036977837997255853,0.03928704913705587,0.19511205572634932,0.09301576176658273,0.06459421403706074,0.5450810939073563,0.012110269907861949,0.0,True
00:14:05,59278c090220760001fda664,,0.7217293826900812,,-60.263641083725574,-481.73224000000005,33.43922,-0.27071124,0.13907208,-1.1950318000000002,-3.249032,-4.885469400000001,-5.3279624000000005,-4.4015629999999994,-2.5030023999999997,-0.36710042,1.2503492,24.040937,11.688789,-0.022111135,-8.165731,-11.430928,-10.335037,-6.71115,-2.783744,0.42812288,-1.0629449566230027e-06,0.01759883062034397,,3150.5557968069484,1494.133526591057,14.06248394127347,8.524871428114066,10.695637287958682,20.503141756263627,15.00335008804986,15.281194981074846,18.464970129088726,0.00050761783,1519.6875,0.0247607421875,0.0,0.0,0.0,0.04528943602927029,0.05030881725251675,0.00622397279366851,0.006645042606396601,0.8175410151481628,0.05729952938854695,0.00690946509130299,0.009782711695879695,0.0,False
00:14:05,5c41c28e896e090001c03bb0,224.84056785421157,0.9027187394542208,2.919438996702896,-42.88417212915744,-342.03162000000003,108.63229,-22.472123999999997,-6.7888875,2.864084,-14.191957,-2.7242917999999996,3.1058571,-3.6125937000000006,2.8266444,-2.3212547000000003,-9.7921095,-40.357857,47.014520000000005,11.589167,-6.806537,9.731409,-29.988221999999997,-17.543776,-0.03190924,1.6476568999999999,-8.561895895534721e-05,1.4623285950428042,24.994943827287408,3255.020607166891,3954.080969430994,10.307762935514988,11.805114479160974,16.100463229597054,18.087266252445048,19.808113159126986,19.726892415442933,38.28033103676027,0.032273572,7334.53125,0.1105224609375,0.0,0.0,1.0,0.08954996671527624,0.0040784291515592475,0.033895582187687984,0.3054929609410465,0.03936419729143381,0.125880080787465,0.3458361312747001,0.05590266068466008,0.0,True
00:14:06,59278c090220760001fda664,,0.8564834595931368,,-53.743279833981006,-459.33777000000003,60.01724,2.914756,0.61617005,-2.4259477,-4.790879,-5.572825,-4.75207,-3.0245976000000003,-1.2170729999999998,0.15380153,0.84493506,38.436756,13.789667000000001,-4.4207797,-11.970454,-10.570347,-4.9976435,0.3350607,3.0946404999999997,0.59761703,-2.3125497974068198e-06,0.03793022678950817,,2245.82886141933,1090.922996695207,13.20475209049313,8.475909690324862,11.119587457608251,18.118712673679052,20.922403171698946,16.65513242099286,18.674536447185194,0.00014587008999999998,1230.9375,0.0249755859375,0.0,0.0,0.0,0.023642101697623732,0.08113385550677776,0.005976564809679986,0.001252032452612184,0.6862632155418396,0.17831956893205642,0.021336397621780637,0.0020762734638992697,0.0,False
00:14:06,5c41c28e896e090001c03bb0,181.30107128550233,0.8472539727135783,3.6416720984477062,-72.1725100854978,-414.66702000000004,106.71168999999999,3.3424945,-1.0867124,0.5651673,-4.4086065,-3.8949196,5.332017400000001,-3.0279236000000003,-7.892667299999999,-0.14981402,-11.028310000000001,-44.193090000000005,4.6314983,0.067117795,-1.2629507,-11.193062,-20.55845,-22.574272,-4.220087,2.1695735000000003,-7.801998259419245e-05,1.3186285297191536,20.032605701864714,4784.790176996263,4720.742996133286,10.452699926680758,9.388080832632124,12.296972640323375,11.841073685876529,14.817070157123073,14.657847053425034,22.404913625430822,0.253786,10013.392857142857,0.02948869977678572,1.0,0.0,0.0,0.009900448564440013,0.010078482597600668,0.013456212659366428,0.1985578775405884,0.09935073964297772,0.026583376806229356,0.022657860605977475,0.6194150269031524,0.0,True
00:14:07,59278c090220760001fda664,,0.7240560888463117,,-60.25329926522964,-478.40762,36.94647,2.0241811000000003,0.82103485,-1.4603121000000001,-3.5238940000000003,-4.418993,-3.9439971,-2.6057813,-1.2170355,-0.4216996,-0.42454776,24.842748999999998,10.210173,-1.8399595000000002,-8.296005000000001,-9.024474,-5.997180999999999,-1.8770346999999998,1.1586303,0.45522556,-1.2240034920776706e-06,0.0202191851075098,,3025.803036084999,1458.4056398197504,15.027222761881587,8.620877230741687,10.207051972068404,18.974449142484158,16.36824186953665,15.24654267863164,18.55207185870268,0.0005081326,1515.234375,0.0263330078125,0.0,0.0,0.0,0.13138469364494085,0.048504557460546494,0.028542604576796294,0.09518086790340022,0.3900800883769989,0.1937416136264801,0.07566662598401308,0.03689894667477347,1.0,False
00:14:07,5c41c28e896e090001c03bb0,176.445916126565,0.941572871187736,1.2885699260714072,-15.387637252695761,-193.60916,172.7511,-10.484923,-13.491689000000001,-6.721667,-8.656881,2.2062779999999997,0.32246572,-5.59371,3.4342315,1.0539787,-13.77541,-38.690144000000004,25.6094,11.907561999999999,-7.762805,-11.679356,-16.742203,-21.247807,-8.0942,1.7135122999999999,-0.00020754711613775226,3.4833032561890502,14.012126559336762,1927.3380922578726,1754.0354655549247,15.552485154280069,14.21116750725602,17.750659647577113,15.377185944908176,19.758598170892228,24.156390405153452,41.15251375647953,1.1814987e-05,3240.703125,0.037978515625,1.0,0.0,0.0,0.010491398861631751,0.007301804679445922,0.015553121105767788,0.3347364068031311,0.12101631443947555,0.04474047534167767,0.06214004829525947,0.4040204301476479,0.0,True
00:14:08,59278c090220760001fda664,,0.7541327436443703,,-60.689788975083005,-481.2321,33.790546,1.2340044,0.08766899,-1.9290706000000002,-3.5798056000000003,-4.097548000000001,-3.4221470000000003,-2.0528708,-0.6936403,0.0952496,0.09770308400000001,23.620846,10.769629,-0.56199133,-7.3563529999999995,-8.833214,-6.374438,-2.507103,0.42698526,0.46127903,-1.067596472891254e-06,0.017668066017824318,,3115.3663520625482,1483.6930132425425,12.953476377775614,8.410568531152034,10.687066210533462,19.6402064722,15.864009674279306,14.788369328994444,18.687481475391568,0.00054008194,1504.6875,0.025576171875,1.0,0.0,0.0,0.13604387864470482,0.003957941324915737,0.003914294682908803,0.2738498844206333,0.4444570027291775,0.031661986187100415,0.037832432659342885,0.06828256417065859,1.0,False
00:14:08,5c41c28e896e090001c03bb0,144.7008692005108,0.8714707658588006,0.5510029649460406,-18.758987385379804,-259.64786000000004,140.40296999999998,-21.590532,-4.6268306,6.9192919999999996,-8.959108,-2.8698742000000004,4.0221796,-3.4927075,-0.124398164,-1.5866357,-8.356103,-21.653954000000002,44.17413,2.686915,-8.614774,27.979975,-12.307789,-16.436962,-4.369902,1.9885362000000002,-0.00014358079986819284,2.464330682398342,13.321135718582585,1810.3166060472515,2501.1131233995275,14.81738467235291,14.148650309827433,17.41246835697664,16.598128055560643,25.383733554066673,24.057676784465194,44.88612373392033,1.0713406e-05,4054.453125,0.0853662109375,1.0,1.0,0.0,0.05428178212605417,0.006083758180466248,0.1168079695198685,0.3988572061061859,0.07005763924098574,0.10180772398598492,0.05126547906547785,0.2008384708315134,0.0,True
00:14:09,59278c090220760001fda664,,0.7673442363093049,,-57.31462213673041,-473.02487,44.02492,-1.347324,-2.099637,-3.0548022,-3.6167714999999996,-3.5914307,-3.0160704,-2.0193833999999997,-0.8236693000000002,0.22151192,0.7203571999999999,30.457346,13.846282999999998,-0.10235385,-7.908043400000001,-9.418792,-7.0163727,-3.7508888,-1.6929808999999998,0.5025055,-1.523115023341908e-06,0.02503736471872564,,2702.9293434386473,1242.754135009925,13.269484945667402,8.725450375834889,11.847805584706926,19.204217185102145,17.491134369101385,15.874114947483092,18.02857284357624,0.00030484298,1275.9375,0.0238134765625,1.0,0.0,0.0,0.0932727549225092,0.006020079666632228,0.0033530209002492484,0.30294182514771817,0.4276408027391881,0.029990221373736862,0.11750099752098322,0.019280287483707068,1.0,True
00:14:09,5c41c28e896e090001c03bb0,127.87304850790258,0.22051397657321645,0.7829144203470277,-46.759476041475885,-382.4731,118.20114,-3.3595962999999998,-10.5452385,-4.624388,4.734447,-0.34746942,-5.7307057,-2.6021468999999997,5.210582700000001,1.1177304,-11.237011,-4.543663,10.122174000000001,22.626606,-0.48722719999999997,-6.723142,-6.661314,-13.603914999999999,-8.799787,1.2618831,-6.971757092360136e-05,1.1542880013169892,15.058870719779772,3004.7519425332903,2881.6003259392664,12.428500862055914,11.094670491782153,14.1665610812801,14.420377082256696,22.914416870451202,23.608111306427727,25.587379406578716,0.026908841,5668.828125,0.0512890625,1.0,1.0,0.0,0.09247979018837213,0.004512704275839496,0.1098419152200222,0.23268987350165846,0.040829265333013606,0.13683586628176272,0.3337398958392441,0.04907070633053081,0.0,True
00:14:10,59278c090220760001fda664,171.33343023995542,0.527731777648096,4.05730170583604,-35.02949610969358,-355.79376,116.37552,9.580795,10.748279,-0.41088754,-2.8899074000000002,-4.3873014,-4.125703,4.781596700000001,0.2225549,-11.893661999999999,-2.0390017,-12.794041,-18.782028,1.4019928999999998,-10.708049,-15.266380999999999,-15.990964000000002,-20.885735,-10.128744000000001,1.2462381,-9.561254206049681e-05,1.5900903537826108,39.93201856581747,2102.177087518187,1611.8736416856193,14.015942304525586,9.936089700489557,15.287706354767776,19.06659387796662,21.959454074155754,25.029578505408463,26.561541000227052,0.000571852,2473.59375,0.0410791015625,1.0,0.0,0.0,0.03785606259480119,0.05910507545340806,0.003539890699903481,0.013422532111871988,0.8087613463401795,0.034720211476087566,0.0360907775349915,0.006504114449489862,1.0,True
00:14:10,5c41c28e896e090001c03bb0,150.31723459655583,0.9211064605543756,0.833392705764781,-30.326876602421457,-331.1124,94.21255,-8.797997,-11.016321000000001,-1.0609188,-3.7790934999999997,-4.318296,3.2320583,-5.6628456,-2.3944544999999997,4.152832,-13.498891,-27.375629999999997,32.949073999999996,11.36381,-11.070160000000001,8.645635,-12.737372,-15.529467000000002,-0.783369,1.2090355,-7.91831427124691e-05,1.3556058334276644,16.862330447838982,1651.5027267094542,3296.8242350755986,16.127370797343584,12.787500684601634,15.718157949415051,16.7308855409325,20.37828416516541,28.03142066885671,37.11586079165514,0.0009323000599999999,4410.234375,0.1243017578125,1.0,0.0,0.0,0.26483325809240343,0.002257811781601049,0.11341210603713987,0.08299878258258105,0.002893541554658441,0.09987630881369114,0.4220712870359421,0.011656898481305687,0.0,True
00:14:11,59278c090220760001fda664,108.95501836076616,0.9056467216966776,0.34971388763855865,-19.291693801104213,-253.37122000000002,195.77397,3.6901742999999994,6.5436309999999995,0.62830204,-0.6416305,-9.745451,-9.524061,3.1796074,-0.7723541,-13.829398999999999,-4.5130040000000005,-11.815622,-6.112026,35.731888,6.122251,-8.852547999999999,-4.1911974,-18.843369,-18.48113,1.5495546999999998,-0.00014569599388308458,2.40915094359617,20.114093459288565,1503.0674799438802,1392.0867401778387,15.942456767366021,11.559644341191001,14.552367454232053,16.73637527674794,21.37236549507393,28.97586147078988,31.661601134476005,1.12633925e-05,2546.25,0.0373876953125,1.0,0.0,0.0,0.07382535301148893,0.09104639885481447,0.016714225616306068,0.09440976828918793,0.5367300257086753,0.07775999139994383,0.08811423582956195,0.021399983845185492,1.0,True
00:14:11,5c41c28e896e090001c03bb0,,0.6545206552602403,,-101.48449379870716,-505.1938,71.20877,-6.2064195,1.414907,8.269805999999999,2.8319182,2.3741882000000003,-0.69665694,-4.283157,5.192252,4.0756760000000005,-5.6446309999999995,-22.409584,-13.789398,2.3452291,3.2990272000000003,11.637157,0.43515837,-9.642043,-5.785125700000001,,-7.304021463829263e-07,0.01248248838255497,,6209.0201495835645,8382.524102908188,9.147193275973132,7.6748273470086446,8.98145576990234,10.584541005339053,11.859125797899607,11.123043034882977,13.59802214947206,0.6441489,16360.677083333336,0.08431603773584906,0.0,0.0,0.0,0.1843743547797203,0.0037140799860935656,0.19405242726206776,0.07649431470781565,0.003945845423731953,0.06590036116540432,0.4644402116537094,0.007078402279876174,0.0,True
00:14:12,59278c090220760001fda664,100.74021237795222,0.8321825172199483,3.727502278429799,-56.51375157235977,-453.18967000000004,53.902214,3.3524902,2.493427,-0.12395538,-1.9130075,-4.788666200000001,-4.569439,-1.2242726000000002,-1.5279318000000002,-2.9988928,-0.11836871,17.243567000000002,4.9735822999999995,4.035283,-0.5708634,-2.4578717,-3.0580752,-4.969415000000001,-1.6625271000000001,0.3704111,-1.1840569336722929e-05,0.19506150127244626,5.866861794865643,3232.3814967688377,1761.711084668712,13.536306852741244,8.54566587334816,10.994671750992486,18.236741441696747,16.658956092889287,17.555936693149253,19.833163925342745,0.0010921858,2924.296875,0.0256298828125,0.0,0.0,0.0,0.029807399911805987,0.003669398440979421,0.003306350245838985,0.1160015169531107,0.756324976682663,0.021044381032697856,0.024122583260759712,0.04572338969446719,1.0,True
00:14:12,5c41c28e896e090001c03bb0,156.99943330689638,0.7843128069835522,1.1827131259611952,-14.983065743435045,-178.2934,170.79973,-8.9179,-11.075707000000001,-1.0006958000000001,-2.5805469,-3.1949756000000002,0.48252395,0.23316818,1.9282503,2.1003482000000004,-16.366028,-45.397940000000006,23.243944,10.2489,2.6796496,-10.683216999999999,-17.155798,-21.778236,-10.485584,2.023352,-0.00023165887633609322,3.900866968535409,15.81238876474034,2026.3088271540269,1944.1867366111792,18.16147495748548,14.092916249978126,19.165633883018828,16.52349386819657,19.56427459080689,21.388155524721032,42.156986137841,1.4189612e-05,3498.984375,0.0429443359375,0.0,0.0,0.0,0.09999786586397223,0.020180863897419642,0.04445254284008923,0.04064590463207828,0.36181631384210455,0.06901632673624489,0.3471760418679979,0.016714137590800718,0.0,True
00:14:13,59278c090220760001fda664,252.62736437865829,0.6934991181301758,22.991441922237858,-58.71230700290474,-472.08664000000005,37.367783,4.8005643,2.7435937000000004,-1.6490258999999998,-3.7064562000000008,-4.519389599999999,-4.1997724000000005,-2.5328880000000003,-2.027822,-2.2155786,-0.47886714,13.934869,2.1808422000000003,0.40787670000000004,-2.0554006,-6.583062599999999,-9.52311,-7.3898934999999994,-0.24581434,0.5355363000000001,-2.76937278100591e-06,0.04619123592215029,23.20850467855887,3258.4506631770496,1852.7916524743891,12.473989931973856,8.278866542112766,11.54451321642355,19.312923729460888,17.804428505640946,17.160678518093142,19.429947825494665,0.0009013549400000001,2663.90625,0.034091796875,1.0,0.0,0.0,0.10298831444233657,0.04700892434921115,0.020299188513308763,0.07039289055392146,0.4334484845399856,0.20707800462841988,0.03564266096800565,0.08314155880361795,1.0,True
00:14:13,5c41c28e896e090001c03bb0,143.94356637344288,0.6739182695057668,0.4958899097506752,-20.65699933411848,-281.4295,144.4744,-14.558598499999999,-14.018419,-2.7992747000000002,-1.9780165,0.639612,0.61288553,0.14996822,5.346122,-1.8366941000000003,-13.165275,-4.3280244,39.18573,18.074635,-8.243361,2.5879292,-5.4474807,-4.972736,-1.4972202,1.381278,-0.00014382911469952,2.423046406021861,12.78704493420681,1603.6158468437359,1692.9747003435925,15.974116963309536,14.743993005551484,18.87961015468448,19.49009717729047,21.88230545406186,24.429972723538018,38.14821037180264,5.8003665e-05,2721.796875,0.05025390625,0.0,0.0,0.0,0.0193766973039601,0.010145604819990694,0.10486309567349963,0.01169712888658978,0.7078607350587844,0.03328015876468271,0.10627853441983462,0.0064980708062648785,0.0,True
00:14:14,59278c090220760001fda664,,0.7423077928526071,,-58.02125543588273,-473.29688,43.33794,1.7522366000000003,0.47676328,-2.2832887000000004,-5.0083222,-6.4772906,-6.2108493,-4.550599,-2.3778348,-0.6384068,0.08449362,28.960007,11.290152,-3.6043617999999995,-11.839107,-12.908237,-9.070253,-3.6880598,0.39398059999999996,0.50492364,-1.4924857314000246e-06,0.02458703433015862,,2717.0876712155355,1315.8645057925632,13.736756133910106,8.375031689791562,10.251251184822626,19.05228876780123,16.866589873294267,15.699521242333054,18.881537052199047,0.00032554867000000003,1341.5625,0.02673828125,0.0,0.0,0.0,0.5140872478485108,0.01704502523061819,0.15082081421278418,0.103240550076589,0.06306163873523474,0.04594728439114988,0.08952560219913723,0.016271828161552548,1.0,False
00:14:14,5c41c28e896e090001c03bb0,135.33452442649008,0.8839589545439036,1.090243272169346,-18.38138582770274,-224.08456,165.3351,-11.665875999999999,-9.541599,2.7620366,2.728669,2.6545982000000006,-1.181673,-3.4610654999999997,6.76065,2.6444104,-11.636612,-43.059505,20.091484,15.825285999999998,4.712565000000001,15.712658,-30.459293,-33.880497,-6.317480000000001,2.1164315,-0.00016820471442394056,2.8267818212021427,18.384683685028282,1715.3822386693073,2196.893530082197,15.387412028183752,10.850858637082863,17.093100927563544,16.484906632115475,21.66379974821185,24.451878113876944,42.092728282088,9.615552e-06,3527.109375,0.0725439453125,1.0,0.0,0.0,0.0523519266396761,0.021255772106815132,0.0392499677836895,0.13416971326805652,0.13324277880601584,0.11321422662585975,0.493045213073492,0.013470422942191362,0.0,True
00:14:15,59278c090220760001fda664,281.79133091592337,0.6490249238758374,4.946115083358405,-51.774807015966644,-444.60074000000003,64.2123,3.817186,0.5614465,-2.6055565,-3.231427,-5.2460413,-5.2418437,-2.1574728,-1.7353839,-2.0350935000000003,0.6878161,25.945710000000002,12.360856,3.3924756,-12.080241000000001,-15.734923,-8.972562,-4.1046166,0.7434218,0.78588074,-1.2887963707522458e-05,0.21581987980737974,56.43223023419723,2457.3520507001244,1301.1320196538175,13.623325275577828,8.339960970865352,10.838935483027377,20.018494490849896,18.011401447540752,18.124384923220166,20.094343523003275,0.00026013952000000003,1475.390625,0.0294921875,0.0,0.0,0.0,0.34001986086368563,0.052126093395054335,0.0427252528257668,0.037528308155015115,0.23839525133371356,0.07798711117357016,0.20577413886785506,0.005443952244240791,1.0,True
00:14:15,5c41c28e896e090001c03bb0,163.34186422197766,0.8712023397933468,4.769826579811832,-59.38286635499972,-431.38837,50.894366999999995,-9.434215,-16.48144,1.1251954,2.5842779,-3.9383738,1.1163356000000002,-2.056249,-2.6943189999999997,1.5339314,-3.217303,-33.92237,23.317549,9.552208,-12.092539,14.805466000000001,-1.8138406000000002,-13.716095000000001,1.7017019,1.0640118,-2.503671946215715e-05,0.4436843401794356,40.64869387375581,3510.270438125288,4683.542581576144,11.312413116084025,9.659237734564922,12.462926699659786,14.52010781927432,20.60107959943268,20.53665607033357,30.02850007129377,0.015063871999999999,7612.5,0.158623046875,1.0,0.0,0.0,0.04221299029886723,0.007126144308131187,0.02800000025890768,0.3426171419210732,0.14166509807109834,0.027493446506559847,0.36893744617700575,0.041947725405043455,0.0,True
00:14:16,59278c090220760001fda664,377.3357569528197,0.6704743673716343,26.463395034187798,-47.46046956244543,-420.01266,90.65441,2.7486572,2.3101887999999997,-1.3260610000000002,-4.888866,-7.3931413,-5.230508,-1.827727,-3.3527882000000004,-4.201231,-0.15793836,32.001971999999995,1.6850486,-5.7790813,-8.456725,-5.993966,-3.615397,-4.96282,-2.2885372999999998,0.76052594,-1.0558667503741787e-05,0.17572057452171844,9.550871688867854,1880.176558629287,1283.3463630741824,12.150896385594509,8.633467821925464,10.828851923325232,15.524599627069843,20.75717654535012,18.708303601217178,22.918162340587372,0.00016513966,1953.75,0.035166015625,0.0,0.0,0.0,0.3143063932657242,0.0290077980956994,0.029966692207381133,0.14398551937192675,0.2462261270731688,0.028578598191961645,0.19953935071825984,0.008389538642950356,1.0,True
00:14:16,5c41c28e896e090001c03bb0,219.4351700590821,0.5669911845917408,5.144395771721826,-37.14216070909248,-341.8611,103.50276,-7.607087599999999,-3.020403,6.566299400000001,-5.671412,-7.1068177,-2.2452947999999995,-3.0522419999999997,0.5503489,-4.5169578,-9.073025,-31.276068,2.296989,17.465101,-1.1514367,2.5915244,-12.585301,-11.627108,2.8352976,1.3958937,-6.021382122450342e-05,1.007891867681422,31.58075361528634,1875.685678611261,2379.7719640333903,13.28904456044567,9.962096088543484,12.226018759100125,16.699979125944335,21.44335198078495,19.13816073390969,34.76489791003032,0.00018778771,3992.34375,0.0860791015625,0.0,1.0,0.0,0.01642636354598734,0.008702422311115595,0.0140068145442961,0.017469063608182803,0.4462309984697236,0.048250501664976284,0.447001952264044,0.0019118760052757961,0.0,True
00:14:17,59278c090220760001fda664,117.02081273298772,0.6779131597310755,0.5129508893029096,-42.46860750412547,-397.2547,102.15187,2.0444703,-2.07928,-2.4375265,-3.945539,-7.6469545,-3.6225502,0.317918,-3.9449966,-4.738216,0.82008165,24.381586,5.4753637,2.3626802000000002,-9.435097,-9.038689999999999,-6.410591,-7.0867834,-0.8074100000000001,1.0282799999999999,-1.9988441455150368e-05,0.3341391218232705,24.244066602081126,1848.0063962259912,1338.697275010976,13.060392290676816,7.921134858330539,10.99794979388271,16.469766798708804,20.333593097162016,20.103688733169086,23.45247753973853,0.00011194768,1977.421875,0.0388037109375,0.0,0.0,0.0,0.17574160769581795,0.046615907549858095,0.009047625353559852,0.05337336771190167,0.5603079915046691,0.0376165334135294,0.10377473086118698,0.013522225199267268,1.0,True
00:14:17,5c41c28e896e090001c03bb0,,0.9440367405069972,,-64.32521577045908,-492.88083,5.253682,-2.8502846,1.591192,0.6474169,-5.3791533,-1.3875902,2.6098223,-5.6848903,-8.920907000000001,-0.11256480000000002,2.7805917,-11.492302,6.136131,13.3179035,0.88905334,-1.6640636999999998,4.254529,4.744789599999999,-0.5327088000000001,0.36872697,-1.9049720625577037e-06,0.03346435709325563,,3558.5777215955077,3966.0988884374215,12.954090424365086,10.980202116820234,13.524123205415693,16.303314327881697,23.836692257986712,25.346431718505386,21.20149607729616,0.010835965,6336.328125,0.1125634765625,1.0,0.0,0.0,0.020342271437402814,0.006331764021888375,0.009436614028527402,0.006053773558232933,0.7398957937955857,0.04017976780887693,0.17547331005334854,0.0022866980638355018,0.0,True
00:14:18,59278c090220760001fda664,108.9257328192634,0.770205662013538,1.6024639416744937,-25.282420719827904,-304.2269,124.42627,-4.5862617,-14.037235,-1.6555643,7.679419,-8.585341,-10.342592999999999,4.2554435999999995,5.2057199999999995,-5.560119599999999,-5.6641392999999995,7.704153999999999,42.711517,28.768995,9.424826,-20.279058,-8.364338,1.3898607,-4.560849,1.4177053999999998,-9.224525194250369e-05,1.5681583354799944,19.36575590434985,2742.2500036356423,3182.6479160103167,14.880383699867732,10.773596438486557,15.36229628617739,16.153862569118928,20.822564218094247,27.214958409205302,39.270307828367024,0.0002762213,5762.34375,0.093515625,0.0,0.0,0.0,0.07504652105271817,0.08782170712947845,0.004934260272420943,0.009466986823827028,0.7486899077892304,0.04587228633463383,0.019123213738203047,0.009045108687132595,1.0,True
00:14:18,5c41c28e896e090001c03bb0,,0.6643896189575444,,-78.32840667583645,-503.26974,10.231222,3.123615,1.7359008000000002,2.8101811000000003,3.2074304,2.8662856,3.8862321000000004,2.8652785,-0.5239404000000001,-1.6359678999999998,-0.9954584000000001,6.735697999999999,5.5281687,5.092835,6.798935,9.503731,8.490165,5.851314,4.8280773,0.18120703,-4.0124188690766327e-07,0.006716815524987845,,5554.255069646822,4673.617779012324,13.30426382547415,12.532613954439476,11.960113281873245,16.580317259975526,19.556990942417933,19.43681132485321,14.728643228689007,0.032959037000000004,10539.140625,0.040556640625,0.0,0.0,0.0,0.014697329071350396,0.012043957132846115,0.2607444062363357,0.00881492275511846,0.5669361531734467,0.02991144470870495,0.1015441369265318,0.005307657690718771,0.0,False
00:14:19,59278c090220760001fda664,120.45673171821407,0.8826070030730104,1.6566070265379964,-33.375550659176284,-333.46518,140.37057,12.867674000000001,4.3965535000000004,-2.6821532,2.9430322999999996,-2.0153825,-7.661044599999999,0.69385296,2.6808112,-5.978097,-4.474140599999999,-4.631441000000001,-11.375957000000001,23.920820000000003,10.410200999999999,-8.490292,-15.501754,-21.024601,-5.3262043,1.0123988000000002,-7.982774498329835e-05,1.32481438793455,15.544848431397474,1619.2713532843488,1469.1031964385666,14.800816144545472,11.014667788567264,14.136631465434082,16.51350381258386,22.175154187274494,24.3116241973636,26.317542734299032,7.977262e-05,2290.78125,0.04505859375,0.0,0.0,0.0,0.06451101936399936,0.07653315253555774,0.006714924215339124,0.0064901306061074145,0.7519711852073669,0.04722935948520899,0.041118300147354604,0.005431882047560066,1.0,True
00:14:19,5c41c28e896e090001c03bb0,82.12145840963214,0.8167951386136072,0.7362151154997526,-87.02119099240423,-495.19223,52.94706,-7.1332955,-6.6861606,-4.0279317,-1.1300541000000002,-0.56247437,-2.638246,-3.0726118,-1.6572626,-2.5694592000000003,-2.8928425,23.290981,11.669761,10.427175,8.139536,2.7327046000000004,-4.733411299999999,-8.0998125,-7.184070599999999,1.4126546,-2.0039005342926647e-06,0.03280288196678394,6.699911348762449,5738.575803210028,4990.422040060854,11.80680211431327,9.491850350235103,10.276045450814022,11.889530396902778,14.809987458976048,13.022436225756836,15.248251658764419,0.23519361,11593.56617647059,0.015066964285714288,0.0,0.0,0.0,0.04562085047364235,0.017470052605494855,0.6942325294017792,0.007433083385694772,0.07731258831918239,0.044678259361535314,0.10799288768321276,0.005259758012834936,0.0,True
00:14:20,59278c090220760001fda664,108.4893266027403,0.7706010291163534,0.2078107804222099,-53.67211392125176,-453.12027,44.276740000000004,-1.2695608,-0.9692894000000001,-0.4234023,-1.5869464,-4.527248,-5.67413,-4.7128096,-2.0713196,-3.1845942000000003,-2.418976,19.318235,20.318148,9.339121,4.051302,-6.4121760000000005,-5.6317797,5.285714,2.4080412,0.6251629,-1.4617670337853655e-05,0.24443300875031984,7.408272385226899,3635.4785014314734,2075.187771603349,15.442446544402607,9.840010561269574,11.879305615192749,18.901606439321593,16.951288931227104,19.339857727431678,22.84182158817386,0.0013806203,3620.625,0.0284228515625,0.0,0.0,0.0,0.09988849740475417,0.0724075062200427,0.007615081872791051,0.011947339132893831,0.683654510974884,0.0485707719810307,0.07287465184926986,0.003041632048552856,1.0,True
00:14:20,5c41c28e896e090001c03bb0,174.75849678444095,0.8990064967272586,1.3714177451320613,-26.49827193092661,-273.73107999999996,128.35834,-8.687563,-15.762238,-2.5906133999999996,1.0375358000000001,-0.9816556000000001,-4.3581867,1.96843,6.629324400000001,3.9861352,-8.99792,-24.02581,16.116318,14.197826999999998,3.0610838,-20.705975,-21.581146,-22.709175,-7.632211,1.4661082,-0.0001507324135170618,2.558572287637744,17.56003169643657,2109.56979511532,1848.5714649073666,15.095087995012538,12.131830462323732,19.709582801202398,16.918534927610533,20.755392685968737,20.93105172248569,35.331959197078596,8.035427e-05,3193.828125,0.0357421875,0.0,1.0,0.0,0.03705644346773625,0.10033022358547897,0.04712738520465791,0.03131929152586963,0.37088601887226097,0.11545545272529124,0.29034898392856123,0.007476231004693545,0.0,True
00:14:21,59278c090220760001fda664,175.52812753583507,0.9180741520672004,4.708086102179607,-28.77301924528164,-353.3857,127.55638,6.4758825,10.840950999999999,1.6208493,-3.2490754,-2.7466842999999996,-3.9474367999999993,-1.8352490000000001,-0.3371575,-5.9247974999999995,-5.421608,3.2317703,-11.786203,7.053547999999999,3.1219294,-4.289388,-16.322032999999998,-25.159369,-13.26941,1.5081806999999998,-8.459876678164205e-05,1.4038448861986053,29.271549664503922,1462.3055278285308,1556.921904751388,12.334868972602136,10.42302266023878,16.48933019139222,18.027782478577638,27.242556230371452,22.63693309197752,28.909124988860626,0.00013603816,2482.03125,0.0502001953125,0.0,0.0,0.0,0.102566347271204,0.09978829026222227,0.007438561227172612,0.00452668076613918,0.6520322024822235,0.10382822602987288,0.026823529787361626,0.002996162872295827,0.0,True
00:14:21,5c41c28e896e090001c03bb0,174.65755847897975,0.9286256887225494,0.775055352289099,-46.803216002453006,-348.30267000000003,123.16713999999999,-8.929913,-10.29397,1.0896184,-2.1380124,-1.7638544999999999,-3.4024769999999998,-0.29839388,7.877697,0.7626685000000001,-15.023984,-21.210274,16.801845999999998,9.005721000000001,0.21328878,-1.8861428,-14.221729000000002,-21.733539999999998,-6.016904,1.4002624,-0.00010239576581651763,1.719235163466916,10.816887915749783,3558.134624429865,3250.8397792494898,14.268104988082136,11.478547390665462,15.889996233274012,15.129722414031008,21.96335131244473,20.55739895628463,30.66169656107461,0.026868165,6954.609375,0.0429345703125,0.0,0.0,0.0,0.009976238435642286,0.00552247612028044,0.0019335747135549109,0.0690849642904306,0.4613283554261381,0.030832472754727037,0.4162060582840985,0.005115851744035767,0.0,True
00:14:22,59278c090220760001fda664,109.31828277819672,0.949633038810654,2.159974659254924,-45.55339273873746,-391.23254,64.63373,5.0903583,7.869446000000001,0.68173456,-0.9378465,-2.0071087,-1.6305649,0.70960945,-1.4912973999999999,-4.1212597,-1.6059430000000001,12.607853,21.388287,-20.007801,-3.870766,-1.7821368000000002,-4.485395400000001,-3.4112080000000002,-8.772433,0.811645,-3.764922411032248e-05,0.6548377778126764,23.78106464273695,3243.9144751692274,3526.505829259198,12.995497868879864,8.767254490457784,12.639753184101142,17.915988907097553,20.81768353713681,20.835507387573426,32.234507275708665,0.0010120008,5836.40625,0.1172900390625,0.0,0.0,0.0,0.057271833717823024,0.10485939159989358,0.0054043997079134,0.0014585589058697225,0.7415560543537142,0.07055201157927513,0.017480212775990368,0.0014175392745528368,0.0,True
00:14:22,5c41c28e896e090001c03bb0,202.76827077902328,0.8298787594739477,4.229004976027782,-89.16693557599798,-452.4329,139.74007,-12.640995,-18.46732,-6.963089,-1.3184063,2.2644777,-6.8032827000000005,-2.7457078,5.7317014,-5.5219016,-7.471645,-20.904524,27.698284,21.831541,13.306326,-20.20898,-40.661713,-23.496464000000003,-3.1808484,2.5714307,-9.751508905536084e-05,1.6421676806759564,18.77160764224494,3304.815570729494,3343.5865081489446,10.456000507284278,10.049757629438798,11.87109395899374,11.823735918682662,12.464458698524536,13.783820155803404,17.48303855181696,0.7102741,6855.846774193548,0.029958417338709683,1.0,0.0,0.0,0.0070532474317587905,0.004843921633437276,0.010414186847629023,0.1571402721107006,0.496639521420002,0.007931869709864259,0.21843171548098325,0.0975452478043735,0.0,True
00:14:23,59278c090220760001fda664,,0.7513401608238012,,-60.70805643706896,-483.9985,30.401804,4.3377504,3.6335029999999997,0.9181113999999999,-2.348463,-4.698933599999999,-5.2653017,-4.0360955999999995,-1.7251671999999998,0.62238777,2.0829806,21.506582,9.991816,-0.5624382,-7.289418700000001,-9.020645,-6.51614,-1.9113703000000002,2.3098937999999998,0.41107756,-9.582802611011407e-07,0.015842173060930734,,3196.534913132165,1457.7883548243647,14.158856036488395,8.192660577536786,11.881278120087561,22.627699858164412,16.46486304188872,14.714925647510713,17.198467552803994,0.00046860099999999997,1383.984375,0.0271240234375,0.0,0.0,0.0,0.1444989196024835,0.04157460974529385,0.009731598105281592,0.02258478663861752,0.6499041050672532,0.07138277031481266,0.05324695599265397,0.007076275604777037,1.0,False
00:14:23,5c41c28e896e090001c03bb0,151.59915164580462,0.8270145559355676,1.0551986915291502,-42.92364942851313,-370.77765,94.05238,-13.618803,-6.4008203,2.1660187,3.3614193999999995,-2.5751812000000003,-7.192168700000001,-2.4496740000000004,4.117706299999999,-1.9633656000000004,-11.391639999999999,-7.490435000000001,17.981716,5.7617183,0.29842168,0.9180780000000001,-18.90929,-12.516427,-7.791305,1.4854833,-6.165293863847495e-05,1.0411957188848135,27.83638835800485,2762.5955198478996,2640.8098314020253,12.855193867101159,9.452439620543137,14.103204280586159,16.427529716564347,19.838890908141114,20.754866569699573,32.17740456731739,0.004481421,4900.78125,0.0752685546875,1.0,0.0,0.0,0.01999685578048229,0.004863685695454478,0.022917876299470664,0.3254031501710415,0.30736027508974073,0.024152807844802737,0.11544603295624255,0.17985929325222969,0.0,True
00:14:24,59278c090220760001fda664,,0.7695798098331569,,-65.73276677432332,-494.23984,17.424295,1.6072954,1.6059291,0.3548667,-1.4102924,-2.8442217999999997,-3.365928,-2.8665876,-1.6873922,-0.410066,0.42314056,12.49947,6.012251999999999,-0.13069429999999999,-4.326157599999999,-5.804752,-4.8109107,-2.387253,0.11910787,0.28385493,-5.791206635991225e-07,0.009703992638337421,,3948.006405508666,1958.5071262364768,13.511049713012007,8.919542458673064,10.49637484142446,20.30470348706491,14.821751808913481,14.519788667927864,17.391484873815926,0.001280829,2748.984375,0.0268798828125,0.0,1.0,0.0,0.14986318945884705,0.042073053098283714,0.02252208942081779,0.034745591878890994,0.6001782983541488,0.025062110531143843,0.12179375626146792,0.0037619148031808438,1.0,False
00:14:24,5c41c28e896e090001c03bb0,136.99623188985115,0.8974643021112445,0.5331068764739008,-17.053850821388927,-210.98036000000002,175.2572,-4.9884863,-9.827767,1.477414,7.590114,1.3570565,-7.8071394,-5.6408190000000005,8.812180999999999,0.7021239,-18.334047,-31.829037,23.156715,16.164198000000003,-1.485301,-0.9945055,-17.053539999999998,-27.496921999999998,-12.479256,1.8329334,-0.00018652802463880067,3.121854459641483,14.257849210458154,1896.1356226579187,1850.2502446641251,18.255211280621616,14.073078174022706,18.96661281526466,16.737367688843154,23.62524604968806,23.059311476008176,40.186477339389306,1.0403394000000001e-05,3467.109375,0.0452734375,1.0,0.0,1.0,0.04371728804997272,0.007791015148136971,0.07691904022875759,0.2470562511848079,0.06962384013200386,0.07360860107777019,0.3170941695570946,0.16418978514977628,0.0,True
00:14:25,59278c090220760001fda664,,0.7498717636040413,,-62.465520124697726,-486.55962999999997,26.971863,3.285301,2.555704,0.27234369999999997,-2.3914652000000003,-4.3794856,-5.125702400000001,-4.633830000000001,-3.3241982000000005,-1.7846379,-0.5483514,18.643595,8.014852000000001,-1.4895313000000001,-7.2649755,-8.430747,-5.917033,-1.7958136000000002,1.7453938999999998,0.37101513,-8.83662335315564e-07,0.014652298461514375,,3446.655893523662,1663.8339325813024,14.323824390810358,7.87392954355616,12.330584515956824,21.38172487809491,15.706119980540207,14.779180654739587,17.718874758891207,0.0007661075999999999,1996.875,0.026806640625,0.0,0.0,0.0,0.016909954720176756,0.01534420649986714,0.003995947143994272,0.002968777436763048,0.9293628990650176,0.014522183057852087,0.014178428391460331,0.002717588713858277,1.0,True
00:14:25,5c41c28e896e090001c03bb0,131.62431127606004,0.897297467704982,0.40401540621294535,-31.274381124332237,-354.4684,106.03135,-7.0383024,-5.172156299999999,4.7585372999999995,2.0141419999999997,-1.8632914,1.5532983999999999,1.1001196000000002,0.38247523,-2.1683263999999998,-8.294291000000001,4.035833,27.448504999999997,9.697321,-9.964969,7.6850553,-1.3015261999999999,-7.737873,-1.3515383,1.1401367,-7.908913173085687e-05,1.3190001931867623,12.744882532525168,1729.4589265834873,2089.946556242552,15.741420738921347,13.86881797207033,15.326862979372265,17.00284796254256,21.64714944680679,21.410467565161102,34.694419075360656,0.00037179267,3193.125,0.0672705078125,1.0,1.0,0.0,0.036143376119434835,0.002252655278425664,0.20112952589988708,0.17251563519239427,0.006368138268589974,0.02650019703432917,0.5306573331356048,0.024433155171573163,0.0,True
00:14:26,59278c090220760001fda664,187.30143467283162,0.5265848083792659,5.665295896475594,-34.788783261309575,-372.5316,113.15456,5.220821,3.1790156,-1.8653908,-4.0822473,-8.420231,-4.702797400000001,2.3454957000000003,-4.4834504,-9.863717,1.8027227,3.2640432999999995,-10.327106,4.5301356,-9.694039,-17.84907,-17.413479000000002,-19.887314,-8.791425,1.2337052,-5.762573480200029e-05,0.9546185778887128,27.126752644596948,1836.0128478411327,1565.95093972841,12.1169892987214,10.172655120714069,14.14956570921674,16.956537201423682,19.461431472982053,23.506792786061286,25.88275244222612,0.00027435712000000004,2556.328125,0.041845703125,1.0,0.0,0.0,0.07168414052575826,0.015025105234235525,0.0042218880844302475,0.0028922051831614232,0.856674587726593,0.03260808014310897,0.015718929795548318,0.0011750526435207575,1.0,True
00:14:26,5c41c28e896e090001c03bb0,136.04254015519012,0.5702633467583328,0.6856525164918025,-26.989225011710392,-263.72006,162.36655,-8.416328,-10.35934,2.6346833999999997,3.4172300000000004,-2.9039106,-3.9737735,-6.0450230000000005,-1.0028549999999998,0.22084203,-12.506877000000001,-32.2858,8.943263,24.252466000000002,5.0210247,-9.144536,-16.045938,-16.557568,-8.549292999999999,1.8449868999999999,-0.00015568304633129668,2.5902068772628777,15.108687696511693,2223.4358329310157,1933.2509500850479,15.89919138038229,12.988895391257374,15.830919065554163,15.241289543256332,18.825415462336146,20.849541898561608,34.203691665771345,0.004740070999999999,3519.609375,0.0400927734375,1.0,0.0,1.0,0.1626837970688939,0.01520882363547571,0.020593647263012826,0.08098967280238868,0.052104235161095865,0.07965873600915074,0.5780313685536385,0.0107296496280469,0.0,True
00:14:27,59278c090220760001fda664,177.6753498595459,0.9439872613746382,1.726598136040545,-25.1539221633572,-335.04025,148.6144,-10.056761,6.277278,1.5589799,-9.781821,-9.869069,-1.3467296,2.3824072,-5.2102379999999995,-9.593461999999999,-0.29355434,9.288977000000001,-10.932364,15.804764000000002,1.9913671000000002,-15.816127,-13.455995999999999,-18.218704000000002,-24.622139,1.7225404,-0.00010681293396756308,1.7605695265478474,37.33930173497206,1289.7631366319313,1302.881517570305,12.726974661211491,12.065406630490772,15.946396791966011,17.474106292885207,23.199326038998247,25.503617344266647,27.91878945067341,0.00013720035,2166.328125,0.0407763671875,0.0,0.0,0.0,0.018498439970426262,0.020340992463752632,0.002434978581732139,0.0019328091395436789,0.9379725396633148,0.01156319934525527,0.005897801287937909,0.0013592307572253051,1.0,True
00:14:27,5c41c28e896e090001c03bb0,144.26472136377484,0.8733429117872274,0.8143131119294793,-44.24015729898325,-332.9641,147.41432,-9.489936,-4.5141253,3.6740625,1.098122,1.1711841,-2.1060576,-3.7312255,2.076686,-3.3076062000000004,-12.496698,-18.875156,23.069345000000002,7.7922573,-10.343095,9.638784,-10.509675,-21.48035,-8.086527,1.5231803999999998,-9.982944564245392e-05,1.6776597370999915,17.184883746726747,3289.2125647555263,3124.661368625838,14.075731488700844,11.715218675486614,13.81001474358549,14.247961579328749,18.764199867416348,18.300581857074693,31.126294387122346,0.02695368,6365.390625,0.050029296875,0.0,0.0,0.0,0.009073816891759632,0.017631465336307883,0.008907789736986159,0.05811426378786564,0.13669829890131951,0.027103383070789282,0.7365639954805374,0.0059069956536404785,0.0,True
00:14:28,59278c090220760001fda664,121.18472917331607,0.9183183235079526,0.4148663955662089,-16.125632670358527,-249.6587,204.74104,2.069073,2.0973551,-8.780749,6.507733,8.395781,-7.1130320000000005,-1.4437776000000002,4.7671866,-5.1643186,-7.228267,2.1793766,-10.011836,13.448763,6.5911764999999995,4.239335,-9.894399,-28.188622,-22.482971,1.4491698999999998,-0.00018283667402316323,3.0075774056213485,25.333778043372163,1415.1822404089996,1200.932609919455,18.294199880105946,12.94794252528433,17.470408249263066,18.25106356946836,26.11647695950201,27.545258665780363,33.82900960433517,2.1601723000000003e-05,2073.984375,0.0317431640625,0.0,0.0,0.0,0.013910055882297457,0.04758674055337906,0.003978963138069958,0.0005621440810500643,0.9132814049720764,0.015069505153223871,0.005006129923276603,0.0006050689262337983,0.0,True
00:14:28,5c41c28e896e090001c03bb0,81.36406233588231,0.5682205041175948,29.374108672011666,-84.91857213002115,-492.3911,7.5319910000000005,5.846953,3.84703,2.559551,4.8885307000000005,7.2742762999999995,-0.21801569,-2.2958383999999996,7.879361,5.4290495000000005,-0.31490317,-34.86421,11.415587,19.529612,-4.458591,7.147526299999999,12.187167,0.9442128000000001,2.6687602999999998,0.8575398000000001,-5.217715808044249e-06,0.09385025384077822,130.49827218541444,4744.016096031231,5262.603971559422,11.292359839981644,9.767179877245168,9.99109764947861,11.418712297637587,12.954087463788118,13.545960528366034,18.740278795464945,0.34165946,9699.6875,0.0895159995719178,0.0,0.0,0.0,0.02486366501543671,0.009572696057148278,0.06882155109196901,0.0906040120869875,0.1376071554608643,0.05051978132687509,0.6057997584342957,0.012211385159753264,0.0,False
00:14:29,59278c090220760001fda664,147.0834723826402,0.8164927899642429,1.278973492637053,-19.36745237571913,-264.36215,161.1926,-4.592842,-6.551810700000001,-6.7644305,4.854725,-3.7959197000000002,-12.907982,0.84837526,8.995146,-11.044889999999999,-11.568856,-20.245863,11.330525,38.059044,22.752825,-18.778260999999997,-32.46667,-14.655870000000002,-12.090961,1.6401740000000002,-0.00013647500086424308,2.2762001881826697,20.42828689664524,1859.6096616217014,1818.3343767211927,16.74928938073263,13.548790054649134,17.1611203485649,16.170104225948805,21.961836007775933,30.79791498920918,37.706289376615466,2.5624623999999998e-05,3507.890625,0.0458349609375,0.0,0.0,0.0,0.010370605438947678,0.038521697837859394,0.0040121736354194575,0.0037780624930746852,0.9272098422050477,0.006112997466698289,0.0041343449149280785,0.005860294433659874,1.0,True
00:14:29,5c41c28e896e090001c03bb0,,0.7876327908727812,,-58.333970764669644,-445.908,51.87706,-2.8094175,-3.8852806,5.0084824999999995,4.7730336,-2.6132655,-4.9830174000000005,-3.9383695,-2.7232787999999997,-2.1751125,-0.30629283,-11.593375,4.779333,14.246146,1.8764952000000001,4.595822,0.5001572,-5.4276233,-0.18628587,1.1578621,-7.293566353504663e-06,0.12535184719313086,,3299.1483328569643,3344.108373707739,13.5975002340653,9.736420962603868,14.831678165091276,18.23793579220949,18.125425539056085,18.541136131344203,23.994741921784808,0.012010853,5937.421875,0.0896142578125,0.0,1.0,0.0,0.03338748663663864,0.00815963197965175,0.03478627286385745,0.07992683798074722,0.40206596106290815,0.054100134409964085,0.3753379598259926,0.01223572000162676,0.0,True
00:14:30,59278c090220760001fda664,165.50482610462817,0.6298750753769207,4.525540036901032,-39.53761580632373,-390.63583,104.39896999999999,2.5803833,2.2891072999999995,-1.1567215,-2.092854,-2.6094713,-0.25022653,4.110425,-1.7458893,-7.083928599999999,-1.77673,30.420395000000003,0.6623454000000001,-3.9432669000000002,4.638297000000001,-9.601583999999999,-16.188505,-15.075115,-8.013294,1.1193328000000002,-5.054944517975766e-05,0.8377220190430699,27.66837602048717,2171.874597567894,2055.946048940625,13.684463491465952,9.292214939908888,13.565137540026507,15.631181694678865,22.04755441031169,21.539338952251786,27.74187609210381,0.00044494245000000003,3256.875,0.06123046875,1.0,0.0,0.0,0.02912088599987328,0.05211657993495465,0.002558102901093662,0.0015357660176960053,0.863513445854187,0.035280650760978464,0.015342594101093709,0.0005319498261087574,1.0,True
00:14:30,5c41c28e896e090001c03bb0,203.48109866285992,0.8026735469549282,1.6860949683707502,-15.997653578364554,-142.32399999999998,132.41943,-9.918832,-3.9934769999999995,3.6044424,-5.0410166,0.6426518,-7.619944599999999,-0.9138879000000001,1.8886207,1.7469762999999998,-15.891851,-68.65261,43.152664,-11.209003,1.5797071000000003,-6.1998787,-16.274395000000002,-30.110682,-6.899955,2.1378105,-0.00030570399733824736,5.357795963548616,19.516446859147774,2600.2772159950696,3233.2441243462013,13.476831619132993,10.803051304011529,15.304124672381349,16.167912799701813,21.072770455386017,20.80494010669205,48.60470110545918,4.6617790000000006e-05,5681.953125,0.0991162109375,0.0,1.0,1.0,0.049108330672606816,0.010032138243332156,0.08530261599225923,0.25287705822847784,0.30465314970351753,0.04540145336650312,0.23930647857487206,0.013318787515163421,0.0,True
00:14:31,59278c090220760001fda664,251.06073764372346,0.6891250239006201,8.705214141641962,-41.339846999191614,-426.01093,86.853386,5.0687037,10.11402,4.056095,-4.405912,-6.347230000000001,-4.538145,-3.9945692999999998,-3.2178915,-0.99792665,-0.31138697,29.059379999999997,-9.336355000000001,-15.630768,-9.366159,-6.856231,-9.320852,-10.889089,-5.5471044,1.0656275,-2.387814913874527e-05,0.3935086771722995,28.478515020110105,1853.817871132632,1427.5564092371148,11.874424257791677,9.724987014452145,13.63946887593604,19.498789606989945,23.13252115170772,18.06008529381861,24.581256166745227,0.00029396036,2134.6875,0.037783203125,1.0,0.0,0.0,0.013732359325513244,0.006130269647110253,0.0022699369990732523,0.009344615851296112,0.9477232873439788,0.003859987604664639,0.011679453589022159,0.005260057270061225,1.0,True
00:14:31,5c41c28e896e090001c03bb0,164.8170521583079,0.9016633954653579,0.8461419955854876,-17.576164084750474,-209.34068,153.71307,-11.043613,-5.0021224,1.0184286,-1.7342387,3.3430505,-4.0424085,-4.5832763,2.3512409,3.0469362999999996,-11.551285,-39.911617,32.70277,8.094858,-1.2931028999999998,7.733397999999999,-16.183683,-28.48432,-9.484059,2.1400387000000003,-0.00020681564542413854,3.511092802517277,24.257562347907104,1862.2949927041986,2451.2265603021233,16.18468261518754,12.717871418874655,16.520796127170698,17.174503073058492,21.53624008782364,23.10121065914768,43.14576706683254,1.629433e-05,3892.96875,0.079189453125,1.0,1.0,1.0,0.02885836446657777,0.008367363119032235,0.04249184522777796,0.04878139039501548,0.5555271603167057,0.07382083451375365,0.22921111434698105,0.012941899616271258,0.0,True
00:14:32,59278c090220760001fda664,,0.7003784866157741,,-59.56117486319623,-478.05400000000003,37.410133,2.1838887000000002,1.3365855,-1.2555562,-4.166537,-6.0562625,-6.2546610000000005,-4.896522,-2.6570177000000004,-0.37118396,1.2512511999999998,25.158943,10.1883335,-2.4225514,-9.557698,-10.830157,-7.921877,-3.3632940000000002,0.50500137,0.47940326,-1.2576183825125318e-06,0.020806435555205626,,2957.0421799508754,1450.8626842585886,13.884856795041154,8.339858057483648,11.287144562114534,20.07973274076894,15.690142670352275,15.501469678210347,18.770978560266872,0.00045828818,1583.90625,0.0272412109375,0.0,0.0,0.0,0.02176568584982306,0.01226792740635574,0.0038071963179390884,0.0020651108730817213,0.9433943271636964,0.007508444087579846,0.005261521050124429,0.003929788281675428,1.0,False
00:14:32,5c41c28e896e090001c03bb0,139.63753282129264,0.8273976096110838,0.6622105236688609,-17.703111715825017,-221.24876,160.52892,-3.4615089999999995,-3.1469567000000005,5.285893,6.307512,3.1946802000000005,-5.1429715,-2.0650383999999997,3.832421,-3.3439572,-10.460285,-41.22227,20.361437,15.847520000000001,-3.6209519999999995,-8.242744,-25.42831,-25.543083,-5.421729,1.969216,-0.00018445626087112285,3.1092339293165248,16.803614010705388,1805.8313639533967,2043.319659105428,14.428143254713055,13.282414977574515,17.460686831754526,16.018342411807488,20.075834675746385,23.306739376574736,39.73451897794169,1.4559606000000002e-05,3530.859375,0.06208984375,0.0,0.0,0.0,0.016651352262124417,0.021825681161135438,0.021129768621176482,0.0459228559746407,0.6132336258888245,0.07778813280165195,0.17487651146948338,0.02857206019107252,0.0,True
00:14:33,59278c090220760001fda664,174.33607028881332,0.6323261788981202,14.244901791891381,-51.63406169622157,-434.86374000000006,64.98886999999999,5.472176,3.5932269999999997,0.48691577,-3.01905,-8.779725,-6.9728837,-2.3864622000000004,-4.914523,-4.8057165,1.4646263000000002,10.467698,-0.78000605,-1.2201673000000002,-11.003601,-11.735164,-10.329025999999999,-12.004978999999999,-3.5874887,0.7556045,-2.2500389798850964e-05,0.3741904069441781,12.548742581350632,2693.9219245616073,1513.555839223196,14.238001749468141,9.11905949688542,11.977170965101983,20.02975468517302,17.667090157982866,19.309521324476364,20.793499317947504,0.00039180426,1706.484375,0.033369140625,0.0,0.0,0.0,0.03238095482811332,0.007048723520711064,0.0025509918108582498,0.0018042849202174688,0.9126730382442474,0.02801263175206259,0.014057462144410235,0.0014719118713401255,1.0,True
00:14:33,5c41c28e896e090001c03bb0,134.1435879269048,0.8415927401769084,1.0572149868309462,-32.25887631443452,-331.8838,125.432884,0.6837859000000001,-3.5999885000000003,2.7548472999999998,4.9090137,1.0328244,-3.050192,-3.191999,-0.8323685,-6.181796,-9.021056,-5.302461,16.05084,24.049404,-4.707229,-9.727624,-10.171837,-5.3158449999999995,4.8934736,1.3607068000000002,-8.201679876704667e-05,1.3633475709192635,17.717303480296188,1898.4884439990026,1637.8288089807102,13.192458909875633,12.649559780023846,14.825965642669079,16.437809578742367,20.985356167395448,22.800533364658413,31.165258030582123,0.0007683114,2893.359375,0.0355615234375,0.0,0.0,0.0,0.021976634254679085,0.006921448182401946,0.017339463726966643,0.19110094029456376,0.3249146651476621,0.044920605258084834,0.31814119443297384,0.07468504193238915,0.0,True
00:14:34,59278c090220760001fda664,,0.7127244776959648,,-56.132170818873156,-464.1799,53.23386,0.8662564,0.27280477,-1.3135351999999998,-3.2109716,-4.538024,-4.680042299999999,-3.7757936,-2.3943,-0.9567886,0.14666936,32.53053,10.163033,-5.4736886,-11.817910000000001,-10.978738,-6.848261999999999,-2.670916,-0.014496218,0.5607151999999999,-1.9839066050706907e-06,0.032853370817185916,,2520.890578271406,1389.1357029563953,14.338865634274368,7.7852882643524435,10.303971666462283,17.021700306068283,17.782695913790718,15.778342105229054,20.315380864847764,0.00040581849999999996,1988.4375,0.0307373046875,0.0,0.0,0.0,0.009156368707772344,0.004959860327653586,0.003329746564850211,0.0014575907844118776,0.973638153076172,0.0022911529697012155,0.0018527522217482329,0.0033143673208542172,1.0,True
00:14:34,5c41c28e896e090001c03bb0,168.18741597601775,0.34666328802633234,1.6106118844231114,-55.540343909390295,-356.34972999999997,127.632645,-9.736822,-13.682572,0.86835366,-0.3086895,-3.9795697,-1.900464,-2.8336272,-0.9207749,1.3185938999999998,-14.254201,-49.383537,29.579520000000002,12.309336,-1.6651013,-14.898838,-22.498279999999998,-15.003482,-0.75127363,2.2456527000000004,-9.326362779074348e-05,1.6037879905060668,44.003789717366864,4221.8851870091785,4589.717764552136,12.706644443798899,9.677919572283693,12.193944565100471,12.530838479533546,15.406312979562633,17.794553684272106,29.213014555552128,0.08848573,9383.671875,0.07684948979591838,1.0,0.0,0.0,0.01721083706943318,0.01574870934709906,0.00938716575037688,0.03830904546193779,0.4779219351708889,0.06313999183475971,0.35031735748052595,0.02796498774550855,0.0,True
00:14:35,59278c090220760001fda664,,0.798853735895706,,-62.29761908382321,-486.95523,26.735394,-0.30334067,-0.20729809,-1.6107678,-3.549825,-4.998431,-5.321067,-4.4703193,-2.895032,-1.2563021,-0.11236372,19.15253,9.156103,-0.35417318,-6.976948299999999,-9.596489,-8.606232,-5.531558,-2.2699032000000003,0.37245375,-8.4427174092477e-07,0.014029132212794709,,3409.9457289816673,1636.9176128807176,14.869438008220849,8.384916327471371,10.90575984554564,20.349034003656524,15.70647728744784,14.874764508012396,18.271980635294298,0.0007012855999999999,1789.921875,0.02544921875,0.0,0.0,0.0,0.03241673917509615,0.037353653367608784,0.028017427094164302,0.0025693962088553235,0.8559747368097306,0.021334121911786498,0.02071452381787821,0.0016193976538488642,1.0,False
00:14:35,5c41c28e896e090001c03bb0,170.69737309523512,0.73272752276375,1.8245712894571788,-31.602099218910144,-286.73523,117.14645,-13.482776999999999,-14.857057000000001,5.558856,6.4629855,-1.4209138000000001,-2.8301387000000005,-0.92186254,-4.145225,-1.605142,-10.326971,-20.464506,19.799015,-0.08271703,-2.0421777,2.0268025,6.751539999999999,-9.8979,-3.4657263999999994,1.3242207000000001,-0.00016215717313418368,2.7937649893910037,22.436181433225066,2512.638063627685,2501.675390351342,16.066215776832408,13.100666704530227,14.323833632818733,17.436299001770358,19.704964515979086,23.031197954421426,36.81980673046607,0.0017632701000000002,4552.03125,0.0749365234375,1.0,0.0,1.0,0.0692339054774493,0.010248113872330577,0.01662600300332997,0.5915367871522903,0.0289637426729314,0.07099962831707671,0.13243215512484313,0.07995967362076044,0.0,True
00:14:36,59278c090220760001fda664,153.07238557634287,0.16975905074098185,3.7132318704716014,-45.66165431907199,-411.62186,86.66141999999999,8.319513,3.2799406,1.4595993,-2.4614689999999997,-11.48303,-7.456902499999999,0.76197,-4.647611,-7.7417026,0.04122243,14.934439999999999,-2.7079997000000002,-2.257809,-7.9746274999999995,-6.854262400000001,-9.026436,-11.389265,0.48698294,0.8486652,-3.7376461341913953e-05,0.62367235119082,30.645967794109513,2240.780692225489,1385.9300507869546,13.07340089914077,8.856400008651578,12.492986178790801,17.874421807942785,21.50098625849489,19.4739860324035,22.128458457626987,0.000246613,1809.609375,0.032958984375,0.0,0.0,0.0,0.010774413996841758,0.005930455832276494,0.0016386672650696712,0.002139480068581179,0.9709977030754088,0.003788641013670713,0.0028601828089449555,0.0018704389047343286,1.0,True
00:14:36,5c41c28e896e090001c03bb0,129.82591380591379,0.3167636687157644,1.4682149378756761,-57.4117238973166,-417.3062,88.32281,-1.7291458999999998,-4.9991655,0.5655566999999999,3.6128940000000003,4.5762529999999995,3.391838,1.2360535,4.2247276,1.7871932000000001,-8.786758,-19.879831,15.148776999999999,19.398626,1.5563528999999998,-1.194373,-9.929391,-17.088995,-5.282472,1.8816313000000002,-5.083557271063736e-05,0.8477707679944144,18.3474530620287,3952.8934077155873,3989.061885229065,10.769824944762687,9.873097376395355,13.394665843035718,13.78460704196814,18.285129812760566,18.13716631076791,26.39596125155905,0.03226694,7613.90625,0.0885107421875,1.0,1.0,0.0,0.043961855303496125,0.0025392606687091755,0.02016443854663521,0.5063788678497076,0.024319910164922475,0.0578846015909221,0.2991554447915405,0.04559563442016952,0.0,True
00:14:37,59278c090220760001fda664,,0.7872192999090364,,-53.26535821764495,-452.00417999999996,65.40484000000001,5.568529,3.1892709999999997,-0.80337685,-3.6704084999999997,-4.2801876,-3.37278,-2.307141,-1.512965,-0.42838708,1.0846617,34.803764,6.7975607,-7.922372999999999,-11.812827,-10.792893,-7.0698422999999995,-1.28744,3.9503887000000004,0.6423969,-2.996242376017413e-06,0.049324517747638665,,2205.779075189519,1188.68142889754,12.785970450600605,8.734389221193013,11.058872790221233,18.338043199422764,18.6661154462817,15.838448375456526,19.982478015345773,0.00016216887,1437.890625,0.0295068359375,0.0,0.0,0.0,0.02843025662004948,0.007139649707823992,0.0019651567214168607,0.007629172335145995,0.939142906665802,0.0043811411829665315,0.009325680483016184,0.001986104715615511,1.0,False
00:14:37,5c41c28e896e090001c03bb0,,0.6222879621946038,,-42.55025098797461,-379.8374,64.85525,-15.794847500000001,-17.854954,3.829564,5.0358644,1.4926667,0.35842140000000006,-8.549103,-1.3596834,5.928362,-7.055847,-40.162952000000004,12.996413,29.99365,1.0850677,-0.42967029999999995,-6.498492,-0.9941786,6.0794034,1.0568612,-2.794234277547693e-05,0.4884208705474933,,2014.9322639158565,2784.715241146212,13.601435093987668,9.910854348279189,13.2592415085531,17.56659219316867,21.06009310776432,22.42500693678098,33.026877884394644,0.00011414271,4617.890625,0.1088671875,1.0,1.0,1.0,0.024264732317533344,0.009281329024815932,0.0041389713805983774,0.01536469010170549,0.3141817329451442,0.09463726577814667,0.5349415838718414,0.0031897147910058266,0.0,True
00:14:38,59278c090220760001fda664,147.51314540254998,0.8666038438259812,0.8341586681989477,-50.16132915242865,-443.79495,65.497955,1.4990018999999999,5.673089,2.7588515,-2.9929322999999997,-5.3858843,-3.9573943999999996,-2.792105,-3.3150902,-2.2091856,1.8237171000000003,23.527635999999998,3.3792400000000002,-3.5226114,-9.020814999999999,-8.829502,-6.822507000000001,-7.6536546,-5.4305596,0.98081225,-1.9868018944024087e-05,0.3280627959282896,39.377804430103424,2268.495240652032,1522.8980160416145,14.053823653952993,8.638786508797017,12.352340010709574,17.884237277823967,20.8822467940952,18.864800860293947,21.013487167320786,0.00047063772000000004,2177.109375,0.0397705078125,0.0,0.0,0.0,0.007929260283708573,0.0043792329030111436,0.0009756653598742561,0.0007281018450157715,0.982518595457077,0.0016098074382171034,0.0008647424780065193,0.0009945838479325174,1.0,True
00:14:38,5c41c28e896e090001c03bb0,166.4538411580103,0.5341387208218745,0.4359806760978699,-39.40899345682845,-307.7107,109.65866000000001,-7.919583,-10.404292,3.4355037000000004,3.1307225,-1.9333627,-2.8136224999999997,-3.7056959000000003,-2.9931362,-0.03009964,-9.015292,-45.334736,20.917639,3.1266942,3.4982447999999997,-8.488511,-18.804365,-11.253849,-0.6861453000000001,1.8640815,-0.0001366202389423972,2.32808484468828,17.486295142069434,2998.8641842126317,3347.1640664726265,14.559012493202813,11.424779277728364,14.444671482878457,15.218924185014195,19.100155702522738,17.713997975155216,36.34200641298461,0.0077920323,5219.765625,0.097861328125,1.0,0.0,1.0,0.018629298137966543,0.02299062310485169,0.011848647688748316,0.057335221639368675,0.6569382587447763,0.0595019007101655,0.15887294635176658,0.013883118028752505,0.0,True
00:14:39,59278c090220760001fda664,258.03421713032805,0.5764064941567024,8.55317638565587,-26.668969857887678,-360.82552999999996,137.9988,-8.38551,1.6850705000000001,-3.1305017000000004,-6.8456964000000005,-3.1702302,0.87006205,2.764048,-0.74344295,-5.576836599999999,-1.4908202,30.255390000000002,-0.119085185,5.122575,-9.208002,-21.754068,-20.532967000000003,-22.628782,-22.371403,1.3519685,-8.736319708589754e-05,1.4341133921961633,36.946252189111426,1360.04005371895,1207.978033592023,13.247768547199119,12.007215886420797,16.0761400467832,17.210449401324617,21.387087242113378,23.432225732903827,27.67521314638516,0.0002466524,1878.046875,0.03720703125,1.0,0.0,0.0,0.016248018154874443,0.012682305625639856,0.0014570655417628585,0.006093656807206571,0.94701429605484,0.004350143595365808,0.004689191712532193,0.007465295068686828,1.0,True
00:14:39,5c41c28e896e090001c03bb0,141.03692822187168,0.6972411582119993,0.6121197223921152,-19.44942537788292,-246.21593,153.9711,-15.293431,-22.05089,3.2596855,4.9234366,-4.079164,-0.8935616,1.1128143,3.398903,-5.5901017,-15.386669,-24.782343,38.058155,32.670497999999995,4.831554,-6.035419999999999,-23.631527,-14.025548,1.5327021,1.6941655,-0.00015076539994582312,2.5242937621531585,18.029282546089092,1901.572559303078,1846.5485866263625,16.277977120200795,12.9717567148446,18.90854178415157,15.03775703993076,20.081568936156863,21.34474430765424,39.97773285190772,2.0356227e-05,3380.15625,0.0452880859375,1.0,0.0,0.0,0.08467687405645848,0.009896163089433686,0.19533932264894246,0.1571370751596987,0.08154292120598257,0.12467717304825784,0.28905560448765755,0.0576748558320105,0.0,True
00:14:40,59278c090220760001fda664,114.11771682076372,0.4584218103486817,1.2829697183894186,-41.838618838123644,-399.5757,100.56217,5.4234824,6.811636999999999,1.0067309000000002,-5.880324400000001,-10.322116000000001,-5.1971664,3.438511,-0.6612299,-10.493775,-7.846501400000001,18.004368,-3.1672654,9.970191,5.180439499999999,-9.311972,-15.952175,-15.109529,-5.742396,1.0717383999999999,-3.468785219475971e-05,0.5713762209920034,20.3238298802468,1950.712154717481,1542.3167576548026,13.162163523575735,9.273912212887602,12.39435267602099,15.74913568268281,21.213234963252212,20.367239490248465,24.57524229231802,0.00038890517,2676.328125,0.03966796875,1.0,0.0,0.0,0.05721767256036401,0.07588861119002104,0.009475231659598649,0.012290012236917391,0.6967709481716156,0.09023526858072728,0.04297808334231377,0.015144206181867046,1.0,True
00:14:40,5c41c28e896e090001c03bb0,134.5866655251186,0.6573382454840442,0.5546344403949109,-63.30854709183481,-446.1532,51.901955,-9.795693,-7.063460000000001,2.5884497000000004,1.2362493,-0.57037205,-0.29758182,-4.214377,1.9268782,1.3683156,-9.365250999999999,-0.41876772,50.096527,20.30331,2.5834947,16.505851999999997,-9.891971,-12.9330845,-1.7162092,0.99965405,-2.507302562263541e-05,0.4361526295842269,12.473194252724404,3891.471960942945,4310.249154415879,13.077601661990311,9.428325338768023,13.75938691592787,14.095291309418124,19.037812648474738,17.473616948069722,26.02218544252914,0.13896815,8262.228260869566,0.07513628949175824,1.0,0.0,0.0,0.058802229817956686,0.01540648625232279,0.3141455117613077,0.03322137366048992,0.2293095240369439,0.1449962120503187,0.16022999510169028,0.04388864897191525,0.0,True
00:14:41,59278c090220760001fda664,167.80575031024762,0.9934412864755156,6.041357628669778,-25.906099144808284,-274.1989,156.07625,11.660782000000001,0.53882825,1.9441773999999998,6.532783,-4.9612474,-7.609988,4.7396235,2.1693301,-12.7068,-4.340636,-19.986609,-0.15057689,1.440942,-16.801605,-8.186110000000001,-10.225331,-21.505657,-3.4954712,1.5428013999999999,-0.00012130998899471746,2.0310450270042293,32.32118234502368,2128.456525468095,2482.01323824288,12.201580062753699,9.226349395274413,14.086249121603794,17.075002410248032,19.92761975862605,26.22448474110052,36.17847884792674,0.0005904645700000001,4560.9375,0.07716796875,0.0,0.0,0.0,0.05263927800115198,0.057077906024642286,0.006597167081781663,0.012840965646319093,0.775538980960846,0.06338054703082889,0.012608437531162055,0.01931672440259717,1.0,True
00:14:41,5c41c28e896e090001c03bb0,192.88755283646,0.7980177147605249,1.2683569397096168,-87.76275385942537,-463.10175,138.05806,-16.450298,-20.105658,-7.431781299999999,2.9556584,-0.360756,-7.1004877,-5.8060045,2.850078,0.39843965,-12.377151,11.324117,20.458633,18.690895,8.21575,-5.495256400000001,-12.856044,-21.003643,-18.901903,2.4298458,-7.792134155127698e-05,1.2881895550350984,17.760626307748495,3596.127534125236,4087.566120446928,11.059969767220183,10.152513134848114,12.218720749437516,11.120250807016523,13.7437753941767,13.590403044462823,15.168148094494814,0.66634476,7849.028716216216,0.02701383023648649,1.0,0.0,0.0,0.02406351831741631,0.022241716634016483,0.02155353859998286,0.17928129890933633,0.2643860723590478,0.12559770755469798,0.23321911469101905,0.1296570185571909,0.0,True
00:14:42,59278c090220760001fda664,119.7423226928577,0.609118190211701,1.0481536895856949,-41.73286598987054,-409.27127,87.75458,14.502509,10.5532255,-1.4887781,-5.9715176,-3.8470553999999995,1.4957758999999997,4.1675677,-0.75228333,-4.874838400000001,-1.9891587,3.5544660000000006,-22.769485,-6.878152,0.9240912,-9.039903,-23.88104,-24.401741,-3.5878108,1.1551902,-5.5192226836852405e-05,0.9141665708490893,33.14853621121588,2164.125536983724,1731.0275301271884,11.687770381080627,9.35406435977082,14.151027772457333,18.009030443742162,24.659937318994068,18.45138149714613,24.03402640674857,0.0005838453700000001,2635.78125,0.0459814453125,0.0,0.0,0.0,0.18645003996789453,0.0691936768591404,0.04347165627405048,0.03180698007054161,0.5093423470854759,0.07009618887677789,0.07329808911308648,0.016341045312583447,1.0,True
00:14:42,5c41c28e896e090001c03bb0,160.3026330190506,0.8995280565715881,0.5378336890311822,-28.153534111654352,-280.92233,126.934044,-8.265543,-12.958530999999999,1.9325908,0.70193064,-6.540868799999999,-0.9743584999999999,-1.1599156000000002,2.302637,-1.5302076,-14.184431,-44.602455,16.347599,14.261865,-7.9984603000000005,-6.8420568,-20.659613,-19.418043,-4.9270797,1.5051919,-0.0001237095057410473,2.100927059273895,17.585283251827107,2038.552165752287,2569.5138049897514,14.93796940736627,12.4563035905835,16.00306190781376,15.23125226104234,19.855188788718266,21.614721958528534,38.74543950572964,0.0007365361999999999,4079.53125,0.0844091796875,1.0,0.0,0.0,0.05925569254904985,0.02166761555708945,0.10854734038002788,0.024345313361845908,0.15033624237403273,0.18903474360704425,0.435010214149952,0.011802839452866466,0.0,True
00:14:43,59278c090220760001fda664,132.11480287298485,0.8433552473614487,0.7311050248997049,-39.771044137917855,-376.3748,113.43127,4.002626,9.120041,-2.6058482999999995,-7.069851,-3.408472,-3.2251449,-3.3266050000000003,-2.2449534,-2.617905,-0.6740325,10.254255,-4.4903319999999995,13.874101999999999,6.4457699999999996,-7.0023865999999995,-13.287060999999998,-19.07241,-14.081377,1.1466438,-7.245764581219378e-05,1.198615944276587,30.22000906204452,1972.084043987565,1419.759892828688,13.854752959520633,10.24343054683744,13.625790442574775,18.418301923205064,22.67957303934801,22.30523699195583,25.644924959526637,0.00023841241,2302.265625,0.0352001953125,0.0,0.0,0.0,0.2958607852458954,0.024175835237838332,0.02307166140526533,0.07414955468848347,0.4175362646579742,0.011219782172702251,0.15107332058250905,0.002912790491245687,1.0,True
00:14:43,5c41c28e896e090001c03bb0,,0.5912685167668165,,-94.84007569512413,-506.1117,-1.5642293999999999,0.31030765,1.1188776000000002,-2.3465235,1.5025933,3.328135,-3.8129253,-3.3486800000000003,5.4901222999999995,2.5655794,-6.319945,-13.378238,4.188864,10.451497,-5.507296,-6.585011,5.2202405999999995,2.7649305,-3.5668268,0.37979179999999996,-2.5823731100131724e-07,0.0047581988374028545,,5669.710324389195,6987.956612590831,8.713784882837112,8.17075875623034,9.413334425608133,12.869034952217325,15.364906877044367,15.023268996146196,13.844276382085193,0.43872347,13664.402173913044,0.10056439568014706,1.0,0.0,0.0,0.07227734848856926,0.02034056456759572,0.2523534972220659,0.030357249686494468,0.11815788489766417,0.11767590530216696,0.3796818807721138,0.009155687713064251,0.0,False
00:14:44,59278c090220760001fda664,144.4835306296338,0.8304991328565459,3.0730843653105753,-23.973860648390175,-290.3442,171.6255,3.2461197,8.903667,-2.8181505000000002,-2.1841909999999998,-0.833319,-0.64042646,2.9126782,1.101281,-6.963821,-3.4039059999999997,-1.4793221,-8.248687,23.807129999999997,13.921691000000001,-0.9074030000000001,-10.930966999999999,-30.599496999999996,-27.779685999999998,1.624242,-0.00011946799933924837,1.9765929395693111,29.202972288791734,1812.476497032696,1542.732331160887,16.160284812274675,10.561903494863381,15.19108425917208,17.030638766423746,24.272704614959874,27.742909244337465,31.718370932826797,0.00012404878,2773.125,0.041201171875,0.0,0.0,0.0,0.35419539362192154,0.07030225098133087,0.05595437251031399,0.02412176793441177,0.32905514985322953,0.03901672838255763,0.12343908399343492,0.0039152617566287524,1.0,True
00:14:44,5c41c28e896e090001c03bb0,,0.6106886530012505,,-104.57730666793877,-507.33987,,,,,,,,,,,,,,,,,,,,,-2.0732182359912804e-08,0.0004800166798232892,,6627.812391833398,7860.9782833805,8.822211630924642,9.080208642107698,10.189829309949372,11.095102663925397,12.264607250235793,12.334695633773634,11.91025488464483,0.66565305,16532.92410714286,0.046875,1.0,0.0,0.0,0.01980069326236844,0.03980351034551858,0.017143253609538073,0.002968410094035789,0.6901827961206436,0.08933680597692728,0.1379964966326952,0.0027680206811055547,0.0,False
00:14:45,59278c090220760001fda664,106.3382570011668,0.8815945112294461,0.2282641549750379,-27.02899064056477,-306.2013,143.0015,9.806179,-1.2714444,-7.9824867,-3.6489239999999996,-4.2433879999999995,4.115235299999999,5.745475,-7.373827499999999,-10.511619999999999,2.9987937999999996,-4.7023125,18.109133,36.56261,16.659107000000002,-4.622010700000001,-18.563736,-22.451584,-7.556033,1.217003,-9.890851989904968e-05,1.6484204800820266,13.687851369392991,1890.482063860044,2003.2688586155639,14.302495352667028,11.916149511631069,15.827807721680223,15.640916759854026,23.07467520271593,25.90190803394495,31.845492890905547,0.00034944474,3425.390625,0.0660107421875,0.0,0.0,0.0,0.11183051764965056,0.0469625614117831,0.004694248037412764,0.006114524160511792,0.7433073073625565,0.04975839536637068,0.03527447702363133,0.0020579973643179983,1.0,True
00:14:45,5c41c28e896e090001c03bb0,,0.6718350191794151,,-107.19656836495764,-507.33987,,,,,,,,,,,,,,,,,,,,,-9.295019067476108e-09,0.0002111066121183042,,6594.0492159325295,7430.628826084824,8.977703631165545,8.74160367379961,9.053978934149006,10.25310705777884,11.100882755316341,10.756976642064894,11.844170368206726,0.77588564,15831.65322580645,0.011648995535714286,1.0,0.0,0.0,0.08719902858138084,0.03934771027415991,0.021012625657022,0.002682516979984939,0.16616897666826844,0.2340320095419884,0.44689868576824665,0.002658452617470175,0.0,False
00:14:46,59278c090220760001fda664,266.1243922953136,0.6447755065696474,8.699630466128758,-46.06051198902495,-418.32928,83.927376,-0.10336035,0.48932418,0.6861109000000001,-2.4051419999999997,-8.067658,-7.142307300000001,-2.9090712000000005,-4.592559,-5.3512216,0.19962575,20.283762,4.845192,7.839791,-0.35436013,-4.55893,-3.5686176,-4.92623,-3.2932242999999994,0.9099243,-1.7514322019003838e-05,0.2904063204598238,17.786037241880226,2125.1367155560283,1361.4195709961205,13.251074159321425,8.292094026504204,12.421585641357947,16.780395945130866,19.361817494975917,20.34014858267377,22.68145478071928,0.000185114,1937.109375,0.03412109375,0.0,0.0,0.0,0.01941119662951678,0.01834757090546191,0.0016002360498532653,0.00115920315583935,0.9390634119510649,0.015815489878877997,0.0037347526988014577,0.0008681561710545793,1.0,True
00:14:46,5c41c28e896e090001c03bb0,153.92152585781537,0.8612664105414193,0.7866088374896852,-93.11467990371791,-468.07013,170.21857,-16.728357,-9.429965,8.378907,-0.65033084,-6.94412,-2.116452,-1.7597966,-6.583232400000001,-11.850925,-14.499379999999999,6.099355,13.038413,6.7349567,-0.05497638,-7.4499830000000005,-11.12545,-19.487185999999998,-14.808662,3.6353285000000004,-9.440169123448017e-05,1.5616430044233174,19.29603359624763,3848.8544717760174,4213.0118897237735,10.706662923961108,9.801579094345113,10.39110205852492,10.58275486335355,11.413263089812428,12.024967617722533,15.114964575395893,0.76330197,8368.803879310344,0.01900227864583333,1.0,0.0,0.0,0.12876508384943008,0.05700262449681759,0.05755019919015467,0.006453489628620445,0.3069095127284527,0.2224474735558033,0.2168031968176365,0.004068404511781409,0.0,True
00:14:47,59278c090220760001fda664,276.39842521537753,0.7471467999888046,2.495212964405454,-55.691733563511846,-471.21045,45.584765999999995,1.4850067,1.1462633999999998,-1.0631617,-3.5832610000000003,-5.553637999999999,-5.9719777,-4.6938830000000005,-2.7934327000000003,-0.75242376,1.1444324,30.775545,14.271125,0.31127313,-8.672907,-11.677361,-10.096411,-6.005519400000001,-1.3152864,0.5869835,-5.400171639041362e-06,0.08794534199732555,16.919246873877768,2804.021416716965,1321.6060659510508,14.129341344057007,8.035209686312122,12.523590258842006,20.79407069489529,16.09007578460662,15.650668646396158,19.38710968862601,0.00034270494,1279.921875,0.026513671875,1.0,0.0,0.0,0.0756179160438478,0.027027451526373626,0.0087518043408636,0.008745394890138414,0.8392375826835632,0.02418560837395489,0.01286344902473502,0.003570780361769721,1.0,True
00:14:47,5c41c28e896e090001c03bb0,171.33531641473886,0.9598002833760878,2.1356134834271554,-20.34093975900158,-238.09941,162.57707,-12.502443,-11.526236,2.748682,0.86746305,-3.751721,2.0762372,1.004116,1.5798477,-2.6001654,-17.812035,-23.920786,23.140465,21.825020000000002,-2.7024925,-15.528975,-20.899397,-19.003432999999998,-9.190928,1.4522059999999999,-0.00017019456134890348,2.8545191753027965,16.589341042722264,1814.0691215833926,1638.995212575617,17.86393140224979,12.523763950613766,17.44795186166133,16.230313767439885,20.716128827935094,22.31197057396163,38.49751844041585,7.847558000000001e-06,3202.96875,0.0365234375,1.0,0.0,1.0,0.05089556463062763,0.015062739595305175,0.020285819331184028,0.03576374715194106,0.6333651721477509,0.08330967649817468,0.15152446627616886,0.009792811912484468,0.0,True
00:14:48,59278c090220760001fda664,342.07749089314177,0.5776117937855931,16.491359881421634,-47.2536729097631,-421.63672,86.01828,8.116514,2.8065012,-4.087598000000001,-5.756132,-2.3355908,-0.29739428,-3.0409648,-5.4258347,-3.6177979,0.8243476000000001,25.403881,-0.217075,1.8466884,2.7156724999999997,-4.205157,-10.669012,-7.1890383,3.5304502999999996,1.0109655,-9.905126303016793e-06,0.16636583637186114,20.77072315481772,2166.0115593055834,1615.3343571744504,12.37142503647011,7.9202183178940855,10.70023987541882,15.452941989662941,20.752549942497488,17.181685451125237,25.290596274683708,0.00026646373,2535.9375,0.0430322265625,0.0,0.0,0.0,0.04671513314824551,0.038146771118044855,0.005805192730622365,0.0009316073752415832,0.834927088022232,0.06229806952178477,0.010175137128680943,0.0010009706660639496,1.0,True
00:14:48,5c41c28e896e090001c03bb0,,0.6082192314111153,,-96.49810145419178,-506.58704000000006,5.928259,-1.8870572,-3.1541853,-3.3203332000000003,-2.4141338,-1.0594337,-0.075774156,0.020629555,-0.7008656,-1.6818131999999997,-2.2632089,4.13767,2.2032692000000003,1.0115298000000001,0.88288426,1.4124888999999998,1.7759346999999999,1.2929513000000001,-0.11864394,0.08737524,-1.2255944087857107e-07,0.0022337883058917546,,6120.663772757906,6367.771972735423,11.291858460517078,9.09673941836331,10.579243448824707,11.346343816789144,12.566461010336106,12.167240181883084,13.980213805688566,0.49123418,13592.981557377048,0.05576171875,1.0,0.0,1.0,0.01024217791079233,0.003059211222231776,0.0015726029135597248,0.2982859427575022,0.29113323412214714,0.0937120309099555,0.23788484508016455,0.06410995211141805,0.0,True
00:14:49,59278c090220760001fda664,,0.7582998959847382,,-53.260820429166266,-456.17548,63.51715,0.8224559000000001,0.9755773000000001,-0.26694829999999997,-2.5851629000000003,-4.6600660000000005,-5.0977855000000005,-3.7380413999999997,-1.6974092,-0.122755155,0.69321334,40.178326,14.930520000000001,-2.4659452,-9.386828999999999,-8.973171,-5.7508492,-2.6060362,-0.41780007,0.6237143,-2.5606902753995724e-06,0.0420600170672704,,2197.0076037535614,1123.022454291266,13.237036297492335,8.125721037806287,11.200200223911896,17.13977517051865,20.757462376427547,16.94359741779233,19.58076640417961,0.00017513278000000002,1455.46875,0.02517578125,0.0,1.0,0.0,0.02522356818662956,0.016881478391587733,0.002352773767779581,0.0040348319482291116,0.9242144286632538,0.012438661884516478,0.011935813218588007,0.0029184497834648933,1.0,True
00:14:49,5c41c28e896e090001c03bb0,,0.6440354713091574,,-77.07790556156567,-493.57898,33.105034,-1.455072,3.9332542,-1.1447854,-4.226678400000001,1.0550524,2.7348247000000003,-2.30661,-2.707364,1.9208815,1.5119493,13.960099,5.900816000000001,-1.1641395,-13.286348,-17.298956,-12.216834,-10.585505,-9.642619,0.71302384,-1.6332549938406753e-06,0.02709340613512113,,4895.665610929078,5008.017310154213,11.234279152748456,7.874169095389968,10.797937141456414,18.471011980568328,19.060182640584603,23.9320828493852,16.345598958589,0.07933479,10078.125,0.0711962890625,1.0,0.0,0.0,0.011669578962028028,0.003175649791955948,0.0045778616331517705,0.011527813039720058,0.10332751274108888,0.6612774133682251,0.103420689702034,0.10102342814207076,0.0,True
00:14:50,59278c090220760001fda664,,0.7560979342169265,,-55.915634490062295,-464.9964,52.881133999999996,1.1591817,-0.32209817,-2.676879,-4.103173,-3.8682554,-2.812225,-2.170714,-2.1265127999999995,-1.8054956999999998,-0.6065212,33.75737,12.461088,-2.9467795,-9.692059,-9.694736500000001,-6.376654599999999,-2.4205506000000003,0.44772887,0.5661209,-1.987669655282316e-06,0.03264079792742351,,2440.921786983768,1196.5542471414494,13.389185880436154,8.323038623374947,11.154191544844464,17.950735539801485,19.276939768183745,16.575847617049348,18.767544362503553,0.00023903529999999998,1351.171875,0.026103515625,1.0,0.0,0.0,0.02339834361337125,0.03477408826583996,0.002075629052706063,0.11896290227741703,0.6788858532905578,0.04138135332614183,0.01189539295155555,0.08862642587628215,1.0,False
00:14:50,5c41c28e896e090001c03bb0,136.41570376903812,0.42306500740519576,0.7403494719137054,-27.907098011037693,-279.22708,151.38307,1.9470058999999997,0.3115582,3.1869197,-3.726515,-4.573551,1.5658123,-1.7780783,-3.0604825,-1.8147484,-11.071835499999999,-22.354254,12.993145,5.352387,-7.505405400000001,3.937706,-15.652196,-20.48919,-0.76289564,1.9981779,-0.00013466588463948058,2.258062559557597,21.07763512908816,2141.7550068839278,2267.1230505514604,16.657457205558718,11.467082638137526,14.808063384678235,16.159897282313747,20.184757303722048,21.81586945711099,34.81197170883584,0.0017226603,4151.484375,0.064248046875,,,,,,,,,,,,,True
00:14:51,59278c090220760001fda664,,0.7274652300616621,,-57.66875354893013,-473.2123,43.60435,2.5050082000000002,1.3454238,-0.98441213,-3.2234404,-4.589995,-4.9130163,-4.435679400000001,-3.5122602,-2.4100451,-1.3003784,29.567995,12.231794,-2.4650216,-10.619603,-11.65447,-7.826974000000001,-2.5618634,1.3033609,0.50675577,-1.5087067311277137e-06,0.02483919253693875,,2737.122449718541,1306.035664136885,13.251781038144212,8.116655626376803,11.878753019703254,19.856077762632317,17.264907521884698,15.7925674175374,18.529510843631265,0.00033584234,1311.5625,0.0261962890625,0.0,0.0,0.0,0.09886195361614228,0.112931028008461,0.01622625286690891,0.0025051530450582505,0.4951402395963669,0.2282994031906128,0.044320821575820436,0.0017151541716884822,0.0,False
00:14:51,5c41c28e896e090001c03bb0,126.5532488916848,0.6393565486716297,1.1882967187279323,-54.094937871397924,-451.54523,71.63839,5.331492400000001,-3.0108502,-4.645299400000001,-1.1840612,-0.80902374,-3.4612799,-2.703642,-0.8337719000000001,-3.7299206,-6.4500589999999995,24.937265,8.006233,11.853873,10.083162,2.4694629,0.8407939,6.958891400000001,10.821835499999999,0.6845032,-2.0886378136975324e-05,0.3390031541185945,11.482156437492314,3175.046581720437,2393.5788333694145,12.585793635722888,11.631133048222988,12.597060989048135,17.77236288660919,21.04017384004564,19.70669903249001,19.124252882802253,0.007468616,4805.859375,0.044287109375,,,,,,,,,,,,,True
00:14:52,59278c090220760001fda664,279.00220416794417,0.7959232204543596,3.3809182798372652,-37.84495718421144,-397.8705,102.73918,-3.3829732000000003,2.5959277000000003,-1.0956079,-6.1489925,-6.4311047,-3.5118506000000003,-0.6101378000000001,-2.548004,-5.1302023000000005,-1.5941411,22.998268,-0.67191505,2.4305763,-1.2673448,-7.647019,-11.933850999999999,-13.566559,-11.392873,1.2355847,-5.1850825332274454e-05,0.8476889279163276,18.867725915099907,1755.3368978830354,1209.3665099029993,12.49026161113309,10.688846108040014,15.113734329993562,17.882647918104738,23.755313444992925,22.797300944791452,23.8603794370988,0.00015699171999999998,1838.90625,0.032685546875,0.0,0.0,0.0,0.14412961080670356,0.029861356690526013,0.008023538603447377,0.038865843508392575,0.6678470879793167,0.04936127327382565,0.05070841433480382,0.011202844558283687,1.0,True
00:14:52,5c41c28e896e090001c03bb0,216.11122223477605,0.8630294122408495,1.8120737600851693,-40.90133289991841,-384.49396,88.30268000000001,-4.840934799999999,-9.010974000000001,-3.510025,-5.6020637,-9.855635000000001,-3.1869261000000004,-0.5207662999999999,-1.7365555,-3.2569537,-6.1172876,-2.4731977,6.2472916,11.251327999999999,0.6073539000000001,-3.5493328999999996,-4.6618004,-0.7650289,1.1695375,1.0066408000000002,-5.798655980564398e-05,0.9594963237243678,20.01602629945178,2283.6372135271536,1572.5523242401864,13.010048617021832,15.05257855475204,17.90382763748039,19.288597905639968,22.41114138787745,22.58770019642021,27.832643283096157,0.00015256339,3047.109375,0.033447265625,1.0,1.0,0.0,0.0020755561708938326,0.001781902858056128,0.00032910658046603203,0.003394377767108381,0.9068909287452698,0.009434396012996634,0.07436832164724667,0.0017254249736045795,0.0,True
00:14:53,59278c090220760001fda664,136.95148513152998,0.9021414876277714,0.2572524389071601,-16.723358994072154,-247.73904,198.18379,6.8007035,6.2234106,-3.8540324999999998,2.4126142999999995,3.6103702000000006,-8.3105755,-3.882261,7.516042999999999,-3.9793915999999996,-9.4766,-12.062736,-13.622875,2.0783987,-28.432115999999997,-12.37438,2.9892619,-17.027307999999998,-15.457426000000002,1.176949,-0.00017054934759646342,2.820444747842921,13.929147739054164,1204.9793735966955,1402.2449658756225,16.515034214470905,12.595249188474774,17.00448020765986,20.15032348349891,21.575882541224857,29.41283805768504,33.131264103725144,1.1068559e-05,2104.453125,0.0450390625,0.0,0.0,0.0,0.04800041737034917,0.02575365744996816,0.00944663332775235,0.007319235918112099,0.71028803139925,0.12321623713942245,0.05431345454417169,0.02166231912560761,1.0,True
00:14:53,5c41c28e896e090001c03bb0,,0.9211799211788496,,-88.28870506744123,-506.71384000000006,1.7157258999999998,1.9515401,1.8872789,0.74387205,-0.08060448,-0.020725878,0.44007543,0.49950737,-0.20663507,-0.7877398,-0.06458568599999999,0.28206563,-0.11178192,0.2592856,0.46017644,0.2007698,-0.32443723,-0.36393404,0.70567435,0.06462196,-7.542378205193478e-08,0.0014474319440948413,,6353.3634576085815,6475.690797931021,8.577690659352971,7.793483620073293,13.412871614540654,16.955182183241124,21.18171242605783,18.28575682643905,15.905393566903006,0.16870642,13957.795516304348,0.06485817649147728,0.0,0.0,1.0,0.007349154929397627,0.015134651318658144,0.002605775630217977,0.008449234804720618,0.7823574215173721,0.044276061863638465,0.1351854456588626,0.004642275549122133,0.0,False
00:14:54,59278c090220760001fda664,119.16076491119037,0.8625904000532199,0.3011718728176363,-39.93953156955895,-392.59787,111.05226,0.5037703,4.255343,0.1871104,-4.267747,-3.93747,-1.9460324,-2.6606452000000003,-4.2872639999999995,-3.7321741999999998,-1.9416467,31.852909999999998,8.338024,7.1755130000000005,-4.633157,-8.284822,-4.714517,-7.2983594,-7.085851700000001,0.88725346,-6.17146166269725e-05,1.0151080943171118,11.296108117010682,1925.3186804998816,1154.3626514433122,15.19122814309555,10.389451981455604,13.87455033710237,17.283713453683887,21.846227153817694,20.647088576503528,22.6405874417206,0.00018518136000000003,1551.796875,0.028193359375,0.0,0.0,0.0,0.08224689532071353,0.026326291169971226,0.01541136489249766,0.028682825062423943,0.7635780274868011,0.034743545856326816,0.035211765673011534,0.013799252174794671,1.0,True
00:14:54,5c41c28e896e090001c03bb0,,0.48507598248872796,,-72.1808230890485,-411.24466,99.365776,-19.245728,-21.329388,6.3559456,8.362293,1.8411136000000001,4.4668508000000005,-6.111915,-0.124523096,7.429224499999999,-12.687819000000001,-65.87754,27.406008,17.432795000000002,-26.768146999999995,10.958964,-6.610191,-26.787664000000003,-7.8287416,1.5052624,-3.996831679502592e-05,0.7048722121188367,,4149.065801700152,5448.56826225472,9.995926089067936,8.892286050674908,12.006399658471274,12.999222346862405,14.288343879174304,14.743357004628265,25.09596386825384,0.317392,10459.27734375,0.09237279647435898,0.0,0.0,0.0,0.053714119363576174,0.059381115436553965,0.0661610582843423,0.0034716434209258297,0.5752072237432003,0.16177545599639415,0.07678323909640312,0.0035061467904597523,0.0,False
00:14:55,59278c090220760001fda664,130.94408503817772,0.8952183976482903,2.905692629118213,-23.48024330693757,-289.88953,128.51523,0.07278387,0.5566525,-4.8629456,-7.788661500000001,-3.5565212,-0.07773515,2.0268043999999996,-6.2515883,-4.6839895,-0.8405492,-3.3032777,15.920088,14.457139000000002,26.033562,-6.4250417,-16.198664,-22.708752,-15.146481,1.5889469999999999,-0.00011428899573355691,1.9356003156940702,23.70580652634531,2236.0498264422454,3427.102025255525,15.46964089568552,11.701577793220006,15.777877839802727,16.564907747207766,24.527235389733036,27.547390922951173,35.925800238321145,0.00075295556,5423.90625,0.1328759765625,0.0,0.0,0.0,0.03382963491603732,0.06517440248280762,0.010256296431180091,0.0020823229308007283,0.8531465768814087,0.023008678248152132,0.009931683214381338,0.0025704050756758076,1.0,True
00:14:55,5c41c28e896e090001c03bb0,,0.8062356676468239,,-89.73286771764526,-505.79712,5.423351,-1.2863548999999999,-1.7341803,-0.79612595,-0.007440214499999999,0.0671029,0.36995453,0.42028859999999996,0.09966392,-0.40333697,-2.1081257,3.2897297999999995,2.600172,1.3029791000000002,-0.5388076,-1.3443806999999999,-1.5092256000000002,-1.203663,-0.7402271,0.11637975,-1.6994964678206345e-07,0.003029742966771038,,5956.5965983786655,5768.382940460168,10.219659472991374,9.89284495068878,13.556840924711242,14.241726460120235,13.839332446178622,13.680471340943374,15.295586023441404,0.21894108,12286.70058139535,0.04454848345588235,0.0,0.0,0.0,0.104130373429507,0.0646497592329979,0.25772006809711456,0.007815413817297667,0.1558556451462209,0.2621456168591976,0.13414681162685155,0.013536301581189037,0.0,False
00:14:56,59278c090220760001fda664,120.32784180515199,0.8415300094077116,1.2764638641604882,-30.2134822317118,-335.0835,134.95988,2.8830035,2.2032062999999997,-3.296622,-2.153237,-4.555451000000001,-4.617947,0.67309004,-3.1726604,-9.233447,-1.4584908,11.477616000000001,11.760059,25.785488,11.813951,-4.5540543,-7.7063630000000005,-18.327858,-15.345947,1.0200284,-7.632885079661093e-05,1.27160689293561,16.889855965640713,2124.07729357045,2438.7741314488194,15.93324341351452,11.183800138467648,15.476674365448694,16.722802431608642,20.80905026497331,25.903381140242768,30.97550198772437,0.00090760464,4398.515625,0.078916015625,0.0,0.0,0.0,0.06555243053007871,0.06940593036124483,0.009276881022378804,0.08385522236130782,0.7125573962926864,0.02544404990039766,0.019556170306168498,0.014351946295937525,1.0,True
00:14:56,5c41c28e896e090001c03bb0,,0.7133029587437946,,-106.48122407402094,-507.33987,,,,,,,,,,,,,,,,,,,,,-8.391700013602843e-09,0.0002112656608509006,,6641.268819399369,8390.798069876977,8.574965082236796,8.498355759784829,8.990639498040071,10.023406352155586,11.330281483088472,11.113333452295823,11.984274329484926,0.75152785,16912.5,0.02510579427083333,1.0,0.0,0.0,0.13322222754359245,0.014055793732404709,0.2166694536805153,0.01732620084658265,0.008629340631887316,0.31309947073459626,0.2740291148424149,0.022968396544456482,0.0,False
00:14:57,59278c090220760001fda664,115.2288815083164,0.4403609644981245,0.4445333308994017,-36.686276298840745,-369.86276000000004,101.40706,5.444587,7.9447074,1.5411416999999998,-5.4724426,-8.715177,-6.833037400000001,-3.287556,-0.90071404,-5.7356215,-5.268823,-8.063459,-5.524056,10.265417999999999,-1.1785417999999999,-7.4748597000000006,-1.6043958999999999,-6.338328400000001,-7.2393594,1.3363698999999998,-6.446208591793365e-05,1.0792548338103145,25.230640312891325,2198.330632702445,2499.7157801535195,12.792039037213746,9.935347152786044,11.08855438786888,17.230803847296933,21.64126150790753,23.29157238965455,29.37336298998152,0.0006128218,4085.390625,0.0789404296875,1.0,0.0,0.0,0.1588519866578281,0.09458326960448177,0.06768458001315594,0.031394809047924355,0.4719629421830177,0.09359239637851716,0.06296309777535497,0.01896691807778552,1.0,True
00:14:57,5c41c28e896e090001c03bb0,166.1028013210474,0.6052336397440587,0.6074371516376768,-51.83297582717754,-357.7784,164.685,-19.869247,-21.825004999999997,-0.6165090999999999,3.6580825,-2.6969678,5.149238599999999,2.855718,-6.065476,-10.454369999999999,-15.757663,-24.028776,11.527361,21.455444,-7.1778007,-7.8827214,-8.087444,-8.542117999999999,-8.525574,1.5246621,-0.00012036949869599692,1.9909247181582097,12.191752552884251,3085.9947686811224,2781.9236307660863,14.376085912136366,13.337904209871475,13.949646823814414,15.460908181713348,15.646735990448793,18.48976194813719,26.524333459910444,0.18505107,6000.545058139535,0.04680032169117647,1.0,0.0,0.0,0.10749443732202052,0.006483875075355172,0.05385991968214512,0.03574820850044489,0.005589863029308617,0.2780868344008923,0.4641676604747772,0.048569173202849925,0.0,True
00:14:58,59278c090220760001fda664,110.17390059650793,0.8611395058343794,0.37020667822029296,-43.251990918732254,-394.38333,68.54248,3.2006443,-6.0508404,-4.299444,0.43244395,-6.1894374,-4.431378400000001,1.3718923,1.1151744,-3.8845556000000006,-3.635047,6.285993,32.071135999999996,12.67174,0.46652576,-4.6449223,-8.820845,-5.5892196,0.13396329,1.1427996,-2.8842265153657703e-05,0.5011128421263292,15.057251633551896,3087.5429486081703,3340.777230320701,13.394665126455974,9.405731347602211,13.276392434440474,15.715652504893693,20.31685633232735,22.59521659525573,32.503566795367675,0.0013107575,5973.28125,0.1016357421875,1.0,0.0,0.0,0.05278817228972912,0.02780423626536504,0.011361377942375841,0.014548055641353131,0.8080646723508835,0.04625393962487578,0.027386279770871626,0.011793242691783234,1.0,True
00:14:58,5c41c28e896e090001c03bb0,,0.7768598677778682,,-107.89166112526293,-507.33987,,,,,,,,,,,,,,,,,,,,,-1.0707965491027563e-08,0.00024591362943677744,,6571.702640185356,8235.068624313148,8.708397983136908,8.687424103269715,9.596730808172216,10.19052571155776,10.672322779220018,10.503834936823193,11.567493352993296,0.8152118,16357.03125,0.016950334821428572,1.0,0.0,1.0,0.13858306780457494,0.010129660903476178,0.05409347452223301,0.022399160033091902,0.011510689184069634,0.19706882797181607,0.5522657364606858,0.013949376926757396,0.0,False
00:14:59,59278c090220760001fda664,109.93765413476515,0.5730348044625208,0.4453944449482448,-22.436426954223094,-271.9346,182.89244,8.605008,17.231565,1.9692758000000001,-7.630186999999999,-1.3662728000000002,-2.3445017000000004,-8.84752,-2.6200978999999998,-3.1731119999999997,-5.8971160000000005,-17.011679,-29.812503999999997,14.222605999999999,9.080888,-6.182993,-6.1800623,-10.873429,-11.43891,1.3036876,-0.00013579284782547115,2.254556870396664,22.371256149793663,1348.0218766069495,1467.4640871103,15.275811080839755,10.229534727793713,14.960006480160734,16.454658904168838,24.107633417713558,27.323459191342913,31.167885491015838,1.7627033e-05,2450.625,0.0457763671875,0.0,0.0,0.0,0.04912159591913223,0.00993052327539772,0.0048253301007207495,0.005287932400824503,0.8674149811267853,0.04058381514623762,0.016489253932377324,0.006346539838705212,1.0,True
00:14:59,5c41c28e896e090001c03bb0,,0.0,,-109.46512580451794,-507.33987,,,,,,,,,,,,,,,,,,,,,,,,,,10.211688719812749,10.211688719812749,10.211688719812749,10.211688719812749,10.211688719812749,10.211688719812749,10.211688719812749,1.0000007,,,0.0,0.0,0.0,0.05288077417062596,0.03377729516942054,0.08142771499697117,0.013406241709890307,0.34819833971559994,0.2136064314749092,0.2405205756425857,0.01618262529373169,0.0,False
00:15:00,59278c090220760001fda664,215.375510580997,0.6374387284598181,11.096913205531127,-48.471896641529284,-433.05634000000003,73.25752,-0.60433614,1.7552223000000002,-0.96565723,-3.850481,-6.167091,-6.2381926,-4.5814013,-5.524581400000001,-4.7510769999999996,2.3008652,22.85405,8.8132,11.815613,5.279985,-1.2486712,-3.6728407999999995,-7.634092999999999,-6.9952393,0.7713609,-1.3088290920129448e-05,0.2163346736883944,8.540119039505667,2396.1836746037834,1333.770360468262,14.41168907255191,8.614480972539303,13.288858777832823,17.902396671412152,19.633927983459397,20.646519666173454,20.970903896518923,0.0002495092,1855.546875,0.0280126953125,0.0,0.0,0.0,0.04142590295523405,0.019140506163239483,0.0050855836598202595,0.0018342626513913273,0.8712992191314697,0.033655159175395966,0.02684825425967574,0.0007110993348760531,1.0,True
00:15:00,5c41c28e896e090001c03bb0,,0.7611257287229711,,-98.16667789562058,-506.3808,7.525503,6.619119,6.4378195,6.243466000000001,6.037104599999999,5.8198276,5.592766,5.3570824,5.113960700000001,4.8645935,4.610180000000001,7.496738400000001,7.4489822,7.382511,7.2977095,7.195062599999999,7.075157000000001,6.938672,6.7863774,0.121711805,-2.0623896473005195e-07,0.003434596363904195,,5719.909895552777,4443.510278678876,11.073639287697222,9.762156625562644,10.077902364553893,10.773397873680496,11.670919354262411,11.700805595754135,11.763828989796608,0.6438174,9921.27403846154,0.006308065878378378,0.0,0.0,0.0,0.02823914721957408,0.019262643007095903,0.19616672517731787,0.002514099309337325,0.6827326714992523,0.03954568746266888,0.02725088631268591,0.004288161703152582,0.0,False
00:15:01,59278c090220760001fda664,204.5965581666249,0.5017647780601036,4.094535618987955,-28.99924945204627,-312.7458,156.88176,5.403308,9.2138815,2.0302708,-0.8412413000000001,-7.817683000000001,-10.964297,-1.4820383999999998,1.0773294,-7.8075194,-3.1007867,-0.363769,-12.975247,7.4859605,-5.4305434,-3.2596827,-0.47461796,-19.24604,-17.454401,1.3895757,-9.242474169889632e-05,1.5307894820744437,29.570653359490667,1712.491025304741,1593.338145518979,13.503308458958655,9.519394491466429,12.66432226968388,16.931134691868678,22.043806276177424,26.538994522378093,29.844966746398555,0.00014255839,2804.765625,0.0477734375,1.0,0.0,0.0,0.11756491512060165,0.015274484280962498,0.004888924508122727,0.00851588465156965,0.7251915358006954,0.0835584122221917,0.04323848206549883,0.0017673491092864426,1.0,True
00:15:01,5c41c28e896e090001c03bb0,,0.5730981978561422,,-106.75975271352638,-507.33987,,,,,,,,,,,,,,,,,,,,,-1.3566954502813313e-08,0.00028536467854380163,,6683.7689445142,7275.075116999106,9.292903303447213,9.106039941334119,9.75385376909567,10.327409829044145,10.679599115087628,10.845973101965251,11.575118710293818,0.7516175,15729.319852941177,0.0102691650390625,0.0,0.0,0.0,0.0495667900890112,0.04888209458440542,0.5065941452980042,0.004787083901464939,0.21517726331949236,0.10941745042800904,0.05506293438374996,0.010512207029387356,0.0,False
00:15:02,59278c090220760001fda664,180.0339640054204,0.5102171992981852,5.099170399610079,-27.566487477495052,-322.70248,144.71436,2.7187212000000005,-3.6753967000000003,-5.3300339999999995,2.6699142000000005,-4.7625627999999995,-5.3172574,9.606848,3.6699513999999995,-12.435243,-3.087287,-2.432541,5.449223,32.987297,2.69759,-14.5074835,-19.596745000000002,-30.141161,-16.137311999999998,1.685827,-6.842504420780771e-05,1.1371849196707262,23.040513539319765,1764.2722635244486,1604.7888678897687,13.045247835954724,8.336524223123522,16.120996351320933,16.543302846785007,21.72695283296933,28.33608252749793,29.453291255050484,9.412642e-05,2938.125,0.04171875,1.0,0.0,1.0,0.09979308479362063,0.04500674890975157,0.005571041333799561,0.00305240486179375,0.6767723262310028,0.10983814237018426,0.059116413609849074,0.0008498063091085189,1.0,True
00:15:02,5c41c28e896e090001c03bb0,,0.0,,-109.45978174155123,-507.33987,,,,,,,,,,,,,,,,,,,,,,,,,,10.211688719812749,10.211688719812749,10.211688719812749,10.211688719812749,10.211688719812749,10.211688719812749,10.211688719812749,1.0000007,,,0.0,0.0,0.0,0.08879026994109154,0.0424566138535738,0.4344706237316132,0.01369245972018689,0.054195046238601205,0.18590176180005075,0.16563023030757906,0.014862984418869019,0.0,False
00:15:03,59278c090220760001fda664,294.3897001060511,0.9505294017093676,2.8529555987549644,-53.649764665532615,-454.2651,61.70608000000001,7.0666637,5.034289,0.38790503,-3.2293217,-4.7827067,-3.6231897000000006,-2.1186428,-2.354304,-1.1759608999999998,2.5277066,33.57243,11.950497,-0.023526123,-7.095183400000001,-10.593046000000001,-10.436805,-5.6759205,2.3667147,0.5787100000000001,-3.7593791467285935e-06,0.0622621566902947,16.737666478840662,2367.0880137878808,1326.7871380111192,13.228375588568321,8.358851333019404,11.420822955906182,17.434525441151365,19.14913024357512,16.804204221287428,20.54887369774944,0.00028317416000000003,1856.25,0.031845703125,1.0,0.0,1.0,0.07129666842520238,0.0946413192898035,0.014796652283985169,0.0025125247077085076,0.5871735453605652,0.17559221908450126,0.052076846733689314,0.0019102182734059172,0.0,True
00:15:03,5c41c28e896e090001c03bb0,,0.9849699219090416,,-98.1199628453028,-507.28418,0.96641827,0.84755576,0.8370767,0.8581813,0.88711923,0.8936381999999999,0.8636951999999999,0.8100101,0.7625407,0.7460204,0.76142424,0.9248496999999999,0.89014435,0.8865536,0.9142725,0.94930005,0.9614502,0.9370086,0.88903177,0.046446346,-2.3746242436252316e-08,0.0005234587552417825,,6733.980627961147,7853.589149607009,9.74988713743131,7.1496572431832774,9.534259464804807,14.290593834589622,13.65822327609726,13.301261519775913,13.39203816600476,0.39703575,16550.435126582277,0.034569076344936715,1.0,0.0,0.0,0.09940979406237603,0.01097673582844436,0.21799247253220527,0.032103370595723386,0.07399636530317366,0.19928327277302746,0.32671830952167513,0.03951969817280769,0.0,False
00:15:04,59278c090220760001fda664,,0.6517534123121864,,-56.2578705621897,-466.9945,49.301003,4.0855794,2.751023,0.02491137,-2.8301873,-3.951718,-3.4263684999999997,-3.4177709000000003,-3.0959911,-1.0846452,1.5247868,31.37097,13.750967999999999,-0.28116173,-7.5492473,-8.510581,-7.1080976,-3.3391457,1.8595897000000001,0.5643522,-1.972954023913669e-06,0.03276979594657448,,2648.427975683878,1455.6631720057885,12.160298582784689,8.140062462680497,12.037050789191401,18.634799552385648,19.06330401483267,16.949140613597095,20.2636932069344,0.00036332160000000004,1864.6875,0.03265625,0.0,0.0,0.0,0.06256091836839914,0.1472848489880562,0.033496817108243704,0.0016744638909585775,0.6196401596069336,0.1110553614795208,0.02231634594500065,0.001971069321734831,0.0,True
00:15:04,5c41c28e896e090001c03bb0,133.13566959955622,0.5561454210367588,0.7080407258489154,-56.95353448645198,-377.2716,150.44818,-6.250435400000001,-5.6795945,5.231242,1.3678089,-5.279857,-4.965195,-4.2372026,1.5152108999999998,-2.6297727,-14.82986,-18.350498,12.558415,35.647194,-3.8224387,-8.72684,-6.085079,-7.907269500000001,-1.3073742,1.3034451,-8.854945957792053e-05,1.4659001491331107,17.549744452191643,3768.2477437573657,3655.3322375270977,13.15988954792758,11.154798316225829,12.451493964191995,13.25339650943208,16.22242557557999,19.361385635380227,23.96427878972739,0.12228953,7842.7136479591845,0.020502505095108696,1.0,0.0,0.0,0.002902785735204816,0.0076495252549648295,0.0009856166667304932,0.01671608673641458,0.7327505230903626,0.021325229480862615,0.19011547081172467,0.02755475426092744,0.0,True
00:15:05,59278c090220760001fda664,149.88889168051819,0.5404108391242418,1.808669604103456,-24.414789237523504,-281.70694,147.52116,5.8143353,9.112971,2.0723827,0.8129543,-5.3603535,-5.0862,1.2442254,-3.4456212999999996,-10.463451,-0.20894963,-22.422276999999998,-0.26987308,8.409492,-6.7874737000000005,-7.6311097000000006,-3.3020017,-19.440159,-20.747732,1.8568543000000002,-0.00011724686068744287,1.966174586815829,28.590245143049284,1914.5635671063144,2192.858989316673,13.170850329032358,10.098331159369717,13.830786004966585,16.983176097212493,21.98045721472453,25.5010733953713,33.38786359517992,0.00019440375,3715.078125,0.0725390625,1.0,0.0,0.0,0.1227394349873066,0.1036582475528121,0.03158107190392912,0.02718795300461352,0.5588263124227524,0.08691303888335825,0.0574097128584981,0.011684225004864856,1.0,True
00:15:05,5c41c28e896e090001c03bb0,,0.7224328936853124,,-96.24921103337437,-506.82885999999996,2.9737654,1.3038564,1.4239693000000002,0.70582664,-0.2619033,-0.58440673,-0.11409592,0.39166772,0.17892821,-0.6172966,-1.1513776000000002,2.0990365,1.7748281000000004,2.2550747,2.7955275,2.5450292,1.5601766000000001,0.7399656,0.76489604,0.061531283,-1.0334367310619078e-07,0.001853790459288048,,6044.2553820461135,5632.892821384726,10.083552254319716,8.464722151891989,8.86534473760105,10.513391146405525,12.441137435885965,13.015204349327755,13.473091483600873,0.40791940000000004,12264.508928571431,0.028640974813432838,0.0,0.0,0.0,0.03367919457377866,0.028001654078252614,0.0757490137766581,0.09296858224552124,0.3717922575771809,0.10720985294319688,0.2761764816939831,0.014422991732135413,0.0,True
00:15:06,59278c090220760001fda664,124.0425447664425,0.6004751001072136,3.4103859437441715,-27.261101855494285,-325.94592,127.20844,-5.578542700000001,-7.0719460000000005,-4.6718135,-4.4905934,-13.041293,-5.685885,4.8500295,0.44687626,-6.4352117,-2.4850686,3.0773451,24.490997,31.5329,10.817581,-8.994983,-11.609397999999999,-16.129839999999998,-16.542776,1.3725824,-5.4740962730827616e-05,0.9185608983267072,17.117830444644383,1962.4624548434078,2195.364647003469,13.756883099777687,10.064319105767712,15.986500623258445,16.96402406323499,21.736889529098917,24.281100502756804,32.21636013416028,0.00023352196,3697.734375,0.075439453125,0.0,0.0,0.0,0.17080188915133476,0.04882991868071258,0.03045377670205198,0.11607921101385728,0.5224294915795327,0.0469494346762076,0.03236665446311236,0.03208964099176228,1.0,True
00:15:06,5c41c28e896e090001c03bb0,,0.8074592322734689,,-108.3254383783528,-507.33987,,,,,,,,,,,,,,,,,,,,,-9.707201115193468e-09,0.0001878766296144321,,6487.174221554366,5875.732249327271,9.288679296350868,9.415794346588845,9.37708747701208,9.46980480974825,10.214274704618967,10.57787877484885,11.037400203055897,0.88477737,14241.2109375,0.004732572115384615,0.0,0.0,0.0,0.05204100497066975,0.011447096522897484,0.15043309032917024,0.053692329581826924,0.02059572730213404,0.1308701142668724,0.5643887281417846,0.016531898826360702,0.0,False
00:15:07,59278c090220760001fda664,,0.7257444624231535,,-54.04021015403799,-455.95205999999996,46.57842,3.2854471,1.9595512,0.17090331,-3.1083992,-5.586556,-5.558315299999999,-5.283326000000001,-2.7824419,0.5584334,0.8749361999999999,32.409546,19.600327,-9.75018,-7.303089,-8.891948,-9.185625,-1.364537,1.2458699,0.6593595999999999,-3.4855354025881515e-06,0.06908243958126697,,2999.353136881504,2424.295603342699,12.673232937172846,8.493903839473006,11.585031788049193,17.702802272302996,17.36496775282276,16.860772805501483,24.219895640382685,0.0008963486,3624.375,0.0709326171875,0.0,0.0,0.0,0.15001175962388516,0.021231097868439974,0.018848261248786004,0.1192277941852808,0.19651550156995654,0.274369430821389,0.024467329774051902,0.19532881937921048,1.0,True
00:15:07,5c41c28e896e090001c03bb0,246.49955994192027,0.4654537553468288,1.4069374162841999,-65.66812561108637,-400.91927999999996,134.43973,-18.512508,-17.148167,-1.3816918,-1.8976548,1.0586906999999999,-0.54298884,-11.985869000000001,1.6116767,3.0978222,-18.463844,-31.662609999999997,25.286877,14.734611,1.9730698,-8.354605000000001,-20.838043,-15.159784,-9.722411,2.4163759,-7.448771409136325e-05,1.2505360476691612,20.351232218652736,4685.6995490700265,5371.5837781724795,8.886189868207595,9.64513844203188,14.4145674643584,12.845874656724545,20.18720049396832,18.06836713693844,25.03146656390944,0.18896729999999998,10787.642045454546,0.04791329920977012,0.0,0.0,0.0,0.07506024725735187,0.013797818310558796,0.13099831752479074,0.02217509374022484,0.015030430909246209,0.23763782232999806,0.4840306639671326,0.02126961816102266,0.0,True
00:15:08,59278c090220760001fda664,,0.7463004894645361,,-60.572151313626975,-481.9598,33.10172,2.291559,1.6842893,-0.8492331,-3.9444716,-6.24635,-6.9757466,-6.132581,-4.321146499999999,-2.3570516,-0.8815408000000001,23.69846,11.457732,0.08938186599999999,-7.428131,-9.852041,-7.901287,-3.6892362000000003,0.31218290000000004,0.42105097,-1.0452699620895336e-06,0.017289178885940632,,3151.8661874193267,1470.380310715872,15.70316785761678,7.860822757953475,11.077217748187811,20.067192967179736,15.425482553659105,14.810307176388855,18.50396498630822,0.0005066861599999999,1418.203125,0.0251171875,0.0,0.0,0.0,0.06274065775796771,0.04563813842833042,0.028182068688329308,0.01342330663173925,0.6914534255862236,0.10945980567485096,0.02553537911735475,0.02356722576078028,1.0,False
00:15:08,5c41c28e896e090001c03bb0,214.90563736838203,0.912618845356408,1.144858354724746,-17.327519157324193,-201.94115,136.61774,-14.0518265,-9.879197,-0.47856635,-3.8748755,-1.3924448,0.05345582,-1.5659938,-1.0475663,3.146249,-17.980364,-50.033966,35.209198,-3.9247942000000005,-7.103001600000001,3.0749020000000002,-12.245610000000001,-31.443586,-17.521517000000003,1.9625717,-0.0001934562525320982,3.3210631000239466,15.360229987815357,2277.286499402357,2753.5880873976726,15.338739584795704,15.314169607208393,19.261090260471185,17.450722213184928,21.388224631543245,20.958558976734377,44.571096606766396,2.728856e-05,4706.71875,0.0822314453125,1.0,0.0,0.0,0.042339967377483835,0.01852396194590256,0.2163156081922352,0.04425189280882478,0.17535131573677062,0.12293465053662657,0.3276057709008455,0.05267682578414679,0.0,True
00:15:09,59278c090220760001fda664,,0.7323083791944949,,-60.19401127390448,-481.75552000000005,33.403873,2.7117386000000003,2.1264381,-0.49614369999999997,-3.7733587999999996,-6.246775,-6.982892,-5.8631806,-3.5068373999999998,-0.9206032,0.9438689,24.029099,11.806386999999999,0.42453006,-7.1377645,-9.612933,-7.6834564,-3.4373345,0.64670396,0.41876638,-1.0816754688483409e-06,0.017869894276610156,,3115.7230373840853,1448.402139828311,13.517559877476645,8.030232275172082,11.029740653696406,21.29762193939454,16.166335723865593,14.971904591864837,18.120274165837337,0.00050405797,1473.28125,0.026015625,0.0,0.0,0.0,0.03645175867713988,0.04165465822443366,0.00538421788951382,0.02777637387625873,0.5936164885759354,0.14497708901762962,0.022568828985095025,0.1275705666281283,1.0,False
00:15:09,5c41c28e896e090001c03bb0,152.36475559019678,0.8703855406885919,1.3063049531074034,-48.18319808941844,-391.9639,85.02972,0.5096117,-7.2652,-3.3835807,1.9296442999999999,5.3528404,1.2127161,-1.7494032,-2.1691506,-3.9210955999999997,-10.270797,-13.241166,24.670414,19.189747,-5.3893414,-1.4447632,4.437571,-9.219698,-0.8610671,0.9200579,-6.26457130151694e-05,1.0750823896482546,14.918473880867705,3407.8172979879896,3100.296201435837,14.529764672556384,13.06307432276463,14.428783441683054,16.004094181913498,21.49784035549203,25.710193586237736,24.378700312631892,0.008747821,5823.046875,0.0682470703125,1.0,0.0,0.0,0.05124583896249533,0.0042886878829449405,0.216765858232975,0.1651562128216028,0.02015917180106044,0.02366892909631133,0.4568784024566412,0.06183689187746495,0.0,True
00:15:10,59278c090220760001fda664,122.20867907699969,0.5611800339923334,1.4380040123522284,-42.61267816784721,-386.58655,105.44903000000001,8.166466999999999,6.1999474,0.0851418,-3.9928752999999997,-7.231339999999999,-3.3877506,0.22513302,-5.5442195,-7.094846,-0.04561255,12.393849000000001,-3.3509142,6.107426,-4.4067197,-12.735709,-9.938274,-6.6850557,-0.051691472999999995,1.0009747,-6.680971834769498e-05,1.1066143622032631,28.97893695057025,2116.5516068317293,1491.580603882641,13.819775883000725,10.138095569547119,12.90145103549322,17.589058780854756,20.166577597348454,21.94447196482101,25.48901599826439,0.00028478476,2356.40625,0.03833984375,0.0,0.0,0.0,0.0038277516956441104,0.027423338079825044,0.0014691474672872574,0.012209707428701222,0.7907324701547622,0.04520534905605018,0.0045908731990493825,0.11454134956002235,1.0,True
00:15:10,5c41c28e896e090001c03bb0,154.92800521489718,0.6848117017645418,2.624812764597388,-40.467231529508716,-349.73953,111.11428000000001,-7.309823,-0.97031677,10.101238,7.815407799999999,2.893583,-2.4131567000000005,-5.703522,-0.18183643,1.0847122999999999,-7.729120699999999,-13.170009,5.8197980000000005,4.414275,1.7017671000000003,3.119243,2.5172543999999997,-4.349371400000001,-5.028118599999999,1.2740996,-9.89898306428134e-05,1.6581896950331592,13.263161692425227,2912.332813782179,2090.9549988978247,14.313250373216968,12.84271478335175,13.424892703855715,15.247722201868212,16.491718704137078,19.208364699921056,29.931225663905803,0.007430521,4211.25,0.0296435546875,1.0,0.0,0.0,0.05302388090640306,0.0020033470122143627,0.20078011453151706,0.11505268476903438,0.0066147712292149675,0.013169091660529377,0.5905100330710411,0.018846053874585773,0.0,True
00:15:11,59278c090220760001fda664,,0.775832440399471,,-59.54433718122542,-478.9378,36.39434,4.4192976999999996,2.8882537,-0.4228885,-3.9865234,-6.367319599999999,-6.753369999999999,-5.214896700000001,-2.5821438,-0.002387681,1.591849,24.661379999999998,10.158418,-2.1377892000000003,-8.902486999999999,-9.542599000000001,-5.8525324,-0.7359535,3.1786887999999998,0.43884656,-1.2478090223867667e-06,0.020563340998980405,,2987.0468461570167,1411.0280062145237,12.886503665038193,7.781072375643294,12.721582966545055,21.108496831473012,17.599006186717087,15.087577317503527,17.670923839278718,0.00045919822999999997,1494.609375,0.0273974609375,1.0,0.0,0.0,0.004397203944972715,0.005712619191035629,0.0007883646998379845,0.04193997646216304,0.8488688588142395,0.006102559308055788,0.0027741323487134647,0.08941628276370465,1.0,False
00:15:11,5c41c28e896e090001c03bb0,242.01871569639962,0.9661104296625886,2.7694446358202867,-22.53487740677926,-262.33383,139.2885,-17.848763,-6.558590400000001,11.470809,-1.9531881999999998,-4.9421916,3.9101752999999997,-6.1159253,-1.1643915,-1.6812173,-20.875767,-34.35545,19.394804,-2.8742335,-15.818278,2.011774,-24.63416,-21.227276,-6.911975,1.9141675999999999,-0.00012541241917303492,2.1253394424819883,18.906186831947387,2039.0225757110986,2110.130915749028,13.80631061517102,14.040428255769218,15.985113302951536,14.535897907028835,19.38815485708812,21.988836743063956,42.14231574882379,1.3817824e-05,3794.0625,0.05875,1.0,0.0,0.0,0.06582103036344053,0.004403249267488718,0.22484506219625472,0.04860892673023045,0.008481024205684662,0.029554601572453976,0.6132332652807235,0.00505287250271067,0.0,True
00:15:12,59278c090220760001fda664,,0.7534166306851928,,-61.76850803949827,-486.6269,27.369526,3.3729953999999998,3.7441244,1.8930405,-1.2418458,-4.3284926,-6.209543,-6.330178299999999,-4.8773947,-2.6134007,-0.5079075,20.201496,10.643374,1.3926902,-5.1960945,-7.8636856,-6.7635508,-3.2550213,0.71404856,0.35507435,-8.863453614743849e-07,0.014684719196290963,,3419.0345489231017,1599.5121398503131,16.426963203274774,9.09433129171966,11.861950817218332,21.700524222696448,14.688670913149176,14.537988966907363,17.758207786764395,0.0006776959,1772.109375,0.0242236328125,1.0,0.0,0.0,0.031095342803746463,0.019668976590037347,0.013228240376338362,0.02088771394919604,0.7601394802331924,0.06912872428074479,0.031028602295555176,0.05482293637469411,1.0,False
00:15:12,5c41c28e896e090001c03bb0,194.35594521505158,0.7469612731610168,1.0420683015527377,-16.119674145853132,-218.15652000000003,117.506996,-9.157202,-7.1487603,0.9400377000000001,-2.5650811,-5.2793837,0.47705690000000006,-3.341796,-4.4290833,3.9722607000000005,-20.808315,-59.692135,33.32502,-4.636904,-9.566219,11.410378999999999,-5.408008000000001,-24.702335,-3.9138919999999997,1.8625482,-0.00017917482675338482,3.1413490492006044,14.79668252135508,1905.1005470739767,3121.9024557894904,14.718514036771502,12.21904874735818,15.513564206127331,16.51439812114405,19.3372067830474,23.103704149959878,45.21164100843921,2.106581e-05,4414.6875,0.1076025390625,1.0,0.0,0.0,0.06900044137405023,0.004020152328949835,0.2845758828851912,0.03378610550943348,0.007418944319296216,0.039594628227253764,0.5546947204404407,0.006909081123821024,0.0,True
00:15:13,59278c090220760001fda664,,0.7502314397372403,,-61.47598177520278,-484.30682,30.210115000000002,2.3429382000000003,1.7915863,-0.35158238,-2.8746226000000004,-4.625272,-5.0245432999999995,-4.2293105,-2.924553,-1.8995898999999998,-1.64232,21.940191,11.153654,1.0982290000000001,-5.608418,-7.862674,-6.281885,-2.7116625,0.68724483,0.38529040000000003,-9.67341880058027e-07,0.01601246904398226,,3325.8638807590764,1569.3936504324085,15.414933375423407,8.901505195131756,10.657959505192323,21.090006021284808,15.793928977471644,15.013767898135605,18.219420081870123,0.0006916783,1867.734375,0.025146484375,1.0,0.0,0.0,0.02605763040482998,0.07216306868940592,0.020743590011261404,0.002542661875486374,0.7374063313007355,0.10633692890405656,0.026013303175568585,0.008736489660805091,0.0,False
00:15:13,5c41c28e896e090001c03bb0,154.32201535694875,0.946581415813796,0.4832961753108816,-15.985030256635742,-237.48766,182.40646,-14.865005499999999,-6.986948,-1.8891900000000001,-4.7401222999999995,-2.0327976000000003,6.6586194,1.1466290000000001,-2.3007636000000002,-3.118968,-13.245047,-10.302361,16.122961,5.221883,-15.31112,-2.1061810000000003,-8.4288,-23.309153,-23.56261,1.8210255000000002,-0.00017000008485692112,2.8174204041169864,10.514421531319252,1537.9097170480136,1393.0026592818906,18.82852168047967,15.865979674496975,19.67548812839283,17.660379435620133,21.646625901303096,22.472889284293093,36.86611418900417,8.620041e-06,2357.578125,0.0349609375,1.0,0.0,0.0,0.1438633142547174,0.0053190740079365,0.3103742521594871,0.1429736354303631,0.0070387367582456645,0.1052738343450156,0.2117009088397026,0.07345624047924172,0.0,True
00:15:14,59278c090220760001fda664,,0.7471343804126673,,-60.819654168930356,-482.67812999999995,32.179159999999996,0.89038974,1.0419406999999998,-0.6884438,-3.2051861,-5.2059945999999995,-5.7808150000000005,-4.7947288,-2.8728062999999997,-1.0024613000000002,0.017058859,23.033035,11.12756,0.008997595,-7.532033,-10.338857,-9.006566000000001,-5.3369837,-1.4765625,0.40772572,-1.0128940937141156e-06,0.016748612898139014,,3161.123064824676,1462.3502241157792,14.84281937372266,8.840082233606061,10.179718342582882,20.051096712959744,14.603730996661135,14.88197817757733,17.943381934565167,0.0004871004,1423.828125,0.0256298828125,1.0,0.0,0.0,0.13745832853019238,0.07767501147463918,0.06819031862542033,0.03162571737775579,0.3865680605173111,0.17709151171147824,0.10768835786730052,0.013702701893635094,1.0,False
00:15:14,5c41c28e896e090001c03bb0,149.34265178347204,0.920384618809772,0.8651573477559752,-19.782592657493748,-250.75339,147.6929,-1.5035926000000002,-3.3674817000000004,0.020783482,-0.40437073,-1.2546283,3.985697,1.340981,-0.6598378,-3.7694690000000004,-16.051195,-30.879848,31.072073,22.792151999999998,-1.4038137,-0.08839214,-23.362494,-32.644527000000004,-12.325325,1.9503198,-0.00014854787148155886,2.5004251489264258,17.169302807567412,1746.6768083620452,2122.772725645555,16.859362607899328,13.56599105064655,18.62618613395844,17.218242474109854,21.315710530353588,23.518605047976926,38.912767187847365,1.1927903e-05,3495.234375,0.06361328125,1.0,0.0,0.0,0.21669208755095803,0.003690735010119776,0.18757163567675486,0.0997095066640112,0.003935830007928113,0.17144992036951912,0.21792033976978725,0.0990299264796906,0.0,True
00:15:15,59278c090220760001fda664,,0.7509503894472265,,-58.29038875159368,-475.68478,40.032917,3.8446142999999995,2.00745,-1.2153283000000001,-4.412261,-6.43012,-6.721976,-5.5052657,-3.6100627999999997,-2.0203395,-1.3420117,25.96455,9.031947,-4.616017299999999,-11.282475,-10.890052,-6.1393347,-0.5808495,3.103428,0.5208607,-1.4253544159367349e-06,0.02348023234796972,,2846.449337956148,1378.9776295907586,12.658970942899165,8.412523513319313,10.863414776140482,19.475066324368772,17.784445812841867,15.6070227708436,18.15719026448188,0.0004247039,1479.84375,0.027822265625,1.0,0.0,0.0,0.0700294703245163,0.039663842599838975,0.011315919063054023,0.0612046938855201,0.6941807448863984,0.04076039446517825,0.06938788928091526,0.013457021466456354,1.0,False
00:15:15,5c41c28e896e090001c03bb0,183.12742306583888,0.2640982096371889,2.1346466790347534,-40.76073870901456,-382.8407,103.954094,-11.142911999999999,-20.666803,-0.36097209999999996,8.345894,2.7021153,1.5239912,-4.083437399999999,-1.040969,2.6428626,-9.912814,-4.164257,40.379979999999996,43.630238,-12.35561,-16.694046,-15.200860999999998,-20.116953,-4.539981,1.5484108,-5.214138633589426e-05,0.8643212804187951,16.507678278216638,2572.609110608803,2683.280552469332,14.766065519641677,10.876429062012472,16.32747184817269,15.44911100794052,21.040045895227564,21.97360096805764,27.407499584068702,0.013879681000000001,5116.171875,0.0723388671875,1.0,0.0,0.0,0.15370487570762634,0.00981303190928884,0.22727486197836694,0.08784373803064227,0.023129757633432745,0.14229097813367844,0.3077908728271723,0.04815188250504434,0.0,True
00:15:16,59278c090220760001fda664,,0.7215295899072042,,-60.993230213135185,-482.15297999999996,32.26716,1.6803696,0.9652626,-1.5758955,-4.25432,-5.509942,-4.9642105,-3.3529832,-1.5999771,-0.11783671,1.0462627,21.867786,9.490188,-0.69139355,-6.561028,-8.136389999999999,-6.5546103,-3.2966212999999995,-0.01717254,0.41805509999999996,-1.1192598736148183e-06,0.018498803699409583,,3171.135649614558,1564.3703923538465,12.792565189447766,7.984726733687916,10.531609013648279,19.059949722536267,18.335995425539238,14.857821125163175,18.120941925172158,0.0006997822,1890.703125,0.028701171875,0.0,0.0,0.0,0.019982299581170083,0.0587921753525734,0.0037970867357216775,0.008443711209110916,0.8510483503341675,0.02553328657522797,0.023152788681909443,0.009250317816622557,1.0,False
00:15:16,5c41c28e896e090001c03bb0,161.31965883433114,0.899432908939905,0.6878167107011137,-17.55344416200509,-195.60278,160.09056,-10.980288999999999,-14.443725,1.1232567,1.9202924,-1.5426073,-0.18586779,-3.7614045,-0.26469332,2.2840996,-18.093510000000002,-51.301594,24.718372,11.471539,-5.336160700000001,-1.5485805000000001,-10.160724,-23.547878,-10.300073,1.9089189999999998,-0.00019354442243528318,3.286636398108536,15.5553709044785,2058.268909675501,2314.1840796175625,17.62970010765578,14.409782089151314,17.259654252787616,15.463274650082047,18.408908788367487,21.904786296594988,41.832628248734395,2.4746905000000002e-05,4121.015625,0.0677880859375,1.0,0.0,0.0,0.04165518805384636,0.008717704634182154,0.06367508992552758,0.061279770359396926,0.054360880400054164,0.07593231163918973,0.6880517214536667,0.006327345222234726,0.0,True
00:15:17,59278c090220760001fda664,,0.7554005555210473,,-64.23218256527643,-490.78265,21.865816,1.4990938,1.6845506000000001,0.14709935,-2.2869327,-4.5357747,-5.719713,-5.477832,-4.043324,-2.081433,-0.38254142,15.723687,7.5847507,-0.21020472,-5.662628,-7.7630315,-6.7294035,-3.7787218,-0.5604816,0.33540073,-6.854100541144535e-07,0.011442526714988542,,3691.267535128753,1798.7757787260102,16.130931639752813,8.32440544757389,10.477988049678263,21.242839508194248,14.895291561083074,14.676472654251533,17.672246299336386,0.0009454068499999999,2172.890625,0.027626953125,1.0,0.0,0.0,0.08641183190047741,0.0386861021630466,0.006412537582218647,0.005072969320463017,0.7577825158834457,0.08281057476997375,0.01941585345193744,0.0034076489682774986,0.0,False
00:15:17,5c41c28e896e090001c03bb0,144.45744393830802,0.9201546566637748,0.5093269887724275,-15.74741367916292,-194.85248,171.30698999999998,-9.406216,-6.0228972,3.7729480000000004,-3.6702337,0.5820026999999999,-0.51462376,-3.7958635999999997,-2.1925757000000003,-0.087178014,-11.120495,-32.849625,21.562732999999998,-0.72101104,-6.9500003,-0.8232931999999998,-6.0054172999999995,-19.690302,-8.587039,1.8124144,-0.0002307687908048765,3.8947848110775896,14.53652576222202,1821.8777047996984,1903.6318644753653,16.348089526628435,13.774712468697874,16.281661323623435,17.782740297880302,20.93316524927445,22.403677126325515,41.01614099768035,1.8286122e-05,3132.421875,0.0534228515625,1.0,0.0,0.0,0.05322603764943778,0.014292514184489846,0.03520441494765692,0.234367486089468,0.2028668156126514,0.1121993331471458,0.2578094517812133,0.09003395773470403,0.0,True
00:15:18,59278c090220760001fda664,,0.7400456136595297,,-63.191626697625615,-488.6993,24.70103,0.18237136,0.39395007,-0.9665338,-3.0856276,-4.913817,-5.631187000000001,-4.9582615,-3.2074687,-1.0883061,0.6222499,18.237837,9.603296,1.1936788999999999,-4.9238324,-7.6684823,-7.196256,-4.6805096,-1.7478878,0.34985104,-7.74435497903568e-07,0.012881036001496376,,3560.4737359958567,1693.9251633762756,14.795997265709536,8.085477721672254,10.330612618691779,20.470338306937037,15.55904069129657,14.814819022863054,17.691661318849953,0.0008108247,1883.203125,0.0254150390625,0.0,0.0,0.0,0.05140679068863392,0.021273488947190344,0.004987651691772043,0.048677880899049335,0.7862118303775787,0.024801364401355386,0.011192108271643521,0.051448865141719584,1.0,False
00:15:18,5c41c28e896e090001c03bb0,159.81100370345942,0.9047945740464001,0.6085721391060624,-17.70075335906958,-214.87659,148.32549,-8.214824,-11.790877,-3.8670413,0.98404163,7.308891,-7.656833,-8.137578,5.804623599999999,-2.7301598,-15.4657345,-42.837807,42.89375,28.142002,-6.538467400000001,-12.011122,-16.462751,-26.570823999999998,-9.838158,1.9601988000000001,-0.0002069119273409374,3.491291405285782,17.506152750270253,2007.043149473325,2134.313784332356,15.8538760411923,13.991883324373793,17.48270591774199,16.466523974351517,21.19312091880261,23.53843228465263,41.153895475488895,3.0796207e-05,3780.234375,0.05029296875,1.0,0.0,0.0,0.005168909206986427,0.007193347768406966,0.031905207729141696,0.2862497121095657,0.09510515341535213,0.025736624351702632,0.37217632979154586,0.17646473459899426,0.0,True
00:15:19,59278c090220760001fda664,,0.989780759899832,,-61.16260070668884,-484.87744000000004,28.014858,0.9632831000000001,1.2401029,-1.4860306,-4.5615687000000005,-5.8016879999999995,-5.1498504,-3.7260419999999996,-2.136012,-0.30114597,1.5083799999999998,17.331707,6.1538075999999995,-1.7359941000000003,-6.294665,-8.847746,-9.388958,-7.070410300000001,-2.6523736,0.43162385,-1.0706923661318094e-06,0.01779082579644163,,3280.832319891929,1690.7454143183124,13.069198693464768,8.354728525096064,10.850531613401131,20.032194994024557,18.52737372478478,15.407600732535755,18.28271653022626,0.0007384547000000001,2015.390625,0.0312060546875,1.0,0.0,0.0,0.051813026005402205,0.02913146107457578,0.010057205305201931,0.019274609767307996,0.8223917603492736,0.02904322226531804,0.03258034890168346,0.00570839123101905,1.0,False
00:15:19,5c41c28e896e090001c03bb0,150.67896402857724,0.9084884866812506,0.5854037490768706,-17.341668555939368,-201.40887,157.80663,-1.8531668999999997,-2.4646556,-0.0022056126000000002,-1.2387813,6.606652,-2.2132077000000003,-4.7144203000000005,4.345915,-4.5498447,-17.457142,-43.26866,28.554352,7.5483839999999995,3.3415722999999997,1.4512709,-27.045948,-29.026901000000002,-3.5882015,1.8178133,-0.000204656254929063,3.4449261040869263,18.863008538219482,1986.5312817297024,2205.4796656721646,16.270193105600914,13.094692353138804,17.240807877682414,17.183248344891354,22.959031588605317,24.32532323848689,43.362725495820534,1.4393857e-05,3779.0625,0.061064453125,1.0,0.0,0.0,0.07548575582914055,0.004277326830197126,0.016627519438043237,0.21888643652200696,0.1464999843388796,0.058376929210498925,0.3848805472254753,0.09496548883616923,0.0,True
00:15:20,59278c090220760001fda664,,0.7553995194373073,,-62.593829828712366,-488.1164,25.261997,1.8907479999999999,2.1238344,0.46389332,-2.1643293,-4.5758815,-5.820713,-5.5187044,-3.930815,-1.7737482,0.11787939999999998,18.128178,8.717473,-0.23116046,-6.4180565000000005,-8.728052,-7.471883,-4.080696,-0.43223563,0.34979177,-8.037809008131715e-07,0.013358002148403514,,3487.369223623237,1673.4481227899566,14.996868170938955,8.078192794718799,11.974630383650391,21.296695906376435,14.946311854482978,15.463363130967045,17.932029888953068,0.00075002795,1894.453125,0.0262646484375,1.0,0.0,0.0,0.020768178207799796,0.014257598528638482,0.003053781850030646,0.002956678677583113,0.9218304872512816,0.022414809162728488,0.012460261420346796,0.0022581780736800282,1.0,False
00:15:20,5c41c28e896e090001c03bb0,164.45146421258102,0.8809190589986118,1.3096595139082496,-19.351648731757763,-230.5752,154.93618999999998,-9.133132000000002,-7.012086,0.9242689000000001,1.513562,3.6010501000000006,-2.8026617000000003,-4.2596907999999996,0.5884571,-2.2295387000000004,-11.863868,-31.142212,18.77501,7.9672465,-2.7776947,-6.4116015,-11.490705,-16.61219,-8.716853,1.9838443,-0.00019060940668351936,3.2086502942430335,15.801496125747788,1827.510575336145,1736.616099484042,14.863022981692367,12.831597038069653,17.54053182984341,18.06995345564575,19.965020387488416,22.396598799609023,38.46949038499049,1.8728648e-05,3160.78125,0.0372900390625,1.0,0.0,0.0,0.03782433912985855,0.01333532227403743,0.025230740184067853,0.18571203305489487,0.1936453820930587,0.07360280822548601,0.3284674028141631,0.1421819550709592,0.0,True
00:15:21,59278c090220760001fda664,,0.7690813651001359,,-62.604842753761176,-488.02505,25.6428,0.6729808,1.5391858999999999,0.7094617,-1.2596923,-3.4761333,-5.0991735,-5.6410313,-5.0846496,-3.8026769999999996,-2.3416772,19.132317,10.386175999999999,1.7747247,-4.6307735,-7.693386,-7.460686999999999,-4.9786067,-1.7881924999999999,0.35156962,-8.053604085731835e-07,0.013377317950583792,,3466.1741364851146,1623.2294089980564,13.154998497840845,7.697928286918764,11.156797212886136,19.443624242682635,15.396530691067085,14.825626569814933,17.788581533823447,0.0006666483,1717.734375,0.025068359375,0.0,0.0,0.0,0.023980840854346756,0.030884312372654675,0.0029900862718932326,0.0016348062781617045,0.8884494662284851,0.034924226254224776,0.015532833943143488,0.001603451994014904,0.0,False
00:15:21,5c41c28e896e090001c03bb0,275.18482905437764,0.8123203808685792,10.270263690477481,-24.237151132498962,-190.29366000000002,120.18276999999999,-4.8389196,-1.1811129999999999,6.6987065999999995,3.0347264,2.538554,-8.190611,3.6395204,-0.24081627,0.4710755999999999,-7.490102,-70.9349,12.297991,-12.507057000000001,10.147976,-19.446882000000002,-5.275188,-5.6913958,5.414706,1.7594994,-0.00025576444945107864,4.463216868296239,33.14142926366371,2786.8820363961177,3155.217516972269,13.770923240456222,9.267543311129494,14.562894590297494,14.336433278687355,19.052743101144067,22.39763581848696,43.99176751672458,0.0018995891,5526.5625,0.096025390625,1.0,0.0,0.0,0.01808062195777893,0.0031898352222924586,0.02583966818638146,0.7579183571040631,0.0033466087887063624,0.0177333923173137,0.055799511668737985,0.11809200495481492,0.0,True
00:15:22,59278c090220760001fda664,,0.7439638572392985,,-57.35415348758664,-470.97342000000003,45.559513,1.3121492000000001,1.0179392,-0.339712,-2.416451,-4.688352,-6.0536723,-5.8525233,-4.1876492999999995,-1.7344285,0.3159214,29.039513,9.983073,-4.398944,-10.635384,-10.059804,-6.157418700000001,-2.1579027,0.3187667,0.538369,-1.6655406839585402e-06,0.02746331586010694,,2790.7701550901647,1393.8464179823081,13.778532756679235,8.531458430801335,11.361565288352576,19.33953973660095,18.963371102186805,15.865659475945694,19.882808354637863,0.00040481093999999995,1681.640625,0.0283544921875,0.0,0.0,0.0,0.01573111964389682,0.0474661149084568,0.002710309170652181,0.0012866585864685475,0.8330487787723542,0.08873289972543716,0.006355518661439419,0.004668590065557509,0.0,False
00:15:22,5c41c28e896e090001c03bb0,97.09351218987058,0.7802408379274263,3.227241924101368,-42.84662994387123,-329.11234,103.89706,-14.597809,-10.350466,7.662761,-4.3198,-0.57919735,6.8001137,-2.8369732000000005,-1.6225208,3.192401,-7.08979,-41.155304,23.20586,2.9970162,-7.446528,12.403283,-6.1342654,-18.377491,-0.48291513,2.0170274,-0.00010335802326453092,1.792604950811674,20.954204068016306,3343.129282175565,3422.6274611609892,12.435817528082294,9.751753901891707,13.668492815861669,15.106446604082498,17.846636446060966,18.80832300125181,36.3435498799248,0.013363158,6711.5625,0.102490234375,1.0,0.0,1.0,0.040785726625472314,0.03557694390037795,0.005258951731957495,0.3369928415049799,0.2059742921730504,0.14988488457165658,0.16623130515217782,0.0592950327321887,0.0,True
00:15:23,59278c090220760001fda664,,0.7335704830470962,,-61.33572408346146,-484.0599,30.005959999999998,2.3680353,1.5737159,-0.7385223000000001,-3.0022987999999997,-4.6288849999999995,-5.434634,-4.970581,-3.0840292000000002,-0.7063052,0.7247520000000001,20.737389,9.528002,-0.41438073,-7.307933,-10.202015,-8.821648,-4.4098415,0.20077558,0.40282503,-9.836747347983515e-07,0.016308689827835128,,3242.6966621733227,1561.666522888888,13.804395856431006,8.577078663935879,11.198419424269808,21.277855400902226,16.908854860508118,15.563012237001796,18.130146728387498,0.0005899511,1686.796875,0.0277490234375,1.0,0.0,0.0,0.11456847991794347,0.03115727030672133,0.00829483566340059,0.1241664656670764,0.4310379426926375,0.1762532390654087,0.029735033493489032,0.08478670765180141,1.0,True
00:15:23,5c41c28e896e090001c03bb0,140.11266478763005,0.5997549185166223,0.7223693772159554,-18.56295974732373,-198.15894,177.42627,-6.121535,-10.347344999999999,4.073106,1.1243488000000001,-3.2262578,-5.3306985000000005,-1.9188169999999998,-1.3914361000000002,-3.962439,-12.887882000000001,-30.580965000000003,13.131414999999999,2.7346456000000003,-6.495601000000001,-11.060939,-11.41168,-11.263852,5.1884284,1.5946333000000001,-0.0002219788569492465,3.762259758385624,21.87937312042598,1900.6356459095969,1792.7275934950742,14.371153719779544,13.362490119026491,14.009872941720444,16.62324060528903,18.93754858845089,23.586436541498646,39.5250427278938,3.1777032e-05,3358.828125,0.0467578125,1.0,0.0,0.0,0.02917427287902683,0.039406370650976894,0.023472477076575158,0.03863128107623197,0.33691800432279706,0.1513227286748588,0.26304779713973403,0.11802705531008542,0.0,True
00:15:24,59278c090220760001fda664,,0.7119921073925652,,-59.22141116882057,-477.9548,37.16689,3.7690647000000004,3.8428793,1.4037013,-1.6474598999999999,-3.420097,-3.7115855000000004,-3.418599,-2.8726947,-1.871806,-0.77271,24.365425,9.418921000000001,-2.9286346,-10.229258,-11.947061999999999,-9.153023,-4.107006,0.7959729,0.48640355,-1.3055175089736674e-06,0.02155358701991496,,2911.89004859094,1421.458830655294,12.468847442442348,8.751153283474276,11.851148221438661,19.530088886377452,17.871185881513842,17.016100830892295,18.258678157894554,0.00042591893,1513.125,0.028212890625,1.0,0.0,0.0,0.05810398338362575,0.02722393786534667,0.004142874409444631,0.10873614434385673,0.3748546153306961,0.2964982146397233,0.034003030695021155,0.096437183348462,1.0,False
00:15:24,5c41c28e896e090001c03bb0,136.2931093140125,0.5482874061501026,1.0411532511635742,-20.955791331294733,-279.05414,110.24399,-3.9656236000000002,-4.823065799999999,2.7757242000000004,-0.6544985,-0.5167125,-3.2377295,-7.9374204,5.1785073,5.617367,-21.04495,-35.76486,35.047897,7.259359,-5.3765397,3.6696044999999997,-20.305342,-20.700773,0.5599263000000001,1.7931142,-0.00014709821396042806,2.5247100462358265,21.562888053543034,1627.0817008521174,2915.136961686068,14.920851367686698,11.315003719153935,15.331100813570275,17.982098117062414,25.71130071284503,27.64225373275157,42.115258808105324,1.4915464999999999e-05,4258.828125,0.1031494140625,1.0,0.0,0.0,0.004483084892854095,0.0027909153832297307,0.0039468650647904715,0.13108066376298666,0.14719981979578733,0.022918899470823817,0.6412853971123695,0.04629443760495633,0.0,True
00:15:25,59278c090220760001fda664,,0.7453938327147328,,-58.54819020603096,-475.5557,40.66259,3.1102922000000004,2.0357032,-0.7641741999999999,-3.622988,-5.2408633,-5.1480974999999995,-3.6870491999999997,-1.6616066999999999,0.098423265,1.0672741000000001,27.519001,11.072638000000001,-3.20655,-11.50587,-12.902574000000001,-9.149177,-3.414171,1.2608639,0.48520175,-1.4549998287280232e-06,0.023953184241029938,,2819.4159379803514,1354.4570590730145,13.93973207083502,8.678693233955448,10.944506351587286,19.792254163718788,18.57212922562711,15.63209677895208,18.103867050829045,0.00040780543,1382.34375,0.0269580078125,0.0,0.0,0.0,0.011281244177371265,0.1014279279857874,0.0014220115786883981,0.001220888618263416,0.32580935806035993,0.5217028304934501,0.02473208243027329,0.01240363335236907,0.0,True
00:15:25,5c41c28e896e090001c03bb0,133.2465374806575,0.8826420638658249,0.9380815489834876,-34.41260743758687,-334.9877,116.11506000000001,-11.49957,-8.370901,-0.5976014000000001,2.5517797000000004,2.8575767999999995,2.3722434,-4.1272807,0.86981344,1.7233668999999998,-14.141202,-13.802284,27.236115,8.752502999999999,-13.874170000000001,4.990839,-4.1198106,-17.109373,-14.214566,1.4596055000000001,-8.979003826226431e-05,1.5246718430274862,17.353527855027053,2297.0114309245073,2678.499719569153,14.623438371682658,12.327267836031961,15.81584437502954,16.799010335257446,20.661036458448084,24.062406774230162,32.88396025009436,0.005365826,4473.75,0.08595703125,1.0,1.0,1.0,0.11790890494982402,0.008300889283418655,0.128808811151733,0.06831589403251807,0.04845089837908745,0.09129548569520314,0.5195908546447754,0.017328295662688713,0.0,True
00:15:26,59278c090220760001fda664,,0.7283010707275455,,-58.2908069147975,-476.09204000000005,40.31354,4.357553,3.507778,0.5100446,-2.945646,-5.3747478,-6.0507865,-5.103068,-3.2463043,-1.3576572,-0.11105396,28.100596999999997,12.457334,-1.6341871000000001,-10.354098,-12.3643465,-8.95764,-3.1066785,2.02141,0.46523580000000003,-1.353505507734577e-06,0.02228113324140249,,2838.5550925125026,1317.7716310942312,13.718476372580547,8.230210218471099,11.753882183159874,21.029699380613767,15.775200940995848,15.168430916674,18.124370095030912,0.00035474278,1283.671875,0.0259619140625,0.0,0.0,0.0,0.031717704888433215,0.1347709320485592,0.007236205600202083,0.0023718550335615875,0.4271883308887482,0.34810722172260283,0.03911320958286524,0.00949457264505327,0.0,False
00:15:26,5c41c28e896e090001c03bb0,148.56252425375655,0.5655969661359513,0.7305476339087518,-31.449006135939022,-315.56223,101.333916,-15.937389000000001,-8.911842,3.7583897000000004,-3.6584985,-3.7796977,10.352528,2.1209624,1.8134150000000002,6.7827106,-12.383279,-34.520676,30.252071,-1.7078813000000002,-14.706173000000001,8.507481,-8.785836,-15.486973999999998,-8.953063,1.6855875,-0.00010590918353693152,1.8365400893378,15.437908457475354,2224.786865974532,3025.282663904907,13.350186338202883,11.974715863936966,16.842375969583387,17.3298195156342,18.882498867502203,20.178637118779672,39.742576297537546,0.003690923,4672.734375,0.103251953125,1.0,0.0,0.0,0.07250960059463978,0.006200310157146304,0.03898304763715714,0.22596300868317484,0.04410312352702021,0.10825974978506564,0.42421111054718497,0.07977003890555352,0.0,True
00:15:27,59278c090220760001fda664,,0.712062262957765,,-58.62287694156596,-476.77322000000004,39.27737,3.9961282999999996,3.035975,0.017750291,-3.5360568,-6.2002387,-7.093004,-6.058468,-3.6210894999999996,-0.75681937,1.4671347,26.946299,11.349958,-2.4035268,-10.584164999999999,-12.113996499999999,-8.5272875,-2.8427281000000004,1.9426031000000004,0.45774347,-1.288334537895235e-06,0.02123513496675991,,2877.4519775263893,1344.5231433403023,15.187786663238974,8.111887486292575,11.85357028839648,21.289201885842587,17.337979690796775,15.648659071350226,17.995783920680655,0.00036211192000000004,1289.53125,0.0265478515625,0.0,0.0,0.0,0.138527799397707,0.08528555668890478,0.01286382181569934,0.0042058230843395,0.304584926366806,0.3922515511512756,0.0547025203704834,0.007577981567010283,0.0,False
00:15:27,5c41c28e896e090001c03bb0,119.53979741151952,0.7141845041027316,0.6633206765002969,-45.691902096236106,-373.08197,78.64703,-11.679026,-0.5272015,15.360166,1.5145726000000002,-1.5006247,1.9864178,-13.210061999999999,-0.95839685,8.527491,-12.4844475,-52.584072,15.355531,-6.045024,-15.045495,15.80729,-5.1826434,-12.968148,-4.440274700000001,1.5982591999999998,-5.5170215838202856e-05,0.9595161602256568,12.42456633666198,2876.3660711287757,4147.983341330368,11.965953530106528,9.004208096340053,12.396197322848131,15.799520296391362,16.832879362462393,18.777692271339273,35.865244521335285,0.022357462,6717.890625,0.138603515625,1.0,0.0,1.0,0.08450137823820114,0.03524549773428589,0.043547626398503785,0.24224776725750416,0.06871074121445417,0.23219594061374665,0.18919845782220365,0.10435259195510298,0.0,True
00:15:28,59278c090220760001fda664,,0.7224359316580498,,-60.633946986013406,-482.03638,32.745723999999996,3.5921046999999997,3.0638986,0.29989243,-3.1285462,-5.6552906,-6.367982,-5.258282,-3.0490901000000004,-0.7587496,0.76073587,22.702274,9.6976795,-2.2291615,-9.841936,-11.815165499999999,-8.991138000000001,-3.7559763999999998,1.1136572,0.41407993,-1.0384274760175128e-06,0.017167915225423457,,3114.980007716912,1463.8443246764944,16.0352935063146,7.998993979841192,10.808897101704853,21.83631508140913,16.01541389126291,14.652907779557333,18.21528167081792,0.0004848374,1380.234375,0.0276123046875,1.0,0.0,0.0,0.13424478992819786,0.08687173463404177,0.014633832033723591,0.0067480319878086455,0.33897737264633176,0.3643826991319656,0.045475639030337335,0.008665940864011646,0.0,False
00:15:28,5c41c28e896e090001c03bb0,143.71368390258039,0.9417619967164512,1.3491577488449482,-18.706532634830417,-249.30933,170.91922,-7.8399600000000005,-11.767142999999999,1.1683691999999999,1.9095894,0.02291696,2.7984717,-3.6799885999999997,0.79035974,1.4356489,-13.968097,-22.415434,15.486219,24.756413000000002,-1.1750035,0.7544430999999999,-14.512134,-24.047386,-8.209667999999999,1.7044663,-0.00013746804566083318,2.2883382376018346,14.255698197612894,1500.5415413816745,1662.1688504042263,17.547301379017142,14.907827540132804,16.976690453680142,17.484829647205157,21.355365345526646,25.324601186231156,38.667145749533475,4.726771e-06,2858.203125,0.046484375,1.0,0.0,0.0,0.0779107466340065,0.0062824197695590545,0.19771381914615632,0.0844229102600366,0.022196180489845573,0.1050502110272646,0.4720551952719688,0.034368525142781436,0.0,True
00:15:29,59278c090220760001fda664,,0.7000682990177463,,-59.426891309897755,-481.03558,33.770576,1.871746,1.4424933000000002,-0.83925307,-3.5273745,-5.477911,-5.79444,-4.435552599999999,-2.4799838,-0.7150513000000001,0.67801064,23.546791,11.204887,-0.46701613,-8.680239,-11.172080000000001,-8.761919,-4.3615403,-0.30724603,0.41880533,-1.169940584915105e-06,0.0193500221697626,,3138.187124094353,1488.2202007601868,13.228452566710864,8.53221982774313,11.08799821161195,21.608700477018388,15.660536237264669,15.502791304568653,18.143299160295037,0.0005475864,1594.21875,0.0257177734375,1.0,0.0,0.0,0.07158639915287494,0.08380678397370503,0.011029307916760444,0.060258044314105065,0.4849468320608139,0.23051631562411784,0.04045151611790061,0.01740481611341238,0.0,True
00:15:29,5c41c28e896e090001c03bb0,126.63974378652249,0.6072624082631872,0.7172401501137684,-23.203028166750123,-317.09952000000004,140.34618,-12.198733,-5.684593700000001,7.4159474,0.014013299,-1.5508671,3.395833,-2.9360513999999998,0.14613606,-1.1088725,-14.232626000000002,5.1096377,17.95625,7.1645327000000005,-9.444099000000001,8.713458000000001,-5.9485617,-17.459524,-8.145444,1.5718522,-9.287301301508166e-05,1.543315304786146,17.03257570169469,1302.0481323144404,1864.135328130515,18.08418213815317,12.740766204799293,16.517270865094975,20.41790339984746,21.08544698666573,22.83397266845645,35.9303507089496,1.0635727999999999e-05,2798.671875,0.0708544921875,1.0,0.0,0.0,0.08489280864596367,0.010977773263584822,0.3480868935585022,0.05430657244287431,0.04665183499455452,0.10629612058401107,0.3377508886158466,0.011037088721059265,0.0,True
00:15:30,59278c090220760001fda664,202.10144161408743,0.9958944409517324,8.408170882353609,-47.0632105332614,-419.8978,76.38653599999999,10.1003065,7.1270466,-0.351976,-4.3364177,-8.1728735,-6.064904,0.09604004,-1.4506643,-4.576202400000001,0.27498853,6.794080999999999,-5.7284370000000004,1.5940937,-5.8084083,-9.32874,-9.387541,-11.301956,-1.6875240000000002,1.0372366,-2.755279528729859e-05,0.4612383367028828,40.924900800752184,2249.5199351974834,1669.0109683717749,12.928244825920745,8.247675105413569,11.647837492311664,18.09299911268995,19.76142331748929,19.784976206506318,23.60905274745212,0.00034178278,2425.78125,0.0434375,1.0,0.0,0.0,0.10162071324884893,0.04270259034819901,0.012096320604905486,0.10025280741974713,0.3579096466302872,0.2300363726913929,0.10828265137970447,0.04709887149510905,0.0,True
00:15:30,5c41c28e896e090001c03bb0,120.90867875899299,0.8243756617203082,0.8775580835333058,-45.8971431192096,-393.0291,145.13171,-9.431532,3.2364695,3.0243849999999997,0.7995374,1.8981016,-0.13551746,-0.42839006,3.0422602000000003,-0.9924021000000001,-8.776561000000001,39.828053000000004,-3.8978257000000007,0.19995259,3.5496893,2.7067666,-1.3892398000000001,-14.392423,-21.073383,0.94725275,-5.821874203661126e-05,0.94769971205973,19.41618895787427,2762.8109200400568,2301.529240746162,14.946927657016706,11.062727277401624,14.561192443629215,16.33532146099355,23.71949988508429,23.642760465835238,21.869216401153786,0.014421618999999998,4756.171875,0.040244140625,1.0,1.0,0.0,0.07179030161350966,0.007161065581021832,0.07610015515238047,0.10381117830984296,0.032193903578445315,0.18919009640812876,0.4623944215476513,0.05735889112111181,0.0,True
00:15:31,59278c090220760001fda664,,0.7213385351806831,,-50.77575147458331,-449.12567,71.45219,3.120629,1.077326,-1.9820957,-4.271223,-4.8149443,-3.875605,-2.2684537999999996,-0.5939529,0.8138293000000001,1.568251,43.248806,13.129467000000002,-6.7622113,-13.340473000000001,-10.894687,-5.2852087,-0.20868877,2.7827466,0.6751807,-3.202474208083439e-06,0.05236351388413578,,1879.8908408838568,962.114851947592,13.820115399209984,8.456911283178108,11.35068809333802,18.173923048654974,22.001068808600625,17.906125036645605,18.399861043951578,6.670285e-05,1182.1875,0.02478515625,0.0,0.0,0.0,0.0464400458149612,0.11029287278652193,0.006734726869035512,0.0031584325595758857,0.4673578977584839,0.33450447153300045,0.02515457533299923,0.006356959801632911,0.0,True
00:15:31,5c41c28e896e090001c03bb0,,0.6967973470868666,,-65.24055626974845,-489.15222,12.514834,2.5337508,2.9274904999999998,0.113653734,-6.7513666,-6.258151,4.3377633,7.4511147,-1.7464278000000002,-7.021628999999999,-1.9304322,-7.6549397,-0.6031831999999999,9.691297,8.032925,5.4210400000000005,3.6052953999999997,1.2870993999999998,1.5004212,0.3328114,-1.7502599609605138e-06,0.029914638258283,,4217.216608606141,4170.784927219516,11.973047802830855,10.052915413697198,11.657817281314061,23.36307528304801,29.45560939203056,25.60893153336503,15.628986107081142,0.0038428159999999998,7712.109375,0.09658203125,1.0,0.0,0.0,0.10479782707989216,0.002535299555165693,0.07554679308086634,0.15220819637179375,0.0064752499340102075,0.13010473251342775,0.4695434302091598,0.05878849131986499,0.0,False
00:15:32,59278c090220760001fda664,160.25600897182878,0.9247078838167604,0.10409783985737299,-47.90386120682486,-434.4385,82.91658000000001,2.084428,0.64584184,-1.3639629999999998,-3.2287004,-4.3334384,-2.9380677000000004,-1.2593468,-2.7905629000000003,-3.9124677000000005,-0.69081193,39.868874,6.228708999999999,-9.068797,-12.82287,-10.54593,-5.9921913,-1.8828436000000002,1.1483376,0.84394354,-1.2523027188951887e-05,0.2056099528194912,5.455527947822588,1846.9308198061435,1024.63825831469,13.435069480964696,9.100721892742172,11.152725817242112,18.297747290138346,22.78264613268698,17.634999537411392,19.60409845013402,8.879246999999999e-05,1299.609375,0.0276025390625,0.0,0.0,0.0,0.03971283291466534,0.005106187611818314,0.0028486734605394303,0.01966358091449365,0.9098083913326264,0.004887750209309161,0.014407355408184231,0.0035652288293931632,1.0,True
00:15:32,5c41c28e896e090001c03bb0,150.3552132986143,0.811249917152639,1.9715135978612568,-43.95667729161035,-388.34717,88.667244,-17.802408,-7.9804482000000005,9.283575,1.0700096000000001,-8.309115,-5.1448255,-4.045359599999999,-5.014863,-5.5204334,-5.061748000000001,-15.041107,2.314685,21.242908,-1.9953967000000001,-10.837624,-6.371571,0.18562298,-3.8029767999999997,1.066759,-6.215283716220592e-05,1.027342437023019,20.739734528224897,2568.13155912341,2559.775038645051,12.020169273296506,11.805164491794127,14.198661189340632,15.325501002947021,23.498701934799534,26.353949385016318,28.742050105265193,0.0019809876000000002,4137.1875,0.0792431640625,0.0,1.0,0.0,0.07296571508049965,0.004316766358291109,0.08258962724357842,0.09080089256167413,0.007746611178542176,0.2210500588019689,0.4532129069169362,0.06731743241349858,0.0,True
00:15:33,59278c090220760001fda664,237.00469940029447,0.9600045583392068,4.947584756766559,-39.78465329964497,-376.44766,126.20109,10.081325999999999,11.763841000000001,1.0281103,-11.0567875,-9.845708,-0.40291843,0.21343488,-6.380546,-5.018343,2.4561349999999997,20.389194,-23.919607,-5.9989133,10.355654,2.1273549,-9.882135,-10.01176,-0.41356167,0.9158869000000001,-2.2156338064739765e-05,0.3652272705662656,11.25546761326065,1599.6761906182583,1349.7786749175896,13.944112754560509,8.796713654834917,11.550344304182275,16.52037046867702,24.269489032383184,22.150439804418998,24.976891451493863,6.0342114000000005e-05,1996.40625,0.0443505859375,1.0,0.0,0.0,0.07069707019254565,0.008433462260290979,0.002937996137188748,0.015864905994385482,0.8662741303443908,0.004168203158769757,0.030340384377632288,0.0012838471055147238,0.0,True
00:15:33,5c41c28e896e090001c03bb0,,0.951448044289648,,-73.78833087876538,-502.75677,6.4491343,-7.0680704,-5.1080084,-2.1585137999999997,-6.580085799999999,-4.958616,-2.4289901,-5.0652003,-1.857588,1.2353755,-0.58446956,4.009437999999999,6.4662657,0.6644494000000001,0.26343718,3.0696098999999997,-2.5246456000000004,-2.9544023999999998,-1.7144081999999998,0.23835953,-4.0441435584960843e-07,0.007382322480796233,,4899.828500803328,5182.422046130287,9.175678884793086,12.385725282279806,15.907782400733677,18.19472783996627,18.16180052955185,22.246874782916127,23.19175566676777,0.021989686,9436.640625,0.1211328125,1.0,0.0,0.0,0.008377117154720639,0.012741700779380544,0.011292311753745057,0.005964575285491135,0.8072622418403625,0.02474072665375258,0.1226297488569149,0.006991570981751596,0.0,False
00:15:34,59278c090220760001fda664,,0.6462579332540622,,-49.40278615320799,-438.03702000000004,78.31793,4.2689724,3.0735363999999996,1.183781,-2.9390306,-6.949051,-5.081081,-2.260164,-1.3071631000000001,0.11388641599999999,1.0980656,40.948975,10.221900999999999,-10.947023,-15.372919,-7.7969894,-1.7519796000000003,-0.0063156490000000004,2.3100026000000002,0.7818137,-4.257239390062075e-06,0.07100411676962871,,2156.077512027276,1402.6796486393093,12.304374915232124,8.473055092098653,11.87608685824312,17.73972047750059,20.679745173798253,17.323772765094937,22.196056539213142,0.00018878613,2247.421875,0.0354296875,1.0,0.0,0.0,0.05390095564071089,0.029711890197359026,0.0064682864525821065,0.009368238737806678,0.7968979030847549,0.01977198873064481,0.08154634041129613,0.0023343793815001844,0.0,True
00:15:34,5c41c28e896e090001c03bb0,,0.4729850978824947,,-71.80923661235596,-488.32977,25.470211,-3.3963113,-2.3316703,1.2962040000000001,2.197648,1.7671453999999998,0.02488996,-0.36179609999999995,2.1574008,1.2511908,-0.4646259,-4.366542,-3.9939709999999997,3.4554937000000003,3.5938117999999997,1.7380381999999999,-1.5400535,-1.9717422999999998,-1.2177056,1.0053529,-2.752251517949257e-06,0.046655203473832604,,4346.318528430097,4526.462765464768,10.260771504346678,8.61124090299619,11.272123671068131,14.24687408801666,16.206186634861552,19.946037139082907,22.46828252452082,0.039225336,8047.734375,0.10455078125,1.0,0.0,0.0,0.026879459487827263,0.03321060818852857,0.024965668426739286,0.003888062878104392,0.6923602595925331,0.11235391824448017,0.1008106862194836,0.005531346320640296,0.0,False
00:15:35,59278c090220760001fda664,118.7800031504732,0.4195257345937055,1.9273480644375718,-19.38256586667161,-245.45833,183.90126,14.946895000000001,-0.46600562,-10.769946000000001,1.4064322,-2.8702509999999997,-12.3353195,-0.46407905,0.8458623,-12.369359,-4.01467,-36.974968,-4.9176470000000005,40.957558,-1.1602165,-12.902358,-16.228903,-32.000587,-9.692071,1.5467826,-0.00016041485498852236,2.67677709631814,19.82995310531641,1480.3124944733752,1608.7325903254812,13.776784628882352,11.473833482020597,15.380696866374786,16.231233153150164,22.44359138083316,31.13448171344825,32.66403255787054,1.3299114e-05,2862.421875,0.0441552734375,1.0,0.0,0.0,0.10097462981939316,0.06355286501348019,0.030348276253789663,0.046055542072281234,0.5925623208284378,0.053239023312926285,0.08642325401306153,0.026844097278080882,1.0,True
00:15:35,5c41c28e896e090001c03bb0,,0.9381062128024584,,-60.48030134805675,-473.29227000000003,27.704153,2.1489293999999997,-0.83615386,-1.9300206999999998,-5.0179014,-0.91774946,3.4687004,-1.0002958,-3.6550523999999998,-2.8754911,-2.8946514,0.90162927,16.361044,14.708376000000001,-0.48920196,2.0668268,3.7289724000000004,2.6739626,5.41444,0.8374582,-3.4547349332320296e-06,0.05946047119659985,,3489.6188787035035,2829.425548614517,13.446069147472006,9.723525593853788,12.67414444570112,18.161919935256915,20.982806784879084,16.361255845839345,21.964198244189188,0.003956553,5247.65625,0.0671240234375,1.0,0.0,0.0,0.0019126724961097351,0.009507011127425358,0.00047966369020286954,0.0006265844360314077,0.9791293382644654,0.0019075068645179269,0.005176686425693333,0.0012605488067492846,0.0,False
00:15:36,59278c090220760001fda664,110.30155712689724,0.4872645893186914,2.641189615360704,-22.346173014157962,-261.74976000000004,172.40866,10.516489,2.4423676,4.873178500000001,8.351138,-11.247648,-13.074935,6.908585,-1.6444637,-17.017988,-5.918762,-13.059125,3.9275072,23.654778,4.8432536,-4.5699559999999995,-12.036203,-27.78533,-10.111315,1.3830293,-0.00012168511019947349,2.034529775445899,24.10040382740961,1637.1614798129415,1737.7514902094326,15.515210082265586,9.409001301870457,14.30223922677014,17.101083154048705,21.67907768193605,27.773596942724577,31.82744057720702,6.6266206e-05,3124.453125,0.055595703125,1.0,0.0,0.0,0.15609636679291725,0.028159466618672014,0.01654948473442346,0.1002811037003994,0.3879034087061882,0.14470623731613158,0.11555805020034313,0.050745908869430416,1.0,True
00:15:36,5c41c28e896e090001c03bb0,,0.37006696951506013,,-70.95856381131125,-463.37183,48.658432,-20.331877,-21.93907,-10.514199000000001,-1.503103,-0.69582313,-2.0676358,-3.0813205000000004,0.012922866000000002,0.78030854,-6.447696,-25.148994000000002,-9.354388,10.006815,-2.0337064,-3.1491822999999997,-1.9496093999999997,-8.715079,-13.340901,1.1031718000000001,-4.340403197586115e-06,0.07455933480282656,,3892.41439759764,4973.734009713061,9.952630366696882,11.443388092106442,13.47600276658545,14.021517596661244,16.09375017147836,17.605723652699453,21.183913424463345,0.121926345,8796.5625,0.093857421875,1.0,0.0,0.0,0.07848311476409435,0.07831396823748946,0.2469895510934293,0.004783502675127238,0.4551183290779591,0.0772073426283896,0.053316476196050636,0.00578772680601105,0.0,False
00:15:37,59278c090220760001fda664,106.22509261976332,0.5870394198610739,1.4086312332163555,-22.966735118319484,-274.50275,172.82578,14.8964,-0.16128875,-5.078566599999999,8.346022999999999,-3.0893132999999997,-9.603518,1.9506618000000002,-2.215649,-12.044512,-5.192578299999999,-14.807101000000001,-4.593119000000001,27.567533,9.876778999999999,-0.5278128000000001,-16.411903,-33.711135999999996,-11.41238,1.4231025,-0.00013923403328235275,2.3222495756886428,17.90117443772168,1661.7515766899453,1574.372963384678,13.956097553965087,9.944655294939396,15.100158453974496,16.512139289426383,22.082141159768707,28.30217012362232,30.831100978325747,0.00011019523000000001,2926.40625,0.0434228515625,0.0,0.0,0.0,0.2318793162703514,0.009616680507962074,0.006905525301893553,0.2492724789513482,0.26375464701818097,0.06940781656238768,0.11426382925775315,0.054899719647235334,1.0,True
00:15:37,5c41c28e896e090001c03bb0,,0.33924819667509765,,-70.6896222359937,-492.13535,22.91893,1.0540559999999999,2.5363662000000002,3.8003894999999996,-0.8365533000000002,-1.8359125,0.7445478,-0.5591689000000001,-2.3713484,-2.373262,-3.0860653,6.9019985,14.111864,13.522551000000002,7.234965299999999,10.169438000000001,12.030745,9.80897,5.6231029999999995,0.73258513,-1.681443123944944e-06,0.02899240602807923,,4220.565756198928,4316.645675390027,12.745321795869494,10.084303804933457,12.060872042578762,14.974926546111636,17.495633521938277,19.150803560506173,19.70315587595416,0.10971032,7583.388157894738,0.07912234042553191,1.0,0.0,0.0,0.04740685317665338,0.12969900965690612,0.0654999777674675,0.004254282801412046,0.28566599264740944,0.32015919089317324,0.141096318513155,0.006218372238799929,0.0,True
00:15:38,59278c090220760001fda664,162.32941970202904,0.4880630560846975,4.475546909215775,-27.735633211894807,-307.78992,130.34302,6.729750999999999,5.796068,-5.1146755,-1.6177682,-6.1291,-7.428625599999999,7.0386586,0.8827130999999999,-15.063196,-9.125562,-6.202103599999999,10.394549000000001,12.041193,11.722017999999998,0.100936234,-13.871823999999998,-27.558196999999996,-19.007986,1.3695874,-9.840297296737863e-05,1.6536815002636698,22.843835502834587,2128.0876366500647,2434.743752281054,14.499334045759767,11.612594928234332,15.05735713295552,17.65019952256316,23.56649827049928,27.973304601747483,34.31335955153985,0.0004649553400000001,4258.59375,0.078876953125,0.0,0.0,0.0,0.07346749424257061,0.03437769336795265,0.009828424229371276,0.044315244028852736,0.6336236189712178,0.0993025851520625,0.05758998898619955,0.04749495688487183,1.0,True
00:15:38,5c41c28e896e090001c03bb0,200.02253401416095,0.5287574283441409,2.1435318584176564,-39.665983235292856,-397.6835,103.12849,-14.039112,-18.333496,4.8363309999999995,9.6077175,-5.8067145,-3.6875927,9.526638,6.0955386,-7.789102000000001,-13.92423,22.043676,15.707117000000002,37.366367,21.029535,-13.092798,-19.275043,2.2998707,8.04775,1.0140622,-4.206592397570241e-05,0.6879058477991119,17.340352831644644,2054.502931062349,1617.04961565336,15.76641365971253,11.400066070619069,15.251088066879245,15.781198435041144,23.79484162828821,25.813377025837827,25.726469921617976,0.00094181276,3113.4375,0.0492822265625,1.0,1.0,0.0,0.03109979224391281,0.05757157530169934,0.009019056090619416,0.09621418036986144,0.4347870275378227,0.20148628689348694,0.1031461015343666,0.06667598653584719,0.0,True
00:15:39,59278c090220760001fda664,275.09570165426675,0.5415920332926136,12.116512210139211,-40.411482116730056,-379.61633,106.72213,5.9641967000000005,5.8197565,3.3386023000000002,9.161097,-1.6172874,-12.933011,-2.2476857000000003,1.8282644000000001,-9.336030000000001,-4.976486,14.024911999999999,-0.7410776,-12.068430000000001,-19.090145,-0.8010864999999999,-0.6082361,-18.573704,-13.392686,1.0796772,-3.971569308657896e-05,0.6628008758861961,12.961572314532265,2197.359743699331,1704.1708137267542,13.175406503002582,8.393723190566815,12.379942685640108,18.349579716423325,22.056704975175123,23.35809940033736,27.913621873568164,0.00022756845,2947.734375,0.0457373046875,1.0,0.0,0.0,0.02358818509512477,0.10471200756728648,0.0049308671667757965,0.0031083490272673466,0.7140454848607382,0.11957404514153798,0.025232125487592485,0.004808932691553814,1.0,True
00:15:39,5c41c28e896e090001c03bb0,,0.7991070146190518,,-55.35569745743592,-464.49734000000007,29.929806,2.9147369999999997,3.4285687999999994,5.1781015,2.244361,3.0320415,4.920547,1.67136,-0.23335953,-1.6733918999999997,-4.337446,1.1835965,14.413323000000002,14.391863,4.9478054,7.8428454,4.3888764,0.80231625,3.9932157999999998,0.65749645,-8.002173772332367e-06,0.13876827320425053,,3522.620101320934,2197.2202186478758,15.812067458994164,14.598846827999433,13.243093007049492,14.099902117979815,20.424384928035053,19.621732816468718,21.0110738354274,0.0013434013,3664.453125,0.0397265625,1.0,0.0,0.0,0.033037856337614364,0.009507759613916278,0.004563374083954841,0.031860031234100465,0.33296360857784746,0.15208250619471073,0.4028390649706125,0.03314577583223581,0.0,True
00:15:40,59278c090220760001fda664,,0.6905542514520739,,-62.356228468562314,-487.68557999999996,25.911253,3.50825,2.7018645,0.019660488,-3.2765324000000002,-5.773603,-6.511806,-5.333901,-2.865309,-0.17721987,1.6905321,18.902699,9.716241,1.1030247,-4.649566,-6.4923706,-4.8692975,-1.3847882,1.9421837,0.36107233,-8.185586266403979e-07,0.013574317550429172,,3448.8455594759444,1583.4471189199676,15.765610040305546,8.27841113866587,11.707620478320562,22.43957824613481,15.212402315223525,14.754661416887984,17.364677167683865,0.0006272656,1575.0,0.0249755859375,1.0,0.0,0.0,0.02289956799623641,0.17159655486995526,0.0020091549959033728,0.00032762603686106473,0.6341965306888927,0.1575920358300209,0.010157125028358265,0.0012213883799797093,0.0,False
00:15:40,5c41c28e896e090001c03bb0,147.8511687968253,0.5330981068281622,1.1063385876638592,-22.801056322845067,-227.61428999999998,129.37933,-8.437567999999999,-5.8628754999999995,8.22297,-1.2474709,-2.075487,-1.8233422,1.3943306999999998,6.2938485,1.3066777,-14.091744,-51.6807,26.780033000000003,10.616114999999999,-2.5808332000000003,-9.346057,-18.329353,-23.332645,-4.0570116,1.6815878,-0.00017112413272761743,2.9291842498232654,20.26763633643931,2185.762424452572,2670.523963929132,14.364579702758036,11.157524576299288,15.847126874026769,16.35029558328504,19.102618366937854,21.05072114874844,42.46509059032825,8.609529e-05,4386.09375,0.0852880859375,1.0,0.0,0.0,0.039918989667461977,0.021867086753546674,0.01075124060217705,0.2673042713560992,0.1155603841568033,0.22463557869195935,0.2954487167298794,0.02451373383195864,0.0,True
00:15:41,59278c090220760001fda664,,0.7482340586889726,,-62.44691765751243,-487.49097,26.092442000000002,1.6584663,1.7037144,-0.13431726,-2.8344936,-5.1682167,-6.2343807,-5.7766848,-4.1858335,-2.2340016,-0.69402903,18.805533999999998,9.172310000000001,-0.016571133999999998,-6.399442,-8.816382,-7.579178999999999,-4.172004,-0.5489145999999999,0.36480585,-8.23322615201934e-07,0.013678080210754564,,3465.343730273371,1646.6689074732392,14.779547313086336,8.496279757097103,11.162727337224355,20.32271276448329,15.186487647472289,14.45843559577844,17.633812595802308,0.0006979095,1775.625,0.0266748046875,1.0,0.0,0.0,0.011903100905732976,0.1589313041832712,0.0011711173445089825,0.0003113056866115787,0.6946224570274353,0.12499851319524975,0.0068009484869738426,0.0012612485992980914,0.0,False
00:15:41,5c41c28e896e090001c03bb0,252.71864017941436,0.9710958020106032,1.4116572177563202,-24.785419304369,-260.58594,130.35646,-6.902247999999999,-7.713824000000001,-4.7741169999999995,-6.871942999999999,-3.3212647000000004,-0.76624596,1.0191995999999999,-0.646402,-3.213469,-12.053021000000001,-28.949090999999996,19.432451,3.2725217,1.3520411,-3.9791602999999998,-15.701948999999999,-17.727934,-5.699862,1.5004277,-0.00018255950223581,3.074941452874888,17.522097141154376,2167.201973183851,1926.8194019889304,11.024910364620917,14.128314983642053,18.21186917478085,17.510658797138426,21.427900102191053,21.11013489540472,37.88229963787409,0.00015756312,3483.515625,0.0399853515625,1.0,1.0,0.0,0.029724564763124694,0.0016558860608545895,0.036816337018866434,0.11450079997832124,0.021287434617988762,0.016593286524188112,0.7530225867574866,0.026399099056354982,0.0,True
00:15:42,59278c090220760001fda664,99.41021371816458,0.6442861950415532,2.221642870733654,-47.71338108201992,-415.09848,84.93213,4.113037,3.1192229,2.1948745,-0.22568344,-3.6638300000000004,-4.4522634000000005,-3.4558226999999997,-0.8650574000000001,-1.1734837,-1.9907558999999997,21.787333,1.5157696000000003,-2.3475099999999998,-1.6913458,-0.9563709,-2.74635,-6.1604185,-2.2605498,1.1039522,-1.9469205724139966e-05,0.32368818496658525,6.256010662062594,2595.628549515885,1772.6742955235968,12.247571819310414,8.515999685455137,10.364432919671149,16.585031084127117,17.80783334156813,17.294867698495427,25.561433884501767,0.0005176667,3138.515625,0.03916015625,1.0,0.0,0.0,0.01814017131585966,0.1836250532757152,0.0017697171477431602,0.00033604413593738263,0.6265385042537343,0.15760497613386673,0.010601016565818678,0.0013844946356998248,0.0,True
00:15:42,5c41c28e896e090001c03bb0,147.8960090982871,0.8089973297076417,1.0200801616185142,-26.6603230638418,-285.09674,121.45387,-6.673838000000001,-5.307059,6.5777597000000005,-8.731133999999999,-5.5288075999999995,6.0107627,5.415801,8.710589,0.75261766,-10.212346,-43.91272,21.904255,28.092968,-3.2769546999999997,-10.213252,-24.188503,-7.8905080000000005,12.516442,1.6252313,-0.00011014546765612002,1.8479192836608984,11.716970891319573,1896.298262992921,2310.8017097534853,13.028646229878087,12.84616386745676,16.328408704287437,18.178758301736746,18.363826780240466,20.92506076082718,39.26312537234955,3.7980677e-05,4052.109375,0.077158203125,1.0,0.0,0.0,0.002934717934112996,0.005051764054223896,0.0014835369307547807,0.021832846396137032,0.7694687746465206,0.006926412810571493,0.17875856515020133,0.013543391949497163,0.0,True
00:15:43,59278c090220760001fda664,,0.8417524134425071,,-56.1840337746758,-468.26468,48.85092,3.3565282999999995,3.5574985,1.0213431,-2.4962623,-4.8344913,-5.0231233,-3.641292,-1.8777214,-0.48769745,0.39196157,31.198874,11.516103,-2.90129,-9.662681,-10.467174,-7.969486,-3.9264646,0.38565025,0.552221,-1.9872193094160493e-06,0.032639598580527486,,2599.0704145546865,1277.2022809892512,13.899596799310157,8.458030740130294,11.235750180418078,18.575843837860766,18.445159958368283,15.923723798848041,18.79614903990101,0.00030239892999999997,1379.0625,0.0272509765625,0.0,0.0,0.0,0.3674842015736633,0.12404664976444715,0.044980181846767664,0.12104559735032833,0.18548338068649173,0.0881887116572923,0.0628993327005042,0.005871946949304806,1.0,False
00:15:43,5c41c28e896e090001c03bb0,112.66887843429168,0.4984032764145374,1.0435670316080277,-61.52051340101288,-407.89513999999997,124.74283,-13.893239999999999,-8.029338000000001,7.2886050000000004,-1.9387883999999997,-2.7693784,6.430070400000001,5.1264434,5.1875176,2.2040496,-6.654610000000001,-18.803759,18.163166,23.355574,-1.3126485,-2.3756082000000003,-19.947426,-11.847763,1.9813254,1.2284436,-5.5955150669127343e-05,0.9391730115728868,13.23144895709914,3908.3087441486964,4327.811354024,10.868721182310075,7.827324462909268,13.623351550756755,14.570775564901805,15.659568530790049,19.67763366069471,25.4333330825658,0.12240601,8407.2265625,0.06523640950520833,0.0,0.0,0.0,0.0013696106863790194,0.0073627169942483296,0.001734217575722141,0.0013725796947255731,0.9530854642391204,0.00723917898721993,0.025194272119551896,0.002641943923663348,0.0,True
00:15:44,59278c090220760001fda664,,0.7437060324903382,,-55.31688445579444,-467.21643,51.585636,3.05837,2.1522691000000003,-0.55889606,-3.4526769999999996,-5.2390113,-5.351466,-3.9647620000000003,-1.7640072,0.38251865,1.7280556,36.09389,16.525871,-0.7556969,-11.2139435,-13.658875,-10.062396000000001,-4.050848,0.95932657,0.5092779000000001,-1.842043687602046e-06,0.030206559276254437,,2399.749557350936,1087.62785827262,13.420252953268387,8.205175121712806,11.136478104457273,19.761180303746954,19.210574879116173,15.778914287479935,18.01333069917587,0.00015318506000000002,1061.25,0.0247119140625,0.0,0.0,0.0,0.2689733843911778,0.1457154777916995,0.02141084378077225,0.0036152277289974413,0.2711562446572564,0.22998946227810602,0.0571035465056246,0.002035799303981052,0.0,False
00:15:44,5c41c28e896e090001c03bb0,,0.44603860422892977,,-65.40250917584072,-465.8933,23.66167,-2.4992577999999996,-8.851951,-5.712811,3.2971966,11.351782,6.439004,2.041169,9.259389,8.478126,-0.68488824,-36.081866999999995,-4.006894600000001,21.322287,7.831788,-14.685579,-28.752193,-13.583857,3.5674927000000003,0.9000919,-5.911105043933813e-06,0.10580446198560034,,2890.026947151549,3822.173136486422,10.176374983827662,9.715928732819268,17.396604631053325,15.793466796459413,18.41531974431875,22.86977757513941,22.133931066560017,0.18274258,6394.665948275861,0.09331223060344827,0.0,0.0,0.0,0.014111578176380138,0.012445545964874329,0.08549636503157672,0.006253314338391647,0.7715425610542297,0.02327215436380357,0.0821087591117248,0.004769728134851903,0.0,True
00:15:45,59278c090220760001fda664,,0.7424712950351012,,-60.69181026257397,-481.89047,32.840140000000005,2.987793,2.4553842999999995,-0.16021787,-3.5159898000000003,-6.0911503,-6.792705000000001,-5.382759,-2.5381258,0.5046947,2.5497593999999997,22.598507,9.587087,-2.017168,-9.141658,-10.815446000000001,-8.135593,-3.4298093,0.8465171999999999,0.3983007,-1.122978425236499e-06,0.018549489817668026,,3183.82215281491,1554.9853880678245,14.461878787293324,7.8218816708223295,11.302321472437825,21.078602387418886,16.60824495783929,14.863122548138941,18.03234952268334,0.0006970757,1856.484375,0.0279345703125,1.0,0.0,0.0,0.14377232305705548,0.11142042353749276,0.014031045557931065,0.01913197411922738,0.40926689058542254,0.2488340273499489,0.03674270855262875,0.016800603427691387,0.0,False
00:15:45,5c41c28e896e090001c03bb0,177.35134867702274,0.7785293551868081,0.7635574149944833,-29.03147775349261,-260.268,135.8113,-12.108845,-6.944105,9.680492,-2.715262,-8.263061,-3.6002312000000005,-3.7561598,-0.18277456,4.024079,-12.309550999999999,-51.423645,8.162431,-2.5141685000000003,-11.637788,-8.066925999999999,-16.852772,-20.02395,-4.193829,1.5958318,-0.00014810955004507419,2.5004946355513944,10.115456184791404,2477.3729794821843,2725.1615213421555,16.027587564591467,13.291598886915667,16.227730793608114,16.383520604930435,20.84850850485792,22.099529014892678,38.651463464493645,0.004553526,5201.484375,0.075498046875,0.0,0.0,0.0,0.07160429904858273,0.013292731303307746,0.267005555331707,0.1335316299357348,0.3827315287457572,0.030715268519189626,0.053014444187283516,0.04810455089641942,0.0,True
00:15:46,59278c090220760001fda664,,0.7638634255430578,,-56.25486226300468,-470.03552,47.51656,-0.43682200000000004,-0.23735050000000002,-1.3723253999999998,-2.9758982999999994,-4.132504,-4.328518,-3.6395557000000003,-2.518795,-1.4256626000000001,-0.63859135,32.166523,13.627609,-1.7403868000000002,-10.377497,-12.3097105,-9.8844,-5.8963410000000005,-2.3970962000000005,0.5066607,-1.8865856416819835e-06,0.03093481196397794,,2643.2404632651114,1231.3280139829108,14.035678790087836,8.91746441347339,10.954569427449107,19.63701791620705,17.010805729693285,15.672642087034788,18.58461898444324,0.00028630375,1215.0,0.0236279296875,1.0,0.0,0.0,0.3213302597403526,0.051306634396314624,0.020532798394560813,0.03267146334983408,0.19479440823197364,0.21708933115005494,0.15284529253840445,0.009429813118185849,1.0,True
00:15:46,5c41c28e896e090001c03bb0,201.00082653234628,0.7364900189139745,1.7498253569059508,-18.737284148529014,-257.39883,133.53891000000002,-13.764736,1.011423,10.579775,-3.2380709999999997,0.9874489,0.10769687,-8.97851,3.3255470000000003,1.2121735,-15.557452,-34.76147,27.206999999999997,-18.232712,-33.464909999999996,4.3512907,-17.45881,-19.89263,-6.4883027,1.7318354999999999,-0.0001616008017060932,2.752918167606373,13.882777491541972,1624.863375065061,2544.3452479777943,13.58344530648569,13.079085642611822,16.43405224175686,19.65567080740598,22.022069275887752,25.86749159175479,44.992346709349405,1.5819456e-05,3685.078125,0.0897802734375,1.0,0.0,0.0,0.061638290714472535,0.012715554720489308,0.3008884018578101,0.21603991612792012,0.2533593435771763,0.023045173031277955,0.035414269659668214,0.0968990333378315,0.0,True
00:15:47,59278c090220760001fda664,,0.6701371098635373,,-53.056745231223466,-459.29886,57.25166,5.451543,3.2183292000000003,-4.794699700000001,-10.1640835,-8.063276,-2.2117336,0.574241,-1.368588,-3.69864,-2.5638201,31.492103999999998,8.228819,-3.2691464,-6.548706500000001,-8.791018,-10.706451,-7.990414599999999,-0.35818523,0.6570332,-2.6190674122339264e-06,0.04304002841489754,,2200.8268935411506,1199.2193844777644,11.95012433391566,8.80242525208426,11.693393283332266,18.600449780799448,23.775776228375765,16.07484679809604,18.680719223407113,0.00017019009999999998,1388.90625,0.0338525390625,1.0,0.0,0.0,0.08279066197574139,0.1416867859661579,0.012961065419949592,0.0012524837453383954,0.5671976000070572,0.16685312241315842,0.02587363193742931,0.001384646657970734,0.0,False
00:15:47,5c41c28e896e090001c03bb0,278.94075742124227,0.9669600734353766,2.230841847702986,-56.79320721984225,-412.75934,44.956127,-16.50065,7.9209023,10.369132,0.19878410000000002,2.2398956,-1.9720353,-0.30930287,6.8905015,6.125022,-4.242460299999999,-70.88599,22.041998,-6.721178,0.9193117000000001,30.271096999999997,-25.029253,-14.594012,-1.7382491999999998,1.1278001,-3.0244540400272772e-05,0.5464914930983549,19.859749194851887,3729.3681429501744,5011.48769438654,9.942601340083929,8.839300145507197,11.844733473854207,20.96420471368939,17.021723472877763,18.584263408703247,32.043644703792026,0.07197584,8739.375,0.1378759765625,1.0,0.0,0.0,0.06817540814253417,0.005750296706206758,0.23738208717920564,0.4265413169156421,0.03342702421783046,0.0484739558940584,0.11582211472771385,0.06442778557538986,0.0,True
00:15:48,59278c090220760001fda664,145.46863137173037,0.7364493725137212,0.8980546977483269,-32.38640633287103,-367.77117999999996,136.03523,1.7943217,-0.41503167,-5.551019999999999,-5.5609155,-6.206394,-3.7861218,0.57756275,-3.1364372000000005,-9.457597999999999,-5.265053,38.703827000000004,5.212614,4.8431014999999995,-1.6015021999999999,-5.3503833,-9.462358,-16.118492,-9.518255,1.1269656000000001,-5.6336068379698426e-05,0.9200309386846922,18.570143131541904,1565.7435638474883,1177.5345445917246,16.67376201498528,11.480216592930553,13.207226747694671,16.161993408247724,22.277758237419143,22.75083767617039,25.22406684944001,0.00012283417,1969.453125,0.0334033203125,0.0,0.0,0.0,0.24525241032242776,0.04468428925611079,0.03955930252559483,0.07433588455896825,0.17316329963505267,0.1538214523345232,0.24977441281080245,0.019408942549489442,1.0,True
00:15:48,5c41c28e896e090001c03bb0,,0.6214216655649225,,-84.34812007527108,-494.75113,47.939976,5.9954348,1.8731148000000002,-0.6146897,-1.5398263,-1.2576127000000001,0.07182107,-0.14361498,-1.6477555,-1.6027768999999998,-0.53837645,19.487747,11.767711,18.262497,22.406363,19.944430999999998,13.098151,8.339922999999999,7.8806615,1.14868,-1.7766442024461048e-06,0.02931704413548205,,5274.712383501705,4619.5954543468815,9.90166508790979,8.39455168037516,11.00201223450315,12.048312970341554,16.527395458639504,13.289227732773561,15.279892148716936,0.22213066,10500.0,0.034512867647058826,1.0,0.0,0.0,0.07741316296160221,0.009945268277078869,0.3410357862710953,0.33043905943632124,0.0415585296228528,0.05431250091642141,0.050696117058396335,0.09459957554936407,0.0,True
00:15:49,59278c090220760001fda664,112.25254913291609,0.8552710658282197,0.7620113329234484,-22.18809350725478,-284.52148,170.63338000000002,-0.652637,5.655133,-0.78455156,0.25583845,-1.9086906000000003,-3.21253,3.3963153,3.7052047,-8.706508,-4.404103299999999,7.5698490000000005,4.7675014000000004,11.026572999999999,-0.0020328779,-2.2047698,-5.985462999999999,-25.7884,-27.829442999999998,1.5955621000000002,-0.00010929145611295266,1.808495990077688,18.792756271826093,1770.6333533544546,1756.9731690614549,15.465806483627393,10.893982550905196,16.129028935427108,16.108483749259623,23.62422847019232,27.116097667420487,33.392678230275415,0.00019852154999999998,3038.90625,0.053369140625,1.0,1.0,0.0,0.070275610499084,0.05120915049919859,0.008622729923808947,0.10713363939430563,0.547093254327774,0.09074512124061583,0.10207481374964117,0.022845691640395672,1.0,True
00:15:49,5c41c28e896e090001c03bb0,,0.8969192367698958,,-103.35357769526085,-507.28394000000003,1.3173532,1.1944419,1.1690899,1.1416076000000002,1.1120715,1.0805607,1.0471610999999998,1.0119636,0.9750633,0.9365594,0.89655536,1.3135453000000001,1.3072103000000002,1.2983655,1.2870367,1.2732537,1.2570548000000001,1.2384841,1.2175946000000002,0.041019373,-2.2558145334537528e-08,0.00043460851075695887,,6583.221163121142,5924.21546993354,10.407291166543423,9.524127295865906,9.456599331033086,10.235781850371142,11.302847822578805,10.971166028584118,12.196045273013418,0.6279939,14050.508720930233,0.00917016006097561,1.0,0.0,0.0,0.09288202114403248,0.02406233586370945,0.4389879584312439,0.13919494971632956,0.06787632219493389,0.10259821508079768,0.05067849401384592,0.08371971547603607,0.0,False
00:15:50,59278c090220760001fda664,94.82358987465427,0.7443152442623657,3.4995660374992537,-44.24419021516275,-401.40576,79.47046999999999,-0.53360367,2.4101996,0.669984,-1.5463281999999998,-5.1612897,-5.4745989999999995,-0.07688627,3.7054222,0.5503954000000001,-1.3050398,19.815195000000003,12.137276,-6.521417,-0.74304193,-3.3318653,-6.3383226,-9.519708999999999,-10.9466505,0.96899503,-2.5377057553128243e-05,0.4355222498351836,7.733238045017706,2688.158541563081,2497.058374027932,12.33281384243442,8.80063994849845,13.414291519919466,17.177514120865304,18.29515130827129,21.81781098998066,28.341335311056444,0.0006480906,3790.3125,0.0759716796875,1.0,1.0,0.0,0.17665992751717569,0.09612816274166107,0.03206344791688025,0.03174505679344293,0.37240480333566667,0.2095648542046547,0.05096759274601936,0.03046612182515673,1.0,True
00:15:50,5c41c28e896e090001c03bb0,238.39858328450748,0.976211956247864,3.7466443141099197,-70.5946506653939,-404.1321,125.36753,-19.503653,4.5889206,27.213638,3.5679019999999997,-1.0971137,-7.0329833,-19.391802,4.814577,8.760425999999999,-22.877352,-33.000755,-6.794021000000001,-12.82895,-10.065384,-12.010662,-26.567778000000004,-18.685104,-7.4532995,2.2836203999999998,-0.00011056893386989446,1.8631818332054768,37.635133889600894,2774.7344402342305,2829.083260860697,11.26710778075035,9.265301666446526,11.811941414461907,14.012616925077806,14.658280819615856,18.669653229864963,24.934807056107807,0.49466629999999995,5816.10576923077,0.07447228064903846,0.0,0.0,0.0,0.04797232544256581,0.04105677621232138,0.06152357285221417,0.062107382031778485,0.21352558003531566,0.2799220118257735,0.2145428963833385,0.0793494362798002,0.0,True
00:15:51,59278c090220760001fda664,402.46024262635547,0.9666744525463924,19.79930060111924,-59.87044015801937,-477.38766,36.613018,2.931489,3.4005919999999996,1.5526048000000001,-1.7059091,-4.530073000000001,-5.51083,-4.560393299999999,-2.628932,-0.76968086,0.51096827,20.899567,4.2216244000000005,-6.6013675,-9.975308,-8.520078999999999,-5.456793,-2.3007438,0.6725066,0.49549177,-1.935149145478246e-06,0.032038913146049904,5.587181565099673,3215.3264577035347,1702.8297069677105,14.289628620013113,8.18387919767452,11.074179150369199,19.06971678979954,16.958060059575537,14.899372100850444,19.617618085008353,0.00076274533,2283.28125,0.03013671875,0.0,0.0,0.0,0.19536286406219008,0.10336290923878552,0.09656862374395132,0.02274637094233185,0.4769808605313301,0.049281343910843135,0.04501106683164835,0.010685946699231863,1.0,False
00:15:51,5c41c28e896e090001c03bb0,200.52742335275647,0.9556838630996304,0.8723431717652876,-15.806666150319991,-202.02463,171.23842,-13.044843,-11.3223,6.239939700000001,-2.094194,-4.0847125,-4.9080353,-7.439868499999999,0.83722883,3.1186137,-13.047255999999999,-32.343777,17.433811,2.0174966,-3.4660629999999997,-14.294620000000002,-27.863607000000002,-20.094614,-1.7711581000000003,1.6245861000000001,-0.00021581400911386097,3.603253082973497,17.368335314022136,1933.8368993309311,1679.7214776751182,15.025914544577086,14.724219271956846,18.696211848878008,19.676247356149627,21.15703292216069,23.649934465737672,40.640925203938494,1.3531658999999999e-05,3091.875,0.0360302734375,1.0,0.0,0.0,0.01935512963682413,0.03860605714289704,0.004089904553256929,0.0695334349758923,0.4306917619309388,0.17617955273017288,0.2139962147921324,0.04754796516499482,0.0,True
00:15:52,59278c090220760001fda664,,0.7768245349116062,,-59.017033327116174,-476.84542999999996,38.77047,3.155982,1.5806226,-1.5870898,-4.5421996,-5.585827,-5.0293407,-3.2566252,-0.8573142,0.6927849,1.2330809,25.912622,9.936524,-4.1360836,-11.831797,-12.490789,-8.370011,-2.3078232000000005,2.1277065,0.47738567,-1.2790504967125205e-06,0.021171067298924845,,2974.9259104851158,1483.3059668442115,14.794892654762945,7.764262442337358,11.384098020258012,20.87113574256329,15.656989049758073,14.97594093942389,20.77038210269118,0.00041888712,1604.296875,0.0329296875,0.0,0.0,0.0,0.13505248203873635,0.05634100344032049,0.021692535234615208,0.035996142664225766,0.6559128195047379,0.023674727510660888,0.06421113712713122,0.00711917233420536,1.0,False
00:15:52,5c41c28e896e090001c03bb0,202.92327651361683,0.923062280668164,1.3422607993272828,-38.962375906368635,-357.16074,100.52105999999999,-13.022963,-9.544694,-3.4104392999999997,-8.7113,-1.5194931,2.213314,-5.998798000000001,1.1340654,2.7234976000000004,-8.2647295,-19.558308,27.234015000000003,23.842356,0.5831526,-1.152224,-18.566078,-16.610357,-6.2802677000000005,1.0798322,-8.855139385959335e-05,1.4704405518549206,11.366170274241052,2647.916238794148,2751.3241017414653,11.711400909296069,13.026776650701859,18.694092037756523,16.732882903163958,22.99713030438411,21.952377676985712,33.99410854385446,0.008680749,4892.109375,0.069716796875,1.0,0.0,0.0,0.025411631725728516,0.0013001738487218972,0.017401829187292606,0.5720845073461532,0.028243019548244774,0.0066170247038826345,0.3376080296933651,0.011333783197915179,0.0,True
00:15:53,59278c090220760001fda664,,0.7096483656400356,,-57.74165175686271,-470.77963,46.16386,2.4020650000000003,1.2698663000000001,-0.6420458,-2.5127618,-3.8020184,-4.167186,-3.51988,-2.160797,-0.7387915,0.07155337,30.080933,10.87309,-4.419026000000001,-11.778146000000001,-11.4552,-6.743667599999999,-1.5242646999999998,1.7107123,0.51096636,-1.593721223087924e-06,0.026222960262005043,,2675.6184849099022,1284.3903478020206,14.162077918027391,8.336080124094861,10.759247382631877,19.336293687700664,17.097704771069406,15.821971990709214,18.520489068843588,0.00031603215,1275.9375,0.026962890625,0.0,0.0,0.0,0.008703218423761427,0.05845853313803673,0.002373690798413009,0.0002660779297002592,0.919927817583084,0.006769875017926097,0.0031511492677964268,0.00034963509897352203,1.0,False
00:15:53,5c41c28e896e090001c03bb0,195.25036903643206,0.6517489068563633,1.9371799396263016,-24.89435445078443,-256.82562,153.56781,-7.698957400000001,-9.983022,-2.8903790000000003,-2.1871092,1.6990168999999997,-1.463832,-1.6522446,8.569963000000001,0.6104248999999999,-14.638179999999998,-27.854817999999998,26.499884,14.645113,-6.202948999999999,-4.0202003,-19.541636999999998,-23.879739999999998,-7.305425,1.8300629000000002,-0.00014975035332599624,2.5150450946812373,12.916997483522033,2237.9853218989942,2281.3156017137358,14.489564123338491,10.912517400379105,17.072850153311602,16.41651945650373,20.89051457997588,24.81208883561823,38.13615818281848,0.0012183202,4111.40625,0.056259765625,1.0,0.0,0.0,0.05951252156360583,0.0030553237408060922,0.06164720637554472,0.6291657171466134,0.0812591930682009,0.017082305942577394,0.08295177431269125,0.0653259547596628,0.0,True
00:15:54,59278c090220760001fda664,,0.7273954910426343,,-58.55955784758569,-475.80566,40.6001,3.0497099999999997,1.7438188000000001,-1.1196398,-3.9429002,-5.566711,-5.6590495,-4.628719,-3.2327402000000003,-2.139061,-1.6574788,28.14436,12.379729,-1.537291,-9.843655,-11.479932000000002,-8.061716,-2.706825,1.5638762,0.47996283,-1.3291230000100114e-06,0.02190869029958956,,2887.1258815110323,1345.72556585261,14.978577374163935,8.233472558677956,11.2059466429456,20.503535392563407,16.184900414185268,15.342417424922026,18.622022301770343,0.00036293123,1246.171875,0.0247216796875,1.0,0.0,0.0,0.04225795180536807,0.06011826507747173,0.010576494911219923,0.00878432142562815,0.7716604173183441,0.0547718876041472,0.04292802647687495,0.008902619441505522,1.0,False
00:15:54,5c41c28e896e090001c03bb0,148.5333939783736,0.9439099103257264,0.6451017858616821,-22.615646269234162,-304.44116,73.38164499999999,-13.90407,3.7851922999999994,4.3990507,-7.279617,-0.006132042,0.9559801,2.2603462000000003,6.972552,-2.169295,-11.39787,-49.995426,38.814064,-11.259062,2.8246952999999997,31.437407,-27.478817,-22.723986,-4.494855,1.3891286,-0.00011088023745158159,1.9316338896897396,16.58250825231325,1758.6440187323278,3797.3443478239424,12.49315621180428,11.217189651203169,18.219685672535157,23.433049180524698,24.148391508098808,26.579909949597873,47.11760685518779,1.5988891e-05,5120.15625,0.147412109375,1.0,0.0,0.0,0.08796068819032775,0.0040413786838245066,0.13557344219750828,0.5262718912627962,0.043122547885610006,0.024598812891377345,0.07023376143640941,0.10819745850231913,0.0,True
00:15:55,59278c090220760001fda664,,0.724970901137588,,-59.166262202340405,-477.11005,39.044785,2.900171,2.46912,0.42052484,-2.1347442,-4.156701,-4.988258,-4.5068088,-3.113882,-1.5443162,-0.52861387,27.367138,12.61047,-0.44045717,-8.374292,-10.280989,-7.59865,-2.9915795,1.0045198,0.4471232,-1.3135229646923263e-06,0.02164693552360056,,2922.8533418384504,1381.406200626157,14.526864784479242,8.32999560266178,11.291147185913053,19.74649805306511,16.299483030927185,14.92081915096539,18.634812375238017,0.0004315697,1410.46875,0.025576171875,0.0,0.0,0.0,0.029132710001431406,0.027429975755512717,0.004932093096431345,0.031512927426956584,0.729476147890091,0.07630915381014347,0.06325073298066855,0.037956286780536176,0.0,False
00:15:55,5c41c28e896e090001c03bb0,155.46664893976842,0.9363836768513368,0.5525113791823199,-15.763214080183284,-185.97482,182.93365,-12.365425,-3.286605,8.439047,2.6276515,-0.69896597,-7.9934053,-9.165059,2.062908,1.4648045,-12.4185,-35.845622999999996,15.205509,-0.9809514000000001,-5.349784,-0.39299506,-12.607511500000001,-23.063614,-14.810345000000002,1.6175957,-0.00021791648322554223,3.6574448709784586,14.477215223226835,1829.281930564351,1787.4485313038724,16.17982452121936,14.004692111321,17.3989015422229,16.882460517256803,20.65094291581972,24.46719320472609,41.36439212607321,1.0743574e-05,3214.21875,0.0429638671875,1.0,0.0,0.0,0.04566889582201839,0.003544523406890221,0.06144649488851427,0.6697903007268906,0.0416391097009182,0.010914895590394736,0.057324822433292864,0.10967093147337437,0.0,True
00:15:56,59278c090220760001fda664,,0.726251139368056,,-60.384442040478675,-481.66092000000003,33.043907,2.5237985000000003,1.808886,-0.7349637,-3.6984962999999995,-5.7482877,-6.1559834,-5.002205,-3.0116794,-1.1339706,-0.09077660000000001,22.491919,9.11609,-2.7462766,-9.914056,-11.421157000000001,-8.490063000000001,-3.6270301,0.5980038000000001,0.44923407,-1.061633378930178e-06,0.017587691977312418,,3162.9041282092353,1526.9039593576513,14.633912626339153,8.532790330378933,10.85769242367843,20.626205618298613,15.920462002537596,15.209075948326873,18.401179382505887,0.0005368658,1531.40625,0.0268408203125,1.0,0.0,0.0,0.06225313423201441,0.05243800736425328,0.009490990120684727,0.1429442457447294,0.4847701008431614,0.16729028609115631,0.037353599909693,0.04345963392988779,1.0,False
00:15:56,5c41c28e896e090001c03bb0,144.72725409220527,0.900572148878426,0.3886106032503337,-38.01311639329597,-332.6733,153.81056,-7.030434,-8.221981,-0.7844464,-1.1466121999999999,-5.521062000000001,-6.462604499999999,3.024028,9.46293,-10.680836,-21.957352,-14.596673999999998,23.278397000000002,33.552,8.4324255,0.20450592,-19.74496,-22.347641,-6.983596,1.2279968,-0.00010337292214947528,1.7274106798613424,12.217928265774901,2763.386120488032,2423.6638973237423,17.16803780452204,13.809780999419436,16.326625432279364,15.523017524605795,20.271594853340996,22.63696230301629,30.10733507414136,0.00653506,4949.53125,0.044990234375,1.0,1.0,0.0,0.09876839050816164,0.0029733444906822927,0.13813015826356909,0.2705716885005434,0.00596809229399595,0.060883339235766075,0.21705930695558587,0.2056456815658344,0.0,True
00:15:57,59278c090220760001fda664,,0.7366048867917115,,-50.932930156321405,-442.1706,76.381,-0.8933595,-0.11812648,-0.20541881,-1.5321088999999999,-3.6412292,-5.0575886,-4.352258999999999,-1.8442825,0.41134408,0.7819235999999999,38.516098,3.4211152,-13.099752,-12.800015,-6.820616,-3.0384626,-2.1078284,-1.7348055,0.7012851999999999,-3.952953133575223e-06,0.06473108289677314,,1944.8117755576457,1101.9601285092033,12.132860227279856,8.427466240636631,11.263273875713935,16.693353521524337,21.872518229820198,18.109843219822487,19.80476688923516,0.0001458025,1379.53125,0.028369140625,1.0,0.0,0.0,0.06528790462762117,0.11621295660734175,0.013575537712313237,0.0026727533695520837,0.6839548826217652,0.09620227068662644,0.019204103015363214,0.0028896025323774666,0.0,True
00:15:57,5c41c28e896e090001c03bb0,171.6926747458172,0.6640877344200053,0.833939284973955,-50.06689303784287,-314.6597,175.19598,-13.426804,-10.68582,-1.2716424,-3.3488936000000002,5.097772,1.2960104,-3.4612534,7.4748144,-1.0815991000000003,-17.166439999999998,-47.875023,35.88725,8.426525,-18.097595000000002,-5.7510886,-23.869329999999998,-20.129566,-4.096451999999999,2.1983159,-0.00016877480869466089,2.841103034166589,11.834831060092053,3171.9666779418817,3401.050339304022,13.386080514929068,11.257550162752167,14.205609273866894,13.46007706103997,16.005892089124686,17.780033400008172,31.551664266537532,0.24700545,6856.93359375,0.05248714398734177,1.0,0.0,0.0,0.12215646687481138,0.003276643239789539,0.6089752813180288,0.14183589898877674,0.007570666881899039,0.01405668594977922,0.05426818525625599,0.047860138532188214,0.0,True
00:15:58,59278c090220760001fda664,,0.7125190987185219,,-57.772108037549366,-472.92565999999994,43.264137,1.802371,-0.29490274,-3.3205852999999994,-5.6516967000000005,-6.258053,-5.080369999999999,-2.892402,-0.76358217,0.5056258,0.6477352,27.588675,8.997608,-5.668582,-12.616682,-12.127107,-7.301435000000001,-1.8782461,1.4715999,0.5226404,-1.5881209778060516e-06,0.026141592013137628,,2762.3431773262932,1355.4238047969416,14.120511803113525,7.666296607473656,11.244554745364008,20.797488153518465,18.213860251302517,15.8032864373836,18.91267981621322,0.0003722829,1350.46875,0.027890625,0.0,0.0,0.0,0.042334466427564624,0.14487608708441255,0.003649740444961935,0.000720386125613004,0.6059264361858367,0.17530883997678756,0.026011398434638976,0.0011726042546797545,0.0,True
00:15:58,5c41c28e896e090001c03bb0,146.38404858850657,0.8857124622227891,0.6936678030894273,-18.732786022837967,-238.31856000000002,142.44951,-6.60787,-2.3098360000000002,5.441952,2.5123917999999996,0.42109248,-8.324867,-7.821661,3.3921828,-0.10172932,-11.129572999999999,-40.291187,36.990704,6.647020299999999,-16.330563,8.903681,-14.585586,-16.935051,0.6795014,1.9329453999999997,-0.0001722484604882009,2.9516370775678995,17.730852564736182,1657.7170131093371,2615.3125442301143,15.911283934679055,12.70287590455837,15.770617473132305,16.616305497218185,21.559856417825827,22.601242881371178,43.1086581990532,1.2427654e-05,3933.046875,0.0939013671875,1.0,1.0,0.0,0.09748311075381937,0.0044216139591299,0.14024733938276768,0.1785376898944378,0.019176006421912462,0.11732243113219737,0.34942191615700724,0.0933898693881929,0.0,True
00:15:59,59278c090220760001fda664,120.58690714991786,0.30124740536845296,0.625143423911429,-51.093435174951495,-446.03384000000005,68.727295,2.5012317000000004,-1.2637492000000001,-5.33205,-7.532287599999999,-6.090195,-3.2611775,-3.0793226000000002,-4.511123,-3.378521,-0.5804938000000001,30.552722999999997,2.5555081000000004,-7.994877000000001,-11.649107,-12.895664,-8.527362,-0.7369791,3.5993443,0.69742954,-6.780508694121873e-06,0.11114839474640496,12.6705330891042,2291.5760599931914,1248.1071366808285,12.894450330583775,8.246512667341293,11.115172049416994,19.085474863307837,19.73503213528664,16.732191344011113,21.11783600409371,0.00019838593,1483.125,0.029453125,0.0,0.0,0.0,0.1730518417432904,0.09229170382022857,0.035722839273512365,0.04011760952125769,0.3730184063315392,0.19437153935432436,0.05399100231006741,0.03743506706086919,0.0,True
00:15:59,5c41c28e896e090001c03bb0,126.78836608990831,0.5984847517598377,0.5665060230360276,-22.368119173784667,-283.6977,185.22041000000002,-5.1283965,-5.3713370000000005,2.3276142999999996,5.973504,-0.3931864,-1.6994740000000002,-0.7445953000000001,-1.8476912,-5.748076999999999,-12.082251,8.316674,-10.690000999999999,5.2616754,-4.194997,-2.4926939999999997,-10.340992,-21.836655,-12.968798,1.4406179,-0.000135863669580003,2.230219785106722,12.14024948062036,1455.0073274688464,1367.0364357483356,17.083569037785225,13.614451852666807,16.94049813104046,17.341811742672903,23.51140579759252,23.605611088489557,29.452113432110572,0.00044687735,2231.25,0.0407470703125,1.0,0.0,0.0,0.18225043825805187,0.007790496770758181,0.13747481033205985,0.09528392320498824,0.03701459877192974,0.2780118152499199,0.21055909544229506,0.05161480563692748,0.0,True
00:16:00,59278c090220760001fda664,208.0481458964098,0.6191921496587307,6.4679732159410355,-42.84909417768855,-411.44723999999997,92.629036,2.32559,0.71080416,-4.0206966,-5.716603299999999,-4.386382,-3.7505343,-3.3259760999999997,-3.6006937000000003,-4.4210577,-1.5797786,23.085542999999998,-1.2926607,-1.572076,-11.621891999999999,-22.313961,-20.165146,-10.569632,-2.0138216,1.1261635,-4.238499055604097e-05,0.6965938506545742,35.1856272407619,2097.746025280629,1409.9077480833264,12.143183073317225,9.743825014526236,12.562617251230366,18.20096977789984,18.570952622645773,19.46387939420913,24.639272685270203,0.0003432909,2239.921875,0.0321435546875,1.0,0.0,0.0,0.2385816253721714,0.04893914959393442,0.053637695871293536,0.04223606986925006,0.11195693612098694,0.3585986733436585,0.070517367310822,0.07553246449679138,1.0,True
00:16:00,5c41c28e896e090001c03bb0,163.90709179174445,0.6479292778368123,5.172394160075188,-26.57001982133814,-307.26276,124.97922,1.0675803,-6.624314999999999,-1.9737744,-2.587353,-2.8460523999999996,1.1119153,-3.5596282,3.048482,0.39804387,-18.390291,-20.051085999999998,25.68437,28.974152,11.791509,17.759173999999998,-17.876058999999998,-36.169975,-8.04572,2.1460538,-8.990821737632693e-05,1.5192266196145932,25.722329916174914,1737.75592122329,2063.873988444041,16.649320826836956,11.372020821977134,17.137204237130515,16.72065332685223,23.362496541176572,20.823898968383183,36.195116833863494,6.110958e-05,3402.1875,0.06908203125,1.0,0.0,0.0,0.23358382508158684,0.0051799920620396725,0.15996390786021947,0.052204017620533706,0.008848138968460262,0.20539507046341896,0.31052986085414885,0.024295193096622824,0.0,True
00:16:01,59278c090220760001fda664,143.85583522629975,0.8148675114274356,1.3699995103815792,-31.12544138963893,-357.96265,129.97339,1.8699156000000003,2.5857177000000005,-2.6199597999999997,-6.208884200000001,-7.4691696,-2.5626217999999996,1.3063848999999998,-3.3988602,-5.609089,0.37601927,11.560113000000001,-9.112052,8.406506,-1.1841747,-17.009823,-21.98563,-20.276907,-10.085684,1.4913778,-7.135737715814978e-05,1.1811625782365138,38.28601484874276,1565.0796959366476,1486.182265158791,12.651447899241273,10.694790462335632,15.376052137402187,16.492895079331554,23.506791433408534,22.90451081183627,27.784687614523005,0.00015319201,2336.71875,0.0467138671875,0.0,0.0,0.0,0.14667755588889125,0.06765379142016173,0.04477737871930003,0.029239098582183938,0.3285589501261711,0.26947023868560793,0.0401286905631423,0.07349429342430085,1.0,True
00:16:01,5c41c28e896e090001c03bb0,155.24055276519638,0.8352910183014283,0.8431369838582673,-64.81597023419137,-399.75662,113.53341,-10.670738,-8.236687,-0.5526770999999999,-7.488138,-5.2185855000000005,1.9433761999999999,-1.8016108,6.8159485,2.6840582000000004,-22.09819,-45.5907,45.02459,22.2445,-6.5784970000000005,12.813948,-27.909665999999998,-24.676497,0.8749459999999999,1.3749652,-5.933312454278824e-05,1.016987081175597,25.779569390490217,4020.7759498752825,5150.883444401044,11.698161390396226,10.5987791371376,12.66104298105097,13.157043930215465,15.237087839857285,16.429278242733364,29.01816725856649,0.22159283,9483.664772727272,0.11241566051136363,0.0,0.0,0.0,0.13234765753149985,0.041545659955590966,0.3658037163317204,0.01164127727970481,0.1063135275617242,0.11999725829809905,0.2190351229161024,0.00331577857141383,0.0,True
00:16:02,59278c090220760001fda664,97.23055400338212,0.8276488266334965,0.3005468986324272,-35.419530894892524,-360.40482000000003,121.22291000000001,4.476603,-5.9570856,-12.696546000000001,-1.3942565,0.39126638,-6.8638277,-4.257073999999999,-0.32038277,-2.1010582,0.113665625,9.397074,10.104148,27.309563,5.7225456,-4.7337694,-7.4504485,-16.818855,-8.209323,1.0129493,-5.154751588037081e-05,0.8526179110406003,10.053109537565778,1889.023844840696,1413.2553299223957,15.055458765965614,9.317533424635368,15.19940606172348,16.66437869446248,21.398013726713813,24.46257848656631,26.53390104030644,0.00015580062,2348.671875,0.0326513671875,1.0,0.0,0.0,0.03707564864307642,0.0714685816783458,0.024451807443983845,0.004834543749166187,0.7575400680303573,0.07157486367505042,0.010699514811858536,0.022354974786867387,0.0,True
00:16:02,5c41c28e896e090001c03bb0,,0.6051632969412273,,-99.27650582301878,-507.05182,0.36944333,-0.8384958,-1.8990308,0.06220041,1.863286,0.52208495,-1.5271417999999999,-0.5978884,1.4886112,0.9751914,-0.8369363000000001,-3.0011966,-0.61822075,2.7270894,1.0392826,-2.2406577999999997,-1.5748948999999999,1.2932202,1.5536127,0.109173164,-1.258366595414757e-07,0.0023879797337399518,,5769.082241392728,6664.825213663215,9.952054947059905,9.802227510089894,12.88786415927395,11.36293941144026,14.70680132395874,14.106076800270374,12.622639750442511,0.6530967,13235.402960526317,0.09779759457236842,0.0,0.0,0.0,0.06387309059500694,0.03834084561094642,0.14704391006380318,0.01810824265703559,0.366034796088934,0.13030269239097833,0.2305326633155346,0.005763769883196801,0.0,True
00:16:03,59278c090220760001fda664,130.34276998128192,0.8724980138452846,3.2456812152848515,-49.0244877603588,-421.3658,78.81752,0.9651448,0.24365029999999996,0.37289122,1.5312366000000002,-3.2294326,-4.7713575,0.13587306,-0.08051314,-2.7845702,1.2026832,15.28444,2.4811360000000002,6.752394000000001,-4.141287999999999,-11.883059,-12.386553,-12.694386,-6.307586,0.80640507,-1.92064638382708e-05,0.3167324680391434,26.217408722276524,2537.3897703241587,1651.476692084093,12.308689697492847,8.9317136411373,12.43962191934123,16.93087433797351,17.474560479976525,19.82080002699228,23.262502715442533,0.00046462682,2400.46875,0.03634765625,1.0,0.0,0.0,0.000741524931800086,0.0054045844881329685,0.00047462001675739883,0.0001500070880865678,0.9915385246276855,0.0004025231919513317,0.0008236638779635543,0.0004645435939892195,1.0,True
00:16:03,5c41c28e896e090001c03bb0,207.05337051599827,0.8421463795657711,1.1932855245265959,-19.1322966013937,-197.34691,150.75598,-9.330255000000001,-10.549347000000001,0.8694958,-1.9031166000000002,-5.3355927,-3.4512343,0.38281035,1.8616811000000002,-0.21789092,-15.734716,-48.787724,18.103706,-6.864253,-5.5716767,-9.016996,-17.604277,-23.985498,-10.744252000000001,1.9999021000000001,-0.00022551382573155723,3.8098074568980986,18.987441862504067,2217.3754954676424,2317.1316080755482,14.764125720770604,13.88345656784045,17.49703836157716,16.000563696925862,18.906126431095807,20.576331051485504,42.57513726200959,0.00017795133999999997,4051.171875,0.0614697265625,1.0,0.0,0.0,0.3116753786802292,0.005114156618947163,0.14523996710777282,0.09890098087489604,0.006209765048697591,0.132469904050231,0.25761288180947306,0.042776973685249686,0.0,True
00:16:04,59278c090220760001fda664,374.2968222211495,0.5691150896384309,3.0062044767537164,-48.040589904544404,-426.9516,79.507576,2.2325009999999996,1.5013973,-2.1497707000000004,-6.371844,-6.379481299999999,-3.6974814,-4.033671,-5.8945737000000005,-2.5048192000000005,2.9971447,23.63225,3.363154,0.6965326999999999,-10.578133,-19.138659,-14.804673999999999,-5.519932700000001,0.3972279,0.83024514,-3.9542429792094535e-05,0.6515303647990193,36.44898029376864,2313.6831035297896,1270.887172647001,13.676017515251115,8.116130177886555,11.598347132055626,19.992264523350038,18.933227996495766,19.065668743870443,21.247730206105608,0.00025126865,1467.421875,0.0278466796875,0.0,0.0,0.0,0.01567619382403791,0.010765475174412129,0.005098696221830323,0.0012840798557590461,0.9508065402507782,0.005272613652050495,0.010680730018066242,0.00041570239409338683,1.0,True
00:16:04,5c41c28e896e090001c03bb0,236.02531283463424,0.8533247726893232,0.3814834258645357,-47.03271179691679,-375.04446,45.60288,-6.193016,1.2148641000000002,4.072368,-1.7824254000000002,-1.7851148000000001,-6.2853026,-6.447307599999999,-1.9497986,7.50564,-9.677092,-57.432037,4.358624,-9.401641,3.2108824,6.365169,13.954088,-10.540961,-8.654108,1.7187511000000002,-8.643978248840673e-05,1.5239253117665077,7.079748111048148,3241.838190517825,4235.39386288424,11.640744725544346,11.455054966480489,13.358502279502964,17.72787270357675,19.628109213864214,21.64656727054421,31.329911768051023,0.017059421,6854.296875,0.13740234375,1.0,0.0,0.0,0.07773221097886562,0.006940290238708258,0.2027066928334534,0.16521339341998098,0.009971908340230585,0.06384661439806223,0.3439409673213959,0.12964791916310786,0.0,True
00:16:05,59278c090220760001fda664,340.4420773648842,0.9541797594737671,4.489910842839327,-56.59928638050389,-443.05035,66.56593000000001,8.669861000000001,3.8907062999999993,-0.9800804,-6.295903,-8.142662,-1.3144668,1.1351715,-5.999604,-5.0931153,3.8313105000000003,9.815408999999999,-6.0022807,-0.6570714,-5.24621,-12.130519,-11.497183999999999,-4.003943,5.9352540000000005,0.71242285,-1.9618713170072572e-05,0.3254098566856865,25.549735575027352,3100.719526549625,2019.9478161663526,11.16806865436806,8.159419831500205,10.921862625372247,17.975631688596078,17.457633394553913,18.248752292596212,21.26780505416051,0.0024891912,3483.046875,0.03679547991071429,1.0,0.0,0.0,0.012334459426347168,0.010918933106586336,0.005377741833217442,0.0018518258410040289,0.9501093685626985,0.007911941135535016,0.009735142055433244,0.0017606203793548046,1.0,True
00:16:05,5c41c28e896e090001c03bb0,240.97991839193364,0.9790785796933764,0.9090115091002032,-47.94356818093272,-355.68536,91.61399,-14.624495499999998,-9.398501,5.841223,0.101985,-2.1432919999999998,-5.425466,-10.940632,-3.8796148,1.1589549,-10.464377,-43.108902,-0.22307745,-9.652155,-5.227040000000001,9.651697,2.6560232999999998,-9.444322999999999,-5.625676,1.0150596,-8.608317655675417e-05,1.4533211163820716,11.399927258568692,3407.2448862281785,3709.93676736286,9.677726370827552,12.408913850182266,14.276470354093453,18.817484367200066,20.48412014871361,20.464750247568702,32.872785668169314,0.022194535,7079.296875,0.0894775390625,1.0,0.0,0.0,0.035760390013456336,0.0014172063867590626,0.02243041335605085,0.6309241235256196,0.0052890117163769896,0.04419730948284269,0.14863781165331602,0.1113437257707119,0.0,True
00:16:06,59278c090220760001fda664,,0.9386762306132382,,-70.91311206413613,-493.74744000000004,24.820902,1.2864822,1.2882277,-0.0040579652,-1.7908562,-3.1673033,-3.5297709000000004,-2.8111599999999997,-1.4510868000000001,-0.1321744,0.5712345999999999,18.112263000000002,9.375283999999999,1.2077303,-4.3470817,-6.4482713,-5.5452642,-2.9706097000000002,-0.29263818,0.517452,-7.060896433462015e-07,0.011680050062563728,,4153.8629276608335,2491.374589261036,11.35548358041717,8.159054237633066,10.639424472390292,16.854764662623474,15.326403907316177,13.857783586114314,16.5439249102938,0.063869685,4804.445876288661,0.01992399796195652,1.0,0.0,0.0,0.0005175649726879783,0.002242385083809495,0.00013656025112140924,9.006243744806852e-05,0.9962377130985258,0.000289112949394621,0.00019749878119910136,0.00028904922073706983,1.0,False
00:16:06,5c41c28e896e090001c03bb0,257.3187194159378,0.8618026995765595,1.799064039822038,-41.027617674932536,-318.98798,117.17958,-13.868348999999998,-3.1802547000000003,8.012748,-7.9973974000000005,-2.7719054,-3.2531767000000005,-5.3134217,5.359535,0.50252676,-11.654274000000001,-40.68957,14.136122,-4.269287599999999,-10.590921,-1.6679210999999998,-23.53081,-20.680098,-1.4208411,1.709766,-0.0001017046617182144,1.7269065369898293,16.201805866382944,3214.758733644501,3239.129677510059,10.623670946562276,11.233083351035466,14.643621577801738,14.515688146126626,18.356493157867693,22.151008474815182,36.158364566387306,0.01814709,6609.609375,0.0728515625,1.0,1.0,0.0,0.03994900360703468,0.0012348604697763222,0.028414598647214007,0.7370332181453705,0.007543177180923522,0.03447585763642565,0.041394810285419234,0.10995446778833866,0.0,True
00:16:07,59278c090220760001fda664,,0.9647677354560122,,-70.01794957368082,-490.19128,31.226418,3.2442193,2.9929662,0.9727679,-1.8069688000000002,-4.181899,-5.2410483,-4.6833415,-2.9335485,-0.8979103999999999,0.5366474,20.879639,8.016391,-3.0301294,-9.327777000000001,-10.270100999999999,-7.277315,-2.7157016,1.2329937,0.53529763,-8.448309811569615e-07,0.013953469442100049,,3924.243654966872,2325.6580681644905,12.108877622260758,7.780654015922977,11.475081176007777,17.584675387198047,15.698664581898775,14.057770193686096,16.813041186431086,0.06520362,4233.88671875,0.02369867369186046,0.0,0.0,0.0,0.002506449329666793,0.003411618946120143,0.0005940675124293192,0.0004038219325593673,0.990951144695282,0.000695328350411728,0.0010182614612858742,0.0004193078988464549,1.0,False
00:16:07,5c41c28e896e090001c03bb0,189.32318451441856,0.7998003257667285,1.22659252596207,-26.139086233723106,-252.55544,173.1884,-19.31695,-12.39724,9.259938,2.7873504000000002,-1.4308738,2.0213482,-7.2920175,0.04349289,-2.3238661,-18.44556,-39.909748,7.6878166,-1.5489754999999998,-20.831135,-3.5739424,-17.51906,-22.499113,-12.822439,2.1064465,-0.00014828508910320169,2.470490541399318,15.303370844005565,2288.3549083174303,2418.5090978045964,14.705566881175685,12.637791605579286,15.585018611321898,14.981975645918727,18.100265664637803,19.179297397378413,38.92091044355101,0.023707861,4507.03125,0.051064453125,1.0,0.0,0.0,0.0292506136931479,0.0024616573769890237,0.06629944678861648,0.5732854250818491,0.02877918660233263,0.020440934773068874,0.2602616157382727,0.019221123680472373,0.0,True
00:16:08,59278c090220760001fda664,,0.6804952302941593,,-64.39761593213261,-486.2097,32.5516,2.9344137000000003,2.8449776,0.86342496,-1.7095813999999998,-3.6290373999999996,-4.3208222,-3.977554,-3.1845012,-2.4589397999999996,-2.0382538,22.340061,9.494482000000001,-1.8580352999999998,-8.838396000000001,-10.616836,-8.215406,-3.7338525999999996,0.5459026,0.5318644,-1.008195093796039e-06,0.016641114387638885,,3551.437021993657,1934.3902909610692,12.133097826679439,8.535756188177894,11.086772502627056,18.876859761699077,16.655307648157915,14.648429642747367,17.430364676618055,0.0032163174,3124.21875,0.024867106958762885,1.0,0.0,0.0,0.011045822454616428,0.005196318030357361,0.00331500394968316,0.0023218149319291113,0.969206702709198,0.0026522147003561264,0.004903373378328979,0.0013587303808890285,1.0,False
00:16:08,5c41c28e896e090001c03bb0,169.5302088175068,0.912248938984326,0.6438909433705504,-20.573388334623306,-237.96274,166.48923,-11.088503999999999,-11.018121,7.507782000000001,4.378071,-2.1999712000000002,-5.362307,-8.421516,3.1225672,-3.5226504999999997,-16.837362,-35.738213,4.9505725,-0.42591667,-12.74452,5.277898,-18.693835999999997,-26.353683,-6.0163856,1.840544,-0.00015686483113374998,2.6166862555898915,11.755231530715351,1743.0360089779867,1898.349197536282,16.960011207683383,14.446131403082482,17.248814974427248,17.598196825988882,22.478804063448358,23.52795998253341,40.923061329748265,1.6393524e-05,3313.828125,0.056826171875,1.0,0.0,0.0,0.059977959531048924,0.002611002748987327,0.019824023048082992,0.4140042923390865,0.06175130640622229,0.07394921073379616,0.26862341289718944,0.09925880469381808,0.0,True
00:16:09,59278c090220760001fda664,,0.6571065680771965,,-59.723844687029064,-475.44144000000006,42.299,3.0437295,2.3070687999999997,-0.16847631,-2.8278706000000002,-4.3677864,-4.706976,-4.258785700000001,-2.9895389999999997,-0.8976238999999999,1.2736162,25.294579000000002,6.905416000000001,-5.896408,-11.0114975,-10.145417,-6.2772093,-1.897184,1.4996316,0.59300166,-1.7466367618935185e-06,0.02872464738996322,,3099.477181818313,1687.9986825920614,12.455860522951939,8.110292466545195,11.743901969799873,18.498903884541768,18.574826227492572,16.876995377935238,17.94558190153212,0.0018259648999999999,2582.8125,0.0282373046875,1.0,0.0,0.0,0.005342573707457632,0.011629138048738242,0.0008002496673725545,0.000799581748287892,0.9747040033340454,0.002523203601595014,0.003643827093765139,0.0005574353534029796,1.0,False
00:16:09,5c41c28e896e090001c03bb0,133.19786458080785,0.9027441883027087,0.5048156619819604,-72.15326911783961,-439.9936,147.61475,-10.411064999999999,-23.571045,-4.8911405,8.074251,-5.623427400000001,-4.384401,3.8991013,-8.639824,-13.634625,-3.2413945,11.060583,13.832101000000002,31.86076,16.239983,16.60298,2.0190258,-17.116132999999998,-6.9438086,0.6070582,-4.7485904416578416e-05,0.7768873978744676,11.05718326454584,4046.9852764404377,3783.771522462787,12.825652007784374,12.03278838951806,13.463640357399271,13.050293801379675,14.454341408941929,19.345096874068698,18.523523967196187,0.27431500000000003,8078.725961538462,0.03612655248397436,1.0,0.0,1.0,0.07700354895657963,0.004978073013868804,0.021041711533649102,0.5127625432279375,0.036658898177039295,0.06894379160884354,0.14617531643145615,0.13243610080745485,0.0,True
00:16:10,59278c090220760001fda664,,0.7578422701681767,,-46.355460015886564,-424.02099999999996,95.589,1.9213316000000003,0.82107174,0.024860827000000002,-1.2714522,-4.350778,-7.500471000000001,-7.410511,-3.7405581,0.25954244,1.8996778000000003,45.19341,3.0247657,-12.738177,-10.260357,-4.796009,-1.8804256000000001,0.23108777,1.9329851000000002,0.82020515,-5.720121588115184e-06,0.09362474878772313,,1624.541180082913,1004.1704919954126,11.989846700407181,9.361575877163158,11.763937498872087,17.323065695153215,21.378104156987888,18.9386862750812,20.953843132569922,5.2479678000000005e-05,1430.859375,0.0274560546875,1.0,0.0,0.0,0.0033325462020002304,0.02000820017419756,0.0016964765643933788,0.00042716745811048894,0.9664613723754882,0.0047224585723597565,0.002804433647543192,0.0005473675759276375,1.0,False
00:16:10,5c41c28e896e090001c03bb0,,0.5464423703483431,,-65.08462165193141,-473.33377,24.389418,-0.39288384,-8.993547999999999,-1.8182317,4.280774,4.858597799999999,0.8467614,-3.0153587,1.3405399,1.4401323000000001,-4.8158083,-19.587307,-0.5722844,11.86054,5.9156,0.7273065,-8.884708,-3.0252117999999997,8.981817999999999,1.1933311000000002,-7.030343034807865e-06,0.12022874789099912,,3306.5832340371962,3891.037553189866,14.488380816712347,11.541061036003,13.467730256597614,17.093483463346676,19.18012325286339,19.78417243631873,23.493824539631966,0.12676401,6605.989583333332,0.11354166666666668,1.0,0.0,0.0,0.020532795641985204,0.024723684466961358,0.0064900488230503275,0.041374117187741734,0.7232565846708086,0.04444163168470065,0.11237127737452586,0.026809877612524558,0.0,True
00:16:11,59278c090220760001fda664,,0.7590861980358933,,-58.68872603585899,-473.64896,42.662502,1.7211648000000002,0.58045757,-1.5660938999999998,-3.6693428,-4.8611629999999995,-4.718564499999999,-3.4219867999999996,-1.6545869,-0.23427737,0.3115521,28.006953999999997,10.478466000000001,-3.5872292999999997,-10.603345,-10.749509,-6.8282685,-2.1765401,0.92727536,0.48400885,-1.5112908716173876e-06,0.024882659282010708,,2790.2589820275543,1354.3998846621296,13.951256862448895,8.190776322007768,10.632887509241677,19.169474256953926,18.38014153368355,15.923508271645485,18.458031143253827,0.00039500989999999997,1403.671875,0.0266455078125,0.0,0.0,0.0,0.005646106041967869,0.033354032412171365,0.004793863953091204,0.00047634901711717247,0.9433913648128508,0.008450743881985546,0.0030639369622804226,0.000823576160473749,1.0,False
00:16:11,5c41c28e896e090001c03bb0,160.8492461999366,0.9349566568682812,0.8577015945458422,-14.509621945684176,-188.86072,199.39778,-14.023016,-7.0197606,7.155015,-1.4784194,-5.562076599999999,-1.8475206000000002,-5.0199739999999995,-2.2878385,0.36561584,-12.322144,-31.813782,-2.177326,-3.196002,-7.045744,-7.238136,-16.725119,-19.19951,-11.972197999999999,1.5736206,-0.00022373320832711464,3.71353296028572,10.871767578470529,1625.9402440070753,1430.3884748792716,15.944663307898136,14.024744201079185,16.822536038638617,17.108313129941962,19.87585227107901,21.2081301037892,40.32782896796634,5.7499383e-06,2463.75,0.029697265625,1.0,0.0,0.0,0.01038810964250429,0.011912709525363012,0.0022348488352938807,0.07149702073498206,0.6269164356318387,0.02703065708787604,0.17555464804172516,0.07446558248061179,0.0,True
00:16:12,59278c090220760001fda664,,0.7458202478870624,,-59.43715819957274,-477.65362999999996,38.071056,2.289357,0.14579270000000003,-3.1907767999999996,-5.7698160000000005,-6.3734025999999995,-4.9583645,-2.4404125,-0.067191705,1.2247698,1.1573959999999999,25.85685,10.468181,-2.955595,-10.675443,-11.707587,-7.826707000000001,-2.354189,1.5596476000000001,0.45647767,-1.1976942891835306e-06,0.01977695311922329,,2923.556033993366,1376.9666915613316,14.215507136834562,8.435227933214279,10.513581351161779,20.72138302531432,16.91226102955131,14.818527432102105,18.42094919771823,0.0003832272,1255.3125,0.0269775390625,1.0,0.0,0.0,0.02034508539363742,0.017749881464987998,0.006618922180496156,0.0007578852353617549,0.9278417825698853,0.012696774862706659,0.013652497273869812,0.00033715361932991074,1.0,False
00:16:12,5c41c28e896e090001c03bb0,138.45763099728896,0.888363906973494,1.2822111899615405,-20.497907004944853,-267.37203999999997,159.15833,-12.136288,-12.027274,0.9001292,0.23910044,4.4723034,-0.11039472,-7.1593375,2.6202672000000002,-2.4169728999999998,-15.4759655,-9.464314,22.680252,11.737086,-3.8325517,12.065007000000001,-8.532877000000001,-16.4059,-1.1660099,1.9119506999999998,-0.00013090043326659,2.188527207029551,18.823097996280246,1562.2404017476824,1632.2385123504755,15.986956179222007,13.542064698538551,16.411458170490373,19.254356806074288,22.148419654261602,21.739495006265386,39.69144062997971,1.0347498e-05,2767.265625,0.0477294921875,1.0,0.0,0.0,0.048829669831320636,0.003734606732905377,0.14024233869276942,0.12418030938133598,0.08679868024773896,0.023033884505275642,0.5610195145010948,0.012161006091628223,0.0,True
00:16:13,59278c090220760001fda664,,0.7334096074015592,,-55.528334199774,-466.0627,52.509823,1.3779827,-0.7020994,-3.5135050000000003,-5.540078599999999,-6.031502,-5.1140537,-3.4589260000000004,-1.7913166,-0.5529985,0.13180605,35.464085,14.739073000000001,-2.3733752,-11.419572,-12.187825,-7.771631200000001,-2.3139331000000003,1.0903431000000001,0.5402008,-1.8894577084388405e-06,0.03099024598765258,,2406.670777969691,1115.3955680463916,14.48432055918654,8.045864446539166,10.983526393561494,18.76482807260732,19.605795910134294,15.54162907165957,18.46223509320506,0.00018293495999999998,1132.265625,0.024013671875,1.0,0.0,0.0,0.20341168907471,0.015254534932319075,0.013518514612223951,0.0394791059778072,0.6944396495819092,0.01252066483721137,0.010499937308486551,0.010875939463585385,1.0,False
00:16:13,5c41c28e896e090001c03bb0,145.0211733169421,0.7193568615155961,0.9056997476562686,-46.90059973150341,-367.34995,87.51754,-1.1824265,-4.6948752,12.399529,7.692962,-1.4268383999999998,-3.0444853,-6.680986,-1.2985162000000001,1.421352,-6.592826,-53.115246,-9.126042,-4.716460700000001,-11.121666000000001,0.529011,-5.438041,-5.4737253,7.7921119999999995,1.6726179,-8.199024084068723e-05,1.3775877571811146,12.128592874316304,2830.560412928052,3710.027442777581,12.36187475436116,10.13904479860695,13.845221799060235,13.808569198776706,19.421418612339423,22.014429192922922,31.79932070011332,0.009996284,5839.921875,0.1204345703125,0.0,1.0,0.0,0.08498037997115818,0.00331216474619901,0.1314892726044895,0.08352755310220851,0.029595521097588867,0.02969961369267872,0.6264552275339762,0.010940266061677702,0.0,True
00:16:14,59278c090220760001fda664,,0.7503475501183654,,-59.084912314199045,-475.526,40.446987,2.0106733,0.46059209999999995,-2.264457,-4.633075,-5.476264,-4.4828980000000005,-2.2958722000000003,-0.10679286,1.0469851000000001,0.84158695,26.805234999999996,10.201156,-3.5294352,-10.777886,-11.274596,-7.3770633000000005,-2.3606057000000003,1.1589079,0.4780202,-1.3591824215294129e-06,0.022403034463284482,,2873.3455323745147,1365.0185687232024,14.461591940035811,8.077438510311609,10.873585665252895,19.406952854891315,17.537636001325605,15.064553656754565,18.667618217592512,0.0003812046,1315.078125,0.0265771484375,1.0,0.0,0.0,0.2716540709137917,0.04433545097708702,0.042985913623124365,0.04607139478903264,0.404657431691885,0.0996391052380204,0.06588285844773054,0.024773781886324286,1.0,False
00:16:14,5c41c28e896e090001c03bb0,181.01753337620525,0.932132390270145,1.6971253189461215,-19.542608749271427,-226.3617,175.79958,-11.533104,-7.457606,4.812518,-0.030046088999999998,-2.4516494,-3.9448866999999996,-4.957068,4.6531053,0.9886565999999999,-12.840809,-30.432995000000002,6.246686,8.090314999999999,-2.8846955000000003,-2.274237,-21.400322,-26.89889,-12.1512575,1.6936901999999998,-0.00018002317690455835,2.9949303663631928,21.10999439938284,1690.4870760573635,1543.943912020609,14.079326007360887,12.885401414930284,17.18448772337902,16.18761498343001,21.200208792080122,21.42747729428981,38.41943732076983,1.36356875e-05,2778.75,0.0342529296875,0.0,0.0,0.0,0.07919082380831241,0.009318642236758023,0.15195900974795226,0.09372955989092588,0.03179927198216319,0.11905802618712187,0.4754296839237213,0.03951499382965266,0.0,True
00:16:15,59278c090220760001fda664,,0.650607219269013,,-54.470830902748915,-457.60098,59.513424,2.7655437000000003,2.470036,-0.5276761999999999,-4.125063,-6.0148582,-5.508093,-3.6645482000000005,-1.9106785,-0.7420529,0.17326146,32.746346,7.0319147,-6.977769,-9.965342999999999,-8.2196865,-5.816439,-3.0365255,0.3185602,0.63825524,-3.0511662038408843e-06,0.05024858704441569,,2382.447255588115,1229.433451960809,14.48012093164944,7.840156127786527,10.994382245102608,17.663702516664845,21.124400112203414,15.970038788538995,19.90280040900261,0.0002257859,1346.953125,0.02818359375,0.0,0.0,0.0,0.11499279607087373,0.048656118987128134,0.04488787814043462,0.00585300731472671,0.6887053005397321,0.058043718058615926,0.03094220934435725,0.007918947254074738,1.0,False
00:16:15,5c41c28e896e090001c03bb0,205.91580829598306,0.7597823769061363,1.4734163727914449,-34.93290040045792,-349.30634,76.461464,-3.6389654,-12.916367,-1.6779641,-0.15459312,-1.6742144,2.2403522000000002,1.9813889999999998,-3.787323,-3.7689676,-1.6306006000000002,-35.456825,14.849626999999998,10.360467,-9.372286,-8.586632,-11.49911,-11.251908,2.713819,1.1185403,-0.00010360047506188654,1.7310354480357697,16.482553833727096,2113.303192429953,2828.152852364068,11.013430220809449,11.040954402670321,17.06827712071332,17.1243757881434,24.82392305193085,22.44788109592308,30.50784993756097,0.0005553662,4400.15625,0.0881982421875,1.0,0.0,0.0,0.09741755326588948,0.003092675974282125,0.09860917987922828,0.2594463850061099,0.008548070249768594,0.09980182194461423,0.3539571166038513,0.07912721236546834,0.0,True
00:16:16,59278c090220760001fda664,,0.6315162520204975,,-58.95189848035235,-474.42792000000003,39.317974,1.8958292,0.34375435,-3.6842650000000003,-5.7213197000000005,-5.046005,-4.2667956,-3.7457684999999996,-2.1417027,-0.021118497000000003,0.96526355,22.800413,8.308651,-2.5158264999999997,-10.317974000000001,-12.531794999999999,-9.410178,-4.7443,-0.52495086,0.5756437,-1.6451695427419731e-06,0.027467695407899523,,2871.375656539712,1519.8399214407682,12.560051095960336,7.4435394020636645,10.282601069718917,19.199063596479697,17.92375685564564,16.567492220223578,19.47910760546452,0.0004612729,1815.9375,0.0301611328125,0.0,0.0,0.0,0.06467337389476598,0.04057503012008965,0.025503241992555558,0.002582729404093697,0.7664242923259735,0.07305595164652914,0.02149312502588145,0.005692251527216285,1.0,False
00:16:16,5c41c28e896e090001c03bb0,177.15641633866025,0.953446908053805,0.6791767493099857,-14.307914035236733,-186.31323,98.45367399999999,-13.136612,-7.2504990000000005,3.8342089999999995,-5.4524693,-2.3267405,-8.9553385,3.7870207000000002,2.2412767000000002,-2.1189673,-9.467641,-77.317276,58.708424,8.125994,-9.533268,-7.2548330000000005,-7.6597176,-23.848945999999998,-1.3873733999999998,1.9135393,-0.00023970869258408136,4.26463373900172,9.192569698771127,2256.7198803823235,3420.690361623859,14.932786611010599,12.663285294220586,17.505993432527962,15.682087690882248,20.98041230066243,22.795468492411075,47.04887052753029,3.3635002e-05,5147.109375,0.11001953125,1.0,0.0,0.0,0.034766370430588715,0.0015260321476186314,0.02304844868679841,0.4148969252904256,0.014364365488290787,0.02271117301036914,0.3515769739945729,0.1371096298098564,0.0,True
00:16:17,59278c090220760001fda664,,0.7507122294579375,,-56.903828724103604,-469.72342000000003,47.760086,3.8568937999999995,1.6855494999999998,-1.7555493999999998,-4.803707599999999,-6.361109,-6.1042514,-4.402314,-2.0690180000000002,-0.021278305,1.0727274,31.767190000000003,12.224016,-3.953392,-12.336912,-12.492815,-7.3267183000000005,-1.0098519,3.1534662,0.51582223,-1.6970073830988712e-06,0.027881237138342688,,2600.204583723429,1228.61536628902,13.56474992088688,8.43599728788719,10.995483739856246,20.403666526473813,18.18887014283392,15.408621806882412,18.415645275944268,0.0002726684,1202.34375,0.0258837890625,1.0,0.0,0.0,0.05765391401946544,0.03908870536834001,0.017123858057311737,0.002089232522848761,0.8096278786659241,0.04789748729672283,0.025424900650978088,0.0010940312160528263,1.0,False
00:16:17,5c41c28e896e090001c03bb0,147.1555505753331,0.9141041281800448,0.6170986359647235,-26.156533827071108,-297.2211,149.51888,-7.7192674,-8.626138000000001,5.380085,7.0848694000000005,-3.8463216,-7.634875,2.8566546,3.2846029999999997,-10.646647999999999,-14.829295000000002,-12.134068,-2.960532,17.739178,6.849260000000001,-5.0330580000000005,-14.203357999999998,-15.750947,-4.802069,1.3156488000000002,-0.00011306874588648621,1.8715337076477656,11.951210227536645,1628.2705456497524,1725.7615401604528,15.714351261919624,14.232770235323127,18.565503679952915,18.391552074023487,23.298514690620063,26.84189395135739,32.181502534420304,0.00019234362,3309.140625,0.056767578125,1.0,0.0,0.0,0.07135073882950978,0.006340883006818001,0.1297057821330699,0.3093498931689696,0.03406305743423714,0.04910556943452155,0.3430730709806085,0.057011001447046336,0.0,True
00:16:18,59278c090220760001fda664,,0.7381161104995925,,-54.97735079606212,-460.09732,55.9785,1.6438997,0.31898233,-1.490912,-2.7472625,-4.054976,-5.274432,-4.931176,-2.5653362,0.05372322,1.065289,29.623572999999997,4.966345,-8.396291,-12.126327499999999,-11.497739,-8.656678999999999,-4.0258775,0.25859892,0.669521,-3.0052158955162947e-06,0.049578667573033884,,2454.438548312963,1313.8753361123472,13.916863808767788,8.056910519901857,10.666969246048698,18.485082407821725,20.48581728116734,15.78586721676624,20.156968159474737,0.00025970422,1530.46875,0.02962890625,0.0,0.0,0.0,0.022417688509449363,0.02242247278465786,0.0052828347446241715,0.014215666651984468,0.8868805236286588,0.01748148741252306,0.009272976791382665,0.02202633385443025,1.0,False
00:16:18,5c41c28e896e090001c03bb0,156.3704557783726,0.8881466311333599,0.69351019570212,-36.0111051330511,-319.30896,145.64432,-18.999457999999997,-9.865704,2.3069968,-3.030722,-1.4092554,-4.9921455,-7.454043400000001,-0.7117368000000001,-2.833354,-10.444410000000001,-22.750294,8.018619000000001,10.662258,6.2728,3.4120154,-13.475935,-6.446667,-2.7469726000000003,1.4692302,-0.0001098909289888506,1.8703058478666037,13.733916863368856,2468.232949508384,2803.127582907947,14.058979008995811,13.930368601918712,16.09549922451151,16.362308039444525,18.77925664631869,23.26504893411828,33.090453782507964,0.010978661499999999,4768.59375,0.078466796875,1.0,1.0,0.0,0.08025421807542442,0.05724377175793052,0.018031154409982264,0.023950109339784833,0.21764278151094912,0.113489655777812,0.4806725079193711,0.008715780390775762,0.0,True
00:16:19,59278c090220760001fda664,,0.7133084615881724,,-58.66471664672871,-475.8725,40.153076,4.0610714,2.640164,-0.89617985,-4.41747,-6.2198806,-5.7251463,-3.5377882000000005,-0.94146335,0.8303666,1.1582861999999998,26.76625,9.829155,-5.065668,-13.766074,-15.009617,-10.486871,-3.6710565,1.8986581999999999,0.45638528,-1.310481839540103e-06,0.02162066079403913,,2809.9160864208916,1346.1621392859304,13.207959834849605,7.370829207389725,10.517174479180646,20.733799242502826,17.91782472145741,15.34071958657166,18.40598302080361,0.00031822387,1255.78125,0.0284521484375,,,,,,,,,,,,,False
00:16:19,5c41c28e896e090001c03bb0,169.7337618411886,0.9351586126553252,0.5508958570721902,-21.624131274745967,-293.36053,154.246,-18.550047,-8.262354,3.6079587999999996,-7.051321499999999,-6.9747639999999995,0.64682835,-1.3007433000000002,1.3233325,-3.7134120000000004,-12.341738000000001,3.2912462,28.923252,18.590076,-13.836820999999999,-1.3103312,-13.836314999999999,-25.03745,-15.870828,1.6477243000000001,-0.00010970534265260805,1.8110544559024715,13.94264537056788,1558.8035723562805,1428.7679927817762,18.395645287570087,15.236326393352995,19.19937283791419,18.52915689790321,24.812619322590322,23.26382337786339,37.04137021400102,1.2500514e-05,2555.15625,0.0389892578125,1.0,0.0,1.0,0.052684085029694766,0.034923025618304064,0.098484182141773,0.2355994013293336,0.1100071541344126,0.07553394971829322,0.36022266414430404,0.03254553398841785,0.0,True
00:16:20,59278c090220760001fda664,,0.7669862721203776,,-56.192776293245906,-468.04114000000004,49.437484999999995,2.724688,1.006889,-1.9887550999999999,-4.846081,-6.3955503,-6.2251916,-4.757204499999999,-2.8038529999999997,-0.9939351999999999,0.430938,31.984507,11.5140505,-4.376638,-11.7758465,-11.355744999999999,-6.61561,-1.3292583999999998,2.0637934,0.5433475999999999,-1.8257362195806893e-06,0.030012982491648164,,2557.1436440980538,1232.0849425255126,14.857214803642727,7.995407211753918,11.213878023144376,19.920666342970897,19.262805709746075,16.29413763361859,18.700980699226026,0.000244677,1238.90625,0.0265869140625,,,,,,,,,,,,,True
00:16:20,5c41c28e896e090001c03bb0,150.80565859639412,0.6209723050035153,0.7510946026880263,-66.73942552647057,-443.0905,80.61685,-0.3013671,-3.3819356,-2.057706,-2.1345177000000004,-4.1803875,2.0422215,8.598701,4.00201,-12.053917,-13.038239,-17.0921,17.47061,18.794128,7.187257000000001,8.222093,-20.569178,-28.442203999999997,-7.741430800000001,1.1520692,-2.32682876689045e-05,0.3942177319515798,21.47186537704436,4353.526363361263,5061.598973552583,10.886566749307203,8.952184591941922,12.82683028366202,14.287880376562686,19.899185565115122,19.009966123514207,22.719807981203882,0.094372965,9598.125,0.0830078125,1.0,0.0,0.0,0.11097262920811772,0.006094556231983006,0.1868760459125042,0.13170574307441713,0.08709074198268353,0.0193698997143656,0.3931832641363144,0.06470713810995221,0.0,True
00:16:21,59278c090220760001fda664,,0.5781889577253844,,-52.40179291994748,-455.15393,64.21814,3.1054845,1.6675218,-0.88131005,-3.3104480000000005,-4.5624733,-4.452558,-3.5740529999999997,-2.567354,-1.5975478,-0.5391971999999999,39.009842,11.824095,-6.2871375,-12.153531,-9.574100999999999,-4.2298064,0.24825609,2.7122428,0.6202974,-2.783193140747944e-06,0.045587491711165405,,2134.244291027208,1081.7358139820826,12.800713968215813,8.332374329385072,11.474315140624306,18.07209522476117,21.886648334323898,16.55202930712106,19.265075108618365,0.00015255716,1287.1875,0.025263671875,,,,,,,,,,,,,True
00:16:21,5c41c28e896e090001c03bb0,117.2791856340755,0.27495420378409496,2.2101024915959737,-46.03490470284132,-375.7407,109.56285,-2.8068932999999996,-4.5328406999999995,1.1033612,-2.4427828999999996,-1.6612593999999998,0.97255296,-0.43396372,3.3852862999999997,-1.1193435,-9.647046000000001,-10.084218,3.5216193,11.651375,4.7094374000000006,-2.4437990000000003,-17.294716,-16.496717,-2.1001222,1.5269586000000002,-7.632491576153271e-05,1.2680663127154148,29.77827057374929,3058.9379508881066,2678.4563197429447,13.699693089412285,9.242075195033934,14.133555103813302,13.363868403355688,21.93697748778557,18.35697693589705,29.218852626505928,0.008203317,5158.359375,0.05546875,1.0,0.0,0.0,0.05159040658988736,0.01953085973350839,0.07061134498905051,0.0913975929672068,0.2717831012877551,0.020038333848457445,0.4498743875460191,0.02517396245490421,0.0,True
00:16:22,59278c090220760001fda664,,0.7228965939113459,,-54.63785030354745,-459.71445,58.720969999999994,0.6969776999999999,0.6614488000000001,-0.13302850000000002,-1.7215064999999998,-3.5247905,-4.5979204000000005,-4.188827,-2.2889277999999997,0.19433699999999998,1.9557172999999999,35.79007,10.942295,-5.7301150000000005,-11.182486,-8.910468,-4.444666000000001,-1.2511593,0.18901327,0.6009721,-2.3664653681016853e-06,0.03882684950868084,,2280.6426404260696,1160.588243767401,13.422198894074892,8.114928049661945,11.376196405358856,16.973267511742453,20.787730586732813,17.051843274617244,18.94655106088762,0.0002181266,1395.9375,0.026064453125,,,,,,,,,,,,,True
00:16:22,5c41c28e896e090001c03bb0,150.10496458343653,0.738151368890937,1.2307138513042752,-48.69038689122222,-388.37137,112.04243000000001,-0.9995893,-9.896867,-3.3996093000000003,-2.9753814,-5.972217,-1.1626061,3.708597,4.587184,-4.8162403,-12.213735,-8.268553,8.378936,17.372183,-1.6281742000000001,-7.3963722999999995,-17.270746,-13.98458,3.1740543999999997,1.3981985000000001,-6.58861853809122e-05,1.0896486981850466,10.904834798553443,3319.6050832322694,2997.756463204999,13.099494612630401,11.658019692345315,13.760379022848756,16.957843133997525,21.25647252132478,20.915896816440533,26.23652151078011,0.024513759,6063.984375,0.054990234375,0.0,0.0,0.0,0.03252197583205998,0.05560975426960794,0.04047779634129256,0.09426688310340978,0.2297586370725185,0.15927669287193566,0.3789555035531521,0.009132771071745085,0.0,True
00:16:23,59278c090220760001fda664,,0.7455529711553615,,-59.59881421665498,-477.48343,37.89082,2.1679063,0.8626026,-1.4118674999999998,-3.4056482000000003,-4.271779,-3.8372612,-2.5411092999999996,-1.091266,-0.057297285999999996,0.34834945,24.838293,9.063505000000001,-3.8035984,-10.373493,-10.529221000000001,-6.6487,-1.8820881,1.3748474,0.4818407,-1.274533262952607e-06,0.02104159702433108,,2947.728308081507,1434.7544299852598,13.613565166966353,7.65226290676754,10.86532507307197,18.84304248606959,17.722599198877067,15.290370028693257,18.37712539517029,0.00048569199999999997,1502.578125,0.026796875,1.0,0.0,0.0,0.02989238034933805,0.17511932458728552,0.0061599797918461255,0.0006775809270038735,0.5668218396604061,0.20321272127330306,0.01673670538002625,0.0013795112790830901,0.0,False
00:16:23,5c41c28e896e090001c03bb0,133.9447593319091,0.8907044688904051,0.8340942629864742,-28.943917389949732,-291.9111,146.67229,-11.177553,-9.478304,6.0624720000000005,7.360778,1.1938256999999999,-5.4498878,-4.4136453,2.372259,-2.2977026,-8.181529,-13.818935999999999,4.518216000000001,15.740212,3.8594498999999995,-1.4785478,-6.992758800000001,-8.087069,-4.4072595,1.0808169,-0.00012213208857311643,2.024028834321697,14.849329908977532,1992.84143257504,1683.4719897658747,15.633047508725625,12.925749774381973,16.983511339738612,17.160136399437803,19.95716016841761,23.6885260602915,35.63990215176335,0.00036058066,3029.53125,0.04021484375,1.0,1.0,0.0,0.08573383900026481,0.035499497058076986,0.014710725000542069,0.27093072575128946,0.14269640472614106,0.15532619402640396,0.27291186650594074,0.022190729052656226,0.0,True
00:16:24,59278c090220760001fda664,,0.7322473917672402,,-54.287195809367006,-460.23346,58.86401,4.244825,2.5398057,-0.23616579999999998,-3.140448,-5.2551622,-5.857568700000001,-4.807425,-2.7012954,-0.5307276999999999,0.89781874,37.423120000000004,12.625296,-5.9804235,-13.732781,-11.992473,-5.655183999999999,0.46783359999999996,3.8473724999999996,0.57492477,-2.380268273483417e-06,0.038995992075306594,,2273.7548445353673,1127.3477455079187,12.533999398616677,8.276501002998728,11.330639558393955,19.42053932418718,20.53110269368701,16.019246722380927,18.61698750570176,0.00020706272000000001,1249.6875,0.027080078125,0.0,0.0,0.0,0.07631361540406942,0.12574247568845748,0.012364067346788942,0.002098270950955339,0.5357334762811661,0.2216987520456314,0.023074826039373875,0.0029745411040494217,0.0,False
00:16:24,5c41c28e896e090001c03bb0,160.76063523516189,0.6264343377472907,1.5342050622288246,-35.858791534286254,-342.3598,108.73897,-4.6090155,-3.2219627,0.66785806,0.57210815,4.0682545,2.3013127,-3.0770142000000003,4.163029,0.113545954,-10.719677,-29.3692,-3.2785010000000003,6.4308366999999995,-1.0669607,7.920615,-9.839024,-23.054823000000003,-11.246199,1.4911885,-9.12994119839846e-05,1.5148700557009271,12.872907250492268,2119.737442437864,2506.475929521065,13.308622428613953,12.369132311952779,14.865284357966239,19.56680957509616,23.868726627474146,22.24617308032108,34.982700409149395,0.0019041045000000002,4256.25,0.08158203125,1.0,0.0,0.0,0.10014166351821688,0.0668563890374369,0.019480509541204408,0.12404697905811997,0.18081877670354315,0.1990862898528576,0.2741710907883114,0.035398304022641644,0.0,True
00:16:25,59278c090220760001fda664,,0.7531173760757165,,-60.13819625923667,-479.69382,35.637287,2.3626603999999998,1.6155708999999998,-1.0688206,-4.0733185,-6.002425,-6.242099,-5.044392,-3.2076653999999998,-1.5914402,-0.7249012,24.510529000000002,10.205623,-2.7636242,-10.891213,-12.89115,-9.877882000000001,-4.5445695,0.18308198,0.43474170000000006,-1.116128563074952e-06,0.01845768804461987,,3016.6291570219014,1433.5797224679584,14.056482589302515,7.8287013960032,10.497567182804346,19.807030275659574,16.991456960280114,15.068438769447605,18.43382739584965,0.0004446693,1367.109375,0.027001953125,0.0,0.0,0.0,0.1069784700870514,0.05617308840155602,0.0168987809214741,0.0037736309692263602,0.5338104605674744,0.2501640297472477,0.026172790396958592,0.00602875747717917,0.0,False
00:16:25,5c41c28e896e090001c03bb0,135.3316585778717,0.8861486332215215,0.6069082509196699,-16.31478635346323,-196.62378,195.55727,-4.1216807,0.22168519,3.4901655,-3.0979657000000005,1.2748506000000002,-2.9931865,-7.0215864,5.037181400000001,-3.9540949999999997,-17.784124,-37.247944,3.0322998,9.830407000000001,-0.24361017,5.1368384,-14.238826999999999,-23.006304,-9.653199,1.5483543,-0.00020031700503669463,3.3258332267348227,12.780715593509214,1613.2065908948148,1532.5288633719022,16.87457804525461,14.847416421773698,15.828474855408164,17.272465399949105,22.65849821391284,22.74987538358402,41.2174657900319,8.365469e-06,2642.8125,0.042314453125,1.0,0.0,0.0,0.13138255961239334,0.003547972021624446,0.10288570038974283,0.23935605655424294,0.013613805978093295,0.1019329926930368,0.3559649072587489,0.05131599004380405,0.0,True
00:16:26,59278c090220760001fda664,,0.758569015621338,,-58.97721743741667,-475.7729,39.77885,3.2244055,0.7912409,-2.5019758,-4.756609,-5.0883956,-3.8976712,-2.2955549,-1.2088828,-0.8726792,-0.9846478000000001,25.383766,8.067965,-5.876101,-12.634613,-12.052402,-6.8668113,-0.8679104999999999,2.9044209999999997,0.512072,-1.3561919615393705e-06,0.022389265244441826,,2868.352039536343,1407.1568862792112,14.057737880679687,7.905417469483613,10.608248852092006,19.687647733259077,18.965660543355924,15.51506910234621,18.38326261274003,0.0004253822,1414.6875,0.0290185546875,1.0,0.0,0.0,0.030513549409806724,0.0995803155004978,0.004032257094513625,0.0009709483943879603,0.6386920273303985,0.2060761161148548,0.018200056906789545,0.0019347484572790558,0.0,False
00:16:26,5c41c28e896e090001c03bb0,137.46620970984742,0.7466886739453409,0.4576567352236041,-20.879404040136357,-261.40234,166.63124,-20.768933999999998,1.2616644,11.217618,-1.7492130000000001,4.796772499999999,1.5303278999999999,-7.5419073,6.3748665,-2.2456124,-20.385216,-20.109092999999998,10.493808999999999,8.966345,-12.195909,8.335196,-9.722866999999999,-21.553938,-17.032509,1.6552156999999998,-0.00014193219364129082,2.359501453268868,15.249841069789278,1523.6838771332016,1792.0442875484189,16.689544429977012,13.488745314313883,18.156472105369588,17.9385937739447,23.154108797864023,23.90432247037037,40.490340730396795,2.4653686e-05,2830.78125,0.0531640625,1.0,0.0,0.0,0.24420307874679564,0.0035584702156484125,0.16704212985932826,0.13871541805565354,0.013870221422985196,0.06102536991238594,0.3522749453783035,0.019310359726659957,0.0,True
00:16:27,59278c090220760001fda664,,0.7214680772520058,,-53.00372672958501,-448.60757,62.924133,3.7492553999999996,2.3958369999999998,-0.47600093,-3.2359731,-4.812614,-4.934515,-4.5471449999999995,-4.4103265,-3.2375467,-0.56008047,23.628517000000002,0.20362429999999998,-5.6816177,-9.313912,-12.596169,-9.935012,-3.2035935,2.0718360000000002,0.7825625,-4.2752644919849126e-06,0.07122999344125662,,2383.817176269533,1469.7550604555206,13.733532491345713,8.29126654061567,11.631614498278722,17.42081953139571,20.32323871477929,17.233820541990102,20.998672500980252,0.0003001583,1964.0625,0.0362548828125,0.0,0.0,0.0,0.08769353274255991,0.10191839188337326,0.007360741402953863,0.002058076995308511,0.5249433636665344,0.25657380372285843,0.016575217200443148,0.0028768662625225263,0.0,False
00:16:27,5c41c28e896e090001c03bb0,129.62641394760522,0.9139256558637076,0.34827584351427826,-54.735062190279685,-432.9991,76.53290600000001,-10.619422,-7.906061599999999,2.3783967,4.4400864,2.434869,-1.9943589,-5.9509773,-2.2618475,0.13018246,-3.472258,1.7805950000000001,-3.6536836999999998,6.884530499999999,9.768707000000001,10.990767,2.5219116,-1.3121927,-2.6600080000000004,0.6904539000000001,-3.364036721979372e-05,0.5516977850355376,10.140891823633929,3273.0249672531486,3140.731751047864,13.569647456460896,14.386215564922287,14.463360388218222,16.002686583415965,17.922633719495202,19.542467824704772,25.60306596676538,0.01644147,5888.671875,0.0658251953125,0.0,0.0,0.0,0.2159625684673136,0.0201035931928676,0.15682016499340534,0.075390655124052,0.059896245948039,0.08080188743770123,0.3873015886003321,0.003723300839985975,0.0,True
00:16:28,59278c090220760001fda664,,0.7258988335020952,,-55.024280253650424,-462.58667,56.077369999999995,2.5650402999999997,0.2732304,-2.6790472999999997,-5.2553897,-6.7046485,-6.6019372999999995,-5.032269,-2.6575887000000002,-0.43996540000000006,0.85790855,35.938526,12.490926,-5.2971115,-12.886144999999999,-11.399367999999999,-5.472999,0.15023674,2.89338,0.57387817,-2.1386435062729147e-06,0.035075257286952134,,2353.153610518364,1140.6334816872509,13.62001366990801,8.259125154465519,11.527692709978155,18.419807738636557,20.335487075041765,16.156785477954323,18.566606393998086,0.00020076269,1242.1875,0.0258984375,1.0,0.0,0.0,0.15049631744623185,0.1729791469871998,0.006087422411656007,0.0005130761099280789,0.12850806936621667,0.4994642406702042,0.04130087327212095,0.0006508397491415963,0.0,False
00:16:28,5c41c28e896e090001c03bb0,197.40288199618698,0.9152885099050888,2.2836530920659226,-61.09185781534921,-413.8758,113.27333999999999,-4.0757923,-0.37435955,1.0884938,-0.21502271,3.6401405,4.671371499999999,2.7118456,3.9020699999999997,-4.100842,-11.415752000000001,-2.7438447,5.411999,8.296042,1.8191278000000002,-9.576155,-23.748775,-20.755035,-9.768148,1.3295381000000002,-6.096184039093433e-05,1.0087789976944357,17.58461020292745,4032.583256882567,3602.262202584417,12.326659449576221,9.553974558808921,13.270321821033376,13.836259787300785,18.480923239997423,17.718177577253442,23.78914030047432,0.113455705,7593.75,0.03589129704301075,1.0,0.0,0.0,0.2446832239627838,0.03477408061735332,0.1431927651166916,0.022659341664984824,0.07716046757996083,0.21116924956440924,0.26293237432837485,0.0034285022993572056,0.0,True
00:16:29,59278c090220760001fda664,,0.7150089825527969,,-58.606479712714844,-475.18414,41.143562,2.4270723,0.69072866,-2.393209,-5.122505,-6.3278346,-5.778086,-4.053413,-2.0687432,-0.580194,0.06934685,27.916239,11.463801,-2.646055,-10.620981,-11.711030000000001,-7.910605,-2.5395374,1.414984,0.4603684,-1.3885094517513491e-06,0.022877754507596784,,2834.177863626067,1345.1868207362065,15.803934750130146,7.956710699600736,10.606781061755818,19.999983371244337,17.49900424833146,15.203186304114164,18.533568100664272,0.00037042695,1314.84375,0.026357421875,0.0,0.0,0.0,0.07406799495220184,0.2523971438407898,0.01091984857339412,0.00038348611269611865,0.2881114199757576,0.3377776384353638,0.035259242169558995,0.0010832080064574255,0.0,False
00:16:29,5c41c28e896e090001c03bb0,261.1861774892402,0.8717211731807887,0.638046348942276,-14.760600456170225,-189.68323,156.71018999999998,-17.107834,-8.781864,7.758584,-13.105735000000001,-9.645526,0.18868715,-4.914071599999999,-1.6336868999999998,-4.1901803,-20.024788,-50.6266,28.417229,-2.3331482000000006,-8.276330999999999,-3.7928589999999995,-18.89262,-20.78131,-6.0197080000000005,1.8333813,-0.0002027919286836504,3.419471866731464,8.334213492416954,2361.3410421360754,2117.6262383709077,10.948106333145034,17.79031744245995,20.12473442344053,19.071776537364027,22.90277713935655,23.42914444356105,45.39097534631258,0.00042676623,4339.921875,0.0440673828125,1.0,0.0,0.0,0.18727353140711786,0.01390197305008769,0.09984700041823087,0.13554879566654562,0.07366403716150671,0.1179680299013853,0.3635171003639698,0.008279550157021729,0.0,True
00:16:30,59278c090220760001fda664,,0.7424749037735998,,-60.19350242229221,-481.23297,34.01862,2.2660816,2.1775224,0.28937566,-2.3169923,-4.5468597,-5.695241,-5.583925700000001,-4.477387,-2.8963362999999998,-1.4259591999999999,24.345934,11.818278,0.25649935,-7.3541775,-9.848821000000001,-8.014351,-3.934661,0.049099814000000006,0.44802856,-1.0877769736290012e-06,0.017989123757506432,,3108.3936677670404,1460.1272776135895,14.943726474381563,8.799903909404392,10.693311796965745,20.026136847617423,16.851204190639706,15.214809900706546,18.416650028438312,0.00048539054000000005,1473.515625,0.02490234375,1.0,0.0,0.0,0.04529224783182144,0.22452064007520675,0.006895988387987018,0.0006000591602060013,0.463090917468071,0.2300191015005112,0.02764059426262975,0.0019404379971092566,0.0,False
00:16:30,5c41c28e896e090001c03bb0,189.06766574840358,0.8975254389350328,0.4164318134778641,-31.043856446925858,-295.78674,123.397224,-9.978453,-5.3456864,7.550241499999999,2.1657236,-5.321046400000001,-6.3693004,-2.1381507,0.310523,-3.668489,-5.6151824,-28.773678000000004,10.069061999999999,6.654642999999999,1.1146013000000001,1.4956038999999999,-4.8337864999999995,-5.2383112999999994,-3.8647006,1.144433,-0.00012963010457269874,2.16451745592652,11.568123516473193,2404.228122639839,2056.759584400319,14.164700632997146,13.548001917477336,16.7208280378178,18.145696152498214,20.539296905152604,22.353073462055765,34.91944809782287,0.0016235714000000002,3987.890625,0.0449853515625,0.0,1.0,0.0,0.05572649836540222,0.002590723743196577,0.01222486291080713,0.09797235392034054,0.11005642879754304,0.04592125788331032,0.672432941198349,0.0030749360448680822,0.0,True
00:16:31,59278c090220760001fda664,,0.7243868405683245,,-53.6749592116925,-457.1107,61.58786,3.7706953999999997,2.860923,-0.08886574,-3.6177980000000005,-5.9709954000000005,-6.385808,-5.3386307,-3.6859290000000002,-1.9099196,-0.2653816,36.72752,9.954073,-7.8352633,-13.578351999999999,-11.063322,-5.758335,-0.9529485999999999,2.3546667,0.6094695,-2.609824359020435e-06,0.042771563822198634,,2192.9300885188413,1123.6814105197207,13.72282769200622,8.294293054258176,10.964094425505634,18.52564940966116,21.346037019613746,16.47147034536653,18.95940587353748,0.0001716512,1271.71875,0.026123046875,0.0,0.0,0.0,0.1504786305129528,0.20167842507362368,0.027420199243351817,0.000867395248496905,0.30259027481079104,0.2797029629349709,0.035815677326172586,0.0014464427600614726,0.0,False
00:16:31,5c41c28e896e090001c03bb0,168.44418916431886,0.6166766737708084,1.6887108914120978,-29.60539782142364,-279.14392000000004,111.1224,-17.253803,-1.0471873999999999,9.893967,-2.3874621,-7.799347999999999,-3.2012188,5.146018,5.4860973,-6.805809,-14.571033499999999,-48.581894,31.587652000000002,-3.2174852,-6.5291524,21.784935,-15.938179000000002,-19.15059,-6.584153,2.0697095,-0.000136867014479248,2.384721674544706,22.463097553428025,2348.3174945710252,3283.9802701364533,13.565970343189626,10.433539941011164,14.630641585335743,15.61647974429934,21.36271962560531,21.62168808952943,41.35832871108776,0.0014010760999999998,5124.609375,0.1175341796875,1.0,0.0,0.0,0.03746439054116814,0.0090237798803072,0.009333858763663251,0.10293596956115733,0.6003409773111343,0.06346074031252,0.1335377904276053,0.04390248040403498,0.0,True
00:16:32,59278c090220760001fda664,,0.7392320475776827,,-58.32000037092931,-475.39648,41.156704,3.9239051,3.7877254000000002,1.310838,-2.0307186,-4.7479873,-5.8818207000000005,-5.248197,-3.377071,-1.2140627,0.29418126,28.576021,12.460154,-2.0978782000000002,-11.225797,-13.566469,-10.36449,-4.4934626,0.96795523,0.4684905,-1.3415227420088294e-06,0.02210876097863869,,2784.9242595414207,1296.3284022060004,12.437928901080642,8.193604267703607,10.807025251467984,20.283412890283397,17.681772551507567,15.555103361593526,18.37622960026033,0.00030360636,1201.40625,0.026318359375,0.0,0.0,0.0,0.16974174976348874,0.1263452410697937,0.02610911689698696,0.0007711420999839902,0.2717150822281837,0.3661712557077408,0.03759574107825756,0.001550649292767048,0.0,False
00:16:32,5c41c28e896e090001c03bb0,146.67808046302602,0.9110581699162836,0.7779185176894282,-18.65732415851257,-222.31763999999998,175.44089,-13.389702999999999,-7.7542944,0.5550246,-6.069416,0.2242945,1.9688581000000003,-3.1510667999999997,0.64706403,-5.8337703,-15.150073,-32.725327,12.613839,2.28795,-13.759301,4.609498,-14.43264,-15.526148000000001,-1.5908816000000001,1.7687404999999998,-0.0001699438697510506,2.8468418380943303,17.590028037634823,1650.970729585985,1996.3861690111266,14.823279248522372,13.233589858768784,16.53307279437079,18.07037825021977,21.14828882576613,23.35966945714275,41.10077810862843,9.612534000000001e-06,3425.859375,0.06451171875,1.0,1.0,1.0,0.0382767737739616,0.010457660563083159,0.07678577138317956,0.07135326275601983,0.09804239662157163,0.10047188835839432,0.5924904412693448,0.012121837262788579,0.0,True
00:16:33,59278c090220760001fda664,,0.7338311804302189,,-55.8073087925849,-465.11862,52.73980699999999,2.090867,1.3924549,-1.3382936,-4.429206,-6.086745,-5.73068,-4.1348324,-2.4119425,-1.1108861,-0.2873779,33.65232,12.316748,-3.1873138,-10.029415,-10.155124,-7.00017,-3.0339928,0.36247140000000005,0.5434866,-2.1186171005452026e-06,0.03475816936408761,,2538.7544633881225,1227.7403520292673,14.72351789787593,8.993066174843994,10.685234141236952,19.056870154975165,19.023874175821874,16.23736860943036,18.661088604934527,0.00028070092,1314.140625,0.0248974609375,1.0,0.0,0.0,0.16305959597229958,0.10821609497070313,0.02544800182804465,0.0008669135218951851,0.22200610488653186,0.4265632629394531,0.052180460281670095,0.0016595694702118634,0.0,True
00:16:33,5c41c28e896e090001c03bb0,129.26866873171878,0.22709905898152905,0.5682131451048018,-58.904116703387,-436.44707999999997,103.91408,-7.0362344,-1.5199364,7.544707000000001,6.8083515,6.4712863,4.1826205000000005,-4.098337,-4.0281544,0.24235189,-2.1053236,15.979829,-3.4878733,-0.27005798,1.8057607,6.8532224,3.2197982999999994,0.031557888,-1.8176949,0.9553497,-4.18604985701694e-05,0.6857099663190687,16.131418900158828,3648.487598507092,3949.846795357309,12.323316878071534,10.480756851076922,12.664184630755921,13.723720133242557,18.781014922259608,21.9225079165792,23.051761690577397,0.028264453999999998,6899.296875,0.0969287109375,1.0,1.0,0.0,0.08165483031835821,0.008837575524618538,0.13056320412498382,0.1327957594767213,0.06689970529017349,0.08925143091215028,0.4620458181533549,0.02795165184781783,0.0,True
00:16:34,59278c090220760001fda664,130.55450588782352,0.393319366478792,1.383929685855846,-40.94780570189005,-384.7803,108.98796000000002,-0.13234141,1.3136805,-3.2253827999999998,-4.6071935,-3.0759090000000002,-3.3938515,-5.771485299999999,-5.157363,-2.7515445,-1.2573996,25.951553,5.5456505,2.333806,-0.017319826,-8.214642999999999,-7.92512,-1.2893267,-2.8092813,1.0910163999999998,-2.8270110176585742e-05,0.47186557489922903,19.497824033757933,2111.9738702280915,1752.844874537159,14.070342880677845,8.878464452685089,12.05218351290974,15.571381799932206,21.02963015054518,21.741078711519094,25.965466561170178,0.00025757060000000003,2900.625,0.054404296875,1.0,0.0,1.0,0.1216501284390688,0.097895061224699,0.02014533322071656,0.0031914438703097405,0.2928531512618065,0.4101223930716513,0.05025054533034563,0.003891957394080237,0.0,True
00:16:34,5c41c28e896e090001c03bb0,146.07141615484102,0.5644448000116111,0.6806526993514983,-54.662647964794004,-413.24835,82.68609000000001,-1.8861306,-0.023700744,-1.7685235000000001,-3.4098669999999998,0.81979036,2.0996587000000004,-2.4209384999999997,-0.57315606,-2.4166744,-6.306387,-18.56033,-13.385796,2.385616,2.7487807,3.9484754,-3.7479447999999995,-9.61956,-6.706591,0.9461093,-5.8398988093308826e-05,0.9647503832361148,6.564017009318537,3759.0294974990657,3599.9904242248,11.127189753981604,11.520851213792794,14.908200655252555,20.94434129325132,29.39186913956405,20.355337627547225,22.208032703944212,0.021129817000000002,6567.1875,0.061953125,1.0,1.0,0.0,0.026247269163529083,0.011948614536474148,0.009932075277902186,0.0331191768248876,0.37884205331404996,0.0868817043180267,0.4278063078721364,0.02522282641924297,0.0,True
00:16:35,59278c090220760001fda664,,0.7574734573683352,,-56.65424931857261,-466.6168,50.791645,1.2687794,0.867956,-0.23265319,-1.8137467,-3.4440953999999997,-4.4921675,-4.410529,-3.1384964,-1.3903736,-0.048593603,32.139565000000005,11.029117999999999,-4.6573753,-11.404111,-10.751000999999999,-6.5968246,-2.2524989,0.4559183,0.5479773,-1.8955649014284603e-06,0.0315556201090731,,2802.272486330362,1520.7685534920279,12.40060285502891,7.8095617920733345,11.137531500869477,17.461033871864128,18.37728369522797,14.657560116056745,20.58745887493937,0.0004852729,2238.984375,0.0302197265625,1.0,0.0,1.0,0.11149337515234947,0.16215480007231234,0.00276945045334287,0.0012266447203728606,0.2855004217475653,0.3832700222730637,0.05206342628225684,0.0015218783024465664,0.0,True
00:16:35,5c41c28e896e090001c03bb0,196.9942504615129,0.9388263400292498,0.8953830749770813,-28.202464685823607,-264.9773,151.24823,-16.08107,-6.491140000000001,6.095003599999999,-9.702821,-6.786427000000001,2.2527852000000004,-7.9080906,-0.50209564,0.021222606,-20.596428,-30.014003999999996,10.138564,2.7896357000000003,-2.8234289,0.99259686,-15.063721,-14.981421,-7.7435613,1.4994611999999998,-0.0001322572207585645,2.215953504888292,15.499180124479995,2273.470258388813,2076.201325825231,12.623634426326847,11.893556187674545,16.152876011386937,16.095806555115075,20.24066390026492,24.05168355691451,39.65327182552969,0.0022512444,3846.796875,0.05771484375,0.0,0.0,0.0,0.03835753505118191,0.019911107188090683,0.03395092906430364,0.050488937413319945,0.4508086256682873,0.11399560403078796,0.2512363389134407,0.04125089962035418,0.0,True
00:16:36,59278c090220760001fda664,,0.7349565100935604,,-54.0947256137379,-459.90057,59.63018,3.3769667,1.4520104,-1.2405286,-3.662898,-4.9933424,-4.742334400000001,-3.0050635,-0.528402,1.6262716999999998,2.6389457999999997,38.836353,14.529219,-4.096671,-12.340218,-11.252369999999999,-5.4595910000000005,0.27278918,3.3139586000000003,0.59394026,-2.2761496784684923e-06,0.03729033109737577,,2246.6129067475804,1069.6678762903439,13.018491637406767,7.996801261876378,11.230921486425087,18.79040177129022,20.35801524356408,16.39345898285548,18.68518910701422,0.00014984143,1134.84375,0.0251318359375,1.0,0.0,0.0,0.0899050310254097,0.17534593716263772,0.00884382864460349,0.0003725389622559306,0.3944005772471428,0.28569145798683165,0.044549094140529634,0.0008915209677070379,0.0,True
00:16:36,5c41c28e896e090001c03bb0,182.41703499533,0.6702485576526026,0.8804334209625522,-39.50936750644095,-353.6147,71.6015,-17.624704,-0.7180628000000001,9.773408,-7.896319,-0.26545830000000004,6.521109,-4.396325599999999,-0.13371056,-1.9724471999999997,-11.861027,-63.33288,26.665588,-8.575442,-17.39752,18.48121,-22.105518,-22.566444,-2.8974042,1.7630656999999998,-7.179888476753958e-05,1.2870779061144964,19.701132856880907,2586.450630582105,4233.6856381101015,10.9657266239855,10.617250704967693,14.31410287972043,16.65409960009244,17.908585397100932,20.13313469612968,39.77008901039047,0.014026712,6526.171875,0.1503369140625,1.0,0.0,0.0,0.02410042118281126,0.01543667274527252,0.02146438640775159,0.15260170772671697,0.435952776670456,0.04378314861096442,0.24167966563254595,0.06498123314231634,0.0,True
00:16:37,59278c090220760001fda664,,0.7579082651687086,,-57.60212174465128,-472.2578,44.815661999999996,4.3082623,2.7912097,-0.11631763,-2.9481425,-4.7444267,-5.190375,-4.4627604000000005,-3.0180580000000004,-1.4324406,-0.26814845,30.385953999999998,12.499829,-2.694177,-11.032426,-11.783607,-7.291602,-1.2837821000000003,3.0641115,0.5056755999999999,-1.4940926622626345e-06,0.02458628883683492,,2674.3504446076986,1249.2687683097968,15.10323536952612,7.574663038641722,10.871976285476203,20.0378576495389,18.810161336550614,15.383512095026967,18.61963479660494,0.00028211987,1218.046875,0.026611328125,1.0,0.0,0.0,0.07355308942496777,0.1674098253250122,0.009077688003890215,0.0004465078629436903,0.3799469083547592,0.33138130605220795,0.036988718621432784,0.0011959625815507026,0.0,True
00:16:37,5c41c28e896e090001c03bb0,158.92597600060603,0.8506842939985337,4.708722605504132,-21.464664651367663,-279.4849,106.69918999999999,-12.747387,3.279471,1.0119453999999999,-11.532914,0.007870654,8.34436,1.3436248,-1.9163893,-3.3803751,-9.856983,-47.78637,40.384544,5.038209999999999,-4.5470295,25.635647,-22.519987,-14.62986,1.2147381000000002,1.4448622,-0.0001074094526895838,1.9200475285736691,17.66751589405054,1574.1345651017382,3480.316769081545,13.178737128146276,11.657264054562653,15.831442864087744,18.014336290640312,21.089862552399516,26.242578837955808,44.43205232243321,6.094108e-06,4772.578125,0.1420458984375,1.0,0.0,0.0,0.0525548430159688,0.014490238530561328,0.13806926608085632,0.2624282279983163,0.15813182813581078,0.07263423446565867,0.17095572929829358,0.13073563855141399,0.0,True
00:16:38,59278c090220760001fda664,,0.659853191734999,,-56.381863320016784,-469.3592,48.055714,4.448432,2.289807,-0.8886546999999999,-3.7367947,-5.442402400000001,-5.693001000000001,-4.547782,-2.395046,0.064397514,1.9625914,31.600908,11.78093,-4.1796417,-11.913489,-11.368925,-5.8585916,0.314348,4.061801399999999,0.50404537,-1.7913350936492675e-06,0.02940900925205522,,2603.207181059834,1233.1242292717347,12.662571852215855,7.838750345700735,11.306520700086873,19.955000149556447,18.180315464708773,15.860406082120829,18.185421046665454,0.00027151484,1205.15625,0.027265625,1.0,0.0,0.0,0.07709667272865772,0.09429958797991277,0.013453464396297932,0.000905129237798974,0.5656120628118515,0.20636577755212784,0.04134640377014875,0.0009208872390445322,0.0,True
00:16:38,5c41c28e896e090001c03bb0,266.1836753000872,0.8122595458093309,2.812013924333228,-37.5489162255882,-330.7918,117.17651000000001,-13.790845000000001,-8.488966,0.23234120000000003,-9.3314085,-8.652434,-2.5207055,-3.47643,-0.234298,-6.779934,-18.370192000000003,-37.10425,12.713546000000001,8.634027,-0.14871289999999998,17.366327,-6.5816965,-13.414889000000002,-4.243126999999999,1.3677533000000002,-9.463819868125329e-05,1.6040820959415396,20.004245197865114,2520.4744980685323,2699.3119789778602,10.017330727408758,13.835614267118613,15.794860425867878,15.260696385401051,19.551799746748078,22.01491524386752,33.06053226801348,0.00511843,4736.953125,0.083095703125,1.0,0.0,0.0,0.055188102554529904,0.011767381682875564,0.18697953177616,0.029027631413191562,0.2764612603932619,0.07358591207885183,0.35884888395667075,0.008141314046952175,0.0,True
00:16:39,59278c090220760001fda664,146.7638292707235,0.7432247261366508,0.9934971475174522,-35.548177752371394,-352.32285,129.47455,8.349044000000001,8.812396000000001,-2.871114,-7.8094983,-6.054950700000001,-4.9669633,-3.6918616,-4.266266000000001,-5.3182774,-1.1718616000000002,-4.0235567,-21.652401,11.25243,1.8474566000000003,-15.629771,-11.030737,-7.4795504,-3.4639695,1.2614549,-8.261858781513847e-05,1.3697748133339305,23.729779035664137,1810.135090100296,1473.3377724153615,13.402485283815775,10.39607261385574,12.243187674581137,17.057746401725765,20.31233069503579,24.350771499028387,24.59797316896196,0.00021254357000000004,2247.1875,0.0398583984375,0.0,0.0,0.0,0.05535503551363945,0.08597781136631966,0.011643676878884434,0.0011822570464573802,0.6805362522602081,0.14333999678492546,0.02014343291521072,0.0018215400632470848,0.0,True
00:16:39,5c41c28e896e090001c03bb0,194.0453446242557,0.6558153309931217,2.5279140113457834,-32.56865252276552,-287.49712999999997,132.44395,-4.493195500000001,-0.8536469000000001,8.201891999999999,-7.748379700000001,-5.1315517,8.226873,1.7373892,2.9695125,2.2972014,-6.195932,-49.402546,14.098293,12.402161999999999,-9.182414999999999,2.257253,-21.489882,-24.202477,-1.149159,1.9084414,-9.733477132477331e-05,1.6472740058227555,15.777255541321955,2450.44320983484,3070.0334661542047,13.36988266136708,11.657150314311652,13.995752443392712,15.487823148653787,17.926411411579185,19.3876986243266,39.72611761943898,0.008435864,5529.140625,0.0995263671875,0.0,0.0,0.0,0.015981204225681722,0.002629539354529697,0.002282673063746188,0.018451861978974197,0.6840839385986328,0.010307893193385098,0.265109796077013,0.0011530977535585407,0.0,True
00:16:40,59278c090220760001fda664,166.97649708636197,0.9202689594484762,0.28070361655412096,-35.026890747017376,-360.98287999999997,112.41787,11.724717,10.813165,-5.0586332999999994,-11.122803999999999,-7.660697,-2.805434,-0.81837505,-2.7085767000000005,-5.0986233,-0.0008966422,-15.462910999999998,-21.491816,8.463223,-3.9565828,-19.740566,-17.490103,-18.033787,-8.580964,0.9576007,-9.181570247520298e-05,1.5282547396982569,20.10792000670256,2043.725980393445,1766.3450378815241,12.68111326782232,10.52015631058495,15.384170890143466,20.93981987686646,23.901600567148304,23.147227493928966,27.212006614466855,0.00024413805000000002,2815.3125,0.0491064453125,1.0,0.0,0.0,0.15654461830854416,0.08840471017174423,0.022219858039170502,0.028462675807531927,0.4697823084890842,0.17533597946166993,0.05309427939355373,0.006155565532390028,0.0,True
00:16:40,5c41c28e896e090001c03bb0,144.31448593232162,0.5571169298620786,4.48145211367871,-55.12858027154461,-432.2291,40.243496,-18.086626000000003,-11.232022,6.05465,-2.3339634,-5.532913,0.773265,-3.2400017000000005,-3.4660468,-2.9347832,-6.513012000000001,-37.375027,-2.8803916000000003,8.466411,-0.29517790000000005,13.681773000000002,1.6175429,-9.748011,-6.4364095,0.8715333000000001,-1.0186010548065634e-05,0.1785451999502036,64.81762106332249,2941.451237689171,3432.4785550296283,12.359887648155146,10.633919318084738,12.3742343226703,18.135724010324022,19.086845981796287,19.054884567729847,29.102213959020762,0.008625357,5701.171875,0.1164501953125,0.0,1.0,1.0,0.010778062320443696,0.0018025134987611734,0.0010243469466028423,0.00451684459241935,0.9030217727025351,0.016645542876277532,0.0593002064463993,0.0029106605862681237,0.0,True
00:16:41,59278c090220760001fda664,157.8260048864791,0.7526814222867121,1.0071965543096637,-50.24736503776343,-432.5904,60.85921999999999,3.5910966,1.7502556,-1.9602164,-3.8267424,-7.5624776,-6.671963000000001,-4.0889169999999995,-2.2484523999999997,-2.160888,-0.020018203000000002,10.2557,12.514503999999999,11.190182,-3.2419700000000002,-8.954386,-8.044988,-9.126026,-5.0108147,0.8225348,-3.9099919090727474e-05,0.645434940056522,36.09613938847301,2944.2505826088627,1519.4847808717202,17.9292665171936,10.567973239593774,14.865362900241955,21.207526634531003,19.209955429197137,17.373450753644587,20.77949890828713,0.00035166767,1741.875,0.03126953125,0.0,0.0,0.0,0.033434460125863555,0.2052933182567358,0.006762285996228456,0.002007930838590255,0.5944757372140884,0.12983573339879512,0.024466798407956958,0.003723721702408511,1.0,True
00:16:41,5c41c28e896e090001c03bb0,,0.9333765416546932,,-63.38806683028925,-487.69547,18.411247,-0.80690134,-7.1521506,-2.6987622000000004,2.3347604,-0.8039548000000001,-5.8191295,-4.533976999999999,-0.14785227,1.0462639,-0.15034531,-1.6310768,-1.8004656000000003,8.894302,7.777763,-2.7981122000000003,-3.9900026,5.476019,8.268834,0.39943463,-1.650662554309283e-06,0.02774228475988199,,3830.603067835108,3077.5574993597133,11.939636475156473,14.018880887263796,14.83594616828938,21.084407708864482,22.531559797139764,24.07222282615791,19.33673931791818,0.0065861177000000005,5672.109375,0.0612939453125,1.0,1.0,0.0,0.029123925324529412,0.02458158889785409,0.05642213391838595,0.007837141369236633,0.5153901048004628,0.15062217339873313,0.20943188946694136,0.006591012771241367,0.0,True
00:16:42,59278c090220760001fda664,122.12227747573792,0.8902155430651288,0.5351107105153129,-19.881172767376015,-243.52333,189.6704,7.3359795,16.25594,3.607937,-5.900672,-4.054798600000001,-1.7084076000000001,-1.6783375,-2.0421324,-5.5924926,-3.1499650000000003,-35.483932,-28.569414000000002,18.713028,4.759479499999999,-8.439179,-10.596762,-20.246170000000003,-16.670277,1.5772872,-0.00018556787978642,3.081857829157164,28.017750247185102,1377.9152809934674,1909.7837939961864,15.052848095696795,10.777944601410573,14.418574627277208,17.637918224192926,23.3931821126517,27.02906171153818,33.08673766059929,0.00014945107,3019.21875,0.07103515625,0.0,0.0,0.0,0.07067030444741249,0.18627371340990068,0.011548957275226713,0.0012296346481889485,0.3542609199881553,0.314153191447258,0.05535255754366517,0.006510700553189963,0.0,True
00:16:42,5c41c28e896e090001c03bb0,,0.7654531638129128,,-96.89856111893421,-505.2471,12.558296,-0.4352851,-9.500185,-12.342798,-4.480787,5.8324050000000005,8.450786,3.4320275999999996,-2.7338412,-4.739954,-1.6128136999999998,-4.212001,-14.421663,-13.459684,-5.44548,3.7228458,9.114921,9.562203,6.508211,0.49548328,-3.10813529270774e-07,0.005281976949928624,,6146.063690198324,7109.930679216191,8.462787748985868,8.85325537533197,9.36195372069254,13.173900352524786,15.536467429168038,15.512856725407774,12.798192244485273,0.45858955,14431.640625,0.05694939108455883,0.0,0.0,1.0,0.04795670027378947,0.04123794306069613,0.08090234678238631,0.003595786466030404,0.5682910963892936,0.13817396657541395,0.11603890527039765,0.003803229110781104,0.0,False
00:16:43,59278c090220760001fda664,120.1847305295025,0.8715012074358708,0.39341117031117867,-21.9310812453907,-260.34897,179.6724,1.8714696,9.534816000000001,-0.9453164000000001,-7.2106832999999995,-6.626813,-3.7538574000000002,2.444305,1.3967808000000002,-11.423361,-8.097996,-23.275097,-4.6839485,41.70344,16.283459,-6.4188886,-8.752756,-17.000616,-17.594284,1.5014969999999999,-0.00012991529810844096,2.1611915637616934,22.43688524061243,1601.3476466070176,1738.7313417331852,16.98171388345932,11.743610406228532,14.845084820753975,16.410633037531866,22.35841603256538,28.59287747140908,33.21797967862198,8.354219000000001e-05,3136.875,0.0578564453125,0.0,0.0,0.0,0.04876889158040285,0.18812917321920394,0.01041517376434058,0.0010885188334214036,0.4426218658685685,0.25975489914417266,0.04414149736985564,0.0050799845659639685,0.0,True
00:16:43,5c41c28e896e090001c03bb0,,0.15637352635100887,,-87.45343773473846,-505.01944000000003,11.723118,-2.7220762,-1.9401598000000002,1.4346591,3.552457,2.3850336,0.88219625,1.4637617,1.9191561999999998,-0.13515994,-2.6197262,5.540667,1.3759998,-0.88237005,-3.8279216,-6.39958,-5.6457767,-2.7478154,-1.7258537,0.50982666,-1.646179697237475e-07,0.0028411825522669004,,6277.119963637164,5731.275070198272,10.96834879923809,8.812174366271748,12.66310088183486,18.627153454608614,17.575280802590438,13.038693093646648,14.231969447313952,0.09728195,13163.825757575756,0.032425860969387765,0.0,0.0,0.0,0.15386064499616622,0.0747137326747179,0.2685275867581368,0.003465186082758009,0.06127175763249398,0.29707904905080795,0.13254023119807246,0.00854181295726448,0.0,False
00:16:44,59278c090220760001fda664,131.48126258508876,0.4681989537051284,1.838962213616288,-29.921783465545982,-340.3915,136.47626,-7.362571000000001,-0.3523932,-6.393717,-5.591507,1.3352146,0.6179717,-1.8175153999999998,-0.50236255,-3.2536755,-3.4884055,8.071044,11.276849,41.35709,13.898254999999999,-19.000763,-16.358784,-11.584889,-16.351313,1.3580863,-7.433138870277853e-05,1.2274317199321336,20.920179735174816,2111.400748360826,1915.855986947832,14.899398235363286,10.740743799799485,16.399292729255947,15.408976517834844,18.997080819190746,26.92571331108817,30.536903588958715,0.0007043901,3880.3125,0.04888671875,0.0,0.0,0.0,0.054499477520585066,0.0898365180939436,0.007328204251825809,0.0011822686123196034,0.5172989070415497,0.2913591891527176,0.03172042146325112,0.00677502485923469,0.0,True
00:16:44,5c41c28e896e090001c03bb0,,0.7273353079109988,,-86.6621193214512,-505.55087000000003,2.9691527,1.5181882,-1.475267,-2.3856878,-2.3406715,-0.60705674,0.64625853,-2.1937175,-3.8221822,-1.1871934,0.14691001,-0.096718945,1.3042786,2.796725,3.6446690000000004,2.4071136,-1.6197237,-1.5236201,2.1846427999999998,0.11199205,-1.7037958153550398e-07,0.0031303173715723893,,5680.613546563456,6029.927775473522,8.625876250644437,10.755814777472127,11.214084629564507,11.389371414966517,19.866433359486987,17.510233942843684,16.251348524007348,0.25705945,11733.816964285714,0.06742449504573171,1.0,0.0,0.0,0.0945326984860003,0.0846728328615427,0.1367659263778478,0.003319542622193694,0.27042600214481355,0.2476555746048689,0.1497669905424118,0.012860447587445378,0.0,False
00:16:45,59278c090220760001fda664,137.7904416102006,0.8043714684390147,3.5754838458003166,-28.426717944970584,-295.09134,146.28521999999998,4.153262600000001,6.889559299999999,-1.1699712,-1.7068988999999999,-2.5905817000000004,-1.4009261,2.2482185,-1.2708473,-6.134000299999999,-0.8789838,-18.286286999999998,-11.968831,16.819187,14.064060000000001,-13.610291,-12.435992,-10.206024000000001,-13.01198,1.797243,-0.00010424481144765198,1.7439338473739858,37.12500876621064,1941.3894632211286,2232.9170501470653,13.291089105816145,9.496373335687172,14.138259004933307,15.918270011129971,20.742910435480248,28.41626125474783,33.06888633898251,0.00016120367000000001,3904.6875,0.0756298828125,1.0,0.0,0.0,0.07817514464259147,0.09402499124407768,0.0070357070304453385,0.0015187840239377693,0.4696809977293014,0.2904883772134781,0.05562016107141972,0.003455874905921518,0.0,True
00:16:45,5c41c28e896e090001c03bb0,,0.5754418186840509,,-73.89900166338545,-486.0653,31.879013,4.4143977,4.1281047,-3.6926388999999995,-11.051758,-13.002172,-6.0471983,7.352111,9.807975,-5.5395650000000005,-15.535998000000001,-24.901539,-27.206647999999998,3.487415,14.149870000000002,4.472894999999999,-3.2919436,-4.9041986,-1.5331625,0.751839,-2.6885778306979605e-06,0.04539432076704425,,4646.654254396048,4511.75098561323,10.638807113530628,8.955523287919952,11.99478686344612,17.76947737573118,18.201020282174138,19.523625545341407,15.483848594617267,0.07776402,9132.102272727272,0.061224489795918366,0.0,0.0,0.0,0.056507772207260124,0.018808258092030884,0.08778924131765961,0.11634546695277095,0.2917368276044726,0.12817029915750028,0.24529932141304014,0.055342785082757466,0.0,False
00:16:46,59278c090220760001fda664,115.61158223032578,0.3608483360269695,0.18899353266664554,-35.061604204812056,-348.2534,124.136055,5.1359763,13.809860999999998,2.7504473,-4.1148940000000005,-7.858219,-9.168061999999999,-3.858965,-0.7447210999999999,-4.1244,-2.8405974,6.0354333,-0.6831458,1.488545,-7.0836935,-5.436962599999999,1.673961,-4.3705625999999995,-11.801085,1.260059,-9.254603308285341e-05,1.5424039332554855,17.795624521102084,2178.1408339545146,1869.5609303905533,13.923470695669312,10.94775005016562,13.97900247041502,18.054218216793476,21.199684422062933,22.76340967848587,29.620793698058094,0.000546148,3210.0,0.05556640625,0.0,0.0,0.0,0.04294747058302164,0.2177454151213169,0.005852506868541241,0.0008214627698180266,0.518164050579071,0.18795225620269776,0.022883374895900487,0.003633489907952026,0.0,True
00:16:46,5c41c28e896e090001c03bb0,203.76304077961242,0.8105664942208721,0.7943599104139623,-79.81226574453531,-441.99887,109.03408,-8.302061,-18.345854,-1.0904729,3.994673,-4.2117057,-2.5511253,-3.8807351999999997,-3.6096364999999997,1.9667733,-7.2555304000000005,-25.205085999999998,9.669555,13.830166,4.2035255,3.4962451,-5.521021,-15.333914000000002,-4.5373483,2.1559696,-8.720757941534854e-05,1.4477302890646668,10.255254654234646,4428.9584325190835,4506.989053495709,11.483916729600368,10.157163065847694,11.839012879666864,11.549544743853732,13.800656663050008,14.209444319156413,18.828212138472782,0.46884525,8976.171875,0.03918663930084746,0.0,0.0,0.0,0.14344166293740274,0.011125152342719958,0.2642739719711244,0.17490683477371932,0.1199591800570488,0.07304164990782737,0.05241876970976591,0.16083274595439434,0.0,True
00:16:47,59278c090220760001fda664,109.94612975497864,0.8832772693574921,1.5193708651717144,-37.58798386343645,-395.29565,101.424194,11.482460000000001,10.354402,-3.3550769999999996,-10.042281,-4.7523746,1.158483,-0.47273418,-5.6394815000000005,-5.874594999999999,-1.2079574,10.375889,-11.803567999999999,9.127605,12.685386,-1.7966591,-14.861398999999999,-17.092487,-4.110285299999999,0.8757461999999999,-5.4726651529661186e-05,0.9100620777504572,24.62516625656864,1660.8137511547945,1374.8233012853786,12.336057575918556,8.788795207548455,12.875283022665323,15.999888668408776,25.225216346017213,20.970008477424756,24.266958400761126,0.00011834886399999999,1952.578125,0.0411767578125,0.0,0.0,0.0,0.10424939598888157,0.0948284761980176,0.05132170931901783,0.007994378849980421,0.5129904106259346,0.1963135801255703,0.027547294273972508,0.004754750552820042,0.0,True
00:16:47,5c41c28e896e090001c03bb0,156.7655895148778,0.9458139458062486,1.2134296926912478,-52.12833862813554,-424.06145999999995,60.16135,-11.359539999999999,-10.606369,2.1708224,4.017025,-1.2529216,-1.6439914,-2.3332286,-0.8836679000000001,0.48585674,-2.2255778,-12.85095,-4.052736,7.572348,6.866119,11.066955,-1.6364241000000002,-12.920785,-8.733921,0.42117038,-4.665719400510002e-05,0.7741172938064638,12.859954351773276,3169.447279916364,2406.8041883311034,15.128434526325636,13.078281526637786,19.169832314390465,23.71037360236063,27.548095244618988,19.06806701772065,23.35274390743975,0.0036129020000000003,3713.4375,0.054423828125,0.0,0.0,0.0,0.010962673855829051,0.009488801856059579,0.03578862629656214,0.0030431620940362327,0.8950838536024094,0.025012848517508245,0.008203421253710985,0.01241663333348697,0.0,True
00:16:48,59278c090220760001fda664,,0.7151596294376956,,-62.547986456052286,-488.4855,24.881926999999997,3.8040855000000002,3.2256296000000004,0.73458886,-2.48932,-5.0618834,-5.984366400000001,-5.014768,-2.6933029,-0.048628945,1.860646,18.141827,9.294685000000001,0.9798447,-4.5941324,-6.3905435,-4.798274,-1.3318378,2.0643034,0.34458540000000004,-8.033306234007022e-07,0.013323239629337371,,3467.0177683063243,1598.7996092795647,15.568391013215162,9.450832965536252,11.322145339406983,21.251986170334945,16.258311186562434,14.914247601655276,16.979783332454463,0.0006804548,1657.734375,0.025908203125,0.0,0.0,0.0,0.033991186163621026,0.0291276219766587,0.03503753445111215,0.006985434273883585,0.8726228401064873,0.012064346426632256,0.0069593065418303,0.0032117153896251693,1.0,False
00:16:48,5c41c28e896e090001c03bb0,259.6229074465466,0.8649620352732098,3.0707847341477787,-34.53946218585982,-321.48965,103.99954,-15.038018,-16.377499,-1.8751733,-2.3731503,1.3630326000000001,3.2231237999999998,-4.029758999999999,2.5081729999999998,8.183750999999999,-9.186743,-32.517403,12.263855,7.472139,2.6858006000000003,-5.1761003,-24.332266,-25.529792999999998,-8.238002999999999,1.7741148000000002,-9.662363775126933e-05,1.6244871046421958,11.199362825627553,2530.258787745698,2764.343000550135,13.273454396387837,10.77967155888028,18.717902685976625,17.128756561209403,21.713989499543253,21.310916165979034,37.125606082018535,0.0019162164999999998,4603.828125,0.078740234375,1.0,0.0,0.0,0.007291388781595742,0.0032682756602298467,0.005313741984718946,0.010516137994636665,0.922637191414833,0.004967764277535025,0.03681380919006187,0.009191702169482596,1.0,True
00:16:49,59278c090220760001fda664,402.5564062760161,0.7346205808398186,4.282145688300472,-54.49739560493439,-459.19867,54.559993999999996,2.3656478,2.2950904,-1.7016182,-5.275820700000001,-5.450214,-3.0714657,-0.93028504,-0.62028,-1.3837621,-1.539115,23.842163,-0.35760248,-7.2998804999999996,-4.521205,-3.4756403,-5.9085155,-6.2138586,-2.0377586,0.71727335,-5.827300283462325e-06,0.09686607119863544,55.293046640853326,2640.46581066693,1592.1795408787655,11.463640326465054,8.232783332152325,10.345084860883164,17.149034051592295,20.49947513214597,15.66415240913492,21.722698249020162,0.0004912213,2233.359375,0.0345166015625,0.0,0.0,0.0,0.002664810651913285,0.07991313487291336,0.0006916170445038004,0.00017919257734320127,0.9032018184661864,0.010222223890013992,0.002436629802105017,0.0006905806774739176,0.0,True
00:16:49,5c41c28e896e090001c03bb0,208.068674298018,0.9688197316116204,0.7469030448449204,-14.441291312735222,-183.48036000000002,164.34229,-13.821257000000001,-7.801798299999999,0.29048237,-4.0158195,3.409153,-1.0779506,-5.260708999999999,-0.12666883,0.34542477,-12.338999000000001,-46.673428,23.87366,2.7949872000000004,-1.8328673,-1.2003447,-10.807733,-21.957376,-12.535414999999999,1.969613,-0.00022863581865021983,3.876248817836936,16.531464085827945,1996.5522281858373,2015.1872414285974,11.929627543574659,15.25605739930382,19.56668947800651,16.761974899115113,20.159548887026524,21.455098040974054,42.66536709283569,1.8822426e-05,3486.09375,0.0475390625,1.0,0.0,0.0,0.049052363913506265,0.010153752274345607,0.21075732726603744,0.027742136816959827,0.5858564734458923,0.036804106272757056,0.06251497317571192,0.017118846927769483,1.0,True
00:16:50,59278c090220760001fda664,,0.7293492219302743,,-60.664176770876686,-481.75347999999997,33.221940000000004,0.08508258,-0.37356540000000005,-2.1037004,-3.9724699999999995,-5.031847,-4.883511,-3.7248569,-2.1357002,-0.7567808000000001,-0.016208338,23.4312,10.86559,-0.56255555,-7.915814,-10.209336,-8.434903,-4.7693286,-1.4578683000000001,0.4361920999999999,-1.0409160294912858e-06,0.017235378050247104,,3136.8260999240447,1483.2832699013038,13.704885317449644,8.551948058769161,10.641260277676883,19.819293945272868,16.372598791804013,15.661060024422634,18.6130571356341,0.0004981917,1453.125,0.0253466796875,1.0,0.0,0.0,0.029143483983352782,0.1460087351500988,0.0036843582114670422,0.0004340762940046261,0.6748692825436592,0.10780770108103753,0.03726854829583317,0.0007838000747142361,0.0,False
00:16:50,5c41c28e896e090001c03bb0,136.43160757111346,0.8513195159726684,0.2915536416127812,-18.676070924468924,-251.08942000000002,171.13242,-8.032919,-6.3964753,1.1474463,-1.1763780000000001,4.367796,5.7445855,1.0401212,6.5462685,1.5490202,-13.160192000000002,-15.427785,10.062075,12.136667999999998,-2.630084,-0.46395835,-15.405756,-25.27409,-11.174082,1.8435374,-0.00015703827816211712,2.6001280033942225,12.751031093070026,1609.227402480292,1516.402455066646,15.340699466631946,12.718739776657019,20.142204908765365,17.0417547957726,24.552200125856412,24.022329395639936,37.80155360152253,2.6129283999999997e-05,2603.671875,0.0404150390625,1.0,0.0,0.0,0.08367190044373274,0.007065599970519544,0.13652142798528075,0.050186395552009336,0.2211428536102176,0.058279786817729475,0.4305866956710816,0.012545310409041121,0.0,True
00:16:51,59278c090220760001fda664,,0.6829643729616628,,-56.92188019636622,-469.50897000000003,46.590786,3.5384915,2.558289,-1.1308396,-4.5320883,-5.8892417,-5.4821935,-4.3709489999999995,-3.1118803,-1.7410008999999997,-0.4239772,28.442327000000002,9.611886,-3.2574725,-9.662201,-11.645977,-10.097432000000001,-5.390386,0.3073921,0.5969028000000001,-2.95829422556833e-06,0.048721114499573684,,2739.7252572814677,1340.752024178443,13.410303713444948,8.432249183755683,10.609396822590568,20.032179450228533,18.67685826187198,15.289482049857714,18.98346207954732,0.0003567014,1401.328125,0.02806640625,1.0,0.0,0.0,0.06941102789714933,0.10893801189959047,0.005071464146021753,0.0016608071455266329,0.6044926673173905,0.17905982062220574,0.028279808023944492,0.0030863946361932904,0.0,True
00:16:51,5c41c28e896e090001c03bb0,158.28930486201938,0.5731948259724742,1.9354240289820632,-33.54757731148861,-317.75317,154.05028000000001,-14.480414000000001,-16.342422,7.4020524000000005,11.152743,-0.11871569,-3.5056982000000003,0.2819491,2.0869613,-4.1977696,-10.720481,-10.329089999999999,0.69328535,10.644699000000001,-5.233843299999999,-6.316013,-11.633505,-7.0781693,1.7626939,1.5864508,-9.447503121968572e-05,1.5703726088422427,19.669858382666703,2019.1025694203888,2182.808997046965,13.108759898644006,9.980189912875916,15.649945358650921,15.924062514333794,20.012946425249922,22.899858430415,32.305592363979656,0.008735245,3813.984375,0.06103515625,0.0,0.0,0.0,0.09198327027261258,0.013298581982962788,0.053226799983531234,0.042777236085385084,0.2127096451818943,0.13787724450230598,0.4397231623530388,0.0084040709072724,0.0,True
00:16:52,59278c090220760001fda664,,0.7028197787693509,,-54.69004888046532,-449.07715,59.546455,5.925101799999999,2.5218847,-4.334715,-6.648842,-4.9920382000000005,-4.4715085,-5.1571964999999995,-4.472923000000001,-1.7009017,0.9842504999999999,19.968084,3.2067322999999996,0.22862208,-7.364999000000001,-12.550995,-8.867697,-2.7508504,2.6794453,0.6304506999999999,-4.573035285560654e-06,0.07637870599070429,,2519.074652949602,1548.5100399920068,11.750521355983295,8.00665281239077,10.420123943903905,18.02604097479621,17.787578217965454,18.267351784234734,21.152766953666564,0.0003362107,2046.5625,0.039912109375,1.0,0.0,0.0,0.030524164973758164,0.062315348815172915,0.007795353460824117,0.005962002909291187,0.8147290289402008,0.049638291075825694,0.01505723266163841,0.013978549576131628,1.0,True
00:16:52,5c41c28e896e090001c03bb0,172.4095377355171,0.9506418293172766,0.6994645968527572,-15.548837268632289,-209.5867,164.25687,-15.677504,-6.749765400000001,-2.0552313,-8.284562,-1.00037,-0.30491635,-0.90294135,7.999313000000001,-1.3058418,-13.549577,-41.507909999999995,32.650944,6.682234299999999,-10.923255000000001,6.88117,-23.659725,-24.546612,-10.391882,1.9082970000000001,-0.0001795711535959149,3.0413170759433767,17.220281830741186,1823.2978576084522,2168.6256260111645,15.578963594405154,14.06065282019423,18.09829096057899,16.766947307739688,19.73803521257034,22.708730347664893,44.565860063706296,6.065114e-06,3582.1875,0.0650341796875,0.0,0.0,0.0,0.07674799747765064,0.011126152519136668,0.0988597072660923,0.08514573099091649,0.2717806100845337,0.10399177186191083,0.3331840828061104,0.0191639423603192,0.0,True
00:16:53,59278c090220760001fda664,,0.7349096147903585,,-58.4764628258751,-475.1845,41.33701,2.8384194,1.9441633000000003,-0.7125282,-3.4775242999999993,-5.091606,-5.1357126,-3.9775817000000004,-2.3854887000000002,-1.0806451000000001,-0.44705209999999995,28.472672999999997,12.093537,-2.5169122,-11.412726,-13.354104999999999,-9.860609,-4.0904155,0.77595395,0.48971602,-1.3381451088783714e-06,0.022065624722603372,,2784.6279947933585,1315.6538474082167,13.288568457348426,8.216828082310593,10.70302022431816,20.009076471693785,16.459685737710796,15.013596182904651,18.765087468422198,0.00032397275,1242.1875,0.0261865234375,0.0,0.0,0.0,0.2277285672724247,0.054720956293749616,0.024012495251372456,0.16653407679405066,0.36816418282687663,0.06808995623141527,0.0405817873775959,0.050167989649344234,1.0,False
00:16:53,5c41c28e896e090001c03bb0,144.47848557451584,0.9205867129047044,0.7614910521186261,-17.39452703135129,-202.96875,184.02293,-7.506435000000001,-2.3429732000000003,6.9243717,0.9578131999999999,-1.0937729999999999,-2.774778,-3.9723911,-0.045523122,-3.511648,-8.865325,-49.059513,-8.014174,-2.6233487,-12.265801,3.6753256000000003,-2.6041990000000004,-14.167514,-8.604433,1.819034,-0.00019415772810062718,3.2580263780599688,14.581855032683931,1589.0924350850626,1784.9781763412484,15.184931202415724,12.411437278590062,16.286930743401328,17.186319061313007,21.102714250574003,20.989482014902123,39.445840024271725,1.0464887000000002e-05,2913.984375,0.05298828125,1.0,0.0,0.0,0.12098171152174472,0.009888695843983442,0.42571680173277854,0.07540012830868363,0.025770089728757738,0.08496644496917724,0.17812149934470653,0.07915464635007083,0.0,True
00:16:54,59278c090220760001fda664,,0.7433361161345312,,-59.007726244754714,-476.29453,40.093662,0.5929191,-0.36947072,-2.0453553,-3.4554167000000002,-4.0881634,-3.9343839999999997,-3.2681683999999995,-2.404773,-1.5795493,-0.95050293,28.193365000000004,13.294547,0.32162917,-7.372674000000001,-9.139228999999998,-6.728825,-2.9503703,-0.16664259,0.47985741,-1.3164721792985785e-06,0.021700795244605636,,2856.027803092568,1337.3612605074866,12.762875802625508,7.878048227296932,10.116217523640977,18.197962688453988,16.478506705739054,15.052081943306801,18.849788117234944,0.00039331004,1387.734375,0.0239990234375,0.0,0.0,0.0,0.07990532964468003,0.054218811169266704,0.0637959137558937,0.011182192619889977,0.6818140625953675,0.07104621455073358,0.02532336125150323,0.012714130291715264,1.0,False
00:16:54,5c41c28e896e090001c03bb0,148.72191348570664,0.9342363900311892,0.3715344739003377,-17.606327234770152,-283.51764,121.14171,-15.866910999999998,-11.10546,-0.14636046,-8.383460000000001,-4.38858,3.4486775,-0.120755665,4.277819999999999,-4.26973,-20.90004,-22.25733,66.81473000000001,36.03298,-11.359608,2.8129642,-22.718388,-18.00423,-0.5351273,1.5978326,-0.00013103786950427763,2.2566421750580137,9.59492288437486,1603.3146235696775,2374.715796285559,16.099864329542,14.45854437983964,18.97752647302756,22.985805793391126,24.577847187145835,25.363429380218612,42.175865541183455,5.244997e-06,3669.84375,0.0813671875,1.0,1.0,1.0,0.024364044941547845,0.0066122906460400884,0.012878676588621196,0.24997572062744036,0.06239008877633346,0.027077722182083458,0.5739368846019111,0.04276456779593395,0.0,True
00:16:55,59278c090220760001fda664,,0.7160683170191028,,-56.02153894568839,-468.89777000000004,49.093334000000006,-1.3411055,-2.1500367999999996,-3.0910642000000004,-3.7299425999999998,-4.076899500000001,-4.2570276,-4.2452510000000006,-3.8884258000000003,-3.1385026000000003,-2.2261355,33.644238,15.003917999999999,-0.2699665,-8.443033,-9.694094,-6.9282613,-3.51986,-1.5462576000000001,0.5439803000000001,-1.8110849138826042e-06,0.029730750730960664,,2553.154316278053,1184.3375171108346,13.051927284504234,8.819171260530755,10.687705347446897,17.73318536345638,18.685829183113047,15.915271283238615,18.706395260581893,0.00024473932,1241.015625,0.0233056640625,0.0,0.0,0.0,0.15059373546391724,0.05131712372058246,0.05029063823167235,0.07875188497710042,0.5469492466654629,0.08799538747407495,0.017786629078909755,0.01631534514017403,1.0,False
00:16:55,5c41c28e896e090001c03bb0,139.8238652516897,0.9680075279466844,0.2948031801878571,-16.095972767022516,-236.46414,168.68126,-9.40444,-15.149284,-5.081987000000001,-1.6703714,0.7305903,2.0716898,5.3257394,5.1802015,-5.278396,-15.564026,-22.885906,40.128326,41.498257,-1.7072185000000002,-10.5886,-24.085024,-17.675276,1.2638587,1.3926247,-0.00016406632444385344,2.7352317553763066,10.545182014441416,1623.8237126446866,1664.979290675051,15.991890299698785,15.657682266156135,19.987588524741472,20.714552904304465,23.512809604703012,25.20783908480176,38.65184005635806,3.861742e-06,3011.71875,0.0417333984375,1.0,1.0,0.0,0.014910118980333209,0.004843641372281127,0.014914707219577394,0.15521162245422598,0.1549267888069153,0.025215710559859876,0.5772970825433731,0.052680315217003226,0.0,True
00:16:56,59278c090220760001fda664,282.17749300532614,0.4552469951935027,4.5239789299370985,-44.540202896403315,-426.39218,87.78159000000001,9.864173,6.6590157,-1.1945839,-5.020958,-3.762365,-2.0711925,-2.811189,-4.301016000000001,-4.121919,-2.6564400000000004,32.575443,-3.5396144,-7.888012,-3.7567122000000004,-9.211489,-16.412271,-11.762893,1.6799542,0.8777669,-1.888384971910417e-05,0.30982356670623723,24.015126654071228,2063.1137821764046,1268.001636827247,12.125866594528578,8.655363244540961,13.1984919893086,17.810984714073946,23.130712893742015,16.227566935586086,23.755322046892925,0.00019581438000000002,1710.9375,0.02900390625,1.0,0.0,0.0,0.1055247688665986,0.026674818212632092,0.03263227337738499,0.011078450854984113,0.7632542818784713,0.020532318856567144,0.013249425427056849,0.02705365458969027,1.0,True
00:16:56,5c41c28e896e090001c03bb0,138.27348070528978,0.9485686364539772,0.3590811232009513,-22.46724572345956,-279.71862999999996,151.61726000000002,-4.353656,-6.128122,0.093237124,1.2680653,4.970026,0.54099464,-2.9490817000000003,7.2605452999999995,-1.0448568999999999,-15.748054999999999,-15.040776000000001,26.119028,24.108667,-7.366408,0.6495965,-21.563028,-28.452647999999996,-5.0968943,1.8764392,-0.00011577381263635395,1.9430571257146363,17.113790167776106,1635.7596793756406,1902.1974083523348,14.855832074775114,12.65032507533918,18.070305606545567,16.920957542371667,22.65500259579054,25.337517160232306,38.35641878742585,2.471658e-05,3281.484375,0.0607861328125,1.0,1.0,0.0,0.02277453102869913,0.009067651361692696,0.043551155255408966,0.09173684604465962,0.36524039674550296,0.037982131796889015,0.3780703950673342,0.05157689661718905,0.0,True
00:16:57,59278c090220760001fda664,,0.7358236185635241,,-56.908420623832534,-469.84943,47.573063,1.1089512,0.5985128000000001,-0.9812175999999999,-2.897253,-4.340656,-4.698061,-3.8568714,-2.2630472000000004,-0.6460016,0.38490435,31.787758,13.020172,-1.9814341,-9.617263000000001,-10.310133,-7.009508599999999,-2.9095367999999997,0.004496883,0.54307663,-1.7771221305397708e-06,0.029208425101167543,,2616.9792374576045,1274.9133122934932,13.759116136920738,8.330680794368805,10.861069793482109,17.98392104494435,18.85569276252114,15.618580110247024,18.77046422419933,0.0003306775,1414.21875,0.0257763671875,1.0,1.0,0.0,0.01453440694604069,0.018608135380782192,0.0014084650378208608,0.011107478918711422,0.9256832540035248,0.009938212949782609,0.01093416310613975,0.0077858738994109455,1.0,True
00:16:57,5c41c28e896e090001c03bb0,148.91930159946844,0.8643616916541657,1.7829731491902316,-40.48686254013154,-360.72397,115.20031000000002,-5.249253700000001,-12.98166,2.5852697,10.063525,1.1743709,-3.90383,2.923114,8.676069,-3.6482248,-12.858349,-24.419159,14.490548,30.074866999999998,-7.552940400000001,-8.241078,-8.997155000000001,-11.025708999999999,1.6725918000000002,1.5745453999999999,-7.584383713226017e-05,1.2565845815538796,12.713836360542366,2529.602198512158,2720.001148487079,14.81420413255807,11.776227654770244,13.973742247687529,15.355143687280206,19.372099559400304,20.684201119404786,31.095078616326905,0.013254005,4981.875,0.0691845703125,1.0,0.0,0.0,0.009374764165841043,0.0037146916671190406,0.008054057555273175,0.1308261275291443,0.2813725207000971,0.028024611691944302,0.5041520565748214,0.034481159318238495,0.0,True
00:16:58,59278c090220760001fda664,164.4628032944451,0.942652274651262,0.09627063670800637,-48.99054554690947,-440.31363,70.334854,4.6420392999999995,4.699573,-1.1118081,-6.4307837,-7.4311175,-5.887210400000001,-4.5648127,-3.8228313999999997,-2.6284087000000005,-0.76629233,22.345242000000002,-5.9020395,-9.172602000000001,-7.486819000000001,-10.104610000000001,-12.282253,-9.346183,-1.9435452000000002,0.8575550999999999,-3.7756963619846036e-05,0.6201490523988975,35.224598896501504,2474.660935326704,1368.6884812822238,12.873905940426614,9.296167155497661,12.43179502576147,19.789462711734988,21.007055968227533,16.647491554451605,20.83066149079945,0.00035594412000000003,1483.59375,0.029931640625,1.0,1.0,0.0,0.0031873700718279,0.019684745464473963,0.0021450807034852915,0.0009362827586301137,0.9625259935855864,0.0035226396648795344,0.005112446262501179,0.0028854706688434817,1.0,True
00:16:58,5c41c28e896e090001c03bb0,151.19204884157895,0.9262743369582368,0.9535652230423076,-17.50473195508893,-218.13057999999998,162.17746,-14.042673,-7.001021000000001,3.5392012999999998,-0.6170095,-5.0812297,-3.1633644,-3.382828,5.421403400000001,1.59054,-19.843864,-37.093059999999994,31.068295000000003,13.545679999999999,-3.7907686000000003,4.549526999999999,-18.396513,-23.988222,-15.3536005,1.953093,-0.0001648010732186738,2.7890072464279783,16.79586245806572,1867.809347107442,2168.484561922289,17.381153174080378,12.70422886773449,17.49963694429423,16.775436323080573,20.188699723783788,20.15635379725347,42.109725055061496,1.6537337e-05,3639.140625,0.0679345703125,1.0,0.0,0.0,0.01020182644133456,0.009759143693372607,0.015277229418279603,0.029292247735429558,0.582923061773181,0.044544000946916636,0.27677070050267505,0.031231801491230726,0.0,True
00:16:59,59278c090220760001fda664,160.8492697511414,0.980092499305822,0.4896710149049792,-52.01972823438737,-443.9018,68.90867,4.494208,4.125408,0.49709168,-3.3489672999999995,-4.904434999999999,-3.8571966,-2.1357052000000003,-1.6822080000000001,-2.4137197,-2.8527102,25.073278,-5.433258,-12.147283999999999,-9.512018,-9.434844,-9.991493,-6.27615,0.2224986,0.6244501,-2.1319469674459007e-05,0.3493433010097388,24.395760058559556,2644.339806444947,1557.4029306512418,12.479596042627346,7.907461841848218,11.820679712248651,17.804466051310527,18.44615581514145,15.89345074330208,22.20534120509225,0.0005570936,2158.125,0.0320458984375,0.0,0.0,0.0,0.0066425735538359724,0.013518238149117678,0.0019703293015481908,0.0031430185728822837,0.9602171659469604,0.0024436122839688323,0.002772095348336734,0.00929297665716149,1.0,True
00:16:59,5c41c28e896e090001c03bb0,148.52821661979812,0.9262282914066484,0.7122079517255593,-16.31347355446499,-212.82502999999997,179.56927,-11.9713955,-5.375866,8.654584,-2.0866363000000003,-5.8267264,1.675731,0.39947447,0.06418605,-3.9848727999999998,-10.387635000000001,-44.099734999999995,6.766494000000001,11.043726,-5.7024856,3.4561336000000002,-26.208466,-26.955145,-3.7490629999999996,1.7693043000000002,-0.00018729542907100009,3.1641889751236363,14.429467368088806,1470.8158626244476,1965.3903402694214,16.220878091729173,14.555439893043216,15.931285274576561,16.45824152014043,20.842943770993212,24.820868443478204,41.60112738406331,8.371679e-06,3047.109375,0.064775390625,1.0,1.0,0.0,0.05032509893644601,0.013898499554488807,0.16050526226172224,0.3063273377716541,0.14891740679740906,0.053175850864499816,0.061017867736518384,0.2058326939120889,0.0,True
00:17:00,59278c090220760001fda664,141.23601199429538,0.3854830640408444,0.5301976542886888,-36.66730856506448,-363.65152,104.31194,-5.3398786,-4.312511,-7.394932000000001,-4.1967044,-6.063452,-1.9621564999999999,2.329792,-5.1304784,-9.1103945,-1.6928218999999998,0.8525396999999999,21.238453,29.244963000000002,-0.56732893,-14.196051,-8.850247,-10.979815499999999,-15.529201,1.3055259,-9.542412597677026e-05,1.5795669224705922,33.02386964473369,2717.004917705839,1834.955187869369,15.933684889436321,12.826167843654526,15.297691275692792,16.864498834259788,18.73819096030236,23.03340889130427,28.152044472151108,0.0011391988,3474.84375,0.0310986328125,1.0,0.0,0.0,0.16204265487613154,0.07654688865877687,0.022858178720343857,0.033212540051681574,0.5347419664263725,0.0813017328036949,0.06511746507603675,0.02417856387910433,1.0,True
00:17:00,5c41c28e896e090001c03bb0,251.6475208460535,0.9643289756401962,5.395829106088075,-57.61960208947868,-392.74222000000003,112.225815,-5.460891,0.18618448,6.4883809999999995,-9.422554,-7.383628999999999,-0.34033284,-5.492756,3.0370283,5.074491,-11.563077,-27.922487,8.125592,1.1027504,-16.472412,-3.8217776,-10.233436,-13.14146,-0.56730354,1.6655406000000004,-5.323632953434287e-05,0.8973456035914528,27.57919285260078,3955.6749848046147,4247.715982024428,8.802153530941602,9.945853952702096,12.527762619162589,15.306894974926864,16.941665522909275,18.59394613531583,28.979155433737656,0.046765695999999995,8399.765625,0.0985888671875,1.0,0.0,0.0,0.022533784876577555,0.017158563318662345,0.03810264891362749,0.023313094559125603,0.791975000500679,0.013013098831288516,0.07263267282396554,0.02127112793386914,1.0,True
00:17:01,59278c090220760001fda664,108.19523067566166,0.6111355155704077,0.3358777127782229,-18.12804677429544,-225.89872999999997,179.26764,15.219467000000002,7.445881,-3.0847043999999997,0.6723967,-9.552844,-4.7221074,9.6071615,-2.3462095,-12.391889,1.6350937,-37.178112,1.1326715,12.23749,-9.917142,-1.6732662,-6.2801514,-33.245740000000005,-21.521696,1.538254,-0.0001929315825981761,3.226428418292033,21.677380085353022,1771.5503307267127,2294.8663835524044,15.178225838399431,11.358415079284306,15.30957625680486,17.352652371172947,25.077288776867448,30.709699915379574,35.310723387088345,0.00011850438999999999,3867.1875,0.0745703125,1.0,1.0,0.0,0.010297754337079823,0.018455681670457125,0.001253793812065851,0.0008957115584053099,0.9293318331241608,0.02565505285747349,0.013615344685968013,0.000494867040833924,0.0,True
00:17:01,5c41c28e896e090001c03bb0,,0.7811396342457316,,-101.06916026375002,-507.27655,1.1187768,1.0695707,1.0592713,1.0480454,1.0359088,1.0228766,1.0089668999999999,0.9941948,0.9785870000000001,0.9621565999999999,0.9449285,1.1172695,1.1147605,1.1112518,1.1067492,1.1012573,1.0947850000000001,1.0873392,1.0789311000000001,0.035033323,-2.3837006794880423e-08,0.0004938668445389871,,6542.32899875019,6998.29294557065,9.634442344173971,8.701848768898545,9.531355992732916,10.777467817923725,12.978173256252182,12.229539582148169,13.029951698535376,0.5106763,15165.952620967742,0.02438204405737705,0.0,1.0,0.0,0.06272244345163927,0.006525073084048928,0.010157019743928686,0.015347820427268745,0.5067064568400383,0.020292493305169045,0.3760878156870604,0.002160893683321774,0.0,False
00:17:02,59278c090220760001fda664,143.08209521293333,0.8641287997239273,3.060915700229612,-27.561874172561044,-281.68352999999996,146.56753999999998,14.987723,1.7796811999999997,-10.382524499999999,-3.6356812000000005,-4.786114700000001,-0.43444604,3.0048387,-6.3329889999999995,-10.286842,2.6171076,-38.0378,-2.3551493,32.761356,1.9280558999999997,-19.030058,-17.338844,-20.477812,-8.57726,1.4489708000000001,-0.00011493927593064775,1.932006661770772,30.33342152365181,1953.1812502540881,2353.7236419414066,14.437841915750987,10.379944076466352,13.361992403309989,16.51736051660556,20.787515997443247,29.470942221742398,32.63061589543522,0.00019581061,3952.96875,0.0794775390625,0.0,1.0,1.0,0.10409261165186763,0.015297543501947074,0.00240212521457579,0.09130222537278314,0.6760814227163792,0.06995540452189744,0.014953405922278763,0.02591524374729488,1.0,True
00:17:02,5c41c28e896e090001c03bb0,,0.9322862029471828,,-100.87158013044169,-507.3268,0.3071008,0.24753846,0.23601273,0.22380993,0.21103308,0.19778611,0.18417734,0.17031276,0.15630744,0.14226228,0.12828457,0.30516315,0.30195359999999993,0.29749924,0.29184052,0.28502578,0.27711576,0.26817802,0.25829107,0.014770538,-2.6375192830702742e-08,0.0005257690102156867,,6603.824881933061,7032.282374146329,9.75061105435184,8.858574609188771,9.499588454260762,11.059702175510614,12.733047504855573,12.42904470495713,12.939124769790206,0.43474764,15259.738869863013,0.020107693142361112,0.0,0.0,0.0,0.0223650906002149,0.0190417917445302,0.13051011062343604,0.008876506146043541,0.514170940220356,0.05919556804001332,0.2430373076349497,0.002802713779965416,0.0,False
00:17:03,59278c090220760001fda664,141.57489449452675,0.5719441285873296,1.460908972120659,-23.174390900136533,-274.6469,156.94461,1.5872318,-1.0671233,-9.12524,-7.12334,0.14097773,1.630946,-3.6149979,-3.954244,-3.8379161,-0.4782055,-34.53634,6.448461,47.15248,3.6165488,-17.769669,-14.576397,-17.733147,-11.738864999999999,1.7749859000000001,-0.00012015821591937012,2.0049932388233587,32.40750347892113,1637.8861211182589,1830.8224452032914,14.04427883615272,11.000588125719993,15.800538108379117,15.682474574303601,20.201455361546138,27.53994097350291,33.69030342704048,4.423307e-05,3060.703125,0.0543115234375,0.0,0.0,0.0,0.04801777619868517,0.026063245299155824,0.0018650792888365688,0.07566921140823979,0.8069095909595491,0.007757921726442874,0.010813974775373936,0.02290321917244,1.0,True
00:17:03,5c41c28e896e090001c03bb0,,0.6857812905861483,,-107.497726603605,-507.33987,,,,,,,,,,,,,,,,,,,,,-2.6310693625265373e-08,0.0005716969851987253,,6503.578764939414,7597.193522635987,10.194203813691452,9.520040016857557,10.705469037288381,10.580198219256747,11.07756540619466,10.776849125748909,10.924464155604916,0.8703632,16024.739583333336,0.047607421875,1.0,0.0,0.0,0.004587231544428505,0.014137964090332387,0.021175004233373332,0.0022401737180189228,0.88755102455616,0.023537698551081117,0.04212845964357257,0.004642434429842979,0.0,False
00:17:04,59278c090220760001fda664,121.45106824859181,0.6147329881464636,1.4466372954255116,-23.84132636246143,-287.9977,169.13051000000002,2.4386075000000003,0.49429068,-6.251768,-7.9059029999999995,-6.393667,2.8798437000000003,5.4311604,-6.934435400000001,-11.383422999999999,2.376032,-7.0377426,-5.239441,25.718182000000002,8.15954,-7.419836,-16.441608,-23.361373999999998,-13.176809,1.6393665000000002,-0.00010718864919176971,1.774064329081319,23.31703246865909,1595.6432401212396,1556.7118303518046,15.026796847151587,10.304252005999103,15.837857729611768,16.142204308209397,24.342637996539732,28.034005513559066,31.935954087245264,7.724937e-05,2669.0625,0.0493017578125,0.0,0.0,0.0,0.004599955957382917,0.04573379112407565,0.0024234498661826363,0.00033160148668684994,0.9355978190898896,0.007066931179724635,0.0036761766183190047,0.0005702849899535068,0.0,True
00:17:04,5c41c28e896e090001c03bb0,,0.6531834394706252,,-109.2399775090486,-507.33987,,,,,,,,,,,,,,,,,,,,,-4.251395120715299e-09,0.00010215205959158104,,6423.137374792347,8158.445370826816,9.72347630824111,9.826587661492326,9.722366990574727,9.927779830750689,10.384381411092722,10.229379348265883,10.549682691912322,0.94828784,15884.765625,0.001953125,0.0,0.0,0.0,0.007837007657508365,0.008377214090432971,0.007569858600618319,0.0013991165498737244,0.8847562454640865,0.029520698008127514,0.05786486086435616,0.0026749691751319915,0.0,False
00:17:05,59278c090220760001fda664,195.03802562154846,0.9796022248906996,4.199395668572532,-29.919601027356624,-318.41385,139.70663000000002,3.6163988,7.659116,-5.430612,-5.105213,1.2538913,3.7454224000000003,2.1200435,-4.628539599999999,-8.926091,-0.20544873,-12.641024,-0.19020064,27.112125,0.47506970000000004,-17.376667,-17.851715,-24.048798,-19.768704999999997,1.3182715,-0.0001064350011892797,1.7669385458475415,22.959392207260613,1893.4327282848367,1711.4789969670028,13.199023860749884,9.918457980411,16.24156551415923,15.218094742994587,22.39468472154609,25.872454252779843,31.3767499024402,0.00019159596999999997,2980.546875,0.04255859375,1.0,0.0,0.0,0.09260892346501352,0.019510629423893987,0.021485289838165045,0.13443752477760426,0.5749252200126648,0.02092260904610157,0.10839173868298532,0.02771809067926369,1.0,True
00:17:05,5c41c28e896e090001c03bb0,185.2878065526704,0.818665583088952,0.3296806553840447,-89.62859658318871,-444.8267,159.0588,-19.957304,-19.500097,4.3505955,5.050092,-7.676661,-8.214144000000001,1.8372582999999998,1.3141596000000002,-0.53929955,-7.468108999999999,-55.558372,10.054859,14.379585,14.689064000000002,-9.693980999999999,-22.15172,-22.433851,-13.59278,3.1618307,-0.00020245633173820868,3.4017067554900167,8.221867743858697,2473.5377213616557,2321.6116965635197,11.197265852746655,11.139695152892523,11.797889173391994,11.637669014888973,11.918228893012465,12.679745472968113,16.493337696933313,0.79081494,4367.897727272727,0.040155319940476185,1.0,0.0,0.0,0.045612145657651135,0.05883471658453345,0.1324337064055726,0.007526243885513395,0.3417379230260849,0.17550937384366988,0.22823222167789936,0.010113633889704942,0.0,True
00:17:06,59278c090220760001fda664,139.69902880598036,0.1689733333723288,4.390139582794965,-50.81346921963413,-439.41132000000005,62.041709999999995,3.1770031000000003,3.3934557,-0.06924065,0.32324055,-0.48403978,-0.8929113000000001,0.014440008,-1.6842428,-2.2849374,-0.6208951,11.144135,0.8892156999999999,5.0276203,-1.669259,-7.095276400000001,-11.915230000000001,-16.952566,-9.021632,0.77803606,-2.0580745181666064e-05,0.3406429260123009,9.774751047391813,2741.462260387854,1685.7699241015923,12.814286657622752,9.175774033323359,12.0758159971964,17.303353348169228,22.034709870617036,21.332143303628854,20.195627412504763,0.0008195564,2598.28125,0.0339794921875,0.0,0.0,0.0,0.030212688236497344,0.07709424612112344,0.008197214594110847,0.016147232685034398,0.771701866388321,0.04107641126029194,0.051792013924568885,0.003778341179713607,0.0,True
00:17:06,5c41c28e896e090001c03bb0,163.45726015858895,0.8717479648520653,1.854120987728343,-42.07933734349765,-356.26592999999997,108.27802,-12.506994,-8.505230000000001,4.98376,3.566904,-5.259687400000001,-5.59815,1.0189595,4.056242500000001,-3.3903406000000005,-9.920638,-9.564428,2.7643735,14.245122,5.413035,-3.2743747,-15.091721,-15.507456,-8.947434,1.1841445,-8.766847191030413e-05,1.457145984195222,16.688904721430532,2707.1605295318122,2040.7614083657631,14.265561996976455,12.946091614083958,14.79271079635314,15.116449167368915,19.77928813634436,19.441472057697933,28.98325327488216,0.002136425,3868.359375,0.0328466796875,1.0,0.0,0.0,0.004188018553476367,0.03570847725495696,0.0030978132013438475,0.00258147566475802,0.8509152664078606,0.04692461077744762,0.0486231144103739,0.007961224803390602,0.0,True
00:17:07,59278c090220760001fda664,305.4740339473177,0.8793041001953027,3.1822843107094814,-52.15486887254853,-438.69244000000003,66.20272,6.5558257,1.5866857,-3.8205142,-2.2762601000000005,-1.7517272000000002,-2.2307527,-0.86178195,-2.1345853999999997,-3.8044086000000004,-1.1656591,18.30154,4.177302399999999,1.5688792,-8.856281,-12.46958,-10.044357000000002,-8.194597,-0.25341496,0.6265543,-1.9613740066303728e-05,0.3264231166460256,15.573162538287306,2436.414910220745,1548.2278051067126,12.643521796487837,8.219108018014829,11.754282717407177,17.793042990643038,18.408648140186468,18.58353154470557,21.655902730767302,0.00048885954,2289.375,0.035048828125,1.0,0.0,0.0,0.04941626256331801,0.027489737980067732,0.008189066697377711,0.00235489669139497,0.8301901698112488,0.05455273166298866,0.025922111328691246,0.0018850183114409449,0.0,True
00:17:07,5c41c28e896e090001c03bb0,152.20816744394082,0.8127345976309008,1.8755928833651123,-23.37431855665462,-263.7481,136.9618,-12.454314,1.5861909,12.464731,1.9939296999999998,-3.6876075,-3.0403588,-2.0936169999999996,6.25732,-3.0237331000000003,-20.321385999999997,-42.105391999999995,19.506351000000002,12.742778999999999,-7.2772820000000005,-7.102241,-35.908733000000005,-21.049784,-4.7547016,1.4963748,-0.000123807541161733,2.0760692505340264,15.320049721012216,1786.074319771446,2652.3695130842707,15.641860032272561,11.973707507254215,15.258581485521178,16.38062741668159,19.54860329780922,20.705978542315915,41.7953814851055,2.9627938e-05,4080.234375,0.097763671875,0.0,0.0,0.0,0.0016000757353718984,0.0077942464585331345,0.0018753294452008879,0.002757903378964825,0.9452803026546132,0.0108051303752952,0.022786433533342046,0.007100543266543272,0.0,True
00:17:08,59278c090220760001fda664,,0.7180289115037883,,-61.76665480898786,-484.9838,29.71037,0.0797599,0.11740114,-0.6600596,-1.6943429,-2.4740078,-2.7278132,-2.4472282,-1.7957758000000001,-0.9982274999999999,-0.27288693,22.647942999999998,13.370159,4.5323486,-1.7747921999999998,-4.690735,-4.658276,-2.9657304,-1.0520402,0.37116113,-9.874478299083364e-07,0.01631752884252962,,3379.757733488515,1583.5905782863556,14.451609086935232,8.27235799637736,11.425192133571288,18.328482273339574,16.740768727554993,15.086363935046814,17.393071226288964,0.0008258587,2028.75,0.02216796875,0.0,0.0,0.0,0.05206674996297807,0.02229090267792344,0.005288653529714793,0.0035478897698340006,0.8652761280536652,0.034491262817755344,0.015434186579659582,0.0016042172384914011,0.0,False
00:17:08,5c41c28e896e090001c03bb0,150.22051061281203,0.8651586538376582,1.8277537911036328,-47.236962724360545,-368.14667000000003,82.00107,-14.36155,-7.4807380000000006,10.042431,0.35312802,0.3247772,0.8278383,-10.239734,-3.1263914,-1.6215507,-12.372256,-36.538815,17.816809,8.254495,-7.1100183,14.498597,-7.6835923,-16.037129999999998,-1.3424131000000001,1.0874173999999999,-4.922126295962498e-05,0.8735736571373303,30.201772828185085,2915.573704772511,3288.73116140896,11.83970492515532,9.275877736398837,13.1747568258479,17.17104301153589,18.292281048414058,18.900505222974697,35.45052804429138,0.0052389423,5811.796875,0.1141357421875,0.0,0.0,0.0,0.001539950069854967,0.00570958066964522,0.003192296251654625,0.001064139700611122,0.9584062337875366,0.003296846040757373,0.025057788111735136,0.0017331502225715668,1.0,True
00:17:09,59278c090220760001fda664,145.56560554970687,0.4287286643522225,1.5608336874900035,-33.99382327909093,-377.36014,117.436035,-0.28819817,9.817826,3.295322,-3.822737,-0.64450854,0.60493827,-4.7235265,-5.629975,-0.5545934,1.4168128999999998,12.846961,-14.9475355,-1.3643847,-6.604839,-17.003387,-16.429241,-16.67778,-14.414428,1.5770916000000001,-8.073512012296708e-05,1.3305343496054292,45.617636766785175,1691.6441832053806,1386.0130919999247,12.769389765879474,10.199521055238913,14.754550355176846,18.29828034762718,22.42726995883881,22.35699100207302,25.0559385186059,0.0001983562,2136.796875,0.0380810546875,0.0,0.0,0.0,0.091371813416481,0.05067839454859495,0.01906158900819719,0.005818807549076155,0.6937794268131257,0.08845048323273659,0.04736285237595439,0.003476642357418313,1.0,True
00:17:09,5c41c28e896e090001c03bb0,159.22234053257398,0.7027355061538659,1.6631364635693742,-23.4464884453835,-256.27676,159.70576,-11.813054,1.0085784,14.219601,1.9877135,-6.096374,-3.2481607999999995,0.34426599999999996,4.0248394,-1.3255173999999998,-9.677078999999999,-22.108189000000003,14.381958,6.9034895999999994,-11.805235,1.9080732,-11.507154,-21.608698,-12.274106,1.7857116000000002,-0.00013791545139251772,2.29288911680296,17.322759362986186,1842.2127153062927,1737.595831674392,15.942911621153664,11.891928057899568,16.048668295041082,16.866978491456965,20.72422317025795,21.574279813819796,37.37751207768153,5.7865094e-05,3084.609375,0.0466259765625,1.0,0.0,0.0,0.035933001060038806,0.022749999444931744,0.11215340830385684,0.05390170691534877,0.6214171835687011,0.056150837522000084,0.047362125385552636,0.05033177321893163,0.0,True
00:17:10,59278c090220760001fda664,144.92146966406224,0.8754135993393937,4.126536179255057,-26.33634369532872,-309.51923,139.09212,-2.205329,11.051668,6.0441403,-3.576406,-3.471493,-1.0140909,-4.363856,-5.040612,-0.30611008,1.3384038999999999,-1.8244323,-3.9105312999999993,-4.6344449999999995,-9.211099,-13.922507999999999,-5.4380193,-15.865457999999999,-22.6621,1.558039,-0.00011050846430487068,1.848698725073069,23.35001483244911,2227.1218646105913,2668.6587758083692,13.05171498804268,10.967432765929754,15.967475646691641,16.908749640402306,20.977811985110954,25.973667373137413,33.85246301170404,0.0007658284,4701.796875,0.096650390625,1.0,0.0,0.0,0.05755632985383272,0.09797660475596784,0.012866289308294651,0.004371745890239254,0.719535955786705,0.06927372328937054,0.03574620969593525,0.0026731421559816225,1.0,True
00:17:10,5c41c28e896e090001c03bb0,,0.7699251649861854,,-100.68322706544086,-507.2353,0.9239033000000001,0.88330805,0.8748305000000001,0.8655985999999999,0.85562676,0.84493023,0.8335251,0.8214300999999999,0.80866057,0.7952389,0.78118443,0.9226576999999999,0.9205839,0.9176851999999999,0.9139659,0.90943205,0.9040903,0.89794993,0.8910181999999999,0.020074941000000002,-5.6896350432084835e-08,0.0011297893055312715,,6473.467352147534,6224.390316192012,10.890411510322863,9.303675806078417,9.841217422648956,10.877411333470207,11.522216248840705,11.324529149520847,12.95772380397849,0.60547423,14153.586647727272,0.037313771802325583,1.0,0.0,0.0,0.058895167708396916,0.002486213413067162,0.3048495903611183,0.4196337416768074,0.006030620483215897,0.03466357365250587,0.06585338674485683,0.10758773796260357,0.0,True
00:17:11,59278c090220760001fda664,108.28376375974008,0.8880638099174054,0.21617070456434145,-49.51353741418765,-418.80005,80.333176,0.5663473000000001,6.28076,-0.07580539,-6.994561999999999,-3.5811748999999997,0.09458839,-4.6576014,-8.391196,-2.6783326,3.6009572,10.621323,-1.7370715,15.253656,11.237746000000001,-0.030106265,0.16094260000000002,-1.2883991000000001,-5.1230235,0.47858265,-2.7357778908774264e-05,0.4508152419763087,8.814576259174489,2774.020145964913,1703.597196881219,14.02106979131238,10.73410454790139,11.996639605186902,17.812808388779672,17.92077410834354,22.89940564289714,21.50353512015037,0.001249808,3085.546875,0.027919921875,0.0,0.0,0.0,0.00729011711664498,0.1342920534312725,0.004601316875778139,0.00021144043130334468,0.8278566002845764,0.02133001480251551,0.0037296649534255275,0.0006887824041768907,0.0,True
00:17:11,5c41c28e896e090001c03bb0,247.14488694348026,0.8104607200323737,1.6519522332493026,-60.33724537662725,-405.12344,115.82602,-27.103886,-20.915665,-0.42561594,-5.575476,-6.602131,-1.3037393,-6.959923299999999,-3.842765,-3.8662042999999997,-11.701619,-15.944545999999999,-3.5842297,18.16872,11.102396,6.624827000000001,-14.836679,-19.346123000000002,-12.390141,1.3527513999999998,-7.971524797997223e-05,1.306328295932958,18.85933661140645,2204.824002806926,1837.535693349852,8.891297980392176,13.804380564519947,16.28891977798115,15.222690127589026,15.415999485506275,16.489278673023012,26.286503464402298,0.34400046,3488.6363636363635,0.039794921875,1.0,0.0,0.0,0.08162485042379962,0.02034012287751668,0.18105592040552032,0.04051912182735072,0.05734362049649159,0.18309187475177974,0.4099461783965429,0.026078323005802102,0.0,True
00:17:12,59278c090220760001fda664,105.96457574533615,0.34188495465209384,0.4404342876054289,-33.74202765553527,-349.6684,129.83109,5.206679,11.507445,0.17001556,-4.658968,1.1642953999999999,2.1627069,-4.424835,-4.2318788,2.1681507,1.3635365,1.1121191000000001,-10.238036,11.79844,-5.77006,-17.118783999999998,-5.618771,-6.1881847,-9.527921000000001,1.4583358999999998,-7.351462973300271e-05,1.216897534323242,33.03918820549058,2029.1449949651574,1752.894454599669,14.173355456608313,8.740288592626099,14.95637980074772,18.787804858276907,22.075543841431173,25.47699774397127,26.660846263337568,0.00026256216,2859.140625,0.0515869140625,1.0,0.0,0.0,0.039204709511250255,0.06695394632406533,0.037797824898734685,0.007517719018505886,0.7822135090827942,0.034980771970003835,0.023653114400804042,0.007678427314385772,1.0,True
00:17:12,5c41c28e896e090001c03bb0,,0.9520056165911562,,-84.09415235911733,-492.43954,53.531535999999996,-1.8138891,-4.7063155,0.7953197,-1.0480486999999998,-8.901295,-6.711719500000001,4.796419,10.640193,5.142192400000001,-3.0749831000000003,-4.7496257,-23.249878,-4.953265,9.234778,6.640198700000001,4.168903,8.887939,7.887993300000001,1.4164988,-1.5159012499928502e-06,0.02529340481551096,,5405.266470588523,5552.525083349459,9.895484538299575,8.886763470901851,12.639356565812195,12.976047754698007,16.949748511874727,15.215044686646902,15.35933548623426,0.21376297,11787.533967391304,0.05698626228932584,1.0,0.0,1.0,0.08951458465307953,0.031658128881826994,0.04274724666029215,0.03512562373653054,0.04271108307875693,0.2723894789814949,0.40372500866651534,0.08212886154651641,0.0,False
00:17:13,59278c090220760001fda664,111.21799953044285,0.86194434676607,3.007779869863669,-39.52128876307786,-390.92148,113.48065,8.037828,10.573391,-1.2188061000000001,-7.239841499999999,-3.7607657999999997,-1.9197377,-1.962261,0.027160237,0.9533981,0.24132889999999999,27.798143,-1.1855412,9.782987,11.086549,2.5967152000000002,-4.672517,-10.818363,-6.2868104,0.85568446,-2.711189144935317e-05,0.4458415673971551,5.2909796354600545,1706.0393052810095,1166.5334592023034,13.435530540157757,9.710088302325984,13.017300381590864,17.458011024866266,24.980467069658594,21.96803936204484,24.087367645129856,9.94351e-05,1820.15625,0.02875,1.0,0.0,0.0,0.06902853446081281,0.04373737908899784,0.031703163334168484,0.027804835446295327,0.6995154857635498,0.03929148185998201,0.07540050353854895,0.013518567886785605,1.0,True
00:17:13,5c41c28e896e090001c03bb0,,0.9938600128469416,,-82.81358315192209,-482.68192,42.59856,-15.022104999999998,-11.997053,0.6727129,2.5858748,2.4924395,1.2941364,1.159326,5.059433,-1.2065358999999998,-7.326851,-12.163943,12.773024000000001,10.050279,-5.750756,-1.8575608000000001,-8.391839,-6.9549704,-3.5930942999999997,1.3791385,-1.1819067710360444e-05,0.19756227783051666,,5498.70525860041,5688.363063953309,8.088136409069843,7.6487756910177085,12.554419105608421,15.839504228953444,14.947292478903833,15.238694434196045,17.239843347093032,0.20420888,12044.29945054945,0.047776442307692304,0.0,0.0,0.0,0.051733231341296974,0.033632168122990566,0.055002865296873184,0.026790643788196827,0.02752153190191496,0.21874571252952926,0.5477628816257823,0.03881100082600659,0.0,True
00:17:14,59278c090220760001fda664,178.3075752439642,0.6800666164036397,4.818891024989097,-43.31355328391387,-379.98566,92.49275,3.707522,6.699895,-2.6747441000000003,-6.132725,-1.2739403999999999,-0.034535408,-4.827881,-4.523937,-2.7869610000000002,-2.0126662,-5.1358347,1.2844142,14.575766,2.4310443,-13.848635999999999,-14.222052,-8.367033000000001,-5.9151305999999995,1.2201699,-7.132402199632312e-05,1.1911139342382648,42.32103721917696,2733.651054052077,1908.8108713751328,15.024863798416856,10.710837542276973,12.406979980120955,17.151940013461367,20.83663193970738,21.031548190152805,26.518859566380858,0.0007870676299999999,3111.796875,0.04369140625,1.0,0.0,0.0,0.05974490505177527,0.0462892163079232,0.03135765956249088,0.02635487123043276,0.6841827899217605,0.041183608141727744,0.08815768300555646,0.02272930331528187,1.0,True
00:17:14,5c41c28e896e090001c03bb0,139.64848338617279,0.911103671933133,0.6536765862599313,-59.284445833776864,-391.9388,117.67217,0.87872523,6.2525997,7.418107000000001,-7.426908,-9.828414,0.17605221,-1.3469946000000002,-0.090441525,-2.2166994,-13.717236499999999,-41.095905,-6.750192999999999,13.158895999999999,-4.762514599999999,0.08000336599999999,-7.279642,-14.04817,-3.6909597,0.99881387,-8.247650500900136e-05,1.3759102639225838,17.986374577833352,3778.7355327335463,4240.724558043434,11.03714530465674,10.195155809061577,11.878299817390698,14.13866326084605,20.235838682336237,18.319804833142825,25.383797109707512,0.084977485,8196.09375,0.06403459821428571,0.0,0.0,0.0,0.015366859741334338,0.01524477844359353,0.01028100988769438,0.015547859738580885,0.6385095420293511,0.08681673477985896,0.19859949620440606,0.019633712572976948,0.0,True
00:17:15,59278c090220760001fda664,131.53951038622444,0.8950153523939525,0.3055367941670524,-25.451404541914677,-308.02426,168.3737,3.0255,16.299929000000002,-5.0816193,-14.904074,4.079199299999999,7.9613059999999995,-6.0716004,-5.959092,-1.0804443000000001,-3.6573384,1.2740185,-23.924242,12.264595,7.208987,-7.0363193,-10.437880999999999,-22.394066,-23.354172,1.1630473999999997,-0.00014545807459721412,2.4025298135899433,17.018957023517498,1767.782085896549,1670.7908831175152,16.532828591219932,12.783579488769355,16.181132016771755,19.855345036899024,26.732923016153226,29.729464574369914,29.1037357768681,0.0005025179,3170.390625,0.0500927734375,1.0,0.0,0.0,0.01354122390039265,0.011258386308327316,0.004306921735405922,0.010855921707116068,0.9111555874347688,0.009095018054358663,0.030499792657792568,0.009287149971351029,1.0,True
00:17:15,5c41c28e896e090001c03bb0,,0.7969233623784026,,-107.1390779636247,-507.33987,,,,,,,,,,,,,,,,,,,,,-8.893918750800967e-09,0.00020187263218518928,,6686.614745382207,7700.831885647594,8.519154386374492,8.80648406313137,9.29757573733317,10.575652596571627,10.820450238125419,11.303822315359517,11.651865669968902,0.7638188,16233.723958333336,0.01171875,0.0,0.0,0.0,0.008135948845301754,0.025456087081693116,0.1489479488809593,0.0017622362298425286,0.7658161878585815,0.018139994674129408,0.028512894758023318,0.003228713502176106,0.0,False
00:17:16,59278c090220760001fda664,108.83865600784495,0.8858594898531483,0.4232518020958572,-19.20573486920713,-243.97565,186.22789,13.008484,8.495385,-3.026696,-0.015281721000000002,0.37687004,-1.7594458,0.89989346,-4.1703267,-7.9540277,2.106977,-30.366287,-8.458368,38.290195000000004,2.9341909999999998,-21.263756,-16.044610000000002,-27.78055,-15.540966000000001,1.5454618999999998,-0.0001691267632868721,2.8102463276258565,27.24287143424517,1618.0055268550555,1878.4032907021176,15.841894070263793,10.403133160079008,16.454681176659406,17.691746286110675,22.93849146022434,29.326411719522728,32.61682991008602,0.00010136883,3332.578125,0.058359375,0.0,1.0,0.0,0.0924597823061049,0.009023810341022908,0.006878326681908221,0.07911258666426875,0.7498187400400639,0.014948433102108537,0.02559364722110331,0.022164678882108997,1.0,True
00:17:16,5c41c28e896e090001c03bb0,,0.8161471857444813,,-108.16103503237828,-507.33987,,,,,,,,,,,,,,,,,,,,,-8.266023011863648e-09,0.000200361995117672,,6794.071288879482,8752.688686778734,9.229072221266843,9.666427512783843,9.820161126963892,10.113791319939258,10.290388337467075,10.768183369896684,10.609506452800607,0.88810325,17490.542763157893,0.014057360197368422,1.0,0.0,0.0,0.01936943763867021,0.07523713558912277,0.14922102503478527,0.0037097227061167358,0.6304427862167359,0.05976829268038272,0.0546122333034873,0.007639352604746819,0.0,False
00:17:17,59278c090220760001fda664,105.48612198958452,0.8854745086040074,0.6269114231518073,-25.30576013396521,-309.43707,140.81114,10.873252,-1.9183303,-10.404176,-7.4549894,-3.8988442,5.263582700000001,7.466578,-8.367962,-9.160867,3.6985629999999996,7.889163000000001,19.474664999999998,26.356403000000004,16.499842,-5.4333089999999995,-18.427813,-26.348361999999998,-7.8752413,1.5429602,-7.509580412066918e-05,1.2572021907661188,14.30399904885663,2020.2881186002537,2394.268228103187,15.201340085444913,10.064772540110496,16.206105249263867,15.173572504298004,23.849127893166198,28.022796803725253,33.26664368236055,0.00033143634,4017.1875,0.0877490234375,0.0,0.0,0.0,0.20097739463672046,0.013327215425670148,0.017974484432488683,0.053016919002402574,0.5851271436084062,0.06775539666414261,0.031283522769808766,0.030537898931652305,1.0,True
00:17:17,5c41c28e896e090001c03bb0,,0.7067583688570753,,-107.85111548957943,-507.33987,,,,,,,,,,,,,,,,,,,,,-7.639623651332498e-09,0.00016942082393905158,,6597.2960060888,7669.412292884484,8.839823965161829,9.006595117630921,8.917771861057359,9.456465824136094,9.972596170118127,10.3466797043935,12.194416211789914,0.7812784,16187.729779411766,0.00614289314516129,0.0,0.0,0.0,0.04159074576778545,0.12813691132598454,0.06317253928217623,0.0013440032683623333,0.5071186398466428,0.17283640801906586,0.08313608686957094,0.0026646814852332077,0.0,False
00:17:18,59278c090220760001fda664,99.11779540491855,0.9020471507795688,1.0040022360970358,-27.814654226675444,-329.78052,137.47413999999998,-2.931449,-17.84875,-12.951153,2.2383884999999997,-0.0748942,-6.0151124000000005,-2.8428104,-2.3407996,-3.3878677,-0.1633156,3.5589786,26.884078999999996,55.026802,11.083112,-21.090765,-22.145129999999998,-14.065037,-1.0389559000000002,1.3581748,-6.152003900688321e-05,1.0237580943495126,12.367961760716806,1616.6419723868048,1412.9482926510764,12.931833537443232,11.566259151156864,16.970045075734642,14.157583682142636,22.375644883596284,24.61336927263781,31.13555661337684,2.5302397000000002e-05,2594.765625,0.0366796875,0.0,0.0,0.0,0.0636191476136446,0.013649392034858465,0.014328767661936581,0.0060998696251772355,0.864606112241745,0.019187741633504632,0.012164232041686773,0.006344710756093264,1.0,True
00:17:18,5c41c28e896e090001c03bb0,,0.5253471066497212,,-77.27200507935278,-455.46533,60.90408299999999,-2.2169187000000004,2.7147748,9.027022,-4.5243373,-12.9147625,2.1777349999999998,12.732819000000001,5.9407167,-5.2454524000000005,-4.297104,-48.88386,-12.021483,20.739798,-2.6464237999999995,-11.039045,-16.919815,-20.971949,-7.9099417,1.1517273000000001,-1.2314470800893325e-05,0.21120324348812464,,3614.022974118965,4299.920576191291,10.551355247965926,9.356437629860986,13.142803399584654,14.61951293469914,15.782167635243887,14.264498017510268,19.938891731842133,0.39009735,8364.73880597015,0.06416161380597014,0.0,0.0,0.0,0.11458857581019402,0.04858148358762264,0.08585194870829582,0.0041725549846887595,0.03357596769928932,0.4224774688482285,0.2854999840259552,0.005252036079764366,0.0,False
00:17:19,59278c090220760001fda664,183.40490200411213,0.8847441797362856,10.011499696316099,-41.89669276393768,-379.39047,87.58846,9.066726,2.7404895000000002,3.4419882000000004,-2.2454052000000004,-8.433119999999999,-1.955081,3.748814,-2.8355942,-6.9668407000000006,-3.5238934,16.041687,11.545439,-7.018625,1.458313,-5.6805735,-12.083046000000001,-16.521038,-2.194208,1.3103827,-4.532654049107512e-05,0.7701249994906408,35.445709591518714,2735.4356044541228,2649.165146025789,13.098605882184913,8.27616843677966,11.914744000376587,16.1625468351228,20.005375385611668,20.23946239540664,30.992332650571882,0.0006704834,4544.53125,0.0857080078125,1.0,0.0,0.0,0.0339887301903218,0.02333052721805871,0.00430947300628759,0.002190511151275132,0.8438958644866943,0.07299133823253215,0.016214437410235406,0.0030791016368311827,1.0,True
00:17:19,5c41c28e896e090001c03bb0,164.57847030451651,0.4098366718882078,0.5150784380070337,-37.657282580261715,-294.00534,152.55626,-4.7075443,-6.657317999999999,7.184146000000001,-4.0972147,-9.838694,0.4326003,1.3637106,-1.522976,-4.6928529999999995,-13.115851000000001,-42.564040000000006,10.132062,5.9235706,-6.874842599999999,-14.130560999999998,-17.775879,-23.266682,-6.7946715,1.8706859,-0.00015133868584360548,2.5365940712327357,10.125299304675254,3221.851162771613,3029.577756868122,18.171566825401406,13.522885652843206,14.12267477376483,15.07017450538802,17.48600057901925,17.980040554832637,32.12982940462908,0.02149511,5806.875,0.054599609375,1.0,0.0,0.0,0.0572253514546901,0.023299258191731162,0.02301497792359441,0.099266926641576,0.09186250411651352,0.20550752194090324,0.4781343151222576,0.02168910823423754,0.0,True
00:17:20,59278c090220760001fda664,357.08321040152566,0.8668984209120215,4.509576529963072,-48.31315421149861,-443.81653,70.123695,4.264032,3.9813504,-1.229436,-4.635577,-3.7051199999999995,-1.2820011,-0.718986,-2.0801983,-3.1356924,-2.5610912,28.274804999999997,-0.8037443,-6.6710139999999996,-4.885105599999999,-8.937386,-14.795576,-12.813342,-3.37543,0.8121685000000001,-1.2296302596777525e-05,0.20348885292540506,18.75310498532247,2234.994410940409,1417.5210367411248,12.450228099690143,8.371623202181787,12.654069065242338,16.050714615439627,22.274040442614837,16.300942873858887,22.43130546044712,0.00030291665000000003,1851.796875,0.035498046875,1.0,0.0,0.0,0.027140916232019658,0.02309909164905548,0.014006992289796473,0.0023152803769335146,0.9081930756568908,0.013835592463146895,0.007696906063938512,0.0037121559435036033,1.0,True
00:17:20,5c41c28e896e090001c03bb0,130.25514342401692,0.8852084326271799,0.809204150119523,-49.23359347981761,-344.98032,168.28933999999998,-12.496896000000001,8.104472,20.101974,-2.1487939999999996,-8.365667,-6.73592,-3.7665522000000005,11.930306,-3.1218863,-18.502367,-24.377022,-5.451859,11.643124,-2.3862302000000004,-0.8552619,-17.43616,-16.401531,-7.7162642,1.1043867,-9.485409926029765e-05,1.5743586517534989,13.686027683766822,3369.624233356298,3262.2241141419045,12.604648510233712,11.45763255907661,13.363519035373216,15.956499703111472,19.167454012572477,21.517699898729877,29.90543295179925,0.045707628,6609.609375,0.0546875,1.0,0.0,0.0,0.0045209134579636155,0.004877206997480244,0.0018221809412352738,0.04155307658365928,0.7234110876917839,0.00907951439730823,0.2056649776175618,0.009071029466576874,0.0,True
00:17:21,59278c090220760001fda664,382.5652502240055,0.7294329752805501,8.193798124327019,-56.09004837288954,-468.56967000000003,46.88544,5.3219395,3.6687404999999997,-0.6911819,-3.6754785000000005,-4.197623,-3.8994186,-3.9362037000000005,-3.6174376000000006,-2.1248105,-0.2304095,26.886433,7.4602675000000005,-4.5360074,-10.213021000000001,-12.543256,-11.381553,-5.824986,1.4390843,0.5706599,-2.6419123688431413e-06,0.04372816191889309,76.90932774810472,2719.578770792927,1405.7164803707742,14.314369522879515,7.92640015705451,11.050422647647576,18.881191629293358,19.56363548371682,15.564254188468814,19.80781213883929,0.00035565274,1607.8125,0.0281494140625,1.0,0.0,0.0,0.03550766338594258,0.04184804428368807,0.009688644064590336,0.0011227901253732854,0.8628121614456177,0.029974416084587573,0.018410249962471426,0.0006360351864714176,0.0,False
00:17:21,5c41c28e896e090001c03bb0,235.75830185120984,0.8948797356485282,1.2781204373731885,-20.189522819747285,-199.89722,147.4061,-12.965053,-6.409393,4.003686,-5.146085,-0.7538063,-4.478715,-7.5502625,-2.6973963,0.35280675,-12.139273,-49.095108,18.423707999999998,-4.8592887000000005,1.0383832,-0.7412960999999999,-6.678214,-15.682506,-6.733207000000001,2.0422512999999998,-0.0002106929284422666,3.5662047764437537,18.44942237268076,2332.9361799880785,2171.662342089186,11.439090853340039,13.89039883850007,16.26931357342279,15.982913211388896,19.22710113463398,19.665662098254185,42.96861765819887,0.00022264537,4243.125,0.04765625,1.0,0.0,0.0,0.0069341650167997525,0.0017735335010608348,0.001838595281393888,0.05514405355400717,0.7511330812833168,0.003908556504433768,0.17573061683732602,0.003537397366017103,0.0,True
00:17:22,59278c090220760001fda664,269.2774557491086,0.9900963671615172,9.371744879618944,-57.307957333726854,-473.07842999999997,41.2374,2.2511497000000005,3.2864807000000003,0.7662654999999999,-3.0997565,-5.800902,-6.390442,-5.2900339999999995,-3.162824,-0.52024376,1.7496841,23.008959,5.7360014999999995,-3.8084495,-6.775186,-7.4418507,-7.541747,-5.843360400000001,-1.8080343,0.6103601,-9.191800776580817e-06,0.1507368952235838,9.791644064206485,2890.880922372707,1434.2617980104026,15.503595855134973,8.470299850406304,11.819726021898004,20.208487804779946,20.68221632472473,15.845436457783869,17.863336800439136,0.0003926587,1580.625,0.0296435546875,0.0,0.0,0.0,0.08107157312333584,0.02687307170126587,0.029277745820581912,0.018657356704352424,0.7878980159759521,0.024003975838422776,0.01695112558081746,0.015267151413718238,1.0,True
00:17:22,5c41c28e896e090001c03bb0,,0.7479561573430559,,-59.560458426190046,-460.58667,40.914528000000004,-2.668173,-4.528742,-0.28637275,-0.50873363,0.50364935,1.6511893,-3.434194,-5.668953,-1.8383648000000001,0.41327846,5.9722495,8.665096,13.5911875,8.923523,7.540224,5.4442635,5.4265165,4.858967,0.69418,-5.1938530189276035e-06,0.08715893150594478,,3585.350414346696,2620.779594604333,13.59926837681152,11.45594870312572,13.8377066758126,15.711360121705274,17.8091096705737,18.404377851574747,22.982498480271254,0.0032529679999999997,5142.421875,0.0460498046875,0.0,1.0,1.0,0.01762721026316285,0.00022239086392801256,0.009154464630410076,0.15864430814981462,0.004229530808515847,0.007572132290806621,0.7995387554168701,0.0030112110151094386,0.0,False
00:17:23,59278c090220760001fda664,164.64096632086068,0.8906391581586075,0.2627620699115573,-23.75452912011859,-287.63666,176.45865,-1.8913558999999998,17.128384,13.386203,-1.8223789000000001,-18.188742,-14.317210999999999,1.9120345,-1.3500873,-9.480375,-0.054020535,-13.720629,-35.12743,0.9882118000000001,-7.147101400000001,-5.7740684,0.055051077000000004,-22.648410000000002,-29.359897999999998,0.9812841999999998,-0.00014710591873283785,2.428737613119968,15.355366907892414,1275.7131701201586,1361.3244773816466,15.921381918808448,14.009654877805731,16.813084631772142,21.174480503494948,27.06712249111646,30.995215522618324,28.833922493865717,5.5541404e-05,1994.765625,0.0470263671875,0.0,0.0,0.0,0.10873438995331526,0.0637176084332168,0.02763904887251556,0.014825001708231866,0.6407018512487411,0.09458663975819943,0.02143350932747125,0.02836195407435298,1.0,True
00:17:23,5c41c28e896e090001c03bb0,,0.8672219621077892,,-52.51737118964007,-437.41492,50.905685,-1.0363823,-3.8970935,1.5409087,-1.6566246999999998,-3.4531093,-2.1547894,-4.186267,-0.28881148,2.939798,-0.22094601,-6.411189599999999,7.8666825,11.138288000000001,0.25215298,7.501365700000001,4.50421,0.24263144,5.190292400000001,1.4182818000000001,-9.489113114005916e-06,0.1616394269948016,,2784.773091932165,2808.211292821899,14.356911149068846,10.5588795494652,11.949159242649312,15.053718011326245,18.34283509060446,17.4549328010946,29.324297260765725,0.0023052131,4941.5625,0.084921875,0.0,1.0,0.0,0.04405027003958821,0.005818033509422093,0.026180846756324167,0.029906202200800182,0.062351203337311735,0.08497888860292732,0.7431577920913697,0.0035567878454457968,0.0,False
00:17:24,59278c090220760001fda664,157.79283959523408,0.4266914181945205,0.6178183299130939,-31.20920126811502,-337.4346,133.69206,-1.6593416,4.364715599999999,-4.7687225,-6.754827000000001,-3.8000089999999997,-3.5401328000000003,-2.2279444,-2.5766153,-4.2694472999999995,-0.18021122,-8.000521,-5.080273,32.887496999999996,11.294672,-12.093062,-12.549384,-18.702548999999998,-18.83526,1.3393812,-0.00010353011182455144,1.7174901702046497,26.012726211021004,1765.6491543931754,1367.713794584989,15.58876769198993,11.95458903280453,16.185862002542112,17.6408179412712,22.88667342198878,27.46683744461432,25.473230718874497,0.00011879024,2140.078125,0.037255859375,1.0,0.0,0.0,0.06878605615347624,0.05673969220370055,0.02968427943415008,0.00823608214268461,0.6814076870679855,0.10121980905532836,0.03275688206776976,0.021169508597813545,0.0,True
00:17:24,5c41c28e896e090001c03bb0,,0.2147303543514247,,-60.13250773278242,-472.17032,37.82367,3.046908,4.2919917000000005,3.744729,0.36621282,0.6367868,2.2315902999999997,1.7614988,0.36683023,-1.0016135,0.05975945,8.444165,8.728833,7.7272334,9.377117,15.586129999999999,12.205612,8.221207000000001,5.877033,0.9803519,-4.856321829410569e-06,0.0824476391088262,,3585.6958767966466,2755.6598945316555,13.08780581731143,10.49693615452342,11.805813453485296,15.820808784361766,20.18312011058725,15.934690555303789,21.621568769759932,0.009492186,5470.3125,0.0502880859375,0.0,0.0,0.0,0.07567527573555707,0.006300046807155013,0.03717630980536342,0.02398003470152616,0.01321838959120214,0.2451480358839035,0.5805339097976685,0.017968007421586663,0.0,False
00:17:25,59278c090220760001fda664,116.24827176629258,0.8611426281514946,1.2545059539925627,-22.997064033967085,-291.25262000000004,141.0939,-3.98078,-9.404358,-7.048553999999999,-0.08706162,-5.8169913,-7.1353564,3.1060855,3.9816482000000004,-6.4808154,-6.227241,-11.510551,35.70948,48.7852,6.0811205,-11.643626,-7.826933400000001,-19.781370000000003,-17.500814000000002,1.6146477,-0.00010155021721335844,1.699456973606675,20.893406691630407,1950.1894738840815,2360.658771898568,14.31734234385299,11.992853015838325,17.626272966150392,15.481481009476648,20.993826759974613,27.45373698948893,33.7179803728254,0.00025571612,4130.390625,0.075419921875,1.0,0.0,0.0,0.0929445654153824,0.03898657876998186,0.035059302591253075,0.010052329546306282,0.6731037646532059,0.12585668005049228,0.014272086694836615,0.009724707959685474,1.0,True
00:17:25,5c41c28e896e090001c03bb0,,0.7458054916543607,,-94.68343752222587,-507.10193,0.8352798,0.31135407,0.82541865,1.1565118,0.57278544,0.22531323,0.7914996999999999,1.0904293,0.4955698,0.20571363,0.78080505,0.3263627,0.8179518,1.2754635,0.7495048000000001,0.3021857,0.83821064,1.2686453000000002,0.7273993000000001,0.03486125,-4.219499881557024e-08,0.0008566904911046025,,6664.069889214988,7024.091443068354,12.323233637299133,8.912374871238551,10.21534554091389,13.006312511770005,18.093107710102068,15.11315948874478,13.485820512143414,0.33541602,15384.375,0.048729149070945936,0.0,0.0,1.0,0.21009663119912148,0.005422258353792131,0.04954321086406708,0.07064414415508509,0.005675418488681317,0.3856163412332535,0.22281988561153407,0.050182100571691986,0.0,False
00:17:26,59278c090220760001fda664,101.9287556659097,0.8063640759295109,1.5020118434084364,-28.50286075903165,-295.44992,147.39975,14.482318,4.725692,7.3211664999999995,5.8088045,-19.521845000000003,-19.28294,9.761498,6.1219583,-18.451506,-9.154322,-16.109896,-5.332248,10.189987,-1.9911067,-2.049645,-11.432872,-34.27693,-11.299126,1.1121215,-0.00011556016745842625,1.9381436398820255,18.79871147939697,1953.3947944688903,2087.5506564044026,13.567350404214347,10.157928562116924,14.067317873444125,18.20365835007166,23.6264161285282,29.207519267093783,31.58145117618839,0.0001529083,3518.90625,0.0710400390625,1.0,0.0,0.0,0.13647181540727615,0.04333755215629935,0.06397052723914384,0.01501987047959119,0.5186566174030304,0.1500246375799179,0.05851416951045394,0.01400482802418992,0.0,True
00:17:26,5c41c28e896e090001c03bb0,,0.8151505655700617,,-82.88528989515369,-502.03905999999995,10.029295,-2.8141987,-0.7628454000000001,-1.3127373,-2.5755963,-0.60889506,2.4645977,2.1028945,-0.53936905,-1.1758627000000001,0.75806403,-1.2663708,-7.482738,-6.285009,-1.8665278000000003,1.9339226000000003,2.6316377999999996,-0.35276636,-3.4200757000000004,0.21427396,-3.7807620305908817e-07,0.00643209241897561,,5370.746134948983,5128.5827720282705,8.05960818918872,12.29043109928275,14.797132826443287,19.313693574378192,23.99750053524482,20.038272436154454,14.154304148856365,0.16644122,10252.083333333334,0.05064019097222222,0.0,0.0,0.0,0.20828489381819965,0.007440368144307286,0.06335417092777787,0.05903483014553785,0.0037973124766722322,0.3689066052436829,0.235752247273922,0.053429573494941,0.0,False
00:17:27,59278c090220760001fda664,,0.7293045206541748,,-61.30931434600116,-485.91852,28.167417999999998,1.5886149999999999,1.3885347,-0.52464837,-3.0919583,-5.091691,-5.6475672999999995,-4.536735,-2.214695,0.41374442,2.364496,20.505598000000003,10.440955,0.92764604,-5.6085954000000005,-8.066132000000001,-6.881043400000001,-3.6364675,-0.29607397,0.35874707,-8.97922343670072e-07,0.014849693065288903,,3286.19405950279,1473.7789774609314,15.382374123615051,9.011564857165876,12.361291528189723,21.044655527526,17.127537687522064,14.82537070729444,16.65224770296049,0.0004604199,1313.203125,0.0253466796875,0.0,0.0,0.0,0.061895722150802614,0.03533252198249102,0.02210340327583253,0.00996839250437915,0.7424482226371765,0.08782112970948219,0.013379184901714324,0.027051426190882917,0.0,False
00:17:27,5c41c28e896e090001c03bb0,,0.5704391742312545,,-64.26859106675214,-460.027,53.634766000000006,4.442112,3.2651223999999996,4.4086943,-1.1590568,-1.2257403999999998,3.578099,2.6211493,1.5168726000000001,1.6845804,1.8555238,-2.1315339,7.672768,11.824212,1.7463942,8.6061125,9.752236,5.738031400000001,7.6924644,1.2491219,-5.690556601067521e-06,0.09675216643266547,,3678.2372217149396,3392.9726151582313,13.227576884149224,9.181940728692137,11.601916510237114,13.042259782487655,15.838178085422133,15.113299124575493,24.082228894808022,0.054124516,6563.934948979592,0.06663046077806123,0.0,1.0,1.0,0.058931962703354664,0.0064446764590684325,0.015841061423998326,0.13481959118507802,0.1076794033870101,0.17796005494892594,0.466314259916544,0.03200899256626144,0.0,True
00:17:28,59278c090220760001fda664,165.40394477454396,0.9012289899541426,3.983296224479657,-44.320946095320224,-417.51544,86.46081,0.6940397,-0.7562505,-0.7102314999999999,1.6993348999999998,-1.9870379,-4.8607674,-2.3567522000000003,-4.211696599999999,-7.297006,-1.9245229,20.900951,-0.30380502,2.0935206,-4.3226104,-10.886788000000001,-12.568886000000001,-12.332802000000001,-5.657390599999999,0.97698635,-3.721470581380844e-05,0.6097297867372152,31.01038383338645,2266.2712152341087,1412.657102653507,14.1165404706586,9.150431534671004,13.872092958598294,18.687217303029627,20.662171213802605,19.45105750745909,22.002844537035006,0.0002904298,1741.40625,0.0367626953125,1.0,0.0,0.0,0.03916319883428514,0.06025669323280454,0.006212215987034142,0.0094348049533437,0.8101444721221924,0.03924723556265235,0.025680062966421245,0.00986132844700478,1.0,True
00:17:28,5c41c28e896e090001c03bb0,175.41681078977348,0.5317458051539974,1.2555548471386715,-47.485346875997465,-394.45587,100.3456,-12.498435,-12.174247,4.6878033,3.2124906,-7.599285000000001,-1.0418187,6.4144073,-0.85196936,-9.000964,-6.9230323,-3.2853997,-0.38499144,17.143217,4.9306993,0.6916732,0.29525933,0.73696816,-0.0089656245,1.0070777,-7.791558746259658e-05,1.277651372227133,13.277870392300034,3156.808270759328,2184.565478828861,16.483215747443946,13.571062685716505,15.534125209025607,14.973265962541712,16.279976923517964,19.58860556264613,22.733201886944546,0.0055968366,4398.28125,0.0325048828125,0.0,0.0,0.0,0.08641273099929095,0.025211675744503736,0.03538831830956042,0.026638622302562,0.07280378295108676,0.4085240930318833,0.2895167350769043,0.05550406724214554,0.0,True
00:17:29,59278c090220760001fda664,93.28467349614871,0.8335005116100601,0.3414611446131013,-42.13775280540186,-398.7407,98.83046,15.199862,2.8962212000000003,-8.903421,-2.2331395,0.41842429999999997,-3.230588,-0.7027629,0.0008011885,-3.3243647000000003,-0.3669365,14.265610999999998,-5.9335713,6.4773755,5.772565,-3.2185884,-17.304766,-23.110782999999998,-2.394852,0.88057387,-4.606400446524595e-05,0.7634601208598649,25.770483366747822,1999.900086207858,1485.0520379158645,12.89171038789729,8.522739610573424,13.778221357320179,17.821425683480946,25.91663966221265,20.919533191529897,23.34679967404501,0.00023225017999999997,2201.71875,0.0411279296875,0.0,0.0,0.0,0.1185272455215454,0.029351040348410608,0.02852839342085645,0.02312527736648917,0.6939471125602722,0.02696095868013799,0.07061063293367624,0.008949329308234156,1.0,True
00:17:29,5c41c28e896e090001c03bb0,,0.4022346571466383,,-72.24361153842287,-452.6253,57.575745,-0.5591425,-3.6004164,8.549714999999999,1.3573381000000002,4.31694,10.091708,0.74013484,2.6510057000000002,4.990024,-1.2311299,-34.891464,2.1593325,2.5030394,-13.743191,12.165768,9.472679,5.2060585,15.824993,1.2002968999999999,-6.244399536873021e-06,0.1096081912650774,,4701.857158407988,5008.072784389476,11.684810711826058,10.614005605174784,11.469310319410695,13.100276261453473,15.96480147469115,15.68193125124265,23.10790470068325,0.12203427,10701.069078947368,0.07188527960526317,0.0,0.0,0.0,0.08310211710631847,0.020960692875087263,0.014326633978635072,0.006437914655543863,0.018414298444986345,0.4980257630348206,0.3491206839680672,0.009611912746913729,0.0,False
00:17:30,59278c090220760001fda664,104.42432569455704,0.8812144288659548,0.5865403330209673,-24.23133311754035,-278.80405,170.53035,21.614653,-0.9647621999999999,-9.8839445,0.88574684,-7.0486884000000005,-4.9181029999999994,7.284852000000001,-9.16536,-19.634731,4.344399,-18.024187,5.174871400000001,49.384983,7.753551,-11.38543,-15.699155,-29.915398,-2.9000502,1.1820928,-0.00012213309218325,2.029530262573644,12.395497684337686,1475.3577236372498,1529.207664038064,15.292285191589091,11.732865808110919,14.686256812303627,17.519433095103427,23.656223681413074,33.47598096273423,28.01836590979249,3.2858184999999995e-05,2789.765625,0.0502392578125,0.0,0.0,0.0,0.18957660682499408,0.02322792699560523,0.013788449997082352,0.036135972104966635,0.6452220171689987,0.028460395615547893,0.054977059550583365,0.008611578168347478,1.0,True
00:17:30,5c41c28e896e090001c03bb0,,0.9657430091304604,,-67.53830460653388,-481.49863,19.795656,-1.240975,0.8540135,10.013599000000001,7.965274000000001,3.9046226,1.4265751,-2.8127575,0.9454743,6.252693700000001,4.3535657,-11.823639,-0.89482737,3.7879214,4.731289,14.472487,9.741336,3.4999797,4.401923,0.43159196,-2.643545878315448e-06,0.04588938187205269,,4192.568189123109,4507.497600327278,11.978431084545011,10.380225711757108,12.104305294454825,20.3941012190752,18.251705007871152,19.134225846861344,24.48664436562085,0.029202397999999997,8590.078125,0.10162109375,0.0,0.0,1.0,0.06622228641062974,0.007895601890049873,0.014051845483481885,0.027828247100114827,0.010123496945016084,0.5702142119407654,0.2452826306223869,0.058381708711385726,0.0,False
00:17:31,59278c090220760001fda664,121.48974211474017,0.40984910523083296,0.9158571295776812,-33.654911686444095,-352.3626,130.60646,2.279719,7.009174300000001,-0.85425955,-3.677222,-4.9134617,-2.8351247,3.5502050000000005,0.3607558,-7.2510357,-2.6878645,8.815907000000001,1.8031241999999998,22.82046,2.1903672000000003,-9.701656,-8.839911,-20.124879999999997,-17.6108,1.2831726,-0.000101211282350279,1.6702835005424748,22.20045405222859,1741.2079299300012,1193.2305882668131,15.329320978783205,11.05875006006952,14.975376229883606,18.026187414548087,21.44771035396351,24.38408665044241,24.00251248810818,9.8773606e-05,1852.734375,0.030859375,0.0,0.0,0.0,0.3431166529655457,0.027063863584771752,0.0113084907643497,0.05241270870901645,0.459446856379509,0.04315511332824826,0.05453076902776957,0.0089655558927916,1.0,True
00:17:31,5c41c28e896e090001c03bb0,,0.27936156454419125,,-40.22119939712452,-390.3247,78.85224000000001,5.542433,-1.6252491000000002,10.619258,4.7861814,4.25636,6.7867785000000005,-0.5276718,5.775988,9.812486999999999,2.0207439999999997,-15.313953,4.3357987,9.304602000000001,6.897508,24.10389,7.412039,4.448965,21.941485999999998,1.3982593,-1.8650910210534025e-05,0.31655305209315165,,2212.802654519344,2212.688911422904,15.106962790045866,11.164700559979416,12.802694640679906,15.130996602842414,19.200887545273737,19.179085904636608,32.61273534963284,0.0011340507,4268.671875,0.0621484375,0.0,1.0,0.0,0.15276987589895724,0.006469865469262004,0.026781437266618014,0.024974826676771044,0.008958627027459443,0.4670244753360748,0.2951884984970093,0.01783244260586798,0.0,True
00:17:32,59278c090220760001fda664,131.49876315647018,0.8649267779213519,1.9296616183897417,-29.028858883813964,-336.07437000000004,95.38932,1.6238893,-2.3618007000000003,2.7108060000000003,-3.5470657,-10.341869,-5.2335587,1.4754684999999998,3.0600882,-1.403437,-5.4405556,10.078656,21.18983,-11.376365,13.094561,5.030033599999999,-8.770847999999999,-28.324753,-18.072785999999997,1.2609807,-6.092505471899404e-05,1.0604419518325905,17.72700420867287,2179.6298536776326,3762.903926838968,14.052234522403731,9.843514938825605,14.784301931371115,17.320402359234148,24.31397767615855,29.356064736165404,35.23166988918124,0.0006476782,5662.265625,0.1417138671875,1.0,0.0,0.0,0.1398876848863438,0.0582857795059681,0.007414080487797037,0.019896031766256785,0.6327542681246996,0.101010943390429,0.032680424978025265,0.008070826512994244,1.0,True
00:17:32,5c41c28e896e090001c03bb0,184.54285041370258,0.6712765996308224,3.753155184117409,-49.977939018207636,-418.4135,92.19124000000001,-3.2538586,-7.6811137,-4.896491999999999,-2.5400734000000003,-0.43945643,0.23622787,-0.9559059000000001,1.8621441000000003,3.1923150000000002,0.84144557,19.412676,1.601688,3.181635,0.86512786,0.07661112,-6.389558,-7.301966999999999,-0.5138851999999999,1.3694406000000001,-1.7093628262589746e-05,0.2810749550422772,29.53282173772151,2536.275396269195,1996.7304566272,12.932863371535722,9.601728252419939,12.425480130941017,15.353305143690946,17.99941867873575,17.596301413824445,25.595538621066737,0.004786251599999999,3661.40625,0.0444775390625,0.0,1.0,0.0,0.1780574545264244,0.007686629115293424,0.06946782747076617,0.07833227116821541,0.012608529275490178,0.3237735579411189,0.3126276002989875,0.01744613263549076,0.0,True
00:17:33,59278c090220760001fda664,94.32911055119085,0.6613234449053655,0.3429646700660687,-45.04671701559398,-400.22058,90.19041,4.415375,9.238669999999999,4.132264,-1.5356418,-3.9546301,-4.187281,-4.6902,-5.877435,-5.3330839999999995,-0.44708684,16.032932000000002,-0.4072841,-8.573927000000001,-9.596685,-0.55409265,2.82888,-8.631283999999999,-9.427249,0.88015854,-2.9668604748997053e-05,0.4960911335644717,14.942354902290493,2392.213694842898,1943.4304856054325,12.718064395656278,8.947043451418331,11.454533836290427,16.954344050101117,21.54824607894029,21.20082699168112,25.906015784263946,0.0005593677,3052.96875,0.05294921875,0.0,0.0,0.0,0.01967436303384602,0.025571490684524183,0.004982099763583392,0.0031105310248676693,0.9204077124595642,0.012331032671499995,0.009774660679977388,0.004148080630693584,1.0,True
00:17:33,5c41c28e896e090001c03bb0,279.376309442866,0.8761269138720884,0.5149142471053603,-21.307227533452615,-190.93141,114.34453,-9.947933,-5.6624017,0.498058,-7.520760000000001,-2.7640073,-5.036446,-0.83194333,-6.8689327,1.8699658,-11.936838999999999,-53.757988,11.64296,-28.957064000000003,3.6781082,-14.704364000000002,3.8924327000000005,-13.840770000000001,-8.515128,1.6148083999999998,-0.0002790763817721552,4.807553504068778,9.529333245448788,2887.996423638117,2618.2404910111827,8.98931140431235,14.822094303066384,18.76057720034581,19.70583752385949,22.542946913160783,22.476702053397908,41.146852020924,0.00029478892000000005,4798.359375,0.0501220703125,0.0,0.0,0.0,0.22876691557466985,0.014677017880603669,0.03827881113393232,0.029558547772467136,0.12148273297352714,0.3179993100464344,0.2295061528682709,0.019730503717437387,0.0,True
00:17:34,59278c090220760001fda664,,0.7253550633889091,,-62.36982448782482,-487.49658,26.038914000000002,0.28433573,0.38191953,-1.1304715,-3.2657049,-4.937711,-5.4462943,-4.708651000000001,-3.1817148,-1.5644186000000002,-0.45105484,18.635881,8.863969,-0.44400567,-6.9193563,-9.434687,-8.347296,-5.156832700000001,-1.7708108,0.36397374,-8.107611147845334e-07,0.013471552770377822,,3432.3651967675755,1624.0928013965695,13.635271677755993,8.122785698763026,10.870611107931259,21.224059960251324,15.379838442452733,15.287574033719885,17.87116251295925,0.0006576769,1673.203125,0.0248974609375,0.0,0.0,0.0,0.04075820392463357,0.04285321049392223,0.00612209903774783,0.0016086287389043721,0.8375777959823608,0.04920424558222294,0.0206417202251032,0.0012341021851170811,1.0,False
00:17:34,5c41c28e896e090001c03bb0,234.36938405934762,0.980536815722131,1.2830727630135847,-13.583002212808635,-142.92412,119.92303999999999,-18.658047,-9.409667,1.5153822,-9.050031,0.9520584999999999,-6.9175572,-3.2847826,-3.9795778,-2.9052352999999997,-16.35006,-72.57694000000001,37.873870000000004,-20.508072,6.8525906,-1.4473523000000001,-3.0714455000000003,-13.699888,-1.020238,1.6509547999999998,-0.000318009001712928,5.560307745568289,14.897199969232561,2595.2189334288896,3245.642595089589,13.57616957278575,13.547523249322056,16.094718593125666,17.311579370644573,21.61496702103761,21.382563854318853,50.55696086997696,4.3290136e-05,5668.359375,0.090556640625,0.0,0.0,0.0,0.006559803496929817,0.004225215830956586,0.0015483830487937667,0.14532900917110966,0.74037154763937,0.008376980549655855,0.062342389579862365,0.03124668903183192,1.0,True
00:17:35,59278c090220760001fda664,,0.7393134127030602,,-60.54865002311443,-480.37405,34.421593,3.039414,2.0989575,-0.5964024,-3.2204217999999996,-4.2691517,-3.4417910000000003,-1.6363128,-0.123853505,0.35603544,-0.12519899,22.89133,8.718803999999999,-3.3100072999999997,-10.135867,-11.2141,-8.03154,-3.068434,1.1906589,0.4570611,-1.184438764273404e-06,0.0195651066669714,,3100.6547478856733,1513.5257657666496,13.807728449056963,8.192134505976304,10.52454045232788,20.88434720820953,17.88479923979666,15.46039662874995,18.349703812820312,0.00057561626,1621.40625,0.0279736328125,1.0,0.0,0.0,0.049071470042690635,0.03092691116034985,0.0037961096735671155,0.008606098589370958,0.8582792937755584,0.023777792882174253,0.01992651866748929,0.0056157888669986274,1.0,False
00:17:35,5c41c28e896e090001c03bb0,238.88937199017846,0.8475831531463495,1.176464355581169,-15.874517519676091,-212.5175,139.3436,-21.505074,-8.741361999999999,-2.7826965,-7.022638000000001,-0.08224904,-2.101238,-4.7738309999999995,-3.9274225,-3.4124199999999996,-9.049571,-43.58401,41.561825,-7.518383999999999,-13.498482999999998,15.790313000000001,-6.011947,-15.406683,-10.531450999999999,2.1098142,-0.00018921745696464303,3.2595039152591228,14.385561424274526,2040.924867086493,2722.1729840354074,10.32665657249457,16.295870682371696,19.21692671175721,20.7973168968974,22.699181284573942,21.271780553761765,45.14878726058507,1.7091314e-05,4448.90625,0.091748046875,0.0,0.0,0.0,0.01735618757084012,0.005525925915571861,0.023344087964505888,0.12624808996915818,0.6231640189886093,0.032049267180264,0.15104974582791328,0.02126268427819013,0.0,True
00:17:36,59278c090220760001fda664,,0.7588955310137901,,-61.72042397992814,-485.5454,28.124291999999997,2.1942835,1.2795265,-1.3204563,-4.0021873,-5.384627,-4.91268,-2.9806432999999997,-0.5931308000000001,1.2033795,1.8115400000000002,19.015620000000002,7.301223299999999,-3.2973952000000004,-9.851549,-11.254253,-8.425964,-3.6744144,0.44008788,0.3899756,-9.096251005749266e-07,0.015091839055254238,,3345.45930853091,1613.0701299186014,15.130985167377553,8.567187030085543,11.306682887641287,21.316340669354002,15.139626574757182,14.61092161966658,17.753727372957375,0.0006288614,1681.40625,0.02796875,1.0,0.0,0.0,0.1487903594970703,0.01750326114997734,0.019081513374112548,0.16362092214403673,0.1497518457705155,0.11776205096393826,0.034391831327229734,0.3490982243209146,1.0,False
00:17:36,5c41c28e896e090001c03bb0,159.23826424489152,0.9022849546556015,1.039195687750568,-31.941931269583005,-315.5976,132.25134,-2.9596899,1.0436519,13.177354999999999,0.34545007,-15.526832,-2.5640414000000002,6.7408175,1.6739544999999998,-6.329429,-9.449311999999999,-26.999283000000002,10.067134,2.0845678,-10.164528,6.5239363,-14.600487,-24.37205,-7.408405,1.540075,-0.00010839772521960086,1.8166306649232808,16.835243460542358,1918.126097561493,2830.414749185697,14.251026349825256,12.299675076038795,15.750105552361125,17.870648331283004,21.330763115398028,21.848275419143448,36.09427603881546,0.0049634236,3989.53125,0.104677734375,1.0,0.0,0.0,0.03299952298402786,0.005240021424833685,0.038053995650261636,0.13137839790433645,0.29237370248883965,0.060291792266070836,0.4250354684889317,0.014627115195617081,0.0,True
00:17:37,59278c090220760001fda664,152.73090827441416,0.5497241523128163,2.8828826988201297,-45.289171384124366,-396.6073,84.89747,7.5079226,4.6319447,-2.5099378,-2.8657346,-5.69426,-8.282538,-3.123328,-0.7697093,-3.8950758000000003,0.28894603,-3.7092169999999998,1.4189159,13.043991,-8.912291,-16.263048,-9.30039,-8.090871,-2.243729,0.8668314,-6.952772145764528e-05,1.1622467715708589,23.17098040564497,2584.5849528716485,1546.760072358568,14.349290603202958,8.87503851845837,14.083483189160535,20.54939174000461,18.02828426103364,20.850265780890904,22.238108100549187,0.0003293473,1908.984375,0.033173828125,1.0,0.0,0.0,0.18147979080677032,0.004642896732548253,0.013441289868205784,0.2276787590235472,0.012143710814416408,0.3214619986712933,0.028860145248472687,0.2102914322167635,0.0,True
00:17:37,5c41c28e896e090001c03bb0,235.12131441277813,0.3970179418902575,0.8540619562189976,-40.97775197720642,-356.21628,103.06673,-5.4974585,-11.346791,-3.1085367,-2.4656665,-2.1192222000000003,3.0531986,-3.5843272000000006,-3.7910397000000002,3.7033553,-0.06325906,-15.033782999999998,3.7597873,0.20522068,0.8545764000000001,6.0930653,0.18033098,-1.913227,0.89663225,1.5716385,-8.505124255537766e-05,1.4218309811770045,14.003112641668885,2749.717986100224,2486.436824091427,12.394445908203421,12.544527566864598,15.06283243519342,16.769666346601177,22.313112534734927,20.271551509554214,26.855881640328953,0.006379681,4588.359375,0.0594580078125,0.0,0.0,0.0,0.03300130432471633,0.01908480077981949,0.0543092449195683,0.1041791739873588,0.2529988683760166,0.15891358219087126,0.34394940435886384,0.03356362930499017,0.0,True
00:17:38,59278c090220760001fda664,87.83792131242978,0.6325243326218337,26.381358847395724,-62.874617587516994,-485.01697,26.984882,3.6549213,3.3798550000000005,0.98955745,-1.3538852,-2.1830122000000003,-1.9125284,-1.945423,-2.7975795,-3.4042456,-2.645292,15.229970000000002,4.7778089999999995,-0.8483421999999998,-3.2768717000000005,-4.5831795,-4.5610967,-2.3582885,1.1774719999999999,0.36046585,-1.5488525280623214e-06,0.025827110847853715,55.82546608484485,3489.8947918222693,1942.950667003494,12.161108602935462,8.374408924257644,11.186026981897788,17.184853506364785,20.248358381297862,15.792572316522405,19.05608160861416,0.0012405019,3042.65625,0.0327587890625,1.0,0.0,0.0,0.15959491357207298,0.05760927777737379,0.01742435060441494,0.0242053727270104,0.39399971961975105,0.2372366242110729,0.07231606924906372,0.03761369930580258,1.0,True
00:17:38,5c41c28e896e090001c03bb0,161.76233043182282,0.9373977399680649,0.7091088689464777,-19.818147102670835,-227.57384,177.25182,-17.551723000000003,-6.441896,3.8815532,-3.7602582,-0.646396,1.3903928,-1.3789378,-1.8782861000000002,-5.995341000000001,-12.063946000000001,-20.487995,8.896547,5.105352,-3.9770334000000003,-3.6220559999999997,-10.502547,-11.1733675,-8.7703085,1.5759082,-0.0001787084820166213,2.974854074321168,15.71926725402414,1834.9857356937614,1606.0029661192884,15.352044357701926,13.247522329523992,15.886346781936028,18.192057927903075,20.320381715878867,22.588621086153235,40.07717140443403,3.1527117e-05,3100.546875,0.041318359375,0.0,0.0,0.0,0.0916547518223524,0.0028415973065420985,0.05775631181895732,0.23418903574347494,0.03356594303622842,0.04438565894961357,0.5268994539976121,0.00870725796557963,0.0,True
00:17:39,59278c090220760001fda664,,0.6283292854564047,,-65.58490252508486,-494.384,16.495865,3.4293644,3.0905204,1.2336778999999998,-0.6199933000000001,-1.8721299,-2.7057202,-3.0487351,-2.4025319,-0.7442416999999999,0.9652084999999999,10.302669999999999,3.5140786,-1.7815502,-5.149783,-6.5711565,-5.6487746,-2.5045564,1.2604167,0.24101037,-6.560280222613469e-07,0.01095976214033522,,4090.13235948965,2198.958233478932,14.27225834556192,7.565922968113681,11.804177123719608,21.52281033086155,17.582195169005825,15.068675551318586,16.49342784226166,0.0022586524,3544.21875,0.0315087890625,1.0,0.0,0.0,0.38134579062461854,0.03640592508018017,0.10877447873353957,0.034803259372711184,0.14667043462395668,0.17221588157117368,0.0975449364632368,0.022239294927567245,1.0,False
00:17:39,5c41c28e896e090001c03bb0,97.13897235153273,0.8979170740519428,3.731056184381168,-47.12437807766757,-384.05936,95.36997,-7.3706045,-7.024008,7.029889999999999,3.1531854,-1.7898456000000003,-1.59256,0.17537579,-0.20978764,-5.4104323,-5.2058706,-14.975372,9.121016000000001,8.482047999999999,-3.4500275,7.055806,1.1331569,-1.3497431999999998,6.075601,1.5441433,-5.4611575461394265e-05,0.9212788879229318,48.985505824529525,3027.9686237105357,3145.5465929445563,11.122888214453003,9.514993498814238,12.022204833824349,16.229999965908362,19.87713817428239,23.66041656420649,29.794812179016965,0.018884776000000002,5971.640625,0.079404296875,0.0,0.0,0.0,0.11795444935560224,0.003376511088572443,0.2489581480622292,0.13330535348504782,0.01864604209549725,0.07277468331158161,0.3942895501852036,0.010695265652611852,0.0,True
00:17:40,59278c090220760001fda664,282.53657594030017,0.8108942463247768,4.1043820288653405,-43.73552371503022,-429.39127,86.911575,1.9161860000000002,1.8431866000000001,-0.3037242,-0.70764947,0.46588144,0.54689497,-1.2125114,-2.4516777999999997,-1.6284075,-0.81468165,38.060970000000005,3.5215995,-6.9777493,-10.070452000000001,-15.967182000000001,-18.876991,-13.306510999999999,-3.8138254000000003,0.97231305,-1.846280524216131e-05,0.30136104284734583,21.512321504054235,1954.7029291727802,1342.7272016292152,11.220315525792437,8.913121935210988,12.973048504974955,17.000698648611472,20.079338281523352,18.125189003937074,24.375759008156273,0.00026321178,2201.953125,0.033779296875,0.0,0.0,0.0,0.2052946738898754,0.1411047711968422,0.0373123882804066,0.009022411484329496,0.379928620904684,0.181251172721386,0.0409101415425539,0.0051758189365500576,1.0,True
00:17:40,5c41c28e896e090001c03bb0,249.47429805079662,0.9749793089171696,1.3897028962170752,-15.220231303168864,-166.79735,145.85675,-18.466734,-12.167788,4.2528224,-8.127673,-6.3604174,-7.452022,-5.928106,1.1405299,-2.149777,-13.987237,-68.59174,32.784203000000005,-13.605242,-7.7207603,12.220293,-14.069791,-21.49421,-4.6370816,1.9343572,-0.00023822526345867803,4.122209181453389,16.61281670951136,2140.0873810338144,2914.016384893411,11.594717679842686,13.797554505364499,17.456588102271386,16.941826178137273,19.89630785206255,22.11581381255075,48.24583670637582,1.9047628e-05,4703.90625,0.10009765625,0.0,0.0,0.0,0.17681971862912174,0.0015055931115057321,0.2445459309965372,0.2397501372732222,0.0051507331620086905,0.03992730071768165,0.2764390729367733,0.015861488258815372,0.0,True
00:17:41,59278c090220760001fda664,,0.7499086634105492,,-57.86657138824332,-473.59647,42.575435999999996,2.3446298,2.7264793,1.9417191999999999,0.058574595,-2.2155979,-3.8324694999999998,-4.081264,-3.0676367,-1.5798821,-0.49830640000000004,28.069378000000004,11.981252,0.42039096,-4.6206665000000005,-4.8029866,-2.8755843999999997,-0.6840236,1.1158092,0.52538204,-1.863563770445609e-06,0.0306601533338022,,2937.206824039618,1439.4323521836538,13.283722458645684,8.71896660056661,10.025026821773864,17.895754927009282,17.621053452471596,15.684869876541086,19.611342398209835,0.0005282834,1766.015625,0.02412109375,0.0,0.0,0.0,0.4047452747821808,0.136809853464365,0.0409009451046586,0.0037118001448106955,0.21360129192471505,0.168337082862854,0.029889597743749618,0.0020041331474203615,1.0,True
00:17:41,5c41c28e896e090001c03bb0,310.2551311155973,0.965674998581045,0.7557204975756051,-45.56607832185027,-343.69388,107.42966000000001,0.25373515,-7.247510000000001,-5.9584823,-9.722692,-5.723569,-5.8032900000000005,-6.302695,-5.2922153,-6.6504593,-12.619183999999999,-34.449368,3.5489519,-8.958583,-2.770752,-0.4309441,-12.654732000000001,-18.753286,1.4821708,1.4096329,-9.350762316499314e-05,1.5922941875057754,16.845309526940202,3286.9016623389807,3171.105078750754,9.957566889407252,12.084733806384444,15.252772368724921,17.9753929713504,21.783857006357174,20.6005381124604,31.41392926077777,0.019041238000000002,6139.921875,0.06654296875,0.0,0.0,0.0,0.1523316867649555,0.0005920163523114752,0.07205784264951945,0.367272274941206,0.0012486400199122724,0.013505211262963713,0.3882202863693237,0.0047720169008243826,0.0,True
00:17:42,59278c090220760001fda664,100.43617789092166,0.21327202552777635,1.6816261702555626,-38.74069372898627,-388.50998,118.19796000000001,2.8616857999999996,4.135821,0.12659697,-2.8349786,-5.468967,-4.458512000000001,-2.5188587000000005,-6.371010299999999,-8.467901,-1.9685633999999999,37.398083,6.597976700000001,1.7510289,-4.9749537,-2.6388547000000004,-0.97042525,-8.227473,-6.6415630000000005,0.86434287,-4.728465557066994e-05,0.7747098880572509,18.796851602983214,1889.821979238572,1098.7855621576516,15.283914498447974,10.00893623811822,12.844918381002609,17.900918961916606,22.511306080070074,21.51939246980666,23.078557101937452,0.00017598447,1428.515625,0.02765625,0.0,0.0,0.0,0.35985769480466845,0.09772328995168207,0.06986637748777866,0.023394166445359587,0.2706738665699959,0.1247290439903736,0.04129174733534456,0.012463841261342168,0.0,True
00:17:42,5c41c28e896e090001c03bb0,,0.7045415755087306,,-106.01166140241249,-507.33423,0.39825493,0.34380096,0.3326348,0.32055527,0.30760604,0.29382607,0.27926290000000004,0.26396233,0.24797793,0.23135883,0.21416128,0.39655977,0.3937421,0.38980845,0.38477638,0.37865818,0.37147670000000005,0.36325318,0.35401917,0.018850178000000002,-3.950066660759513e-08,0.0008165181918471843,,6633.416774801659,7745.897388600311,9.698865433481076,9.609357499207373,10.272033705777117,10.341004376404364,10.786146254577432,10.801780319777484,11.433995651921347,0.8156581999999999,15937.5,0.0281640625,0.0,0.0,0.0,0.07735578715801239,0.0005311102504492737,0.046605829847976565,0.4706518203020096,0.0005878372612642124,0.011512310011312366,0.3832776099443436,0.009477713145315649,0.0,False
00:17:43,59278c090220760001fda664,,0.7450419713721882,,-54.71763536758229,-458.32657,57.996030000000005,3.956837,2.6244389999999997,-1.5795617,-4.791119,-4.5341830000000005,-2.2733426,-1.0656573999999999,-1.7517,-2.492536,-1.6859515,30.324478000000003,4.535829,-8.029549000000001,-8.887504,-5.950332599999999,-3.8095756,-1.6611153000000003,1.6214544,0.64191276,-2.5182997407014818e-06,0.041506626651115285,,2363.107218221358,1274.0143839937202,12.987286409702024,8.48510900730104,10.580943210456674,17.82863290654136,21.73134105758427,16.67125785306672,19.43024488988952,0.00023757717000000002,1500.234375,0.0303857421875,0.0,0.0,0.0,0.34652443528175353,0.03509589982859325,0.03140108544612304,0.10587151504587383,0.3155073136091232,0.0872742485255003,0.05908584827557206,0.019239661490428262,1.0,True
00:17:43,5c41c28e896e090001c03bb0,296.4330337788691,0.8137421752555181,3.5748188229059004,-38.9634214189127,-252.80591,154.50085,-17.075804,-16.940839999999998,5.852026,-5.564529,-10.241354,-7.314716000000001,-5.7641606,-5.3433056,-2.8538485000000002,-17.812342,-66.70116,14.697694,-18.626087,-14.848735999999999,-2.1618892999999995,-6.6275783,-20.210701,-3.43773,2.483454,-0.00020128286604578842,3.4388813346455653,23.46626183529037,2940.635509845593,3241.731160202027,10.023487098724523,12.926337442881945,12.370128819414733,14.12130248547894,17.779885284295982,16.864419599609345,36.87426997059989,0.17464356,6356.142241379312,0.06331190952034882,0.0,0.0,0.0,0.1466632911137172,0.0013373494979792408,0.08826816667403492,0.1802307377968516,0.000824952481447586,0.03561569218124662,0.5302644882883344,0.0167953119214092,0.0,True
00:17:44,59278c090220760001fda664,255.40122894929974,0.8280880974527621,4.565633397353995,-53.23598628697939,-452.34738,57.582115,1.8429903000000003,1.4728848,0.7333294,0.57019293,-3.886693,-6.173618,-2.1298470000000003,-0.6118332,-2.9628023999999997,-1.62374,22.734251,6.2209715999999995,-0.20662184,-6.950375599999999,-9.186247999999999,-9.368986999999999,-9.439497,-4.0214156999999995,0.72762764,-2.578389553683123e-05,0.4222583781376239,34.06599486670263,2845.2286086661907,1434.7828138440714,13.813939522726645,8.565621392952943,12.541912321740815,19.21070750880223,19.752175763772524,17.160132159121662,19.096058081329318,0.00049027253,1733.4375,0.026494140625,0.0,0.0,0.0,0.19628388993442056,0.013568226946517823,0.0191822096472606,0.16643226761370894,0.19682429023087025,0.16316244900226592,0.05670285960659385,0.18784379530698064,1.0,True
00:17:44,5c41c28e896e090001c03bb0,,0.728016380988231,,-74.25235146295636,-465.83527000000004,79.6596,0.23725885,4.2021184,5.5200195,2.2490602,4.976692,4.1713614,0.24178635,-1.7023901999999997,-3.3832447999999995,-3.3279,6.383936,5.5677047,-2.6181366,-10.506964,-2.6456912,6.3434973,8.387288,4.5113287,0.8420086999999999,-1.896793979485833e-05,0.3148463218048405,,4822.6162085759825,4839.338350709208,10.748160773875775,8.795273175907733,9.561563397643026,12.176078013036122,14.749293023856154,17.85265698964636,19.82400469165936,0.13806465,9849.365234375,0.0582288240131579,0.0,0.0,1.0,0.1194351352751255,0.011095172259956598,0.21690933406353,0.07347080484032631,0.15791018679738045,0.16031501814723015,0.22362207621335986,0.037242294289171696,0.0,True
00:17:45,59278c090220760001fda664,229.97380631340354,0.985447721596324,1.6483030737198652,-48.71559599666843,-423.18935999999997,85.09239000000001,3.1622689,-2.3215845,-3.7903147000000006,-1.8354871,-3.2040482000000003,-5.2208843,-2.0983902999999997,-0.09953615,-4.1825185,-3.868926,28.564146,3.3138018,-2.91635,-9.230715,-13.370572,-11.239586,-3.6628225,3.4927243999999997,0.75495,-2.536847444390982e-05,0.41766948154755373,21.062464151584027,2231.2873458633803,1368.2133302176746,11.295542209576109,9.21504683341024,11.846987207731106,16.855021572174813,18.169294388966605,18.833221799597798,23.64999816004539,0.0002761449,2081.953125,0.030263671875,0.0,0.0,0.0,0.12598021440207954,0.10141685828566553,0.02687483113259077,0.029226521484088157,0.3673970118165016,0.2526940450072289,0.035523808607831595,0.06088668489828706,0.0,True
00:17:45,5c41c28e896e090001c03bb0,229.680499326739,0.4821024891363429,3.795337242955872,-29.357583010045854,-252.00562999999997,131.22781,-3.1347742000000003,-1.5403719999999999,8.328298,2.7660263,-6.226946,-5.542884,-3.214931,-5.689466,-1.005845,-6.986642,-37.954193,-3.5031068,-15.4558115,-2.2337873,-2.0281474999999998,3.2739762999999997,-4.2264,-2.0226512,2.1865930000000002,-0.00018307611114814769,3.0966522242385253,27.408699856068488,2346.1253810992107,2090.667408593959,13.680719445754495,10.904773579342248,13.647269700839956,16.78190779401763,18.99192048773115,18.92407220442829,36.905672250156506,0.00043733807999999996,3733.359375,0.0516162109375,,,,,,,,,,,,,True
00:17:46,59278c090220760001fda664,,0.9653466584184152,,-62.46304600265079,-488.00615999999997,25.38928,-0.86325365,-0.09209393,-0.69742656,-1.9668221000000001,-3.1145422000000003,-3.6457367,-3.4938957999999998,-2.9210138,-2.2857702,-1.827282,18.163510000000002,8.581172,-0.63928384,-7.213833,-10.024434,-9.340881,-6.4954305,-3.2051687,0.3655176,-7.997137947526978e-07,0.01329905540809174,,3453.1703329354564,1657.3624220444806,13.803543627890551,8.564587896558779,11.71551137362285,20.27184141055985,15.662549712835107,14.78873155317268,18.016210608805476,0.00071061996,1840.3125,0.0252587890625,0.0,0.0,0.0,0.16208007261157034,0.0640978291630745,0.028649800084531312,0.038427178701385865,0.22862215861678126,0.3599535167217255,0.014946640096604825,0.10322282053530216,0.0,False
00:17:46,5c41c28e896e090001c03bb0,186.96371783525123,0.7906567912199374,0.5924963525540857,-15.269869683992289,-180.10374,178.02174,-16.933619,-9.556446000000001,2.1369437999999996,-0.6956207,0.45679548,-6.4229417,-2.2165334,3.7262254,-4.341267,-14.595056,-48.137894,6.7081046,1.4822509,2.7314012,-2.7676057999999997,-13.960156,-17.82582,-10.327900999999999,1.9082022,-0.0002273079903433897,3.8164556745033145,19.146216598884187,1923.4749330157567,1792.0693128064913,16.376860576834385,13.889738412774786,18.41245491629388,18.449995217906395,20.702803383359914,22.361972703785742,42.349425711546715,1.4450674e-05,3164.765625,0.0427392578125,0.0,0.0,0.0,0.1135757863521576,0.006477221520617605,0.01241995133459568,0.11787042655050756,0.04291360601782799,0.25121755301952364,0.43993130326271057,0.015594136109575631,0.0,True
00:17:47,59278c090220760001fda664,,0.7347248118887789,,-63.64880647763649,-490.77844000000005,21.551401000000002,1.9047532999999999,2.00923,0.30725384,-2.2542925,-4.5521626,-5.717643700000001,-5.399546,-3.8085883000000003,-1.5718883999999997,0.525803,14.608112,5.5822997,-2.7605662,-8.177621,-9.696572999999999,-7.8020205,-4.0468926,-0.31803915,0.32900864,-7.088815708017487e-07,0.011835359463941977,,3637.7400213422093,1810.697514572301,13.66802578962318,8.23941547890247,10.714836303169662,21.127375441820945,15.323463602774064,14.626422608227033,18.039567014578353,0.00087299617,2182.265625,0.0284716796875,0.0,0.0,0.0,0.06390438601374626,0.15941656082868574,0.010601157625205814,0.0024727411000640127,0.4644447311758995,0.2743377573788166,0.01468532308936119,0.01013736340100877,0.0,False
00:17:47,5c41c28e896e090001c03bb0,178.63197415084724,0.9237233969626494,1.0277768447717366,-22.72452817576079,-283.93246,118.88198,-29.251953000000004,-17.394981,14.314796,-0.0038117284,-9.642223,-6.235755,4.6245117,12.146133,-12.610019,-20.620638,-30.352617,54.445395999999995,47.617622,-1.9213356,-7.170621000000001,-16.181143,-10.154758000000001,-1.2592915,1.3919648,-0.00012833657286081355,2.1580706632060767,11.888070214807765,1913.1845837403555,2249.096258352083,15.595558438475678,14.671132548671519,20.117168578892528,20.75285914933671,27.619706648908,23.260546601695513,42.321615151830336,2.3895596e-05,4130.15625,0.0649267578125,1.0,0.0,0.0,0.14182215109467505,0.0018674940132768823,0.02245205598883331,0.2793110778555274,0.005199701280798763,0.11365985497832297,0.37181462720036507,0.06387304996605962,0.0,True
00:17:48,59278c090220760001fda664,,0.7728148078105784,,-59.97836809024343,-479.63226,35.55705,3.1474214,1.9043108,-0.64971745,-3.1174862,-4.4865985,-4.444079400000001,-3.30738,-1.7274156999999999,-0.36640346,0.32908790000000004,24.161226,9.969942,-2.2185123,-9.108174,-10.008182000000001,-6.6018963,-1.7447096000000002,1.961466,0.44675824,-1.2431748921400446e-06,0.020499107072499384,,3064.79413229282,1455.8256087412824,13.25558752338825,8.544174545355231,11.054588166086042,20.105535715210603,16.80121288901384,15.84955357317567,17.982552537453174,0.0005061279,1473.046875,0.0262744140625,0.0,1.0,0.0,0.05429514173883945,0.04947309636045248,0.010316322231665254,0.003297528508119285,0.743882492184639,0.11232397858984768,0.024276559334248302,0.0021348783018765973,1.0,False
00:17:48,5c41c28e896e090001c03bb0,188.07211607165684,0.7988937545036838,0.9710179837348928,-20.04849498058775,-210.23792999999998,142.99086,-9.896937,-8.326314,9.619633,-6.4569163,-10.625962,-6.3036113,-4.592722,4.8313107,-6.0230559999999995,-19.978613,-60.242798,21.908285,-2.1254065,-10.084203,9.403989,-12.649541000000001,-18.54158,2.9808311,1.946237,-0.0001840861003508215,3.144816970998866,15.608907513955426,2077.9655016686747,2739.8723884371084,12.072087371382155,14.527890237673256,16.915023687313834,17.23840699048084,21.125155963845252,22.325837440924644,45.95951125207842,3.602656e-05,4665.46875,0.0910205078125,1.0,0.0,0.0,0.2379413445790609,0.011049154680222271,0.03927311146010955,0.24535412589708966,0.01735111834326138,0.2283485867083073,0.06575621602435906,0.15492632302145162,0.0,True
00:17:49,59278c090220760001fda664,,0.7450054341432985,,-62.53767881250411,-489.0767,24.066444,-0.009955444,0.17064153,-0.93372536,-2.5676582000000003,-3.9167322999999996,-4.4488845,-4.0586886,-3.0075436,-1.7395034,-0.6802056,17.376572,8.567066,0.19431928,-5.641218,-7.9799914,-7.179086999999999,-4.562219,-1.7532009999999998,0.35415146,-7.865820478484031e-07,0.013090926054660263,,3536.7237784076146,1709.831964470882,15.502830639373007,8.853610115137,11.416641234574366,19.48136424584939,15.538649975417625,14.785532461228714,17.918504117533274,0.00076675904,2023.59375,0.025908203125,0.0,0.0,0.0,0.0007138575703720563,0.0028240572195500136,0.0003127515148662496,0.00015200074958556797,0.9941950798034668,0.0004952471252181567,0.0010092949843965473,0.00029768584427074534,1.0,False
00:17:49,5c41c28e896e090001c03bb0,175.61252662854008,0.9391827745868092,0.21857843200522634,-26.817868645686026,-292.80334,115.01053999999999,-12.246276,-9.077669,2.2233124,1.8478019,1.3732818000000002,0.30196497,0.059249595,-0.6612210000000001,-2.5200124,-4.157498,-47.252759999999995,-6.6356470000000005,8.092558,5.369716,0.08410208,-4.6054235,-12.928328500000001,-10.926635000000001,1.1344457000000001,-0.00012579658886198924,2.106361997443462,12.56789451177282,1726.9357698792944,2121.8367130501133,15.754998363740926,13.221256761271567,17.989354319366196,23.966253114192018,24.26171725707052,23.609675801838375,35.85373290559803,0.0001060527,3300.9375,0.0642822265625,0.0,0.0,0.0,0.21982822716236114,0.005823302175849676,0.10152900218963624,0.13762910142540932,0.010628103837370872,0.29203827381134034,0.10765698850154876,0.12486701160669328,0.0,True
00:17:50,59278c090220760001fda664,,0.7210985933232098,,-57.02776521583088,-470.05347,46.80279,-0.3189281,0.93766344,0.8374593000000001,-0.884465,-3.3524566,-4.986816,-4.7091484,-2.7806884999999997,-0.53440976,0.68756866,30.090714000000002,10.978182,-3.3084886,-9.765409,-9.937987,-7.323491000000001,-4.5055976,-2.215398,0.50835407,-1.924293446556483e-06,0.03156242099302866,,2697.319869726621,1332.6777467547333,13.355618754191086,8.58368779593584,11.45347084575053,18.30786093831559,19.52725455433036,15.90855577103475,18.029459851103386,0.0004971803,1670.625,0.026708984375,1.0,0.0,0.0,0.0010843312891665846,0.003168148541590199,0.00044845441880170256,0.00013293308293214068,0.9931939542293547,0.0009904409380396828,0.0005762994784163311,0.00040542173082940285,1.0,True
00:17:50,5c41c28e896e090001c03bb0,170.4418506911027,0.6642418880400623,0.4861255829211069,-40.1169514724385,-343.70428,89.59823,-7.884332700000001,-3.6706980000000002,3.1371808,-4.1633625,-6.5205755,-5.350217,-0.5382551,0.7173181,-3.996455,-7.956668,-39.561058,31.840733,33.780476,7.920195,-2.9779668,-3.8572519999999995,-12.48714,-7.7499595,1.5542717,-8.340768773206651e-05,1.429831743745143,16.63335558297606,2675.309659747661,3079.518124906072,13.789658998433799,11.991823293394823,15.996494482694507,18.001276307899737,22.269426978728934,23.82909017500525,32.28794507780571,0.009372321999999999,5415.46875,0.08345703125,1.0,0.0,0.0,0.07832328509539366,0.0013941785764473025,0.011206419236259537,0.519444627687335,0.004573398342472501,0.1211191532202065,0.04591905476991087,0.21801988501101727,0.0,True
00:17:51,59278c090220760001fda664,,0.7649790309713451,,-60.18552707104909,-481.22765999999996,33.69161,3.6532242,2.4790728,-0.5702736999999999,-3.9153957000000004,-6.1075826,-6.4092636,-4.9893193,-2.6976101000000003,-0.57047695,0.66289955,23.222635,9.936049,-1.8468480999999999,-8.918741,-10.280598,-7.171255599999999,-2.1832504,1.9996886999999999,0.41370547,-1.1565097137953009e-06,0.019090686844617517,,3118.610315970649,1497.114974165955,14.30541632513072,8.376052839588981,11.512415769687095,20.4971573657099,16.69074250752765,15.500554128787375,18.19886003716616,0.00061171706,1725.9375,0.0272705078125,1.0,0.0,0.0,0.01209891100297682,0.008442644728347659,0.001289732166333124,0.0049296121651423155,0.9481086194515228,0.005388024874264374,0.015831286460161208,0.003911188727943228,1.0,False
00:17:51,5c41c28e896e090001c03bb0,171.93476485831926,0.6303015812568653,1.8516951274984588,-20.711127907642503,-236.0027,161.43657,-18.379123999999997,-8.216778999999999,7.380924,-1.4379473999999999,-1.7557874,-2.63185,-6.5580297000000005,-3.4666343,-6.890695,-11.811376,-25.732098,12.748888,6.761667299999999,7.067919,0.40658075,-9.640347,-9.351246000000002,-9.492263000000001,1.7020209,-0.00019254101871326072,3.2133280427138535,13.518090322960651,1909.3934801722685,1582.5423797047144,16.182603458638738,12.884884143405898,16.663577301723052,17.350086509241468,20.48778916543493,23.29100435181544,38.694996992776204,0.0005222345,2839.21875,0.0361865234375,0.0,0.0,0.0,0.14964432375771658,0.0010123257275803813,0.05471191122861845,0.26289287369166103,0.002463613586899425,0.058112037235072675,0.3923741579055786,0.07878873452344644,0.0,True
00:17:52,59278c090220760001fda664,,0.7583649645396517,,-63.53672075816974,-488.3905,24.515352,4.265225,3.0783273999999996,0.13525479999999998,-3.0280826000000003,-5.020387599999999,-5.1894712,-3.7956,-1.7410821,-0.045618,0.6449813,16.536877,6.363985,-2.6754086,-8.001777,-8.697619,-5.6691337,-1.0561386000000001,2.7866,0.3545755,-8.261737032723993e-07,0.013736655487091916,,3519.696916376903,1766.294858636981,13.271785717732019,8.312694558194604,10.935081360598756,20.62622522364152,16.051559381053988,14.680214548703065,17.981978400457038,0.0010243625,2271.09375,0.0284326171875,1.0,0.0,0.0,0.01572082159109414,0.024825996928848328,0.002703426213702187,0.0042837326531298455,0.9017326891422272,0.021919611026532948,0.024493567808531225,0.004320159764029085,1.0,False
00:17:52,5c41c28e896e090001c03bb0,177.00008775725303,0.7725741868169815,1.1032777884149034,-22.622230853208304,-256.8013,147.32709,-9.153887,1.1600125,0.37316245,-11.766813,-4.358848,1.175943,2.1061919999999996,1.2436891,-4.464819,-5.312442,-23.029161,11.853663000000001,9.990171,15.524788000000001,2.5480354,-20.569529,-27.281607,-18.148026,1.5004084,-0.00015666920175436624,2.616036338652933,10.018605219437166,2025.1289783780944,1673.6315646368378,15.704875144411517,13.649597413494954,18.783489593840436,17.012166194158592,23.737415408962782,21.6585934274898,39.08254703636851,0.00013573950000000002,2959.21875,0.03501953125,1.0,0.0,0.0,0.2808492496609688,0.0053923533181659865,0.06580010801553726,0.11848120037466288,0.008428499975707382,0.12871666699647905,0.3554161336272955,0.03691576604032889,0.0,True
00:17:53,59278c090220760001fda664,,0.7476524762617431,,-63.510016932142626,-490.45917000000003,22.012299,1.0686917,1.0956848999999997,-0.39325905,-2.3648592999999996,-3.7565845999999996,-3.9728449999999995,-3.0880772999999997,-1.6952453999999997,-0.5260033000000001,-0.07146586,15.092316,6.086769599999999,-2.2691114,-7.7661595000000005,-9.451234,-7.802085400000001,-4.3422529999999995,-0.91401154,0.34471273,-7.222584471968468e-07,0.012053607263515478,,3640.0482684360663,1817.6292221710244,13.146713587287351,8.805351053801974,10.991291023654568,21.79804775766961,15.451841328326713,15.099800601070594,17.85637351005473,0.0009562138000000001,2286.328125,0.0281494140625,1.0,0.0,0.0,0.13444427298381925,0.029926030384376644,0.0041101355513092136,0.03939122152514755,0.6564439415931702,0.06505830283276738,0.06318927751854063,0.00743680743034929,1.0,False
00:17:53,5c41c28e896e090001c03bb0,185.75115014122485,0.8705768960425214,2.709692136534592,-25.09572254951551,-294.73633,130.65503,-17.560467000000003,-13.1813755,-0.9271968,-4.1092696,-0.75271314,-1.2130543,-7.2447762,-3.666691,-1.3250176000000002,-2.8617215,-16.246323,27.148844,31.307596000000004,14.232609,6.0949919999999995,-9.861500999999999,-12.79959,-6.838458999999999,1.5073688,-0.00011756734848326013,1.9620966192958496,12.465845211139294,1941.4708187676763,1554.0287383156488,16.79549903670205,13.373349018776928,19.11126811535613,16.36333374193286,20.14770813157703,20.723289880594894,36.02939527237687,0.00033134906,2827.03125,0.0306298828125,1.0,0.0,0.0,0.14605291038751606,0.0011008568311808634,0.13596699573099613,0.4584031112492085,0.0010986022738507018,0.05590869719162584,0.1325854650698602,0.06888338793069124,0.0,True
00:17:54,59278c090220760001fda664,,0.7234308707320035,,-63.1742178898931,-488.4545,24.879206,0.75870883,0.9321252,-0.19933128,-1.8901103,-3.3234396,-3.9667074999999996,-3.7281014999999997,-2.8847642000000002,-1.8689543000000002,-1.0513762,18.035563,9.090365,0.68054485,-5.0908275000000005,-7.3251990000000005,-6.4446262999999995,-3.795088,-0.98227704,0.34994343,-8.310470009164235e-07,0.013802579504715407,,3557.6119825302812,1735.7854868580832,14.193893889769736,8.867546213824962,10.523984292367514,18.779362349678323,16.31725656542039,15.185892464506875,17.845802877677006,0.0009573088000000001,2194.453125,0.0260400390625,1.0,0.0,0.0,0.09301382191479206,0.07824864871799947,0.0045371010899543755,0.003520809160545468,0.6452842473983764,0.12187638357281685,0.051054659485816965,0.0024643193872179838,1.0,False
00:17:54,5c41c28e896e090001c03bb0,236.0980567050536,0.931702798896726,0.8309166380575236,-35.03477490539437,-314.07605,116.88930500000001,-23.580023,-12.528413,9.841681,-10.747272,-9.408512,5.075396,-0.87915605,-2.5531452,-7.372335400000001,-8.924413000000001,-44.249992,27.871187,20.746489,-2.4892627999999997,-0.37296224,-12.245778,-17.069584,-9.422298,1.4439669,-0.00010364253736244893,1.7616604148289736,14.750006237959836,2724.692154631901,3017.959177629035,10.741709856820568,13.8166938826947,17.443891376712187,17.870794337376704,24.495587761667732,23.474543124117627,38.16392162054958,0.015130100000000002,5666.953125,0.0815087890625,1.0,0.0,0.0,0.11821204479783773,0.0008496804395690562,0.0494558731559664,0.3546428635716438,0.0017877247781143523,0.05003144606016576,0.4101612340658903,0.014859116903971882,0.0,True
00:17:55,59278c090220760001fda664,,0.7331238121420081,,-61.24783200550164,-483.624,30.760662,1.4581870000000001,1.3879894,-0.24376102,-2.3463047,-3.908319,-4.3729777,-3.7337629999999997,-2.401711,-0.9628224,0.06087005,21.434654000000002,9.413291000000001,-1.5705873,-8.629986,-10.695165,-8.623353,-4.5124435,-0.6388853,0.41059425,-9.93934611082256e-07,0.016456364742683475,,3254.994189072903,1556.402091116075,15.879701848833296,8.743310921001374,10.774759813701978,20.151971603225626,16.57119701760954,15.231207052280322,17.890629542678486,0.00063387066,1729.21875,0.0264501953125,1.0,0.0,0.0,0.12978496924042698,0.05948812738060951,0.02465362059883773,0.04838336039101705,0.4668876022100449,0.19842471107840534,0.049567741341888905,0.02280988166457974,1.0,False
00:17:55,5c41c28e896e090001c03bb0,174.86120087284047,0.6651658892176598,1.7604719291970832,-18.874429703913638,-211.83316000000002,173.73248,-16.54962,-5.063711,5.3728557,-6.5366774,-6.029971,-6.040011,-1.9049015,5.9221377,-5.885968,-14.228094,-38.642357000000004,3.711554,9.451901,8.99005,0.7960745,-15.566823999999999,-15.075104000000001,-8.726764999999999,1.893476,-0.0001875766737957988,3.1358394120960407,11.501535133165932,1802.669589957695,1753.1595033275917,16.029142100747194,13.008111404833544,16.45045887322084,17.30780545224739,21.178363139387148,22.609389863097032,41.82112394826162,2.0307787e-05,3221.25,0.049375,0.0,0.0,0.0,0.052854451909661294,0.00023043264081934467,0.047460689395666125,0.2525767870247364,0.00029757722877548075,0.012005414813756944,0.6254634469747543,0.009111185441724956,0.0,True
00:17:56,59278c090220760001fda664,,0.7182647506224311,,-60.68336174232961,-481.31195,33.64812,2.3180819,1.223172,-1.1931318000000002,-3.5594894999999998,-4.842158,-4.691513,-3.3882675000000004,-1.5570138,0.13948609,1.2111205,23.393320000000003,10.409146,-1.0841982,-8.013646000000001,-9.494686,-6.8021693,-2.4498757999999996,1.0746508,0.43193182,-1.1084975642367037e-06,0.01832251390976931,,3152.3949829170388,1522.6063923253116,13.245750160778153,8.168440763943313,10.835908092055037,20.194398850646415,17.693457879791502,14.922811137978172,18.406530362653683,0.00064726203,1758.28125,0.0268994140625,1.0,0.0,0.0,0.1614197600632906,0.0507739978376776,0.0896681564860046,0.06524789591203442,0.2377150632441044,0.1874861717224121,0.17687510699033734,0.030813851178390906,0.0,True
00:17:56,5c41c28e896e090001c03bb0,135.00245743655051,0.5421633064203373,4.339045781245961,-40.264859513032604,-352.10042999999996,137.51775,-8.524436999999999,0.31331152,7.737280999999999,-3.3108056000000006,-8.086358,-5.317826,-1.6913646,4.471755,-2.9237442000000002,-9.505872,-2.8015995,-12.087404,10.193973,16.42683,6.938406,-16.087656,-17.665516,-7.7346168,1.3314337,-6.846009352953967e-05,1.1352181048628869,19.49940500192916,2561.6964014379128,2194.3305983378186,13.844295185037195,10.482934812185649,13.534118659676794,15.49021725333385,21.511368589600433,19.586417303089654,30.19083326834938,0.009854439,4376.015625,0.0417919921875,0.0,0.0,0.0,0.14741379730403426,0.008220060943858697,0.052285379637032746,0.07680067215114833,0.05133994884672575,0.10696047376841307,0.5480612933635711,0.00891836048103869,0.0,True
00:17:57,59278c090220760001fda664,,0.7012199594153338,,-63.355021071857024,-489.21954000000005,23.979567000000003,-1.2554372999999999,-1.5633854,-2.876929,-4.339706,-5.136143,-4.8678,-3.6745712999999998,-2.0878904,-0.72901803,-0.01910111,17.589602,9.148238000000001,1.0732732,-4.644839299999999,-7.099406200000001,-6.642889500000001,-4.551866,-2.3723826,0.35646608,-7.375642962527851e-07,0.012281926846596798,,3555.322832089799,1690.787347860593,16.120698234251705,7.9883712681138945,10.72473176379665,20.313742155190013,15.514507264084209,14.420650038347487,17.938793739250265,0.000766564,1891.875,0.0250244140625,0.0,0.0,0.0,0.1969461967702955,0.05331886634230613,0.07696381662972271,0.035266781805694335,0.5359019964933396,0.06138904429972172,0.0365216224687174,0.003691669326508418,1.0,False
00:17:57,5c41c28e896e090001c03bb0,156.56050614573294,0.9142754416952492,0.7882819524806441,-17.049181786467184,-198.82436,177.74146000000002,-9.824749,-4.496496,6.673700999999999,-4.0845428,-8.623529,-5.8247714,4.1755905,6.159081,-4.1247215,-10.21538,-39.62396,13.034017,15.136828,6.809062,1.3762678,-17.123453,-28.357626,-11.558330999999999,1.7760189999999998,-0.00019441430960800396,3.2648369924008196,17.125293007093145,1775.2929039485834,1751.2667604586065,17.57225615574567,13.48597794246783,18.82781568246337,17.02387158947009,22.8015032130032,23.829019194412705,41.87924841536371,1.1112349999999999e-05,3001.640625,0.0447607421875,1.0,0.0,0.0,0.0272535334341228,0.0038911143492441616,0.020365208818111567,0.3408532880246639,0.037212061858735976,0.22118028867989775,0.12528514117002487,0.22395936902612448,0.0,True
00:17:58,59278c090220760001fda664,,0.7260065887885777,,-63.27601834843886,-489.34927000000005,23.400871,1.2821552,0.47059979999999996,-1.5531713,-3.6362970000000003,-4.8076425,-4.6623044,-3.4186959999999997,-1.6956749,-0.17064057,0.70527536,16.048270000000002,6.6263274999999995,-1.8629627,-7.1117954,-8.312984,-6.2645745,-2.7989627999999995,0.13373686,0.35176516,-7.62328252826597e-07,0.012694929373605468,,3572.2990155403527,1756.9253750830846,14.125555618295248,8.775477316979348,11.125736265935886,21.077350609468766,15.662831570039627,14.709445661229855,17.936310246563476,0.000854343,2112.65625,0.0269970703125,1.0,0.0,0.0,0.12744244784116746,0.10478607024997473,0.04049280749168247,0.024146438244497404,0.44651933535933497,0.16336960159242153,0.06415752358734607,0.029085778238368217,0.0,False
00:17:58,5c41c28e896e090001c03bb0,159.6688433146121,0.8864289747286617,2.045515264216746,-20.538489299669628,-259.15405,180.29352,-15.415532,-4.716050599999999,6.1557984,-6.634198,-11.815289,-4.3102612,4.5746827,3.6400660000000005,-13.203266000000001,-10.277882,-10.808788999999999,5.769629,21.969545,-2.8412936,-6.7729807,-12.289091,-10.733282,-7.683761,1.8531362,-0.00013174138391055655,2.178939899049744,15.605129114335663,1422.6499655277871,1380.8576984743897,16.388042473583774,13.3681246078036,16.908549842315953,17.39709234024558,21.324890066801395,24.85344287066659,37.32412124651066,2.2248209000000003e-05,2616.09375,0.038447265625,1.0,1.0,0.0,0.03395666595962313,0.001657496183017631,0.05070128604873187,0.5141324640976058,0.022500087778704863,0.06792679542882575,0.14101716544893053,0.16810805598894754,0.0,True
00:17:59,59278c090220760001fda664,,0.7027012876095573,,-62.086153592458395,-486.41873,27.306010999999998,1.4636873,0.42667428,-2.010971,-4.4722705000000005,-5.765733,-5.4137015,-3.7676659,-1.7171865000000002,-0.18998969,0.28715247,19.283037,8.899492,-0.6274733,-6.748469,-8.469022,-6.5355099999999995,-2.8966043,0.263893,0.38765967,-8.636599005829478e-07,0.014337315420403491,,3409.708259945739,1627.2394455459885,15.021962345669543,8.145627998676265,11.24258008693945,20.641143927556623,15.97397478783053,14.371905101747576,17.91570008762195,0.0006918689,1807.5,0.0255517578125,0.0,0.0,0.0,0.048434511199593536,0.20305331647396088,0.005323844868689776,0.00032041634112829344,0.631309860944748,0.10108755715191364,0.010072362888604405,0.00039813554103602656,0.0,False
00:17:59,5c41c28e896e090001c03bb0,127.78161074872759,0.5859914985600774,1.3221244810562656,-24.426756946026515,-308.14926,111.275345,-28.048123999999998,-7.791772999999999,8.458411,-3.6010776,-2.6450145,-5.259824,-1.7336234000000001,12.315798,-4.1715064,-14.477460999999998,-26.508492999999998,43.181274,29.632820000000002,-3.4597569999999997,5.9748735,-15.596589999999999,-6.162479,-3.4833486000000002,1.4847523999999999,-8.719885914921164e-05,1.5000657641661406,11.788513405828096,1683.4619908793784,2672.702388486962,14.548438136858099,11.40758620706484,18.68186338547632,18.94038016472656,27.30690770867061,25.893970366914026,43.760519222347774,7.348541700000001e-06,4167.890625,0.095634765625,0.0,0.0,0.0,0.05587617084383965,0.0031114415323827416,0.04432483818382025,0.4800321236252785,0.012871096096932887,0.1266456687822938,0.09696617312729358,0.1801725085824728,0.0,True
00:18:00,59278c090220760001fda664,,0.7328983035119504,,-62.675716315368874,-486.79123,26.884413000000002,1.0767248,0.5976706999999999,-1.2971877,-3.4314932999999996,-4.6940126,-4.5318427,-3.11944,-1.1784308000000001,0.41894498,1.0531603,19.123222,9.02079,-0.36273299999999997,-6.575867,-8.604785000000001,-7.054873,-3.6725410000000003,-0.47904906,0.3773593,-8.851422027759012e-07,0.014681641815980681,,3445.2719832876483,1669.8200107394564,13.881503428282285,7.8777113775839265,10.776895419906166,19.86155664333097,15.890141545011867,15.383232751405316,17.991920117775763,0.00083012367,2047.734375,0.0257666015625,1.0,0.0,0.0,0.04272094080224633,0.2560018859803677,0.0045541141415014865,0.0002414319809759036,0.5742318332195282,0.10458151698112488,0.017311103455722333,0.00035719168663490565,0.0,False
00:18:00,5c41c28e896e090001c03bb0,150.09280541212703,0.8952441214740019,0.6853627315318844,-26.52599889241042,-289.57272,121.33809,-5.706519,4.107191,8.113044,-7.035557700000001,-3.9177842000000003,-0.32403597,-5.6568116999999996,5.937264,-1.4296728,-18.473953,-37.40396,22.241549,7.710926,-12.105582,7.805018,-21.649584,-24.044017999999998,-3.2747424,1.8655741999999997,-0.00010055461629351705,1.7256566770671549,15.063204261289131,1772.6185158154776,2971.1581159092098,14.886629595192804,11.124166519322578,14.992654447779259,18.242409855824953,22.392104359430085,23.710862390587224,43.878002805296894,6.91257e-05,4470.46875,0.11693359375,0.0,1.0,0.0,0.04693073369562626,0.0020932266605086626,0.047016360238194464,0.339053125679493,0.010293105687014758,0.15015046410262586,0.3393461026251316,0.0651168566197157,0.0,True
00:18:01,59278c090220760001fda664,,0.7191118041111376,,-62.363717587358245,-487.09424,26.276001,2.252312,2.285166,0.47415757,-1.9712776,-3.808797,-4.2975197,-3.420862,-1.7612261999999999,-0.14387777,0.7572107,18.035277999999998,7.317867,-2.5941919999999996,-9.037576,-10.867144999999999,-8.685405000000001,-4.368955000000001,-0.16010241,0.37767280000000003,-8.369963888840607e-07,0.013910898421471715,,3463.6394477231206,1677.4458270434475,13.522122352358975,7.631088620930053,10.341318510475386,21.252997578989728,14.984182599981716,14.824845567985895,17.752865105461346,0.0007449853999999999,1893.75,0.0284130859375,0.0,0.0,0.0,0.03474736250936985,0.2163332335650921,0.005189089640043676,0.0005547056134673767,0.5988045185804367,0.12452643401920795,0.019049006002023812,0.0007956499117426574,0.0,True
00:18:01,5c41c28e896e090001c03bb0,135.36904696609957,0.5309550875812398,0.9207715396559932,-31.973536604404178,-327.436,112.5447,-5.257619,-3.9140134,4.5732512000000005,-2.539823,-5.6413064,3.6143650000000003,5.895167400000001,6.563248599999999,-4.8966875,-17.757126,-28.943657,15.004932,13.1704445,-5.0163054,5.640596400000001,-14.731188000000001,-20.0552,-3.7915373,1.3492302999999999,-6.89216517771741e-05,1.1842077616209192,12.120881171398196,1882.4957036232724,2747.8849948094594,16.904255678650493,12.271010068053885,16.470149196801273,17.68401019915572,22.411076337695157,25.48396698316483,37.067212687525135,0.0014901727,4294.921875,0.1017626953125,0.0,0.0,0.0,0.0990918267518282,0.0087550294585526,0.19751939717680214,0.0882068615872413,0.06756816366687418,0.2532087918370962,0.2546258613467217,0.031024053739383817,0.0,True
00:18:02,59278c090220760001fda664,,0.7448187059761641,,-60.25006483017666,-480.00198,35.32415,1.4185008999999997,0.28379762,-2.0811436000000003,-4.2268643,-5.1428213,-4.6177397000000004,-3.1333284,-1.4640389999999999,-0.2534331,0.22465262,24.571566,10.876602,-1.3533648,-8.838861999999999,-10.576657,-7.878099000000001,-3.4095923999999997,0.19018415,0.42517218,-1.1700944132340714e-06,0.019303499444717445,,3094.934216398553,1461.0943791346467,14.27092219620631,8.38847472222247,11.350018904745125,20.7471071937167,16.291573961528144,15.088981727375169,17.685774382862142,0.00056087796,1566.5625,0.0255322265625,0.0,0.0,0.0,0.09191237799823283,0.12418992221355438,0.012170095462352036,0.0010368272342020646,0.5468398779630661,0.19435198679566384,0.02757456190884113,0.001924341078847647,0.0,False
00:18:02,5c41c28e896e090001c03bb0,142.30605844849762,0.5995811311193439,0.7416859118172112,-23.08337148320722,-249.10265,156.23279,-4.4511223,6.7231674,7.846153,-2.968643,-1.2320256,-7.361914,-5.5084295,8.10106,-3.0486271,-14.723129,-38.147488,9.279145,5.8778505,-6.506169,9.986500999999999,-19.814022,-24.37669,-5.1782527,1.9071791,-0.00014236960247745502,2.3953590995639766,18.89619024927048,1790.3373008234616,2229.652018822765,16.17150229400794,12.535478611395074,14.822107885364067,16.228911651673478,22.270987231028926,22.833492479984574,40.92064670903329,0.00025754664,3700.078125,0.075625,0.0,0.0,1.0,0.10942932367324827,0.005405479110777378,0.0915739456191659,0.15866046263836325,0.03415353195741773,0.2886316254734993,0.2267632663249969,0.08538238466717303,0.0,True
00:18:03,59278c090220760001fda664,,0.7143066417582674,,-58.063109950471656,-473.81952,42.91282,1.2016126,-0.30845916,-2.545071,-4.3413033,-5.036517,-4.541882,-3.1936564,-1.5503312,-0.19895738,0.4196114,29.339827000000003,12.650997,-1.3902833,-9.092528,-10.066767,-6.6529419999999995,-2.1859837000000004,0.74991566,0.48940942,-1.4687320449645668e-06,0.02415939733465975,,2815.187249521417,1313.8896508094733,14.793190029403377,8.073432041256202,10.841576616499212,19.981330784158715,18.164444568370424,15.307731544520932,18.037238179147607,0.00039349627,1369.921875,0.0242578125,0.0,0.0,0.0,0.09334463104605677,0.14360493794083595,0.0256061427295208,0.0012539606279460716,0.5801107585430145,0.1389406681060791,0.014287886023521426,0.002851004345575348,0.0,False
00:18:03,5c41c28e896e090001c03bb0,143.07562400367598,0.1464952110782552,0.5370498817549391,-61.972863101154054,-422.47177,109.294975,-3.345297,0.80987895,2.1639836,-1.5174729999999998,5.1461809999999995,-2.6067472,-7.775411,6.389238,-2.8094732999999996,-14.450460999999999,-11.475891,12.639861999999999,19.140781,-10.949318,-9.768978,-11.291106,-9.673821,-0.50273657,1.2235605,-4.296997783276919e-05,0.7122121274656459,10.965721032990503,4249.0052164145345,4462.332378787744,13.864828260491187,11.013698362296939,14.090022595380885,14.633151086873115,17.903575756412618,20.599789297901665,27.13762030804309,0.048050645999999995,8719.453125,0.0832080078125,0.0,0.0,0.0,0.07190805599093437,0.00626814691349864,0.05701043847948312,0.2140047997236252,0.020449264068156482,0.27115918695926666,0.2135401539504528,0.1456599660217762,0.0,True
00:18:04,59278c090220760001fda664,,0.7533798247173821,,-60.70446932370448,-481.87018,32.909706,1.0775028,0.5926049,-1.130886,-2.8930377999999997,-3.7901735,-3.547879,-2.488661,-1.2408124,-0.38268453,-0.19856974,22.759047,9.824425,-1.7595853,-8.9298315,-10.737602,-8.349859,-4.1580873,-0.5450010000000001,0.41775379999999995,-1.072619944621197e-06,0.017739968515965567,,3147.489844600609,1504.833839365862,15.908483610740898,8.176310914048146,10.968724933297363,20.044686321109808,16.680118563901573,15.19820949299335,18.26476262840185,0.00058110006,1578.984375,0.026201171875,0.0,0.0,0.0,0.12365197017788887,0.13682481348514558,0.032822100631892684,0.0007979489979334176,0.4820222616195679,0.19917008876800535,0.023813475202769042,0.000897341052768752,0.0,False
00:18:04,5c41c28e896e090001c03bb0,135.64182022974722,0.8619296039417701,1.0775873260516435,-40.82206251889347,-383.79257,127.62723000000001,-4.5355815999999995,-0.28546459999999996,0.44949946,-0.8708435,-4.8142343,-4.0011730000000005,-0.047922235,-0.054713283,-1.096496,-1.9152733,35.593346000000004,-2.9443521,-5.127592,0.32873502,7.2035894,-2.0179694,-18.5963,-16.374098,0.82707274,-6.477151935368584e-05,1.0571277568302535,13.472997466308946,2155.0726487516786,1524.2491930244944,14.707606183726575,11.523125474190989,15.512925562057012,17.937052407023792,26.960158897391835,20.587956191377746,22.91259211784573,0.0030307763,2830.078125,0.0285205078125,0.0,0.0,0.0,0.06381035819649697,0.028244022128637882,0.034339157864451415,0.11949151325970887,0.20886069466359916,0.21795657873153687,0.2327238366007805,0.0945738174021244,0.0,True
00:18:05,59278c090220760001fda664,,0.672362032626924,,-56.828088715952724,-470.6968,46.936806,3.5151932,1.7641865,-1.2101578000000002,-3.7847135,-4.984891999999999,-4.667662,-3.2870150000000002,-1.5251948999999998,-0.005874799599999999,0.8506661,32.24523,13.933566,-1.7890240000000002,-10.647366,-11.799128999999999,-7.549309700000001,-1.6869138,2.5017240000000003,0.49762714,-1.6014703224469369e-06,0.0263266378064558,,2646.0130657167315,1225.8154809573734,13.427696734202295,7.9640432806407775,11.051954202777358,19.209383909731915,18.819423108125324,15.498696135153756,18.02285784707566,0.00027218272,1231.40625,0.0259375,1.0,0.0,0.0,0.08143286518752575,0.1511575050652027,0.012975011323578657,0.0006049667092156598,0.5747727215290069,0.1604670464992523,0.01807052781805396,0.0005193648161366582,0.0,True
00:18:05,5c41c28e896e090001c03bb0,,0.4179821541842578,,-75.81648366294989,-496.17438,17.781212,-5.6071362,-4.8180456,-1.5242631000000002,-4.6248207,-4.1617746,-4.4919343000000005,-5.017583999999999,-1.9163956999999998,-4.7804704000000005,-6.611117999999999,4.46793,13.641805999999999,14.583242000000002,8.130289999999999,4.0772443,1.6793126,6.360165,4.682749299999999,0.5152742,-1.3274367878310966e-06,0.02302950627821455,,5220.610333515387,4458.141780551682,10.99486618631574,13.66984494672501,11.616431233570022,14.099440958580482,18.18605845639529,14.872926183520596,20.98390280519745,0.020883106000000002,10318.125,0.044599609375,0.0,0.0,0.0,0.024433782859705388,0.03441226938739419,0.006746490963269025,0.012593500124057754,0.6453097701072693,0.1075753027573228,0.16595604456961155,0.0029728466062806545,0.0,True
00:18:06,59278c090220760001fda664,,0.7234258820867446,,-60.395569228374356,-480.31863,34.8217,2.6360235,1.7271703,-0.7647925,-3.3908242999999993,-4.998586,-5.1381283,-4.0657415,-2.4618787999999996,-1.0610505,-0.3601453,23.931437,10.082113,-2.2405627,-9.6929865,-11.235089,-8.173017,-3.2065153,0.9422876,0.42896926,-1.1187984240724296e-06,0.018479742222226304,,3090.482375492101,1458.7111951329205,13.301345869464411,8.313474249698789,10.41061040508033,21.29671993134145,15.856436790597773,14.907850932812462,18.236050221665245,0.0005026941000000001,1432.734375,0.026689453125,0.0,0.0,0.0,0.19236112162470814,0.08339525014162064,0.07775450320914387,0.0017016436322592199,0.462830263376236,0.16196347996592522,0.018936533480882645,0.0010572011684416792,0.0,False
00:18:06,5c41c28e896e090001c03bb0,136.5934177415883,0.5206737272985494,1.5308722989463692,-24.63217514027357,-264.73535,144.09947,-7.7913046,-4.051508,6.126799,-3.7514286,-7.667689,-0.49938583,-0.48587704,0.87975675,-0.49081808,-15.1374855,-24.059484,4.526003,-3.3622910000000004,-1.6855654999999998,10.692533000000001,-0.707535,-20.740944,-10.197407,1.847402,-0.00012416993398865924,2.1361275965953705,21.022918886223703,1715.8369024353774,2195.534657364006,15.756740066763964,10.958411531362586,14.241405037247837,16.79886731587677,22.798031284753886,21.851199626988773,37.94429358580875,2.5294002999999997e-05,3284.296875,0.0780224609375,0.0,1.0,1.0,0.01426609367869484,0.012483306862931285,0.02875891565862629,0.010598530811775062,0.6840887433952756,0.07766959549755686,0.1693326655206167,0.002802163918709589,0.0,True
00:18:07,59278c090220760001fda664,,0.7285437582330944,,-60.928901099528474,-481.83398,32.376385,2.3389134,0.9078381,-1.8827431000000001,-4.1523137000000006,-4.770472,-4.1300445,-2.8828993,-1.3313133,-0.13650644,0.06254167,21.190214,7.729089999999999,-3.820438,-10.4081545,-10.839210000000001,-6.847378699999999,-1.9232493999999998,1.4105103,0.44354868,-1.0582122480514357e-06,0.017533088123056456,,3110.902913295509,1541.009993362762,13.927895611520205,9.197496184451538,11.160994726435455,21.314540450817706,16.261800641252133,16.557721818158367,17.992618890960113,0.00056027423,1765.3125,0.028271484375,0.0,0.0,0.0,0.07094965800642968,0.13984274342656136,0.009917184431105851,0.0006377214449457824,0.5948266565799714,0.16590452641248704,0.017212135531008244,0.0007093594322213902,0.0,False
00:18:07,5c41c28e896e090001c03bb0,161.185551072621,0.7456116605568702,0.8621336048484929,-18.3826984077104,-198.31786,164.33196999999998,-10.212104,-8.998914,3.054965,3.1013339,-2.6369580000000004,-7.5530753,-0.41837445,0.18521757,-4.9209948,-9.893434,-44.073227,22.410227,8.28607,-1.7532569,-5.904703,-15.255621,-12.787883,-3.7502685,1.9766254,-0.00020628596389310531,3.471902394465583,18.630845356148466,2018.8156764273047,2059.684327156758,16.933708180056552,13.414526936790269,16.235786563121483,15.811104476812627,18.279827240671644,21.03024604525079,41.50252343545589,2.0066182e-05,3657.890625,0.059306640625,0.0,0.0,0.0,0.05653077540919185,0.011871966358739884,0.0896103497594595,0.14092130539938807,0.03379689087159932,0.2322429284453392,0.3244653686881065,0.11056042388081552,0.0,True
00:18:08,59278c090220760001fda664,,0.7188093147584294,,-61.37861852659301,-483.69272,30.89493,2.3917992000000003,1.5630174,-0.84050214,-3.4405080000000003,-4.989833,-4.919468,-3.4915782999999996,-1.5516171,-0.053939376,0.3877836,22.156832,10.825357,0.37954506,-6.417976400000001,-8.468262,-6.529907,-2.647436,0.86332405,0.41581932,-9.832574444362186e-07,0.016269951171774332,,3274.0283925457,1543.5681516515713,16.090233591548497,8.14977416276775,10.589966559343052,21.05926766756015,16.229043868209633,15.05222066379363,17.87738150179315,0.0006337882400000001,1653.046875,0.02501953125,1.0,0.0,0.0,0.04763514660298825,0.1417831763625145,0.009028209559619426,0.0005323697696439922,0.680357813835144,0.1077436462044716,0.012144624628126622,0.0007750333257718013,0.0,True
00:18:08,5c41c28e896e090001c03bb0,152.18909011928838,0.7950339720470844,1.728468449881415,-32.50921305755781,-310.33432,164.21613,-17.408669,-0.80363584,11.821843,1.7814605,-3.3577235,-4.323643700000001,-2.693946,3.5619829,-2.5681965,-6.232637,-3.8641095,3.1987162000000002,6.5382295,-3.6524608,3.7240712999999994,-3.8430642999999995,-14.29641,-16.758745,1.4849135,-0.00011870474047501955,1.9673882624635437,14.347143729571705,2275.0111473363627,1982.0138014503061,14.375920492842234,11.918812982397075,16.288693828952223,15.937521920082025,20.459263101721046,20.078806499799946,31.728482369557266,0.0072352337,3637.03125,0.0412841796875,0.0,0.0,0.0,0.05324266767129302,0.00511121908784844,0.09604101870208978,0.375641418993473,0.04587308398913592,0.1471862263046205,0.1396530732512474,0.13725127093493938,0.0,True
00:18:09,59278c090220760001fda664,,0.7193768471633487,,-62.24066779355216,-485.77914000000004,28.022589,2.8991689999999997,2.8796537,1.0114863,-1.4845758999999998,-3.3881601999999997,-3.9978795,-3.3197042999999997,-1.9133121,-0.5369991999999999,0.21089529,19.484262,8.391805999999999,-1.8498439999999998,-8.4916935,-10.371487,-8.138657,-3.7459032999999997,0.50285697,0.40401152,-8.63067941374318e-07,0.01433360021076975,,3390.700296882623,1617.932821055635,13.352993170074534,8.227753986780009,11.05361329770033,21.32831862450705,14.681750115579936,14.801352564495607,17.81109122152097,0.0006878295699999999,1656.09375,0.0276025390625,1.0,0.0,0.0,0.06923013143241405,0.15712399892508985,0.038249885849654684,0.007238186459289864,0.617704439163208,0.07969327960163355,0.016485314304009083,0.014274764072615654,1.0,False
00:18:09,5c41c28e896e090001c03bb0,151.2571096651064,0.8580229328497349,1.7624050394825512,-37.896826571518716,-342.17487,103.86882,-14.275936999999999,-15.636917,-0.5552489,0.21473508,-4.1242595,-4.7402050000000004,1.4949683,5.4940169999999995,-6.860182000000001,-14.266499,-31.431587,45.581196000000006,29.640276,-5.228552,7.7539973,-14.365598,-5.770645,8.652524,1.2879406,-8.820907863489434e-05,1.5329811508415605,14.982523694034644,2707.806651368331,3044.622319969953,12.718864182035947,13.29514553297397,16.12942306886142,18.23308645791128,20.488367291348744,21.054837465102654,35.42323438766623,0.008492964,5449.453125,0.0856640625,1.0,0.0,0.0,0.028372500836849213,0.0049103059413027955,0.009894316547433843,0.4553775735199451,0.05505459203850478,0.07917277808301151,0.024525548296514897,0.3426923707127571,0.0,True
00:18:10,59278c090220760001fda664,,0.7582728837081214,,-59.167000006821716,-478.28403,37.032790000000006,4.272343599999999,2.95893,-0.31021357,-3.8496032,-6.193846,-6.589419400000001,-5.1489587,-2.6804914,-0.28288445,1.1320076000000001,24.489061,8.8271055,-4.6362705,-12.154167999999999,-12.837081,-8.498552,-2.3771009999999997,2.4618439999999997,0.44016215,-1.2555889910271437e-06,0.02070994553087517,,2927.644518338474,1412.0323503033155,12.713954651961767,8.698654425709515,11.442972076064589,20.987848109787933,16.963243635102558,15.3542014598151,18.002977313781077,0.0004495875,1417.5,0.028779296875,0.0,0.0,0.0,0.03149759443476796,0.16879165098071094,0.005366215924732387,0.00039084358286345383,0.6856840670108795,0.0971045359969139,0.010306794033385813,0.0008582593640312552,0.0,False
00:18:10,5c41c28e896e090001c03bb0,128.09244957698306,0.5220019338777786,0.405979074959824,-36.35648651448726,-311.0775,131.3268,-11.883213,2.7929573,7.898308,-4.8828254,-0.44122562,-0.6314162,-7.325898599999999,3.1682155,0.19472127,-10.268953,-40.558147,30.908283,1.0350622,-16.512934,10.575146,-16.35305,-13.501895000000001,-1.6049209,1.9367348999999998,-0.00010639783270214574,1.8679807812055655,10.440422000517405,2688.456933479577,3893.0401960611694,11.81517088580632,11.175311835574375,13.6524112533582,15.139612187097466,19.28200831461601,22.61605260818841,38.39753824552623,0.038385127000000005,6755.390625,0.0942529296875,0.0,0.0,0.0,0.03018797766417265,0.03228487353771925,0.0403732123086229,0.17174159772694111,0.20676494240760804,0.2435208573937416,0.10970049500465393,0.16542603336274625,0.0,True
00:18:11,59278c090220760001fda664,,0.7465846538122145,,-62.85203690177228,-487.2045,26.360640000000004,2.338967,1.8632181,-0.008208179,-2.185893,-3.7041626000000005,-4.1289973,-3.625554,-2.7241724,-1.9642401999999999,-1.621212,18.775364,8.945445,-0.10141053,-5.960602,-7.6749444,-5.9012747,-2.4093912,0.8008860999999999,0.37854356,-8.334858723151845e-07,0.013839633424414284,,3464.057208153055,1651.4830135863535,14.12425383833395,7.842305582613883,10.799750760562608,20.54933506006828,14.996345803273114,14.976151483384848,17.888623665862696,0.00077468995,1846.640625,0.02580078125,1.0,0.0,0.0,0.06281311735510826,0.07974326387047767,0.01277186966035515,0.000567250678432174,0.716363924741745,0.11167085580527784,0.015287350490689276,0.0007823913852917032,0.0,False
00:18:11,5c41c28e896e090001c03bb0,128.74767031691835,0.6469786313016392,1.034844803950556,-21.35855942675503,-269.2177,180.43806,-20.899725,-8.019142,5.1164760000000005,-2.7646517999999998,-2.4096491,-2.55146,-2.7696842999999998,5.9589360000000005,-4.3383845999999995,-11.83049,-1.8364481,12.590135,28.790676,-2.3619032000000004,-3.8413660000000003,-8.341965,-13.145225,-12.842922999999999,1.4920503,-0.00011073463570130872,1.8266244819736577,13.48755540199548,1363.0136648566945,1410.3413534258175,17.20663892662794,11.141859669030246,17.046798350893624,15.47003152064758,22.21123504641924,26.53609857566497,38.231486320319306,3.688655e-06,2607.890625,0.0406494140625,0.0,0.0,0.0,0.061788821965456014,0.017068545962683857,0.10491077890619636,0.15835722908377647,0.09177875188179314,0.22071171775460244,0.0733134301379323,0.2720707513391972,0.0,True
00:18:12,59278c090220760001fda664,,0.7273855782980521,,-62.714323799844635,-488.3468,24.544726999999998,2.5555487,1.2635821000000003,-1.4764447,-4.152298,-5.516831400000001,-5.111264,-3.3417525,-1.1475997,0.5161859999999999,1.1088978999999999,16.480663,6.197612,-2.9491096000000003,-8.376586999999999,-9.199717999999999,-6.376804,-2.0753078,1.3927964,0.37940612,-7.971929241169971e-07,0.013265736592184708,,3495.877137438765,1711.8330392071698,14.272449844260766,9.318010589207994,11.34124631676626,21.940336633583783,15.546031809415874,14.633055569937826,18.138733407788557,0.0007771408,1913.4375,0.027392578125,0.0,0.0,0.0,0.07575546056032181,0.1624114342033863,0.01407732339575887,0.0005238858138909563,0.5392120182514191,0.1901370570063591,0.01699888240545988,0.0008839398651616649,0.0,False
00:18:12,5c41c28e896e090001c03bb0,249.7789399358358,0.8247190059730602,8.450701652031777,-25.583568922065957,-306.45493,108.65731000000001,-9.696598,5.04363,9.474783,-1.2483116,-3.5840952000000006,2.6717985,0.7558683,0.42531149999999995,-1.2607366000000002,-10.970722,-37.83368,15.386839000000002,4.478375,4.570589,19.883152,-19.795498000000002,-19.34194,-6.9329333,1.4913309,-7.883084456540398e-05,1.3605532859817375,22.288435747796864,1501.0301219536268,2904.9684206245447,14.66385165769822,10.859284240114789,15.181102536530574,20.240895172204105,22.224553387534513,23.390535013714256,42.388109494776465,1.1150816e-05,3957.421875,0.1118798828125,0.0,1.0,0.0,0.11966780349612235,0.005724200676195322,0.14173236414790152,0.1327964574098587,0.023116743750870233,0.2979299150407314,0.21456404849886893,0.06446846551261842,0.0,True
00:18:13,59278c090220760001fda664,115.31130499230729,0.30454484070600085,1.3207472883272868,-46.06115083281265,-437.8528,83.31065,-0.2194611,0.35028806,-2.4348857,-5.428326,-5.8796525,-3.9589305,-1.7365856,-0.9580970999999999,-1.2212062,-0.70802337,47.863613,15.028773999999999,-2.7259777,-7.725250999999999,-7.758625500000001,-7.4433026,-6.5530005,-3.646984,0.71882933,-1.4078032989924274e-05,0.2285604206172139,6.799507136105344,1987.960861902708,1058.4143591452853,13.878201621625918,9.360788951259446,12.82925686330064,18.720575445269503,19.973624594439926,16.802282230792198,21.91827772111327,0.00014161975,1283.671875,0.0257861328125,1.0,0.0,0.0,0.03608688730746508,0.17555641159415245,0.005108062783256174,0.0002964929735753685,0.6223301947116852,0.14681057780981066,0.013173440471291542,0.0006379292928613723,0.0,True
00:18:13,5c41c28e896e090001c03bb0,,0.8857301058901972,,-56.56360868066554,-448.66687,37.465897,-3.8796203,-3.5066453999999996,-0.99881345,-3.5217216000000002,-3.611653,-4.025970500000001,-6.0472019999999995,0.14640422,2.5609107000000004,-4.5475883,-7.045945599999999,9.959603999999999,-6.2509003,-5.4732513,5.5441694,-6.715509399999999,0.98069423,6.571478999999999,0.94511133,-1.0602852813659627e-05,0.19248274176019686,,3180.7240442391358,3616.633226356979,12.222076204944456,11.851710361974993,13.068343582993393,16.89196991573742,21.034911352126745,20.23134136296029,30.08352977271179,0.0042402116,5903.671875,0.1220166015625,0.0,0.0,1.0,0.08438489865511656,0.012227859860286116,0.05373914695810526,0.14622998316772282,0.17922479510307313,0.25913241431117057,0.2285129308700561,0.03654797942144796,0.0,True
00:18:14,59278c090220760001fda664,133.17368207520806,0.9148200210023733,5.600132066943762,-57.96196472627817,-472.53824000000003,41.48227,2.0226349999999997,2.0112848000000003,0.58964676,-1.3386328,-3.0822467999999996,-3.4854445,-2.7308077999999996,-1.7245386000000003,-0.4430152,0.9295891,23.701546,6.671173599999999,-5.7127414000000005,-10.419437,-8.381461999999999,-4.609211,-1.8301710999999998,0.36588200000000004,0.5264529,-4.945098563337997e-06,0.08120781482462247,65.48681636537012,3232.465978972645,1771.949341344969,13.08664106838358,8.45446785250703,11.940962258800713,18.529505654105282,17.238396699730593,15.838308279283106,19.203615773593988,0.0014565322,2715.0,0.0315966796875,0.0,0.0,0.0,0.043142782524228096,0.24223357141017915,0.006060115271247923,0.0003031152176845353,0.5267257660627365,0.16541416123509406,0.015010779816657303,0.0011097017530119046,0.0,True
00:18:14,5c41c28e896e090001c03bb0,130.5912182372734,0.3796916337648364,1.923195667602835,-47.97868416328226,-384.399,90.02268000000001,-6.2588029999999995,1.8747008,9.003809,-6.806352599999999,-9.932835,1.3514018,0.008585526999999999,-0.72200716,-3.2681255,-8.343621,-16.905876,-0.16288081,5.306358,9.322016,7.046049000000001,-3.3201263,-1.9623941999999999,-1.8083918999999997,1.0663718,-7.74614476682164e-05,1.2999108329348132,26.398890119395556,3253.208666112988,2545.879555436197,15.248209420281134,11.165587055255386,13.183907064885382,15.817294487006455,20.77478649147388,19.47515144679225,26.917334247383593,0.006950631,4645.3125,0.0507666015625,0.0,0.0,0.0,0.03566966525177122,0.014917089871596543,0.003651672750493162,0.036720334319397814,0.5180586232570932,0.19399474208476025,0.14758331079501658,0.049404577689710995,0.0,True
00:18:15,59278c090220760001fda664,133.8630637018473,0.903618069440241,0.3733579381420183,-21.795544574155223,-288.13097999999997,148.60144,-6.112579,-2.895216,-7.485024,-8.439706,-4.0468910000000005,2.5945772999999996,1.1740355,-7.6087694,-8.092463,1.1796246000000001,-12.702044500000001,17.91111,46.59176,16.2533,-17.57686,-10.882847,-14.722551000000001,-20.606718,1.4830728000000002,-0.00013093652260822816,2.182998482706801,18.981135655411638,1841.483993140308,2398.8763937463887,16.357086679427873,14.034945285232439,17.735700682870988,17.94602375371656,22.968876697946662,31.45011018511265,33.5923735120596,0.0005334403,4124.53125,0.0804052734375,0.0,0.0,0.0,0.03248630631715059,0.1480675883591175,0.005206959624774754,0.00025421263781026936,0.6852035105228425,0.1185754969716072,0.009426021901890637,0.0007798889535479247,0.0,True
00:18:15,5c41c28e896e090001c03bb0,,0.6754659638690707,,-102.23932206379796,-507.26047,0.0037747463,-1.7067944,0.6146142,1.6755955000000002,-0.593395,-1.5165870000000001,0.66418386,1.3344892,-0.84250116,-1.2511917,1.0170804,-1.8028628,0.05459354,1.6660979999999999,-0.23749962,-1.5942199,0.46452057,1.6369962,-0.60345066,0.116456814,-5.181954641032036e-08,0.001032825282380167,,6430.00759610896,7065.816905641635,9.767365518555863,8.561615183167872,10.083463802910916,12.186252438745244,14.346589065215655,13.531140565214677,12.710368173488856,0.6244605,15022.41847826087,0.07240853658536585,0.0,0.0,0.0,0.042623782914597536,0.03765907459892333,0.032089382701087736,0.05502390027977526,0.4953516598790884,0.18860735134221607,0.07921112030744552,0.06943368799984455,0.0,False
00:18:16,59278c090220760001fda664,153.4373502024646,0.5718869343795954,2.7476672661175634,-26.294437916596532,-336.4363,116.17558999999999,-11.414814,-5.1455135,-5.9484053,-7.073413,-4.8912754000000005,-3.7080202000000004,-1.468982,-1.4500169,-3.195004,-4.531013,9.816041,35.669253999999995,36.910595,8.956027,-17.734198000000003,0.21214835,5.232115,-12.935163000000001,1.5129361000000001,-6.926365466998019e-05,1.1649466054561362,22.030722114813887,2295.222904100196,2932.1932238752306,16.09581648626323,11.879649587935814,17.125529453386896,16.142755305174134,22.776465628260908,29.039791447496572,33.896272296516344,0.0006080737,5059.6875,0.095634765625,0.0,0.0,0.0,0.048421086929738524,0.14323748834431171,0.00647739702835679,0.0005197438680625055,0.6720319509506225,0.11377628520131113,0.015041786897927522,0.0004942687548464165,0.0,True
00:18:16,5c41c28e896e090001c03bb0,,0.758716743210136,,-104.97665580218815,-507.3283,0.010042846,-0.25456682,-0.107500546,0.24665189,0.12565778,-0.23740298,-0.14313407,0.22686289999999998,0.15983468,-0.21510006,-0.17566913,-0.27211040000000003,-0.030074077,0.26989496,0.04994234400000001,-0.26622003,-0.06953997,0.26109883,0.08876078,0.013892538999999999,-1.2012752887793298e-08,0.00030870014409924764,,6904.377395565705,8750.66741260328,9.214017938010237,8.665721849317233,9.367072483019696,10.067501221641477,13.132016313266465,10.963354801055043,11.592248650608823,0.74208444,17694.010416666668,0.044921875,0.0,0.0,0.0,0.1392577052116394,0.027691168151795863,0.0407503753900528,0.01012988076545298,0.01052644830197096,0.571907851099968,0.15035903155803682,0.04937753081321716,0.0,False
00:18:17,59278c090220760001fda664,118.4909330610261,0.8816369318538261,0.3624027354747726,-29.10589960889043,-301.02792,160.34796,8.059228,18.233564,6.4974184,-2.6706395,-4.1231856,-0.4519939,4.5166580000000005,-2.2604156000000004,-13.044754,-6.55307,-21.990934,-26.844326000000002,24.631956,4.674754,-18.920757000000002,-11.593881,-14.898171,-14.569776999999998,0.9941107,-0.00015343641306126123,2.543050177848371,17.47929022167865,1590.8218843402526,1653.3305091919538,15.364940324304435,10.78251281254894,15.729691210944631,17.949302625463968,22.764768056278037,29.041971276125487,27.51237392264833,0.00019071101000000003,2839.6875,0.0543701171875,0.0,0.0,0.0,0.04390156138688326,0.1050932176411152,0.00599590023048222,0.0004181234296993353,0.6890723645687103,0.14622065275907514,0.008647835440933704,0.0006503394019091503,0.0,True
00:18:17,5c41c28e896e090001c03bb0,,0.5028212101179268,,-82.00081374281841,-504.28534,3.5967326,4.6529465,7.4503026,1.523609,-5.783898000000001,-6.073417,0.52445894,6.147625,4.5485272000000005,-2.0812576000000003,-6.0709085,-6.321178400000001,-8.467929,-0.38864192,7.9393144,6.54206,-2.5457642000000003,-8.236324,-4.0121317,0.081996165,-3.016624255264617e-07,0.005202134774022851,,5330.161551551294,5605.356154320578,9.031885848454133,8.944896114990465,9.899820426859764,18.704972334523216,28.0454891245028,13.08587714510976,13.496669101974955,0.23104809,10401.88953488372,0.0556640625,0.0,0.0,0.0,0.1210040457546711,0.012560282647609713,0.018396472837775943,0.019598303874954585,0.0056719600688666105,0.5500126779079437,0.19923373460769653,0.07352254167199135,0.0,False
00:18:18,59278c090220760001fda664,144.90657647984992,0.7506188883001566,0.679152694092859,-14.909845261367721,-236.96954,196.76352,-8.277992,5.103011,-4.8665123,-3.7656436,3.8266375,1.6550688000000002,2.8688214,0.99457705,-7.151414999999999,-6.5963497,-21.11373,-14.193994,29.751109999999997,14.913219,-12.368671,-16.084263,-26.151936,-31.919968,1.6494634999999997,-0.00021443029894092756,3.5436923110694916,28.493704874588424,1487.2038265660547,1719.0246238093825,17.33223888683543,13.90272704153651,18.61729426867869,16.465335228306152,23.330471757845068,28.663886419814663,33.650566844051994,0.00013796333000000002,3075.703125,0.05205078125,1.0,0.0,0.0,0.018656034115701915,0.16100444756448268,0.002869233838282525,0.0003480260253127199,0.6921720623970031,0.11895206198096275,0.004747856943868101,0.0012502831959864125,0.0,True
00:18:18,5c41c28e896e090001c03bb0,,0.4277187825984125,,-90.19731631327335,-506.6795,1.7025566000000003,0.7238813000000001,2.1102814999999997,0.8177878000000001,-1.2600486000000002,-1.4348178,0.36799109999999996,1.6398176,0.6026489,-1.4546583999999998,-1.7931694,-2.0790234,-3.3459887999999998,-0.7939565,2.5346181,2.8978484,0.14153971,-2.3653672,-1.8497898999999998,0.07796394,-8.565575509324405e-08,0.0015718407548666305,,6539.3342707687325,6589.988303554698,10.986729505605103,9.829979183660855,11.022560813227555,15.067251220537386,20.740929808316885,13.00714771408746,13.670722065437355,0.23385050000000002,14716.238839285714,0.040733245481927714,0.0,0.0,0.0,0.2010711506009102,0.007329796510748565,0.02435552664101124,0.014902725815773009,0.00407193036080571,0.1735432604327798,0.5694779366254806,0.0052476721932180215,0.0,False
00:18:19,59278c090220760001fda664,116.12131689314194,0.8240731113454878,1.7497014861610676,-18.808869013997022,-253.61047000000002,200.91212,1.4880561,12.197878999999999,2.2015612,-3.705336,-6.9030137,-5.098965,3.4607365,-3.8190817999999997,-17.326664,-6.4804235,-16.059559,-24.178526,25.062494,-4.0888624,-19.971346,-2.6063998,-13.008577,-21.060844,1.5170125,-0.0001486352930978555,2.455098391395067,27.91779485682862,1223.1916018080913,1347.3346210149946,15.65013645944628,11.35729387433722,14.647697427239098,18.67306342595697,23.382584467394004,30.700965492634296,29.86036247828879,3.6475494e-06,2422.96875,0.043896484375,0.0,0.0,0.0,0.018430410698056218,0.2885947212576866,0.0030708229867741467,0.00020279850141378117,0.5547819614410401,0.1289924494922161,0.004765575705096126,0.0011612914444413035,0.0,True
00:18:19,5c41c28e896e090001c03bb0,,0.8314870657403678,,-72.51337750969489,-496.73846,23.762815,1.4208548,-1.2273687,-2.5445242,-2.0817976000000002,-0.8881167,-0.24344814,-0.25411615,-0.10089522599999999,0.5883969,1.2171931999999999,18.832035,13.751663,10.255332000000001,8.319417,7.1988187,6.408484,5.5462622999999995,3.9703968,0.33086750000000004,-8.149550528579253e-07,0.013359572003578535,,5035.603543830375,4029.987130662871,14.16029297220568,11.259538164968214,12.632170025776073,19.381618445603713,21.587602214596686,15.936328838926249,16.301842620539546,0.025926795,8843.671875,0.02984375,0.0,0.0,0.0,0.1601394422352314,0.009220672224182635,0.016107967868447304,0.06096936780959367,0.036059082904830585,0.07533574104309082,0.6400030076503753,0.0021646986715495586,0.0,True
00:18:20,59278c090220760001fda664,133.6289335785284,0.8470493488547778,2.6816288212616577,-28.972358999061125,-333.39847000000003,143.75357,-2.781125,-1.0211270000000001,-3.4044754999999998,-0.58893526,-1.8997397,-2.3819852000000004,2.992739,-0.36104015,-10.249044,-6.115058400000001,12.737994,0.95319563,18.993376,5.7073507,-9.213047,-9.71906,-21.13566,-20.118298,1.3236523999999998,-6.68027818083125e-05,1.1030434732797725,18.010401252983087,1802.1477246773447,1960.8341663047781,14.133851983034008,9.587532259246649,14.892474385266235,16.736084839327308,22.991608101525358,28.03527578182043,28.657953749304088,0.0005533701999999999,3324.375,0.06314453125,0.0,0.0,0.0,0.016545231826603408,0.23302898406982425,0.0034178112866356967,0.0002449980151141062,0.6134364008903503,0.12718193233013153,0.0046659630956128245,0.0014786675688810643,0.0,True
00:18:20,5c41c28e896e090001c03bb0,,0.8039443765407808,,-100.99578340442595,-507.18484000000007,3.1297933999999996,2.9004095000000003,2.8530729999999997,2.8017516,2.7465806,2.6877098,2.625295,2.5595024,2.4905082999999997,2.4184932999999997,2.3436467999999997,3.12269,3.1108708,3.0943708,3.0732312000000004,3.047513,3.0172832,2.9826255,2.943632,0.13400064,-1.8926398995391312e-08,0.0003771955325110541,,6750.325237794127,7801.968970061352,8.473908578664599,6.7644288330629285,8.242360482922894,10.137545407479905,11.555456569036643,11.341118971906669,12.499412039816905,0.43757018,16144.577205882351,0.010368049918831168,0.0,0.0,0.0,0.36075379252433776,0.010402108542621136,0.036257104389369486,0.010457767872139813,0.0021634111646562813,0.1944081708788872,0.3830106258392334,0.00254705076222308,0.0,False
00:18:21,59278c090220760001fda664,112.03985703762243,0.5820197332003779,1.1601710403751786,-29.611131588439747,-330.08716,125.02201000000001,-2.1240082,1.9855099999999999,-0.90829283,-5.551218,-11.308135,-7.121077499999999,5.879131299999999,0.3911355,-15.881185,-10.179848,-1.8291025,7.245636999999999,18.099483,3.8782766000000004,-13.62205,-6.669296000000001,-6.2485003,-9.967711,1.5157583000000001,-5.606020258827899e-05,0.9488302831096972,16.729863543418908,1858.7557606333194,2576.516016759235,13.799284432258455,10.474200728629302,14.04705223149784,14.804193482089444,21.339842195227952,27.37646142350545,33.107286368430785,0.00024234556,4081.875,0.096484375,0.0,0.0,0.0,0.013410856202244758,0.2438441574573517,0.002305536868516356,0.00024421387061011044,0.6035808384418487,0.1311841644346714,0.0036392506444826718,0.0017909752088598905,0.0,True
00:18:21,5c41c28e896e090001c03bb0,256.7339106397393,0.5522595482314238,0.4064701414925556,-45.97587134512944,-412.12225,69.89453,6.071657,10.742861,14.441172,0.563346,-6.2004585,-1.2128023,-2.4076798,0.030371621,4.0017343,1.4915798,-14.781425,-18.191145000000002,-9.656835000000001,-7.8356647,-9.46522,-12.950366,-3.0826101,7.179858,1.2477421999999998,-3.951785674495656e-05,0.6577901608231953,30.52760543937261,2123.1170270284456,2101.487896769116,11.645922636882705,10.838143214910321,17.01806535321439,20.189243538784385,20.79010853217639,22.730512739336408,28.40049014276529,0.03271415,3329.799107142857,0.0611198580994898,0.0,0.0,0.0,0.29622966051101685,0.009862550534307957,0.029763380764052275,0.01002161088399589,0.0026786527887452394,0.3724296260625124,0.2687806598842144,0.010233853216050193,0.0,True
00:18:22,59278c090220760001fda664,193.26416506924076,0.32728477089323965,2.4041983890432443,-41.6918245119772,-371.19315,78.92843,-0.32148895,3.0819452000000003,2.7117142999999997,2.4027786,-3.2948190000000004,-6.128444,1.4692047,2.8378513,-1.9715593,-1.8104584,-5.616384500000001,10.437102000000001,-2.7536812000000004,-4.9901123,-13.297979000000002,-9.678394,-11.687259,-12.69134,1.3566583,-7.659396563272701e-05,1.2980185650101306,31.41459350740202,3396.0222316896975,3579.6188879918345,13.045887766155026,10.114452380600566,13.552890128760215,17.052275677946483,18.369282049474602,22.961462028500886,31.312322188804803,0.0026106143,6969.375,0.1024267578125,1.0,0.0,0.0,0.03197568729519844,0.21188039481639864,0.005669405171647668,0.0003086418801103718,0.5956933319568634,0.14558952823281288,0.007642921200022102,0.001240070947096683,0.0,True
00:18:22,5c41c28e896e090001c03bb0,249.0451176488379,0.5773028186667915,2.6224859058518466,-56.30584243258054,-437.10065,73.42461999999999,-10.713264,-9.82451,-6.172244,-7.957313,-4.048432,-1.6039757,-4.9819865,-4.511483,-6.624594999999999,-10.061282,11.748877,6.882727,1.2131208,-7.7094073000000005,2.1021347,5.4811997,1.7132093000000002,-2.661336,0.62871134,-3.3974372536030795e-05,0.5560658408777309,33.87406969905193,3886.440826654445,2608.415659010668,12.916257036133757,14.640805785386126,13.338126140695506,17.877245379786576,16.068433463445455,17.063123523032278,22.634597071786235,0.007824653,5442.890625,0.0284033203125,0.0,0.0,0.0,0.18359019085764888,0.009072190080769359,0.0430841151624918,0.054649582458660015,0.003169495449401439,0.376425251364708,0.23165276497602466,0.098356410022825,0.0,True
00:18:23,59278c090220760001fda664,146.99435202529287,0.996396101646776,6.240955056471175,-53.77639447313924,-438.25888,54.70825,2.4947157000000004,1.6542058999999998,1.2428881999999999,-1.1347535,-6.1150036,-5.660638,-3.5523582,-2.6199027999999998,-2.3609765,-1.4633468,4.166354,7.083792999999999,8.556167,-7.1550055,-12.433514,-6.744380499999999,-3.0479592999999996,-0.47950926,0.66137964,-1.7102489633942264e-05,0.2909367401733143,48.283841863032954,2872.3344322000976,1916.563600193392,12.593053243830964,8.963856542348976,12.587253640760634,17.68203032971099,17.218213275018954,18.116209211703413,22.796293265534263,0.0005671612,2736.796875,0.044033203125,0.0,0.0,0.0,0.03349027838557959,0.22312453091144566,0.006177241634577513,0.0005204445857089013,0.5854286938905716,0.14196097999811172,0.007597837969660759,0.0016999928513541818,0.0,True
00:18:23,5c41c28e896e090001c03bb0,,0.908300126658438,,-72.6208094113775,-499.61523,10.118712,0.7417503000000001,-0.4065586,-1.3334357,2.210322,0.7074397,-4.124069,-2.3928773,-0.45326385,-4.1125064,-3.7965815000000003,0.73904014,0.7723603,1.7979528000000002,2.7657125,8.025585000000001,7.71891,-0.6200685,-2.911525,0.24367654,-6.896221697809989e-07,0.0117659753266664,,4797.321888207593,4151.524761631408,12.785905356969867,11.477079924141796,13.537698742392266,18.428180628851692,20.780176611867365,21.7392174763708,14.870653798083724,0.024327094,8535.46875,0.062021484375,0.0,0.0,0.0,0.13119917074218393,0.016394574998412282,0.03832476679235697,0.03923604243900627,0.06997648928081616,0.4250749066472054,0.18840565215796232,0.09138839738443494,0.0,True
00:18:24,59278c090220760001fda664,150.59745824238047,0.5027694332140764,4.213950173464177,-41.28012128602151,-372.16867,107.8115,5.196642,8.425475,2.058498,-2.147475,-8.488197999999999,-7.523833,1.7525077000000002,-1.1812017,-8.869337,-2.0893990000000002,-3.787054,-7.186203999999999,13.776282,0.31716385,-5.5093255,-5.566389,-16.039412,-12.145033999999999,1.0033602,-6.815680416034189e-05,1.1352756157111918,22.53424879373837,2286.044934345181,1630.629845633248,13.558943906185538,9.156567451184225,13.233181602432726,17.012083704291925,21.839173178679218,22.961022220390877,24.044026379067322,0.00033201906000000005,2461.171875,0.0422119140625,1.0,0.0,0.0,0.06224750615656376,0.3070770300924778,0.011823772778734564,0.0005022624289267696,0.44976268708705897,0.15382231697440146,0.013333176355808971,0.0014312363404314966,0.0,True
00:18:24,5c41c28e896e090001c03bb0,,0.6513597830128249,,-89.30899925786639,-506.79373,2.805991,-1.2288184,-1.4203073,-0.40794578,0.88959324,1.3544793,0.5150846,-1.1048542,-2.3904018,-2.479175,-1.4039093,1.2122933999999999,-0.10237144,-0.20483829,0.9005506999999999,2.2800481,2.7810368999999997,1.9050726999999998,0.18293959,0.12505275,-4.550636919498557e-08,0.0008779080309779442,,6616.014500433783,6366.158527144238,12.532910139638293,11.873631165584257,10.806216446189193,18.16127969987615,14.782084721951616,14.201195952188675,14.750834874784553,0.09128092,14511.328125,0.028216737689393936,0.0,0.0,0.0,0.016178722749464212,0.009369727945886551,0.031668340548640116,0.00929679125547409,0.8370637714862823,0.04888402721844613,0.026155090937390924,0.021383536607027052,0.0,False
00:18:25,59278c090220760001fda664,123.14865893925777,0.6914332020918554,2.0765527963422508,-37.304758050356774,-350.59024,112.8788,6.511448000000001,4.378291,-1.2278275,-1.1177941999999998,-5.7535253,-4.2426553,4.7019153,-1.2806868999999999,-10.877828,-0.8938423000000001,0.63981915,13.547108999999999,22.359543,2.1749775000000002,-13.698664,-12.743162,-14.136038000000001,-7.980855,1.1885495000000001,-7.872871649703615e-05,1.3152993690926562,20.732819774846725,2585.878659048521,2266.8251785245347,15.471082867735634,9.710762353211367,14.136001585685424,17.790655379535092,19.608868851691522,25.136713958061232,29.420934853365523,0.0006458188,4013.90625,0.067265625,0.0,0.0,0.0,0.05897270515561104,0.17187362164258954,0.01350815030746162,0.0009280921600293367,0.5947493433952331,0.1451596237719059,0.01200806852430105,0.002800391567870975,0.0,True
00:18:25,5c41c28e896e090001c03bb0,,0.9296369801207399,,-86.70680640995234,-505.23514000000006,9.693355,-1.702166,-2.3995636,-2.8374076,-3.0501065,-3.0869417,-3.0034645,-2.853124,-2.6802366,-2.5151217,-2.3719053,9.027242,7.9793305,6.635571499999999,5.102395,3.4950588,1.9255064999999998,0.49126518,-0.7332631,0.17415488,-1.2915257930510947e-07,0.0022100734463676246,,6192.240858052371,5341.925675103079,12.19443675016199,9.387803896125977,15.297138642840006,13.16138706082084,14.144419932132216,13.73963695159516,14.311940442975681,0.09681859599999999,12084.75378787879,0.014342645202020204,0.0,0.0,0.0,0.10057988688349724,0.05619848566129804,0.0592561025172472,0.01125685637816787,0.3988237392157316,0.28004338070750234,0.0585137921385467,0.03532775845378637,0.0,False
00:18:26,59278c090220760001fda664,103.71321248400646,0.9327185468467268,1.9749516488656211,-41.45287882994458,-379.2354,96.81779499999999,3.2292187,3.1026177,-1.1102145,-2.8465664,-3.7617964999999995,-5.2785839999999995,-2.7562877999999995,-1.6614069,-2.849446,-1.575907,22.06077,9.124139999999999,-11.197073,-4.400424500000001,-0.24826871,3.2972105000000003,-5.917266400000001,-7.9313226,1.0435172,-3.785920173252771e-05,0.6425725025244721,15.097869067682021,2854.350612001449,3155.3258892309086,12.422901608256508,9.189379062744086,11.75801736198964,16.047764915649175,19.101889536317767,24.081280879325586,31.096573137023057,0.0010926428999999999,5736.328125,0.0995751953125,0.0,0.0,0.0,0.18347813598811627,0.1097284022718668,0.04726366540417075,0.005337509769015014,0.4219711542129517,0.1983564928174019,0.028469529189169406,0.005395117407897487,0.0,True
00:18:26,5c41c28e896e090001c03bb0,245.4156932235204,0.7752015387607961,2.170161854469637,-63.31453407087842,-381.3715,150.31866000000002,-5.6234746,-6.7245474000000005,3.4867508000000003,-4.5699606,-10.784441000000001,0.093821235,0.8152116,-6.5592613,-6.576145599999999,-11.063114,-41.12726,-3.6169121,-4.518978,0.45222548,-2.959938,-13.187235000000001,-20.535782,-10.853756,2.2601707,-0.00011344783817288976,1.891838542618299,14.781901869309973,4251.790393492814,3739.898338642508,11.982569029126768,9.534681880700447,14.38041728758477,13.077019530460587,16.462629980460466,16.261634547348386,24.1072801354953,0.14183573,8069.53125,0.031692859738372096,0.0,0.0,0.0,0.04241538033820689,0.06817365624010563,0.011501872891676613,0.004926779532979708,0.6827220074832441,0.1460037549957633,0.02549589939881116,0.01876064472598955,0.0,True
00:18:27,59278c090220760001fda664,,0.7264829142432597,,-57.80910371049075,-471.29004000000003,45.68249,2.760967,1.7334558,-0.267269,-2.4222083,-3.9858806,-4.399902,-3.5230900999999997,-1.7745944,0.026761401,1.0893233999999998,30.249385999999998,11.881866,-2.711239,-9.819144999999999,-9.781151,-5.6765275,-1.0070362,2.0018344,0.52309483,-1.6279691306103452e-06,0.02682894503067098,,2732.1824295884044,1350.3371046133009,11.939802150302857,7.688134287189532,10.59918809943904,17.532627501067555,18.028684578671264,15.894220824923801,18.920582957330044,0.00040922532,1614.609375,0.026796875,0.0,0.0,0.0,0.08723394628614188,0.12852420657873154,0.052149956300854686,0.003674835732090287,0.5568239524960518,0.12220744788646698,0.04203043468296528,0.007355225714854896,1.0,False
00:18:27,5c41c28e896e090001c03bb0,162.04576801798055,0.8248063528355407,5.425668093200763,-44.686881617243316,-392.84262,87.58195,-8.514826,-6.3218445999999995,0.9371659,-5.2399583,-10.542942,-0.9623065999999999,2.8140585,-3.4079626000000003,-6.8468833,-7.26888,-14.1285305,-11.076891999999999,10.815495,7.6743383000000005,6.2504277,-5.581746,-16.293877,-10.306467,0.7264712,-3.811308332952584e-05,0.6295882274869645,12.680376011682752,2239.321943856879,1892.5991034351605,15.977493464855721,12.082186701715644,14.643395209140241,15.244580650440204,20.876311250942518,19.02849837238235,25.932253671250926,0.0012046734,2752.265625,0.0525830078125,0.0,1.0,1.0,0.03819840140640736,0.032045189372729516,0.006593466561753303,0.05335649502230808,0.2908070987090469,0.3023213349282742,0.2487494066357613,0.027928582509048283,0.0,True
00:18:28,59278c090220760001fda664,325.7794662599278,0.8936455136345041,3.4828446151339465,-48.67145876698358,-432.4438,77.78712,4.9169397,1.0338314,-0.94702107,-0.8301371999999999,-3.7785811000000002,-3.9589152000000003,-1.0060102,-2.9545507,-5.0728444999999995,-0.7745871,29.540545,7.3412023,0.26233375,-8.627919,-12.826130000000001,-11.170322,-6.652081,1.2855481000000002,0.8697865,-1.4015489458731409e-05,0.2323990454956988,28.718408959395827,2169.762656098876,1349.1183520768711,12.884419949677305,7.8161366041144476,11.500918125846713,17.818746519216873,18.721664814030454,18.304234473159003,22.45452357575875,0.0002378277,1961.25,0.0321484375,1.0,0.0,0.0,0.1144845912232995,0.05029880031943322,0.053345046890899535,0.011234467453323304,0.5858445875346661,0.11622889041900634,0.03988815790507942,0.028675458417274056,1.0,True
00:18:28,5c41c28e896e090001c03bb0,249.63786845823338,0.6101397624955447,4.137100503093668,-17.869030061918647,-179.14153000000002,159.67361,-12.81803,2.0651015999999998,7.3442289999999995,-9.268663,-2.9151783,-2.0067656000000005,-4.4828863,-0.4448712,-3.6741915,-15.469192000000001,-48.49713,17.426470000000002,-24.396079999999998,-10.3817,2.4233177,-10.769527,-15.219444000000001,-6.5360723,2.0624637999999997,-0.00023251330917720391,3.9656713418166674,9.698532804986886,2242.6844011732405,2468.822853975119,13.493626428418686,9.77620814453608,13.303224406703512,14.667338692844414,20.316413648579534,20.12257459399602,46.97848316666065,0.00027335787,4297.265625,0.08,0.0,0.0,1.0,0.021168978279456498,0.012682718969881535,0.027924393909052013,0.12072885567322375,0.37714274041354656,0.10109657645225524,0.25981294848024844,0.07944277096539737,0.0,True
00:18:29,59278c090220760001fda664,,0.7101106555204025,,-58.31828187183818,-473.8477,42.617878000000005,1.8824104,1.2314326,-0.8962793,-3.0397716,-4.1055274,-3.8491342000000004,-2.7977244999999997,-1.733573,-1.1635396,-1.1357743999999999,28.411686,10.979410000000001,-3.732964,-11.97418,-13.251826000000001,-9.66129,-4.3333373,0.009122787,0.49564388,-1.4022163820540958e-06,0.02313946566211904,,2784.2243928803887,1336.3729108937634,13.650735328010596,8.715683115487897,10.721351907253663,20.161830867845552,15.975324584135768,15.30255742763642,19.014980317975297,0.00031879172,1275.703125,0.0268359375,1.0,0.0,0.0,0.11835919418372215,0.09972644969820976,0.035209353733807805,0.005429500016907696,0.5733098402619362,0.1340501792728901,0.024105400824919344,0.009810077416477724,1.0,False
00:18:29,5c41c28e896e090001c03bb0,168.6823595074018,0.9240658223551874,1.6464571015885254,-17.276650504685605,-200.24445,156.49368,-3.1489244,-1.4835788,3.8127105,-4.7279983,-1.3318466999999998,-1.6925516,1.2256058,2.2200403,-2.9746633,-12.942701,-38.590675,15.819497,0.18081076,9.844924,-4.567058599999999,-15.437076999999999,-21.559326000000002,-6.068487999999999,1.6858692,-0.0002303081408205893,3.8848863136113136,15.90498470330899,1936.298586488348,1802.7924406300344,14.374394486338437,12.442547151973267,17.82024058864145,15.792184108130524,22.400212564924264,20.67388478427997,40.20603349440202,1.6353799e-05,3177.890625,0.0418408203125,0.0,0.0,0.0,0.02990103792399168,0.0019722045137314124,0.03011322340462357,0.18839468993246555,0.10953655308112502,0.0156757359392941,0.6125556975603104,0.011850852193310855,0.0,True
00:18:30,59278c090220760001fda664,,0.7307611789000547,,-58.523793697780114,-474.6389,42.08504,2.1154482000000003,0.9427242,-1.6272440000000001,-4.0823,-5.3410683,-5.1095777,-3.8158337999999996,-2.2606938,-1.1910281,-0.9802941999999999,29.213504999999998,12.964748,-1.3439219,-9.90428,-11.722777,-8.50349,-3.3831692,0.6889553,0.48202175,-1.372348235892742e-06,0.022609505885527653,,2820.905948761681,1315.4977718207695,14.53983159980474,8.441028651419812,10.360516614673976,19.139359692843488,16.895261275354635,15.272881677775494,18.585190212909307,0.00035322324,1257.65625,0.025390625,0.0,0.0,0.0,0.23130518961697816,0.05240836590528488,0.05685641642194241,0.014201761008007453,0.5166314005851745,0.08922521136701107,0.024941354570910332,0.014430304476991297,1.0,False
00:18:30,5c41c28e896e090001c03bb0,139.7122030545757,0.6938061881120585,0.3613645075592639,-35.037043704050475,-332.07294,97.68881,-10.408191,-10.780622,9.744871,4.225639299999999,-6.1593957,-4.0994019999999995,-1.4867114,-1.0258851999999998,-2.8895,-6.6462639999999995,-35.461529999999996,10.795777000000001,14.792665,5.8683615,9.310058,2.293688,-2.3584218,3.5631239999999997,1.4666165,-0.00010489361997950448,1.7618587979475957,10.371425455350947,2177.9962432341445,2735.853086355255,15.044931936190874,13.35443142188937,15.013124699210891,16.86866426975714,20.533423664372147,22.60389600690722,34.411651774086344,0.0023358802,4357.5,0.09390625,0.0,0.0,0.0,0.033567107003182176,0.005412871674343478,0.02082248463993892,0.24380644438788296,0.3184959426522255,0.02444297294132412,0.32691737562417983,0.02653477280400694,0.0,True
00:18:31,59278c090220760001fda664,,0.728485083550414,,-52.03395674239288,-452.3581,67.04194,2.9550915,1.0418769,-1.8307301999999999,-4.338068499999999,-5.680517,-5.444912400000001,-3.6228206,-0.93422574,1.3137697,2.1044202000000003,39.326187,9.885488,-9.467941999999999,-15.792298,-13.070503,-6.834378200000001,-0.97310436,2.495339,0.6610564,-3.0580559485467016e-06,0.0501291144300958,,2082.5930127826896,1100.4111995514402,11.841849807471824,8.676163707408023,11.798764400144654,18.914934715562627,19.989190971460506,16.865191980726017,19.58302833500465,0.00012980944,1272.421875,0.0280908203125,1.0,0.0,0.0,0.3736825257539749,0.05095416558906436,0.0966729011386633,0.02807129598222673,0.2716676051728427,0.10042094178497793,0.058692838065326214,0.01983773331157863,1.0,True
00:18:31,5c41c28e896e090001c03bb0,163.52935534062226,0.448204935165483,0.6216291014352031,-36.64229776188379,-264.01865,157.37833999999998,-10.187055,-3.6476462,0.1112737,-4.8171225,-0.45937124,-2.6517017000000003,2.1845484,1.5477043,-7.734329,-11.148923,-65.325806,27.67502,2.6588726,0.47037372,5.4591449999999995,-22.463795,-23.242937,-8.083102,2.1528177000000004,-0.000169995785392748,2.8956040190181804,20.845880172876264,3267.3855955728404,3670.616089378617,14.053128873534341,11.191344990091725,13.776439785534372,13.328078903903814,17.72924595145431,17.921050831167648,37.04463144240008,0.033628423,6958.359375,0.0931494140625,0.0,0.0,0.0,0.04196761678904295,0.024389428738504648,0.031783701200038185,0.1758190813474357,0.23844007700681685,0.12831017561256886,0.2279685016721487,0.13132141281384976,0.0,True
00:18:32,59278c090220760001fda664,,0.7465412559177373,,-55.01296536766056,-466.14102,51.88578,2.662635,2.2927876,0.24661322,-2.3882048,-4.514047,-5.3489127,-4.7836739999999995,-3.4563203000000002,-2.3522347999999997,-2.1482248,33.604915999999996,11.608458500000001,-6.2355279999999995,-15.340817999999999,-15.72202,-10.68361,-4.303943599999999,0.52279234,0.5455258000000001,-1.9298568187074226e-06,0.031685937697706584,,2397.1630530168422,1156.4299605442275,13.787590751187494,9.42734439173619,10.877627550507603,18.323204843720642,18.47011145586512,15.872304723543115,18.894305867023007,0.0001676558,1155.234375,0.0266943359375,1.0,1.0,0.0,0.20400113258510827,0.0714704941259697,0.07627398064360022,0.06675664694339503,0.30385317634791137,0.18261793628335,0.05171313141472637,0.043313491910521404,0.0,False
00:18:32,5c41c28e896e090001c03bb0,149.7336272812359,0.8611961311030826,1.2869158643715906,-22.100169893868017,-275.51184,136.28963000000002,-15.711685000000001,-18.43692,-0.77578276,4.9323115,-0.3192993,-2.302059,2.8569732000000005,3.9074273,-7.762217999999999,-13.377711999999999,-31.221671999999998,38.488663,32.924377,-8.360922,-4.1179056,-22.762293,-11.064665,5.492928,1.7975237000000002,-0.0001251343007044862,2.102577470369691,14.820501376924328,1622.6620088324291,2362.0975048603505,15.400305052249374,12.817152175126555,17.364724094764025,19.321647888983268,24.725231471277976,20.631560932496477,39.81259231638926,1.78003e-05,3783.75,0.083134765625,0.0,0.0,0.0,0.06679827645421027,0.006247134320437909,0.05641080942004919,0.2539188651368022,0.02150513743981719,0.12875206507742404,0.3008526252582669,0.16551508344709873,0.0,True
00:18:33,59278c090220760001fda664,,0.7470258531281961,,-53.80686334157062,-456.7828,62.091263,2.0873628,0.51227283,-1.833451,-3.9261975,-4.633661,-3.5873019999999998,-1.571253,0.12387198,0.71185666,0.28680807,37.151340000000005,9.964807,-8.254741000000001,-13.813332,-10.397138,-4.269091,0.31042567,2.2454487999999997,0.62799335,-2.7001505073975025e-06,0.04422977091613376,,2210.433257177135,1131.5301451330836,11.662598898981011,8.373420475322183,11.323576793268359,17.773507031649896,20.643035770666994,16.55373090492241,19.55391774688668,0.00019723379000000001,1290.703125,0.0274658203125,0.0,0.0,0.0,0.2293801713734865,0.019894903479143976,0.08865654999390245,0.040266622276976714,0.4032510467804968,0.14011130705475808,0.028873056918382645,0.0495663189329207,0.0,True
00:18:33,5c41c28e896e090001c03bb0,146.194375669328,0.6539852579296807,0.4116806298526205,-22.52711293395016,-258.93155,142.79187,-9.100246,-3.450689,4.6173263,-2.8850057000000002,-6.879424,2.3247150000000003,4.690641,-3.4713464,-11.060566,-14.440237,-42.391259999999996,-0.111328825,2.8468373,0.46983755,3.0525625,-11.088197000000001,-11.292957000000001,-6.967739599999999,1.5697124,-0.00015155512582095882,2.533633589564464,9.41900374205382,1621.3990262875345,2623.4552474405677,15.563002470491767,13.738589972908676,16.514517054606376,19.082965677841674,22.973229682716298,22.906340291699557,38.325704997188794,8.8138455e-05,3795.234375,0.099892578125,0.0,0.0,0.0,0.11428201757371426,0.010318544390611351,0.04374348884448409,0.09779235124588012,0.087239945307374,0.16904430501163006,0.43327528089284895,0.04430404119193554,0.0,True
00:18:34,59278c090220760001fda664,,0.6930436800309989,,-53.58814226384451,-455.96322999999995,61.921356,2.699908,2.445736,0.03827037,-3.0587265,-4.997864,-5.097329599999999,-4.111217,-3.137709,-2.4822862,-1.708796,34.811690000000006,7.651428,-8.078137,-11.487848,-8.5833845,-4.7954407,-1.715861,0.9352875,0.6396669,-2.7998539514275573e-06,0.04592145177825312,,2318.567627675185,1184.2133328779935,12.909334437564347,8.177849729773062,11.694931785564703,19.100149743123392,19.034266853849406,16.72241695313435,19.236412522987578,0.00019913855,1265.15625,0.027373046875,1.0,0.0,0.0,0.27232388891279696,0.031710807769559334,0.10562934819608928,0.0478440014179796,0.3587242282927036,0.13013121485710144,0.02709728656336665,0.02653919487493113,1.0,False
00:18:34,5c41c28e896e090001c03bb0,132.72388177692437,0.9525764588375888,0.4737689281759193,-58.56672796725282,-446.45044,72.05729000000001,-6.554737599999999,-3.3848321000000006,0.8742390999999999,-2.3537536,-6.0528325999999995,-2.3792253,1.1712651,-1.9119066000000002,-6.797583599999999,-5.5337486,-16.608398,-10.872877,23.186761999999998,20.048385999999997,1.135828,-3.054007,-0.27649358,-3.2110846,0.48267528,-2.7990767953346227e-05,0.460733807296704,15.68643270931309,3487.613498508984,3486.0907802627394,12.798779528922953,12.628557089948954,13.246956759407224,16.758076757955465,19.510642760123048,24.13280855910599,21.624306228223467,0.014769052,6385.546875,0.0915576171875,0.0,0.0,0.0,0.016569220600649713,0.022909463988617058,0.005214275722391903,0.07690777267271187,0.6521371439099312,0.044694488495588304,0.15598943196237086,0.025578200235031545,0.0,True
00:18:35,59278c090220760001fda664,,0.7714493301991324,,-53.6057694409353,-455.51552999999996,63.429916000000006,3.1473222,3.5670165999999996,2.1805866000000003,-0.4082028,-2.5400984,-3.094233,-2.3715319999999998,-1.3986694,-0.74987936,-0.3002161,37.82139,10.939950999999999,-5.894298,-10.2971325,-7.307296000000001,-3.0507400000000002,-0.19372573,1.6768769000000001,0.6092943000000001,-2.8371489583069387e-06,0.04645554379943213,,2260.198235236285,1143.192399504769,12.486131883240736,8.160270659861839,11.103443525330126,17.71372503423417,19.296983754834088,16.7766729510259,19.15289550967386,0.00022699340000000001,1342.265625,0.0262841796875,1.0,1.0,0.0,0.07105404889443889,0.05084966425783932,0.008420271470095029,0.0163577091996558,0.7889604166150093,0.036698673036880784,0.01712791530881077,0.010531335143605249,1.0,False
00:18:35,5c41c28e896e090001c03bb0,150.42319840584008,0.5490933004450176,0.8506433356641976,-28.49281298675497,-237.42299,134.60577,-13.644460999999998,0.60484505,3.6496038,-2.5293715,0.20119523,-3.1914860000000003,2.701441,3.3915254999999997,-4.682067,-11.673664,-74.921196,13.869538,-17.558467999999998,-11.296044,4.279529,-19.297762,-13.748284,-4.3087745,2.0918436000000002,-0.0001773185845136768,3.0778811965182666,25.351066763339663,2569.2575957099148,3561.829738723482,12.702080924076444,12.317758229539988,12.922288181690526,15.032429194691053,17.68147616961512,21.62038353957152,42.31640671062446,0.018451722,6044.765625,0.107958984375,0.0,0.0,0.0,0.0022827410211903047,0.0012833015854994301,0.0004419651901116595,0.05284803336253389,0.8854680746793747,0.0020939843147061766,0.011933706229319795,0.04364820490591228,0.0,True
00:18:36,59278c090220760001fda664,,0.7291151818562231,,-54.474579469114005,-461.46762,58.03241,5.006787999999999,3.8537405,0.8292828000000001,-2.3888001,-4.2262793,-4.072411499999999,-2.4994322999999996,-0.65702873,0.581693,0.99486333,38.755043,15.988892000000002,-2.0351932,-11.036133999999999,-11.535842,-6.961935499999999,-1.1125249,3.3172247,0.57380056,-2.171146710468829e-06,0.0355912628969296,,2327.2552873847517,1093.0283302681582,13.159993351177926,8.393590626402158,10.569784023327507,18.714103907322077,21.02306889395685,15.829413076190233,18.585913122818,0.0001699684,1132.96875,0.025068359375,0.0,1.0,0.0,0.03186956649878993,0.028845670411828905,0.10231744101911318,0.0024536930141039197,0.7934434801340103,0.02613356406800449,0.010224605014082044,0.00471195041172905,1.0,True
00:18:36,5c41c28e896e090001c03bb0,173.36902612320262,0.7948278524977591,1.6522858992049665,-60.90490321097721,-405.3734,63.57708,-14.526601999999999,2.455905,6.488761,-5.076903,-1.3772213,0.6430415,0.42425433,1.9589461,-5.672254,-8.806523,-50.110863,14.156954999999998,-5.1726775,-10.714184,10.711078,-20.615617999999998,-9.965564,0.15758646,1.398417,-4.555235769560207e-05,0.8136414369776738,27.21759605849727,3910.168061973188,5681.789854432911,13.059167819813895,9.317721343450104,10.786667571433034,12.782761951581866,16.13451513951499,20.360784840286172,31.27905389846956,0.11434024599999999,9733.42803030303,0.13889382102272727,0.0,0.0,0.0,0.028091103909537198,0.013808375073131174,0.04600298905279488,0.033162672072648995,0.7522552907466888,0.03473545615561306,0.023103331681340933,0.06884079873561859,0.0,True
00:18:37,59278c090220760001fda664,,0.7088584756039179,,-59.78578545834674,-478.69907,37.147465000000004,2.1164985,1.7969804,-0.18319227,-2.566259,-4.1887016,-4.4518633,-3.4655359,-1.8576511999999998,-0.38608083,0.43419883,26.322205,12.453738000000001,-0.11771766,-8.140875999999999,-10.520524,-8.33346,-3.9693693999999997,0.065186486,0.44902122,-1.2026762153750143e-06,0.019854922855875347,,3017.8206657771343,1419.2639868022732,12.264555018551896,8.026401461405097,10.81406137035344,20.153429007866787,16.51442722458985,15.391482959585733,18.538786010625202,0.0004613350599999999,1424.765625,0.0259912109375,1.0,0.0,0.0,0.005188210401684046,0.015332911299386371,0.0006330615627424171,0.002550486824879449,0.964505798286862,0.006268030459371706,0.0023616541487475238,0.0031598445655415873,1.0,True
00:18:37,5c41c28e896e090001c03bb0,162.92310670828934,0.7382710577842753,0.8404976207997287,-14.431014078758786,-163.05312,164.03687,-18.597551,-14.867085000000001,5.5271870000000005,-3.5420775,-5.373899,-2.4049275000000003,2.734178,-3.0748892000000003,-8.445439,-11.95064,-54.301426,32.130295000000004,15.362364000000001,5.397584999999999,-8.809214,-10.700277999999999,-11.937816999999999,-1.1646925,1.830081,-0.000248166825150211,4.216240401999107,18.180888805020746,2152.2739572348764,2177.12281261497,16.43289361768911,12.704996325585249,16.686208973877868,15.007684385585378,20.083716452417907,20.85272675255448,43.8895533510971,2.144367e-05,4022.34375,0.0499560546875,0.0,0.0,0.0,0.008098749700002373,0.0061016571009531615,0.004518941452261061,0.011134559905622154,0.9137324035167694,0.01095841417554766,0.010759234195575118,0.03469604509882629,0.0,True
00:18:38,59278c090220760001fda664,,0.7651386262848813,,-60.432512917312174,-481.81406,33.327557,2.3768387000000004,2.3947368,0.4404973,-2.2850113,-4.5279818,-5.50344,-5.093716000000001,-3.7196211999999997,-2.0288508000000003,-0.590695,23.951952,11.675984,0.15355304,-7.629814,-10.350007000000002,-8.601077,-4.381551,-0.10812257,0.42076883,-1.0191899551161242e-06,0.016875226308981996,,3132.3659771808257,1463.9194836177207,13.315707359299855,8.29646106054531,11.295771695041742,21.111147163663823,15.209279533420641,15.04459505648182,18.57930637550916,0.00046433354000000005,1359.84375,0.0257470703125,1.0,0.0,0.0,0.05410578065784648,0.03841497296234593,0.14402865411830135,0.006167453763191588,0.6894401207566261,0.036121160117909314,0.024984621186740698,0.006737219518981874,1.0,False
00:18:38,5c41c28e896e090001c03bb0,159.56514940590202,0.8849907326422021,0.6604331891831253,-21.32583420255035,-220.49942000000001,153.6595,-7.665794,0.38681597,10.203656,-1.5368857,-5.359175700000001,-8.728757,-5.363636,2.0941489,-1.6771015999999999,-7.7554674,-45.010387,11.438442,1.5749052,-3.929821,-8.27101,-21.646385000000002,-14.574187,-0.71279806,1.9042677,-0.00019905022515304658,3.3580902909388137,15.6530861132905,2026.2321953660207,2103.921333307097,16.11022137931292,12.193791718613932,16.558155478860165,18.491917022566508,21.101890178717614,23.49464719796926,41.04407766730145,0.00018961386999999998,3676.640625,0.059951171875,0.0,0.0,0.0,0.01861784034117591,0.0030473345196696754,0.006164664890093263,0.20576778193644715,0.5877183724194766,0.08266903175972402,0.036884910566732286,0.059130073664709924,0.0,True
00:18:39,59278c090220760001fda664,,0.7331614557447592,,-59.35747413988386,-477.96704000000005,37.897853999999995,2.7535105,2.0248017,-0.47928193,-3.2451665000000003,-5.0325809999999995,-5.324647,-4.3403425,-2.734076,-1.2115028,-0.25317395,26.316227,11.495128,-1.8478605,-10.127464999999999,-12.128219999999999,-9.108692,-3.862229,0.70206946,0.45796806,-1.2562035940421978e-06,0.02072811606256524,,2956.3964842886853,1407.8566221548724,15.279696124521992,8.038356003064616,10.434888589692218,20.822502018799515,15.77727433652226,15.353393034976964,18.783430026263886,0.00043391785999999995,1366.40625,0.0263623046875,0.0,0.0,0.0,0.08371931384317577,0.041564078675583004,0.06550806719751562,0.004428032141731819,0.7437192752957344,0.042554616415873166,0.013727250567171723,0.004779395565856248,1.0,False
00:18:39,5c41c28e896e090001c03bb0,181.61125760973454,0.9467001453393372,0.5034573623097229,-18.853254020300298,-198.76834,112.30731999999999,-9.026438,-0.2446106,1.6013873,-1.4301414,1.9007022,-13.716776999999999,-9.211008999999999,0.57941055,4.2953806,-7.87592,-73.64368,33.881159999999994,-18.461354999999998,-7.629194999999999,11.068123,-14.530070000000002,-12.507646000000001,4.3928585,1.7887457999999998,-0.00020501363453321537,3.555894652096808,20.671999065950764,2230.14064565858,3440.3762215426245,14.591645581070102,12.847530530230946,18.34296664453755,17.680879595954938,23.629435285568128,21.296572692435475,48.185729995518805,2.8173287999999997e-05,5302.265625,0.124443359375,0.0,1.0,0.0,0.03686010052583048,0.003170486163331329,0.006499056729288506,0.2483649915749473,0.41305449285677504,0.06796878702672464,0.10836294692541873,0.1157191595993936,0.0,True
00:18:40,59278c090220760001fda664,,0.7110106036102012,,-60.04441772129325,-479.68422999999996,35.836290000000005,1.918971,1.2556795,-0.9834033000000001,-3.3761027,-4.774880400000001,-4.7670903,-3.6849504,-2.2643147,-1.1972804,-0.8204799999999999,25.200907,11.517615,-0.93079305,-8.845436,-11.044108999999999,-8.593902,-3.9988977999999995,0.07634833,0.4536012,-1.173072941852744e-06,0.019370791555733787,,3048.4895374434104,1449.8606577982798,15.449930568942015,7.773694347717129,10.72736737558391,20.80019853712221,16.38068009699392,15.216100983097204,18.753308764814147,0.00048309279999999996,1424.765625,0.0266650390625,0.0,0.0,0.0,0.08149871602654457,0.038016301253810524,0.029784096800722182,0.00804971915204078,0.7704651445150376,0.04334221729077399,0.016455406579189,0.01238837807031814,1.0,True
00:18:40,5c41c28e896e090001c03bb0,138.7261484358018,0.6733691609389311,2.048236143247748,-18.1167535210542,-239.45947,180.7533,-8.790028,0.5049404000000001,7.6983429999999995,-4.2563663,2.376034,3.5827665,-9.303312,-4.745193,0.6361926999999999,-7.5354924,-9.528684,14.094771,6.8277826,-3.0885447999999998,-3.0273886,-25.322247,-27.061759999999996,-8.691691,1.8766813000000002,-0.00016403609065509741,2.7454436075473034,12.950559942886956,1581.3839063493551,1738.4290772410686,15.849024510260339,12.926337156207198,15.993782442818233,17.339290822779063,23.00912399259525,26.643732978988773,39.03326202547853,0.00015314459999999998,2891.484375,0.0518994140625,0.0,1.0,1.0,0.0243135597039428,0.003623763875414928,0.002874561536979551,0.07856186722508735,0.6238550361659791,0.03569540257255236,0.21055857381886905,0.02051719447546121,0.0,True
00:18:41,59278c090220760001fda664,,0.7567824668427601,,-59.59488576887352,-477.41232,38.21581,2.1223327999999997,-0.110520095,-3.1261387000000003,-5.086004,-5.118098000000001,-3.5690863,-1.5586256,-0.21412078,-0.06236243,-0.8773132,25.544635999999997,9.746939999999999,-3.7603261,-11.175722,-11.706475,-7.439586,-1.9178509999999998,1.7280903000000003,0.48534837,-1.1749730333093435e-06,0.019417727652863096,,2968.9068087174933,1404.5562794196653,14.240991577225572,7.755860965643401,10.693163693449499,21.44881205436464,15.619320022323086,14.924342183635114,18.824231214618187,0.00040667617999999995,1248.984375,0.026982421875,1.0,0.0,0.0,0.04912436325103045,0.03329226216301322,0.007221098081208766,0.0023983949533430853,0.7980207681655884,0.08558734431862831,0.02296316819265485,0.0013925935432780533,1.0,False
00:18:41,5c41c28e896e090001c03bb0,149.85204513459797,0.8769249050818771,0.6469052176859461,-21.27229430643501,-245.28412999999998,149.3971,-14.984202,-2.1098204,12.981927,-1.9600827,-8.890725999999999,-3.411258,-3.8290884,-0.9058152,-4.5364094,-11.417185,-37.35091,26.476421000000002,8.599753,-10.052294999999999,12.786565,-13.905619,-18.103045,-5.216133599999999,1.8826443,-0.00014909623544495516,2.52326456999491,16.958600208062947,1697.354143724576,2509.966142476423,16.06758867535565,13.21666768928183,15.902023771432544,16.680636341803538,21.154851364296636,23.540423445804638,41.876658393676685,2.3203616000000003e-05,3911.484375,0.092158203125,0.0,0.0,0.0,0.06703580720350147,0.03792854067869485,0.1188581964932382,0.044012109143659474,0.3323835495859385,0.2034337196499109,0.13233646154403686,0.06401160154491663,0.0,True
00:18:42,59278c090220760001fda664,,0.7166933017110764,,-58.520843263278024,-475.48425,40.668095,5.557831,3.394703,-0.60619557,-4.414265,-6.50159,-6.383015599999999,-4.6099,-2.321377,-0.61587214,-0.05105112,27.28422,10.606724,-3.6475014999999997,-11.452596,-11.894375,-7.032559399999999,-0.5005219,4.304336,0.49261975,-1.3407002410176935e-06,0.022107501284490648,,2816.683260945088,1344.5875142458874,13.221106592457287,8.81429179863415,11.416369049656716,20.49212105426137,16.774164372341193,15.090960703942885,18.769273027134442,0.00035086032999999997,1284.609375,0.0279248046875,0.0,0.0,0.0,0.032653740444220605,0.06626722440123559,0.004288663482293486,0.003034184010175523,0.8489473044872284,0.028568601142615082,0.013928299874532968,0.0023119824996683746,1.0,False
00:18:42,5c41c28e896e090001c03bb0,122.0766373242943,0.5121048341384655,0.8994168513227929,-27.103686890548214,-292.33847000000003,148.7774,-15.565069,-2.6250617999999997,14.099718,2.69402,-7.381079,-4.84647,-4.094937,0.82409436,-1.8745276000000002,-11.715339,-14.036591,5.2585006,-10.828069000000001,-15.820210999999999,5.506067,-8.25826,-5.970287,-2.8113196,1.8498933000000002,-0.00010320520142366364,1.7321298614854508,16.206170918221478,1905.0545107359808,2350.6461941632692,15.467016177191686,10.82691871527619,14.246694322150395,17.879924674731893,20.395872028639907,24.154500276653014,38.27997007348424,0.00083249406,3772.03125,0.0821435546875,0.0,0.0,0.0,0.08398158904165029,0.033440018410328766,0.08641079906374216,0.15254296804778278,0.18563998248428107,0.2523619797080755,0.15896169915795327,0.046660995250567786,0.0,True
00:18:43,59278c090220760001fda664,,0.7347797848886349,,-57.636749422302074,-471.5988,45.665524,1.4437434999999998,1.0110887,-0.85842603,-3.249936,-5.099158999999999,-5.585221,-4.5280404,-2.4823868,-0.40484047,0.8845833000000001,31.17874,13.563123000000001,-1.1043504,-9.225762,-10.665384,-7.764032,-3.4993339999999997,-0.08682444,0.51689,-1.5783765375036396e-06,0.02595621400062336,,2688.4172623049635,1261.790165974958,13.62330363692724,8.349790304037754,11.02616821786386,19.615692583643668,17.534975662134492,15.70070408072691,18.504846602537263,0.00031201966,1266.796875,0.02482421875,1.0,0.0,0.0,0.03828209582716226,0.06977875903248787,0.00847011194564402,0.002189892763271928,0.7950060367584229,0.05239725261926651,0.03237185152247548,0.0015040224156109615,1.0,False
00:18:43,5c41c28e896e090001c03bb0,149.9731473482091,0.7567915466380559,0.5571719268912241,-33.01263844868932,-308.9026,132.86128,-11.015014,-7.220864,7.881511,4.80759,-1.3237771999999999,-3.7132716,-2.656315,1.5582833999999999,-5.095680000000001,-10.618314999999999,-19.889925,0.88599676,0.0718109,-1.4757444,3.9777430000000003,-4.521911,-3.0477679,0.2164547,1.4013631000000002,-0.00011098622505178723,1.8554873813635624,15.759306724650765,1973.4129948786715,2148.5856399244917,13.576797336293593,10.19342538743906,13.246895254866535,14.778486291557027,21.19381828685673,23.58177591583082,31.99209956658815,0.0012135457000000001,3429.609375,0.0674169921875,1.0,0.0,1.0,0.016345635475590824,0.021630573616857874,0.02785104491049424,0.2392948132008314,0.24609906859695915,0.03305145241320133,0.16339208148419854,0.2523353483527899,0.0,True
00:18:44,59278c090220760001fda664,,0.6848745135583857,,-57.2957709317452,-470.4463,43.414318,3.6304023,1.7110661,-2.482872,-4.050194,-6.089268,-5.1226616,-2.7114127,-0.8670053,1.3276746000000001,1.1337107,28.558009999999996,10.899146,-7.0774919999999995,-11.755325,-12.076496,-7.6692184999999995,0.008213865,1.9825131999999999,0.53355277,-1.7028900444061459e-06,0.02934465467483478,,3137.6115015778405,1946.034584933824,14.899301169312368,8.535613465531549,10.987998521420277,19.983837115058037,16.284062827571415,16.61740259189771,22.776611460346803,0.00047254778,2555.859375,0.0498583984375,1.0,0.0,0.0,0.02020262312144041,0.03851922322064638,0.003123300720471889,0.0007566388332634232,0.9110648036003112,0.017033647745847702,0.00843851282261312,0.0008612482459284365,0.0,False
00:18:44,5c41c28e896e090001c03bb0,136.8851945791889,0.906392109582697,0.4753221812274606,-41.543011004250594,-388.60986,80.89141,-7.6514297000000004,0.17488335,4.7777057,-0.76450706,-5.0380607,-4.3030467,-0.9263981,0.31592155,-3.064388,-6.5387154,-17.562553,-10.426288000000001,1.6427512999999998,5.785007,10.528210000000001,2.4686565,-2.6052607999999995,-5.430988,0.8254370999999999,-5.8181386858146765e-05,0.9671386970697682,10.433659896813145,2225.609577800979,2331.895354098009,14.530310124779467,12.67754342862566,13.178264473853293,19.944408018879443,23.924483855526915,24.09151272772507,29.115345746152858,0.0013115520000000001,3426.328125,0.0735400390625,0.0,0.0,0.0,0.010728205274790523,0.004688060094485991,0.011843829764984548,0.4922583028674126,0.14561347905546426,0.03300633793696761,0.1038540042936802,0.19800778180360795,0.0,True
00:18:45,59278c090220760001fda664,,0.7259942139438226,,-55.292325299284684,-464.4547,53.999615000000006,3.3098397000000004,0.6925977,-2.0779915,-3.7680154000000003,-4.1489400000000005,-3.5902796,-2.5344484,-1.2649508999999999,0.013559781000000002,1.0324311,35.085840000000005,12.567155,-5.1455755,-13.210972,-11.984705,-5.6771082999999996,0.6622856,3.8087454,0.55488855,-1.9690829395227984e-06,0.03233069837245657,,2390.7756099938965,1158.729856861856,12.9791405893508,8.820917669283894,12.081876452484515,18.730092365698773,18.755806340306435,16.404438175867725,18.759498824758925,0.00019508490000000003,1200.703125,0.0265283203125,1.0,0.0,0.0,0.015138648380525413,0.06688356474041939,0.002842594124376774,0.0007088386810210068,0.8842280328273773,0.01976879294961691,0.009063567453995345,0.0013659337913850323,0.0,True
00:18:45,5c41c28e896e090001c03bb0,249.84642935766541,0.5657929891387714,13.23808418720118,-44.47248548161932,-383.8994,69.34421999999999,-15.972539999999999,5.1607556,8.2375345,-7.0060649999999995,-5.105936,-3.213533,-1.0334609000000001,4.62895,-4.897226,-11.819166000000001,-23.07674,30.65979,-2.4129446,-1.880111,26.108597,-12.927951,-19.296516,-10.216681,1.6172893999999998,-5.140444595634824e-05,0.9401348121493456,49.86088256420826,3035.850530714986,3717.1932173224986,11.554819695185941,9.070220376267551,13.689833953514974,17.95473083086395,24.269975535135583,22.71325662297519,37.51784719624821,0.007608271999999999,6233.4375,0.1219287109375,0.0,0.0,0.0,0.03319309828802943,0.0067643346381373705,0.026823379192501308,0.4102583594620228,0.1279155133292079,0.06422332786023617,0.06487352289259432,0.2659484624862671,0.0,True
00:18:46,59278c090220760001fda664,,0.7458269829660545,,-56.4942178103691,-468.64893,48.759644,4.613816,2.398767,-1.1366513,-4.136603,-5.352385,-4.6035414,-2.6713824,-0.6885029,0.5635526,0.9720051,31.593021000000004,11.047527,-5.3748093,-13.28844,-12.73369,-7.031703,-0.43961229999999996,3.8550687000000003,0.5272859000000001,-1.8219918315140709e-06,0.029940965201926937,,2567.6151877629995,1261.024779428111,13.112619888731315,7.846553050575795,11.935579889728064,20.168433313287746,18.3575398578292,15.859137425275517,19.045638557545786,0.00029486412,1308.046875,0.0283544921875,0.0,0.0,0.0,0.007862351252697408,0.06732733808457851,0.0017930625879671426,0.0002800454902171623,0.8965230941772461,0.021156962029635903,0.004399715235922486,0.0006574358805664815,1.0,True
00:18:46,5c41c28e896e090001c03bb0,154.7907919900436,0.8477799972405854,0.7527298451856085,-23.873923193250818,-238.68504,159.93872,-12.005284,2.3568307999999996,4.859472,-8.5698395,1.403881,1.0297757,-9.077305,-2.3379662,-3.930036,-7.1338005,-37.455254,13.601915,1.9092892,-18.426159,2.5638582999999997,-9.581515,-11.660474,-5.2660919999999996,1.9157015,-0.00014151238837920856,2.3784712614329155,22.732664700843486,1930.6900754811566,2085.738426166703,15.395925324619567,12.36751038206319,14.639261832894649,16.205636269648412,18.62256760046537,21.598974020559364,41.91585376523804,6.0691244e-05,3862.734375,0.060478515625,0.0,1.0,0.0,0.05549536395119503,0.012999255617614836,0.13668058441544415,0.05900419561658055,0.3895176723599434,0.13455303723458198,0.18243614118546247,0.029313751598238014,0.0,True
00:18:47,59278c090220760001fda664,,0.7217536960660625,,-54.1699732125212,-460.08752000000004,57.964659999999995,3.4568440000000002,2.4459746,-0.45108230000000005,-3.4300528,-4.880386,-4.447216,-2.9136894,-1.2529656,-0.007804891600000001,0.588613,34.368286,8.504358,-9.35731,-15.83947,-13.831686,-8.196284,-2.4318817000000004,1.7438362,0.5980352,-2.3704594472344257e-06,0.038907681251919984,,2327.5834672829997,1173.9767004856744,13.130865356385891,7.974247757403956,11.18158832193027,19.93128077385453,18.649275019391553,16.38976953678798,18.764901578398863,0.0001897785,1202.8125,0.02826171875,0.0,0.0,0.0,0.013808749243617056,0.13475000411272048,0.0035673846374265853,0.0003138749874779023,0.7710303366184235,0.06568928621709348,0.009898049011826516,0.0009423558716662227,1.0,True
00:18:47,5c41c28e896e090001c03bb0,149.4908625445954,0.8189491363676689,2.2871460217236734,-44.743545865955674,-364.81412,108.12076599999999,-2.95226,1.6055287,3.154737,-5.8804317,-2.2035728,0.031088136000000002,-4.6443486,-2.0189216,-4.442474400000001,-7.6560440000000005,-24.625970000000002,-3.324301,10.014297000000001,2.8987060000000002,4.872572,-9.258972,-13.597028,-2.9940999,1.2884291,-7.482795775871325e-05,1.2428966650196105,19.929052485565926,2896.9307671378524,2752.0699137800384,13.356117604819179,12.745017682937243,14.637397804823374,16.6929083341223,22.378663865594458,20.636260781531746,29.90910037163564,0.007370854699999999,4708.125,0.0656884765625,0.0,0.0,0.0,0.06201561037451029,0.010021012055221944,0.05332550695165992,0.14416959919035435,0.07005587508901953,0.18890615105628966,0.4345888301730156,0.03691738867200911,0.0,True
00:18:48,59278c090220760001fda664,,0.9822219189306552,,-52.13029338472674,-453.8763,65.30605,1.5665363,1.0784247999999999,-0.5686906999999999,-2.5912092,-4.020713,-4.2586512999999995,-3.391525,-1.9869980999999999,-0.66195416,0.19425961,38.40157,9.492639,-9.695518,-15.887894000000001,-13.117741,-7.359959599999999,-2.4452677000000005,0.48873463,0.62333983,-3.0572387732523015e-06,0.05010208989176261,,2139.29965830792,1115.8529436210063,12.329241784981066,8.496974050206251,11.288518689728315,18.802470692821288,19.578415893900047,17.291708306150905,19.680427687212525,0.00014626289,1233.984375,0.026689453125,0.0,0.0,0.0,0.03337542722001672,0.1401289377361536,0.0064528813585639,0.0005131494370289146,0.6797320365905761,0.12008201889693736,0.018644620757550003,0.0010709247842896731,0.0,True
00:18:48,5c41c28e896e090001c03bb0,122.5647546011895,0.8715833871299515,1.1568296273359435,-51.611423308835526,-399.70596,102.87679,-4.025046,-3.0008786,6.429367500000001,3.8787949999999998,-6.498486,-6.374281400000001,0.9517866,-0.027438935,-2.5565124,-0.17642608,-3.2058093999999997,1.1639198,10.658641000000001,9.606807,7.1195784,-3.7551165,-3.356094,2.4285305,0.7455258000000001,-5.680750053476878e-05,0.9380640687585476,19.21733006182761,3451.012438833103,2966.41666802079,13.007917469786566,9.542794842460221,12.553153328572664,16.01923438429007,21.843928040362407,21.557153251043466,25.36059419630325,0.011773912,5668.125,0.0547509765625,0.0,0.0,0.0,0.09232798721641304,0.01574494994711131,0.06208997126668692,0.23195895478129386,0.1810320807620883,0.1487062368541956,0.19694329276680947,0.07119651455432177,0.0,True
00:18:49,59278c090220760001fda664,,0.7318056486635296,,-49.203460918845224,-439.88535,80.4692,3.7128115,3.2566211,0.6673901,-2.396613,-3.7561907999999997,-2.9585824,-1.4762634,-0.78546035,-0.77395546,-0.279091,43.556973,7.0324674,-12.977824,-15.328446,-9.178716,-3.1489599,0.28087676,2.3812237,0.7253023000000001,-4.0594743287098135e-06,0.06645540164153331,,1782.474555922669,1015.2656088939688,11.692194641066482,8.291678118177579,11.958448680196145,17.995015407475133,22.17245593560372,18.06986079676256,20.426322690445236,7.047293000000001e-05,1297.03125,0.0277880859375,0.0,0.0,0.0,0.01424086205661297,0.13212566524744035,0.0032074048765935005,0.00038329830858856433,0.7727282822132111,0.06753234453499317,0.008620550716295838,0.001161566359223798,0.0,True
00:18:49,5c41c28e896e090001c03bb0,135.90828860730795,0.12433491958845322,2.253001739538566,-42.707567370031626,-387.38653999999997,59.568847999999996,-4.465385400000001,-3.941322,8.429022,0.495667,-6.222821700000001,3.9193318,1.223292,-1.8284259999999999,0.22110477,-7.820208999999999,-14.785369000000001,37.32103,14.929753,2.5464103,22.879112,3.9516497000000004,-5.4848375,5.538941400000001,1.5193335,-4.74308777913941e-05,0.8553558829566491,21.902625801887627,2658.4514028902304,3409.444053554896,14.444117528598097,10.990535824380864,13.426380316305304,15.542960864745526,20.588643992337857,21.62539092739816,34.73654342529531,0.0017130359,5275.078125,0.121494140625,0.0,0.0,0.0,0.029343324620276688,0.06183488201349974,0.013726965943351387,0.01434341035783291,0.5830793887376785,0.19671089723706245,0.07500156871974469,0.025959541648626332,0.0,True
00:18:50,59278c090220760001fda664,,0.9591279098569121,,-53.50904642410474,-460.7579,58.26156999999999,4.118367,1.7425098,-1.3269185,-3.593004,-4.3277472999999995,-3.5601277000000002,-1.8445331000000003,0.0629437,1.5074471999999999,2.1104019,36.98646,11.926016,-7.4548545,-15.993838,-14.375492999999999,-7.293898599999999,-0.07704892,3.9354286,0.6030369000000001,-2.3312316988409854e-06,0.03821939862013718,,2225.206959273269,1103.3904401377608,12.621831590711755,7.956071247191348,11.84881767795115,19.275904060389646,20.065875706522924,16.577456032425356,19.1469602220225,0.0001448335,1154.296875,0.02767578125,0.0,0.0,0.0,0.015904472349211572,0.15588519349694252,0.002736059401649982,0.0001815639509004541,0.7175060719251632,0.09972302690148352,0.007513378607109189,0.0005502604035427794,0.0,False
00:18:50,5c41c28e896e090001c03bb0,163.76916890419238,0.6923249923899201,1.1981316825651993,-31.33380312583977,-316.25125,97.44646999999999,-11.312988,-13.807127,-7.890103,-4.979948,-0.3925256,0.7182196,-2.1561315,-0.96978486,0.6239284,-13.125812,-22.105844,30.0034,18.238775,8.356931,13.727578,-0.5886549,-16.419767,-4.9407735,1.4763540000000002,-8.303310459918632e-05,1.4654825803239522,20.540472190815766,2113.2167906650147,2387.6323606721962,17.89153372903395,11.698873670078125,17.206509944125656,16.443824929091235,18.71027554412301,18.584459243678467,38.13554215669911,5.257415e-05,4143.515625,0.075263671875,0.0,0.0,0.0,0.05004341648891568,0.05303182190982625,0.07339088695589452,0.07888844439294189,0.4134160295128823,0.19378366935998198,0.09273943789303304,0.04470631428994239,0.0,True
00:18:51,59278c090220760001fda664,,0.7178013313718248,,-59.08661494209389,-478.13272,37.947903000000004,3.4245891999999998,3.746112,1.5631791000000002,-1.8313656999999999,-4.883674,-6.458969000000001,-6.2240614999999995,-4.6057477,-2.437166,-0.54144394,27.061087,12.94022,-0.15146308,-8.868549,-11.829958999999999,-9.760925,-4.8557324,0.24283889,0.44923064,-1.211787085878853e-06,0.020000292666364664,,2959.3554490937004,1370.3525695948238,13.86349690049173,8.077899878111053,10.706203345531076,21.03408349952231,17.01528483638452,15.353420655695865,18.39435417853218,0.00037747885999999997,1263.28125,0.0258203125,0.0,0.0,0.0,0.008619821164757013,0.24788088500499725,0.0016225663188379259,0.00010186027720919809,0.6300649642944336,0.10517645142972468,0.005753770982846618,0.0007796514546498656,1.0,False
00:18:51,5c41c28e896e090001c03bb0,143.50955108709496,0.6523937138327995,0.5507073538544812,-20.686270714052416,-221.53527999999997,156.85231000000002,-11.195486,-9.033441999999999,0.16871989999999998,-3.6948762000000004,-5.010423,-0.9401374,0.98187214,-0.10447319599999999,-6.269988,-15.558782999999998,-43.221709999999995,14.832206,13.434360999999999,-0.114181116,-2.2534761000000003,-11.64033,-18.846096,-8.048877000000001,1.6728151000000002,-0.00017125037757524469,2.919085156096973,10.16842706330258,1964.3730750658358,2181.577042854238,18.633889825861207,14.008514674568774,16.603260950795768,16.41037061287852,20.3911479262072,23.410214521448644,40.839510058139744,7.838460999999999e-05,3665.625,0.0719775390625,0.0,1.0,1.0,0.04345655282959342,0.002441722131334245,0.09601863673888147,0.4610946424305439,0.08856810549041258,0.07788552921265364,0.059160361718386414,0.17137444391846654,1.0,True
00:18:52,59278c090220760001fda664,,0.734051490256463,,-59.258485494876005,-478.48013,37.41565,3.2699792000000003,3.2089967999999995,1.1097219999999999,-1.7209675,-3.9454617999999995,-4.7493050000000006,-4.050631,-2.351224,-0.40076903,1.113955,26.472502000000002,12.426436,-0.3534277,-8.560196000000001,-11.006644999999999,-8.669841,-3.9031602999999997,0.69648176,0.45741647,-1.2129365089294752e-06,0.020021715728075762,,2956.5906753953527,1390.0876719434066,14.011261475087027,7.771243503971879,10.972747295566542,20.416821424048415,16.165827569027137,14.61166275092908,18.44456414916595,0.00042332962,1370.390625,0.0261474609375,1.0,0.0,0.0,0.01718899863772094,0.15423507615923882,0.0021471248939633368,0.00022539594101544933,0.7323022723197937,0.08398411720991135,0.009395225555635987,0.0005217948535573668,0.0,False
00:18:52,5c41c28e896e090001c03bb0,135.5734551845443,0.64339147949572,3.343202399878192,-24.72769322376855,-258.11432,110.75046,-4.3868513,-2.1884127,13.174545000000002,4.3984613,-6.146943,0.9384386999999998,1.582517,0.28457862,-1.9607080000000001,-11.903228,-80.31362,9.525222,0.635007,-15.441939000000001,15.300787,-6.504462,-11.8470125,4.7054730000000005,1.6829768,-0.00010601155233470461,1.83993084051449,29.674507019280924,1828.91184296684,3127.127308748753,12.735027905776453,10.848732558137717,17.093939844720367,14.93542719427741,19.423817656103367,19.31455244344141,42.70791618641167,2.1190583e-05,4793.90625,0.11421875,0.0,0.0,1.0,0.02949460605159402,0.011492103716591371,0.025856812862912196,0.2696317736059427,0.2523987390100956,0.1285582269076258,0.18532629106193785,0.09724140455946326,0.0,True
00:18:53,59278c090220760001fda664,324.2352691265341,0.8923648599044743,2.8137042592577592,-50.44659335960556,-445.3453,69.8384,2.225495,1.4238212,1.1385958999999999,-1.3039243999999999,-3.247162,-1.9094061999999998,-2.0329616,-3.6516572999999997,-1.7521415,0.8759908000000002,34.773975,10.503712,-2.6566365000000003,-11.245194,-13.970939000000001,-10.62546,-3.9269025,1.5047784,0.7244614,-8.676685289637238e-06,0.14281548345918135,7.42610761002352,2211.808252157676,1150.6175299312367,12.670660202663676,8.423187505339849,11.812858478372211,17.893056340929054,19.10964320045019,17.220191117342495,20.417924272541953,0.00018854026000000003,1322.578125,0.0271337890625,1.0,0.0,0.0,0.06482398100197315,0.14116403013467788,0.005192394868936389,0.0010336034029023722,0.5394489020109177,0.2212591677904129,0.025057148607447743,0.002020736644044518,0.0,True
00:18:53,5c41c28e896e090001c03bb0,,0.6489987142900309,,-70.53168189417049,-482.53867,32.746959999999994,2.9663892000000005,0.44580165,9.145324,1.2525632,-5.2017913,6.0373387,8.151683,0.8433035,0.022555727999999997,-2.1796162,-13.792937,-2.6973925,1.3903780000000001,-10.46062,-5.916679,0.43718317,7.000331,12.690303,1.0096366,-3.236353696497643e-06,0.055728891525743486,,4275.181920523532,4395.2156797951675,9.81660154103814,8.94451550344804,14.125776898097644,15.636898731705976,17.571169915468847,18.358082829044736,19.006982783828093,0.040847212,8317.5,0.10583984375,0.0,0.0,1.0,0.0180910830385983,0.007389106077243923,0.006115124623465818,0.3441309675574303,0.32799287866801025,0.08053338294848798,0.16013092845678328,0.05561654577031731,0.0,True
00:18:54,59278c090220760001fda664,326.32800340033594,0.6370033932722091,7.329123117242965,-46.35148188397338,-405.0271,68.50065,5.7890844,1.8281363000000002,2.3554065,-0.7687418,-5.7231819999999995,-1.6181065000000001,0.330677,-1.5605136,0.73710525,-0.65911055,27.358373999999998,20.011576,-22.348637,-3.580507,-4.4805775,-12.685441,-1.2004508,4.546797,0.8635431999999998,-1.225351727728794e-05,0.22997609914292455,29.875670457085967,2958.790962125326,3198.711780353197,11.52762885257514,8.38504623162728,11.921554735950119,17.12878949807001,17.408087482513377,18.999145631371235,29.763063856435156,0.0008560832000000001,5176.171875,0.1081884765625,1.0,0.0,0.0,0.007796837715432049,0.05972482543438672,0.0014902670052833855,0.00027978313082712705,0.8839644372463227,0.04290305748581887,0.0026482215558644388,0.0011925980346859436,0.0,True
00:18:54,5c41c28e896e090001c03bb0,,0.7969131237392059,,-90.84503428375008,-503.54565,16.592924,-2.835208,-5.1714234,-7.5322556,-8.020172,-6.851808999999999,-5.8683457,-5.9717827,-6.079141,-4.9463862999999995,-3.1474826,12.30534,8.278291000000001,5.5237126,3.0956357000000003,0.30275255,-1.9351566999999998,-2.5214622,-2.1694392999999996,0.2864605,-2.6007176666509273e-07,0.0043699486221810465,,5632.529348253597,5423.6071906815005,11.686845581306615,9.286409361215883,10.389098022856183,13.458294349822856,17.877127864357288,12.528021639261794,13.605433182236284,0.33799377,11313.166920731708,0.0207127700617284,0.0,0.0,0.0,0.013527646102011204,0.020833529904484747,0.004412039183080196,0.006757265178021043,0.717797139286995,0.15681875254958869,0.06687747933901847,0.012976144126150757,0.0,False
00:18:55,59278c090220760001fda664,113.06904212855488,0.4042524712364016,0.31849130753430066,-38.125850825698215,-399.27454,99.66461,-1.7407457,2.1649392000000005,-2.1253973999999998,-4.1517496,-3.6987019999999995,-2.0704112,2.1381438,2.2871599999999996,-2.7630594,-2.1213894,23.666132,11.149097,12.712491,-7.641457000000001,-17.51585,-14.313679,-15.956377999999999,-12.904002,1.1725796,-5.980379730301853e-05,0.9883884406800318,25.617356557388128,1878.4995962178186,1223.0917957609786,13.534369313848467,10.549765926081443,15.997048989173615,18.240493248672173,20.13259728384073,21.195588405111067,23.240670644899893,0.00014057117,1641.09375,0.032578125,0.0,0.0,0.0,0.010038846055977045,0.0210566715337336,0.0015648177010007204,0.0008099133454379625,0.9475639164447784,0.013234124286100268,0.005098198214545846,0.0006334853591397403,1.0,True
00:18:55,5c41c28e896e090001c03bb0,117.6943581825724,0.7470773215504474,1.5097370593412294,-47.401780516320905,-367.97095,126.88075,-7.468780499999999,1.6252143000000001,10.581325999999999,-6.2815156,-13.644402,-0.5026754,-0.87687284,-6.319405000000001,-4.2453485,-6.704432499999999,-26.212042,-11.663358,11.90948,10.183461,11.423204,3.8285858999999998,-3.3695845999999996,-4.918122,1.2511823999999998,-9.023041623390435e-05,1.4989456089106006,20.74178386949657,3097.4611618094823,2743.532144364307,15.408877989819969,10.829616524114055,10.519523187061909,16.33698523972349,21.08872170153256,23.133150388054915,25.35474029691811,0.013693998999999998,5747.578125,0.047626953125,0.0,0.0,0.0,0.014538004697533325,0.023611858382355418,0.008414196732337587,0.015041462174849585,0.7350724786520004,0.1265322880120948,0.040405149944126605,0.036384542612358926,0.0,True
00:18:56,59278c090220760001fda664,103.23145758297659,0.8189313740716284,0.7868972883866324,-24.409274663340483,-303.75378,173.64192,2.8575416000000002,8.670392999999999,1.419037,1.2482749,-2.8019292,-12.557916,-6.6541375999999985,2.9390357000000003,-5.258824,-10.789117,5.088128,-14.164782999999998,30.816694000000002,19.726738,-4.7857485,-6.3787866,-12.9289,-14.056123999999999,1.1936790000000002,-9.262691517363297e-05,1.5283608177545558,18.546829952102602,1241.1460047624155,1138.4249163152933,16.22986092647803,11.083436008763833,14.24481851929441,16.648232381641822,22.508492151836933,26.885982050486845,27.04344199646671,8.196872e-06,1917.65625,0.0342626953125,0.0,0.0,0.0,0.007126706314738841,0.0508934173732996,0.0010264857992297036,0.00030852833515382366,0.9144859850406648,0.018679592711851,0.006995818350696936,0.00048347856136388156,1.0,True
00:18:56,5c41c28e896e090001c03bb0,,0.7323197801136092,,-96.58849952648687,-506.1895,5.3529887,-5.9575443,-6.1177797,-0.80395555,4.6734776,5.5705204,2.1564593,-2.2318666,-4.9455800000000005,-4.644007,-0.90577835,-2.2223490000000004,-7.202757400000001,-6.5660133,-1.9688238999999998,3.3714578,6.522715,5.1628313,-0.46618405,0.12208909,-1.4741139973560938e-07,0.0026013885076680717,,5922.538612263062,5450.251363523632,10.329351482737046,9.204006694142542,10.521518373147527,15.36737884118634,15.376412356061644,12.007932773493055,12.33096627162751,0.53647184,11710.018382352939,0.0406805300245098,0.0,0.0,0.0,0.023401597701013088,0.020341692958027124,0.030351559445261963,0.016024085972458125,0.5424644321203231,0.12384739778935908,0.2215891160070896,0.02198012601584196,0.0,False
00:18:57,59278c090220760001fda664,,0.7416958184422773,,-61.90889655649868,-483.33762,30.686155,-0.22950429999999997,-0.21795958,-1.2258676000000002,-2.2949387999999997,-2.6209035,-2.0534945,-1.1387216,-0.5109804,-0.20428257,0.16193658,20.925905,10.050033,1.5387686,-3.6893949999999998,-6.031274,-5.9362260000000004,-4.0653186,-1.7035054,0.36140293,-1.1754907035102487e-06,0.019544739027679454,,3474.000910767479,1739.2195479718198,14.491907274984365,8.392913526000077,11.778841248940491,19.10236225270484,16.982635397102598,15.677187532150445,18.08431608275213,0.00090024597,2470.78125,0.0257568359375,1.0,0.0,0.0,0.009318992367479951,0.0386648602434434,0.0011393214314011856,0.004639575158944353,0.9281860709190368,0.00909548797644675,0.006051002407912165,0.002904670956195332,1.0,True
00:18:57,5c41c28e896e090001c03bb0,165.4979183048422,0.5984867822213658,1.1001835486769658,-45.29094131563709,-281.8256,173.95746,-15.758977999999999,-0.82129395,10.047838,-6.717087299999999,-11.919586,-5.536898000000001,1.7455150000000001,-0.8960729,-3.2572349999999997,-13.979982999999999,-43.013573,17.412336,-10.428015,-6.277553,-0.16177906,-2.5229714,-14.815104500000002,-14.323464000000001,2.0619075000000002,-0.0002259159708388503,3.83667028158475,13.379642957632177,2242.4257671189303,2442.1953440633715,13.55583154383301,11.42870523172317,13.70801348347433,13.89282675479119,17.756888503686096,17.522423539069884,33.42347513712694,0.30482274,4306.473214285715,0.07253766741071427,0.0,0.0,0.0,0.02021046793088317,0.04529234189540148,0.032875782274641094,0.002883128615212627,0.6702791363000871,0.1764135560952127,0.04062864491716027,0.011416945303790272,0.0,True
00:18:58,59278c090220760001fda664,,0.9308839619902616,,-65.61781812645818,-493.8664,17.875304999999997,0.4225581,0.553195,-0.49482712,-1.9808755,-3.0635338,-3.1837711,-2.276109,-0.740715,0.78081244,1.7050574,12.735578,5.9399815,-0.54593617,-5.061824,-6.7962837,-5.972954799999999,-3.6325442999999997,-1.1307298000000001,0.27854505,-6.249652547042783e-07,0.010447713840026265,,3944.890858608181,2002.457446438122,14.420749228103983,8.537114385844445,10.934522725647387,20.41472595663952,15.070542795904856,14.51298524127522,17.395565739253346,0.0013853379999999998,3098.4375,0.0278271484375,0.0,0.0,0.0,0.003260031924583018,0.01265832902863622,0.0014919405744876714,0.0008452683308860287,0.9722307622432708,0.004172420769464225,0.003841180179733783,0.001500123250298202,1.0,False
00:18:58,5c41c28e896e090001c03bb0,165.89776816763745,0.8529470765361786,2.743594255882,-22.163202780554034,-263.45514,178.75092,-15.043995,-9.194108,7.9864726,0.8309344000000001,-6.955524400000001,-3.9021672999999995,-4.1313896,-3.4746294,-1.0236531,-6.122142299999999,-3.7906050000000002,-0.9669821,6.078615,-7.455704700000001,-7.844558999999999,-10.456643,-11.319253999999999,-7.2507424,1.5615642,-0.00015591246520528312,2.5742255831665477,15.382807745601285,1517.7286209034905,1417.2681234968516,16.646146280258847,12.492975809355901,15.307444859037066,16.26879167449496,21.8472484831506,21.27828609017936,35.395656569675346,8.368146999999999e-05,2407.96875,0.0378369140625,1.0,0.0,0.0,0.0063375173369422545,0.003423273758380674,0.004356286569964141,0.21770914709777567,0.5578412094153464,0.010366371739655732,0.013058269477915021,0.18690790759865195,1.0,True
00:18:59,59278c090220760001fda664,,0.7675943568151887,,-63.54673164307678,-489.53513,23.027506,2.8449874,2.6646626,0.8491671999999999,-1.3941854999999999,-2.9095533,-3.0773234,-1.9847298,-0.2689377,1.2439405000000001,1.9202968,15.366883999999999,5.513912,-3.4011104,-8.904831,-10.033953,-7.5055394,-3.1992173,0.7539574,0.3452139,-7.705505948570624e-07,0.012818286945665232,,3602.0080050335005,1774.8860237585495,13.471526359613804,8.280432101159821,10.443368217331075,22.22452775436434,15.113654371227467,14.973072741177432,17.661783157988552,0.0008862205400000001,2095.078125,0.0283935546875,0.0,0.0,0.0,0.0021965982217807324,0.00972432408016175,0.0010386649111751467,0.000353533415182028,0.9798822462558746,0.0035321280593052506,0.0023915467201732093,0.0008809574763290584,1.0,False
00:18:59,5c41c28e896e090001c03bb0,133.1132682009783,0.8279191576447411,0.5987654302594316,-21.06667504746772,-235.28476,155.75105,-15.065864999999999,-3.9100943,13.674816,5.820671,-0.10181452,-5.2796803,-7.1266317,0.39543894,-2.110935,-13.394828,-43.799194,-0.17860636,-8.132375999999999,-11.974739999999999,4.726897,-5.068471,-6.5520781999999995,-2.3839650000000003,1.8314046000000002,-0.0001630616384592346,2.763327462227804,18.039177326915127,1710.527779324225,2313.0300658807732,14.578475230437238,10.775552899248607,14.792676471505448,16.877698323139313,20.37591644274565,21.292495124274264,41.70008105247653,4.4867833e-05,3617.578125,0.07896484375,0.0,0.0,0.0,0.015089221124071628,0.004685539088677615,0.023473999137058853,0.4166115679545328,0.2610174514353275,0.062328096292912964,0.109432190656662,0.10736193135380744,0.0,True
00:19:00,59278c090220760001fda664,,0.7461157537566627,,-60.44098112920235,-483.20535,31.245348,3.037865,2.4356909,0.015372205,-2.8179237999999995,-4.736086,-5.0373297,-3.8454037000000003,-1.9283202000000002,-0.26149094,0.44569817,21.652084,9.343217,-1.7860836,-8.7340765,-10.414736,-7.783856,-3.130443,1.0455072,0.4115452,-1.1338035651553532e-06,0.01870634497284708,,3170.2118126037262,1506.60040413556,12.605757740410516,8.503832637302459,11.727221300002627,20.748268708621058,16.48603212837582,15.0377545428355,18.009346060042972,0.0005595093,1558.125,0.02599609375,1.0,0.0,0.0,0.004168680385919288,0.0752640102058649,0.0018021874653641134,0.0001602198044565739,0.8926572859287262,0.018901935452595352,0.006477111228741705,0.0005685711774276568,0.0,False
00:19:00,5c41c28e896e090001c03bb0,179.37867832006913,0.9706456559809256,3.5099197091953145,-21.44792110786166,-228.96017,167.36638,-6.8808174,-3.4314437000000004,2.2133021,-3.638304,-4.8314257000000005,-10.696164,-5.496916000000001,8.347565,-3.8327562999999993,-21.477923999999998,-48.412045,-14.714781,4.402461,1.3729061000000002,5.315864,-5.413616,-16.786205,-5.4234776,1.7129073000000001,-0.00015848637266544568,2.660611271973452,18.772095427888342,1691.0405142814282,1829.4440380893911,14.22986210485287,12.167607541026387,14.42938312222738,17.011576694830552,20.88466125444021,24.004621009133807,40.757272351971224,3.1488482e-05,3216.09375,0.05255859375,1.0,0.0,0.0,0.013770380965434014,0.00374092926067533,0.0102040899801068,0.34757064618170264,0.3975862845778465,0.066155837289989,0.060471896454691886,0.10049994103610516,0.0,True
00:19:01,59278c090220760001fda664,150.1288937553425,0.7632510641516005,6.868653145407393,-44.95287115311649,-389.2952,91.69918,8.264389,4.895371400000001,0.034438375,-3.8543766,-9.276742,-4.3744783,1.2894406,-4.568876,-6.684360000000001,0.6191894,-7.246389999999999,-7.564767,9.149401,-6.225596,-9.125013000000001,-7.136634,-13.877089499999999,-4.6807914,0.84537923,-4.750291743208836e-05,0.7917940148046825,19.878499037763287,2599.9898720874758,1708.0264948500353,13.750938051272867,9.05846922799963,11.897428591269154,19.09782825378954,20.630536702946998,21.366130749032425,22.240166164775378,0.00047024415000000003,2374.21875,0.040986328125,0.0,0.0,0.0,0.005115638533607125,0.1602163642644882,0.0009114618034800516,0.00012681100743066053,0.7900268971920014,0.0388985387980938,0.003600068180821836,0.0011042011552490293,1.0,True
00:19:01,5c41c28e896e090001c03bb0,343.74086844153015,0.8433766699232867,4.173095795026212,-64.35269690827171,-398.04593,114.72124,-16.032004999999998,-4.150676,7.5651207,-12.809849,-16.983524,-0.38045287,-3.0365952999999997,-3.2594569,-2.6284994999999998,-15.141625,-73.84167,7.3629837,5.5042176,-17.86131,0.20854115,-20.409996,-28.014286,-13.556232999999999,1.619147,-5.74563366170508e-05,0.9919968434237736,20.792588129061414,4417.378647849355,5104.1407133258235,9.656442046356489,9.096190262343958,11.072598652947189,13.07839974456972,15.368075529483693,15.984530167141711,27.987281618879546,0.13649648,10084.82142857143,0.08467693718112244,1.0,1.0,0.0,0.014368364509815969,0.0013348929052072992,0.0008705219758364061,0.3025989740466078,0.5539986484994491,0.014741718872553771,0.0804119576803512,0.03167492928656025,0.0,True
00:19:02,59278c090220760001fda664,226.28638400876247,0.6705755125596401,12.350150385582351,-50.532781050007294,-437.60904000000005,68.25408,3.4695517999999996,3.1476395,0.12447046,-3.0747619,-5.3488755,-6.1671987,-3.377679,-0.19599482,0.024139266,1.0276737,20.217806,2.7874347999999998,-1.8743783,-9.4768095,-11.050361,-6.5479389999999995,-1.9154528000000002,1.4316323999999998,0.8679952,-3.1695954287900336e-05,0.5255414190978046,24.836629948594126,2469.504184517736,1367.3046185181115,14.492521594296347,8.563522372699639,11.813721694643414,20.135264089304773,17.074957102363964,16.610343501509124,20.946269581074407,0.00026991293999999996,1662.65625,0.031337890625,1.0,0.0,0.0,0.006972439982928336,0.14974941909313202,0.002009422739502043,0.0001278474992432166,0.7850248932838442,0.04951157923787832,0.005528770131058991,0.0010756303585367278,1.0,True
00:19:02,5c41c28e896e090001c03bb0,474.66871331971015,0.4962822590629644,10.656527545860813,-58.18140528268167,-433.6292,38.31357,3.1578724,3.4388040999999996,4.550956200000001,-1.6288117,-9.76409,2.5286417,15.364245,2.2301773999999996,-14.0997,-5.2846985,-72.04030999999999,-16.845423,19.994032,-0.92039156,3.6915730000000004,-6.182131,-28.288132,-14.361653,0.6551382,-1.1604644032184365e-05,0.2017687595633656,79.26129283592978,3102.0538469637927,4194.2416180911705,12.977760706656046,9.041124407961256,18.38732685044144,22.013887561325088,20.74091964240563,25.59662812406871,25.41945651671004,0.03688494,7577.34375,0.105712890625,0.0,0.0,0.0,0.006115235621109605,0.004085451207356527,0.0012415923207299785,0.002253468862909358,0.9514748156070708,0.007618409756105394,0.025595807842910292,0.001615202846005559,0.0,False
00:19:03,59278c090220760001fda664,176.56695867012425,0.7689130947607675,1.4113883939549716,-18.62045364104713,-248.95052,136.77591,-12.630267,-5.1739793,0.057452727,-1.6083957,-9.212835,-6.177534,2.4473536,-2.5271342,-6.4826174000000005,-6.2516737000000004,-24.96309,35.50293,27.621761,4.3851309999999994,-25.428885,-10.460639,-6.0004764,-17.641766,1.6590726000000002,-0.0001507487205808905,2.5627210243918195,18.921837892903604,2223.4610963041755,2891.034542983829,14.612801066652539,14.070899027383552,17.922434880146124,15.742715471912105,21.698346180343595,26.22110694618721,39.96120496797665,0.00021786515999999999,4802.109375,0.091884765625,0.0,0.0,0.0,0.0471986236050725,0.09586467407643796,0.01081846454180777,0.0005038880844949745,0.6376605421304703,0.1851800512522459,0.02155047100968659,0.0012232882727403196,0.0,True
00:19:03,5c41c28e896e090001c03bb0,,0.7755735999122976,,-104.81845497993231,-507.33245999999997,0.34916529999999996,0.2860105,0.2731203,0.25920272,0.24430849,0.22849529999999998,0.21182206,0.19435467,0.17614960000000002,0.15728466,0.13782771,0.34719279999999997,0.34391350000000004,0.33934045,0.33348894,0.32638290000000003,0.31804845,0.30851865,0.29782414,0.022498876,-1.4145647427527955e-08,0.0003105232529602496,,6678.995958765893,7707.963021784664,9.392787328880829,8.233739969388846,9.291272718074095,11.293472223546813,10.704818676104498,11.257184185850631,12.093392281168384,0.6580996,16139.266304347828,0.01750999273255814,0.0,0.0,0.0,0.032473753625527034,0.026499965274706484,0.04429602813906968,0.002683939144480973,0.6966478109359742,0.11169715663418174,0.08027544757351279,0.0054258892079815275,0.0,False
00:19:04,59278c090220760001fda664,126.14358853940053,0.8779709157262924,0.2808821709047921,-19.793117012362174,-249.52751,166.49416000000002,-3.8972332,13.67104,3.8553495000000004,-6.1172166,-6.8858495,-8.2978115,1.6595168999999999,1.6271603000000001,-11.334041000000001,-10.370092,-26.233301,2.0218432,26.68693,8.744433,-16.851042,-6.4104934,-7.9945520000000005,-21.433767,1.3262697,-0.00015685476691638608,2.627509672468633,19.47961833105345,1915.2646589219569,2680.005874346985,17.24891247390683,13.393126034777108,17.297053475197142,18.585511905044815,22.858401610561618,30.530603112870587,36.36701348293235,0.0006635474,4467.1875,0.0944091796875,0.0,0.0,0.0,0.014357906393706796,0.1326582536101341,0.0031941293738782404,0.0003358631300216075,0.7417694449424743,0.09919624477624893,0.0071328290505334735,0.0013553493132349105,0.0,True
00:19:04,5c41c28e896e090001c03bb0,,0.7753687790394871,,-101.15165017337122,-507.10748,2.5115022999999996,1.0680385000000001,0.8058991,0.53517914,0.25963715,-0.016924566000000002,-0.29071686,-0.55801857,-0.81523865,-1.0589534999999999,-1.2859721000000002,2.4624097000000003,2.3813682000000003,2.2695322,2.128494,1.9602592,1.7672157,1.5520962,1.3179386999999998,0.052224662000000005,-3.932777044309765e-08,0.0007266198664778706,,6556.840708639634,5485.001250443286,12.472729018879145,12.496358334236117,10.57042546118539,11.01654093278558,11.493847249536884,11.664718798246605,12.038854605720426,0.60003585,13614.462209302326,0.007392351017441861,0.0,0.0,0.0,0.1626036424189806,0.03623230792582035,0.20339066088199612,0.012915181694552302,0.3136995114386082,0.1368321418762207,0.12485401183366775,0.009472560416907071,0.0,False
00:19:05,59278c090220760001fda664,127.92881870964554,0.9144396311196024,1.1999175941987077,-23.13761108815373,-298.43256,156.44576,-12.103817999999999,-0.70554626,-0.6269806,-3.0955342999999997,-5.558763,-2.9637532,3.2978053,4.77489,-3.1724412,-6.0518236,6.181601000000001,10.914712,24.455026999999998,11.810165,-6.994772,-6.633303999999999,-12.575382000000001,-24.821839999999998,1.545555,-0.00010243190604529056,1.6982746183694355,19.166389603647886,2027.845920893073,1948.41987846182,15.874626288280318,11.694155784469721,17.466826317250508,17.23425196209178,22.80809558614223,27.310602829075805,34.121775810408046,0.00015384969,3454.21875,0.0552392578125,0.0,0.0,0.0,0.01774150226265192,0.21385661736130715,0.0032874040305614478,0.0002418554191535804,0.6548342049121857,0.09934606552124024,0.009283354831859469,0.001409014053933788,0.0,True
00:19:05,5c41c28e896e090001c03bb0,,0.6950405566486022,,-105.65288384303841,-507.33203,0.36444375,-0.009029895,-0.067533635,-0.12432232,-0.17795324,-0.22706516,-0.27041020000000004,-0.30688795,-0.3355725,-0.35573506,-0.3668631,0.35050204,0.32765883,0.29649588,0.25780198,0.21256225,0.16192427,0.10717541,0.04970333,0.026001766000000003,-1.3490948623219451e-08,0.0002697609307127685,,6519.308993887164,6938.607710937768,8.625150287279556,9.577352365187746,8.480323164448922,9.424729720204386,10.270545488897008,10.378160822690727,11.731893529651934,0.7063210999999999,15176.598837209302,0.006169016768292683,0.0,0.0,0.0,0.12494218833744525,0.08638403601944447,0.05919639095664024,0.011249719094485043,0.17227884083986286,0.3875264808535576,0.10844955667853357,0.049972791597247115,0.0,False
00:19:06,59278c090220760001fda664,110.5704093505115,0.9134516392067801,0.5278773812328376,-18.21748381865403,-242.22747999999999,172.74763000000002,9.878309,3.1480677000000004,-8.623389,1.2737192,2.1357887000000004,-1.6154184,5.2316400000000005,1.7630264,-9.726894,-9.434792999999999,-23.39058,3.0373554,29.611535999999997,19.60306,-4.429956,-16.114179999999998,-40.321987,-28.060713,1.3640997,-0.00017116915695651442,2.8605678704626967,22.193190482659283,1877.9943053198765,2386.7744006793955,17.00298068959564,10.7547823337219,18.28617757690655,17.28509251365764,25.343826369379663,29.93457613763308,35.067211562919546,0.00030208652999999996,3917.109375,0.0778369140625,0.0,0.0,1.0,0.02237208727747202,0.09440069254487753,0.0014027153345523402,0.0006168047972096247,0.783009672164917,0.08394054546952248,0.013922875630669296,0.00033460011163697343,0.0,True
00:19:06,5c41c28e896e090001c03bb0,,0.7455871864899053,,-108.2371884668533,-507.33987,,,,,,,,,,,,,,,,,,,,,-9.616348802398609e-09,0.0002030196157047141,,6455.860578744962,7219.672749327373,9.686482892165873,9.61243767889769,10.097317153015004,10.080343408536622,10.138856141742123,10.33635580157213,10.706522510066344,0.9204483,15276.988636363636,0.004971590909090909,0.0,0.0,0.0,0.15626904964447022,0.02933403449133038,0.046166474185884,0.023286661691963674,0.022276616375893357,0.3841337889432907,0.18825796619057653,0.15027541662566365,0.0,False
00:19:07,59278c090220760001fda664,108.78238770658872,0.6258093237455231,0.9212846985475996,-38.72451557827449,-386.00244,113.42961000000001,2.212889,1.3960035,-1.6005690000000001,-2.1371992000000004,-4.1499733999999995,-5.456436599999999,-1.7096983000000001,1.0635135,-0.94030446,-1.5041579999999999,22.969091,-1.0895785,7.656389,3.063797,-3.1775951,-5.5178723,-8.168225999999999,-4.183053500000001,1.0404251,-4.6367813806909134e-05,0.7639291129688311,25.385305232297817,1808.3423042771235,1366.9340962305575,13.766855382038267,9.176882883756413,13.337877118331125,15.086427843865499,21.58947366609363,19.158973289611048,25.282559619246122,0.00020312917000000002,2183.671875,0.0355859375,0.0,0.0,1.0,0.00770888638217002,0.010577193845529107,0.0006735719594871626,0.0017801788570068308,0.9582989513874054,0.008363828342407944,0.009710190503392368,0.0028871786169474946,1.0,True
00:19:07,5c41c28e896e090001c03bb0,331.2655618051205,0.932701928850072,0.8809645816382619,-44.1979041703864,-310.7799,110.796555,-10.158875,1.1258548000000002,11.508267,-5.3944019999999995,-10.247767999999999,-5.098235,0.29342282,2.6663678,-2.3664262000000003,-15.501520000000001,-71.52989000000001,1.2299573000000001,-5.12635,-11.030363000000001,4.088652,6.900684399999999,-15.259692000000001,-6.839731,2.0484473999999997,-0.0001280822873957831,2.22104418760299,15.525958848640293,3326.782090479868,3475.955480069035,11.750379683407354,9.748268986281536,13.41795978944358,15.706203441072676,18.669671265822934,17.413758080177374,34.79806090891445,0.06701265,7082.763671875,0.06193296370967742,0.0,0.0,0.0,0.051119002327322964,0.0302434959448874,0.027917769085615874,0.031967568770051004,0.07486573494970797,0.4860951751470566,0.22502587288618087,0.07276537511497735,0.0,True
00:19:08,59278c090220760001fda664,145.5980513723189,0.983520073228923,6.360536081963892,-54.526108388535874,-453.15067,57.97780600000001,3.7712760000000003,0.76461273,-2.8953017999999995,-1.2858863,-0.092663124,0.83248365,1.5905287000000001,-1.2387856000000002,-2.6951885,1.1539164,23.530334,3.8705146,-2.2632835,-3.3732247,-4.5760403,-11.122463,-14.249347,-4.7887177,0.72068536,-2.233520117716922e-05,0.3655495217500221,37.07884579802436,2974.297683334855,1792.1567303563306,11.860373795729974,8.700430445012232,12.702532127466492,16.530289321667894,19.933352108210908,17.649232156242228,21.862257002991786,0.0010278759,3185.390625,0.032841796875,1.0,0.0,0.0,0.01469976119697094,0.01406358634121716,0.001761041837744415,0.0018616050016134976,0.9337255835533144,0.01594630624167621,0.016490318579599258,0.001451798155903816,1.0,True
00:19:08,5c41c28e896e090001c03bb0,316.24939858910295,0.983615033198957,1.6841080101964492,-11.130717434666472,-101.4358,126.22355,-14.029952,-13.652535999999998,-3.8553877,-9.113974,-1.2798027,-10.571423,-1.2578014,-13.333285,-2.6154752,-14.911354999999999,-67.6988,45.254562,-20.073326,8.491513000000001,-21.012323000000002,-0.04912993,-18.697067,2.9138162,1.8940432,-0.00036737021114856174,6.4902444327252375,15.209082774397428,2908.5281531194123,3278.044364604421,9.157573751411922,15.3207898618071,16.77570546853262,17.43684338185103,19.732154199945022,21.101789026718965,49.08817965234767,6.713509e-05,5810.390625,0.073583984375,1.0,0.0,0.0,0.011804224667139351,5.830510560826952e-05,0.000590034267588635,0.6890763849020004,0.004040858993539587,0.01396635486598825,0.005191610398469493,0.27527221813797953,0.0,True
00:19:09,59278c090220760001fda664,,0.7572867602690468,,-63.6164907551589,-489.69675,23.088438,2.1403174,1.8050534,-0.028254356,-2.2976330000000003,-3.9546108,-4.4158297,-3.7298322,-2.434921,-1.2242908000000001,-0.6017034000000001,16.167377,7.1787233,-1.1168407,-6.495533999999999,-8.027699,-6.260414,-2.8014941,0.461275,0.3464627,-7.459850836316788e-07,0.012419167484515176,,3617.3756101002978,1759.6250650236245,15.373353413404727,8.00317889088042,10.879887467870748,20.82043446650145,15.76222103957911,14.637342574756314,17.532401665983826,0.0009415755,2097.890625,0.027431640625,1.0,0.0,0.0,0.009956310188863426,0.002135111769894138,0.0023773463937686755,0.0030273569384007713,0.9736581385135652,0.002101051676436328,0.0021348437876440585,0.00460982004296966,1.0,False
00:19:09,5c41c28e896e090001c03bb0,279.66149459884116,0.9918428628964842,2.945849673892147,-17.320527435036865,-157.52796999999998,115.205475,-10.178088,1.4012693,7.027464,-9.339198,-3.6627690000000004,-8.91202,-3.5320761,-7.910241,0.33098075,-12.953180999999999,-64.52571,33.507248,-18.758485999999998,11.360211,-4.122872,-9.382764,-27.78792,-3.7232833,1.8610501,-0.00029686698623791904,5.202309787563579,17.827023293149928,2795.1026035366103,3141.6044600511523,11.373856681617909,13.975884783045675,15.167048579148615,18.875194601817192,23.81441048960486,20.856718947622785,47.12424250561535,9.8974495e-05,5627.578125,0.081630859375,1.0,0.0,0.0,0.06538905040360987,0.0004671597982451203,0.029733790236059574,0.7109538495540619,0.002490314215538092,0.0039827882312238215,0.002925557142589241,0.18405748382210727,0.0,True
00:19:10,59278c090220760001fda664,235.57732171162635,0.8706307044086978,1.2578415444798223,-51.844388181454924,-432.1323,52.055046000000004,-0.83885926,0.70511353,0.40523955,-5.050129,-6.706200999999999,-4.4311337,-2.2338337999999998,-2.3215117000000003,-1.3121364,-0.832784,9.164794,7.4987516,1.1051973,2.99599,-3.6229012000000003,-4.9800705999999995,-12.169029,-8.646317,0.82558954,-3.279226240567987e-05,0.5520112188374076,21.784927181173874,3328.4199909188674,1817.9297205913235,16.374410171061914,9.72701004360928,13.937489350776412,21.07905700028821,19.97103630506705,18.131445865860158,22.055955744286056,0.0007971235,2757.65625,0.03052734375,1.0,0.0,0.0,0.0038893983291927725,0.012567671085707844,0.0010599403718515533,0.0005976549862680258,0.9652702391147614,0.010196919708687349,0.0057156216702423995,0.0007025522376352455,1.0,True
00:19:10,5c41c28e896e090001c03bb0,,0.7308979098229533,,-101.80672486747366,-507.2943,1.055854,-0.08179621,0.6343930999999999,0.43946487,-0.30145392,-0.62046486,-0.0922509,0.67368484,0.7506887,-0.023745295,-0.85810965,-0.01810215,-0.50617594,-0.02695864,0.67530376,0.6131624,-0.2958666,-1.1278771,-1.0035738,0.057033516,-7.848064442943938e-08,0.0014871324689952384,,6249.301917857113,6965.513630490267,9.283425309494863,8.555477747476111,9.398914048944734,10.644712233589749,12.61321066400436,11.438761458481913,13.020681412736172,0.62383366,14223.28125,0.066474609375,0.0,0.0,0.0,0.09571813866496086,0.0018075761588988825,0.006550991383846849,0.5849989801645279,0.02106454021995887,0.014595010096672922,0.013637300464324651,0.2616275027394295,0.0,True
00:19:11,59278c090220760001fda664,190.92656200259887,0.9773622949321252,1.5291864115398606,-21.238404373309034,-278.01437000000004,163.59598,-5.0959897000000005,1.6485168000000001,-3.3601017,-1.3658894,-3.0724711,-6.754655400000001,-4.092541000000001,-0.9062109,-7.719579700000001,-10.386996,-12.582718,4.835974,27.506767,-0.02283327,-23.351255,-17.466461,-16.259151,-21.744835000000002,1.3541127,-0.00015173598051778853,2.5160065637072915,24.393985075604004,1711.7820889946743,1508.027976029834,14.07299634185332,12.737348075452216,18.267783785147408,17.67250212716199,21.170064743063904,27.81184961618697,33.198693064897384,8.5004576e-05,2592.65625,0.034736328125,0.0,0.0,0.0,0.031762046040967114,0.029636399075388908,0.010127790994010866,0.0023751972024911084,0.8054336905479431,0.05115920510143042,0.0680923175998032,0.0014133622957160695,1.0,True
00:19:11,5c41c28e896e090001c03bb0,,0.5958977530762563,,-87.61516540988661,-506.0961,2.2587973999999997,0.2034174,0.12196839599999999,0.5189603,-0.8062736,-2.364637,-1.3774998999999999,0.7244519,0.622558,-0.9833879999999999,-0.90220445,-2.0218689999999997,-1.8766598,0.5862544,0.32329127,-1.6200489,-1.1092255,1.1163865,1.4392061,0.09791603,-1.4395038026976463e-07,0.002595435538973098,,6049.148075216776,6095.2763566851745,11.87557094256017,11.238376293731694,14.267678684072553,17.18980779766979,20.21302730543584,15.284659587534113,13.283094610018914,0.23263426,12744.352409638555,0.07031838290662651,0.0,0.0,0.0,0.06797064319252967,0.003879604837857187,0.016442673467099666,0.4250193402171135,0.04730502022430301,0.026894219685345888,0.02751916889101267,0.3849693134427071,0.0,False
00:19:12,59278c090220760001fda664,287.32248134087934,0.6951965469344706,8.466161564127887,-56.3794122065302,-437.7939,42.904522,4.995424,-2.2745217999999996,-1.3003928999999999,-1.363483,-3.3012642999999997,0.69469166,-0.39786863,-2.825822,-1.7528026999999997,0.98387617,-16.49559,-10.972727,1.8402157,9.027838000000001,3.2545824,-8.286719999999999,-11.412646,0.018493792,0.77864,-1.9367663460971606e-05,0.33095932285217683,21.07800093969617,3617.132581060785,2748.995696054972,11.811294870047801,8.695118482553227,10.731280866948623,16.687806395325026,17.780020069978317,17.59457176852159,24.7274821523356,0.0033151768,5216.953125,0.0533251953125,1.0,0.0,0.0,0.05017063431441784,0.05468504978343845,0.005706460645888001,0.013134593912400305,0.7000154405832291,0.10201641730964184,0.07011161930859089,0.004159814433660358,1.0,True
00:19:12,5c41c28e896e090001c03bb0,310.5330387175049,0.866263624256124,3.889953082091005,-28.779444218938494,-277.957,99.63665,-15.704051999999999,-5.5932245,6.34751,-0.61195564,-1.0152582,1.43677,10.663697,9.712392,11.968745,-8.575406,-31.342638,17.661167000000003,-13.549829,3.0014727000000003,-11.9301815,-4.8510127,-26.59628,-20.839537,1.4639782,-0.00017239626576250492,2.9892748673157734,13.910739941985614,3026.273513176534,2899.1961782833228,13.096238372785086,11.698334133211164,19.499298605949427,18.192710371351822,23.615461852219234,20.110133788029877,35.404616561089384,0.0043526185,5712.1875,0.043203125,0.0,0.0,0.0,0.0172891789348796,0.009992969851009548,0.022770948195829987,0.3114692336879671,0.28063432294875384,0.04787823492661118,0.04335327635053545,0.2666118200868368,1.0,True
00:19:13,59278c090220760001fda664,263.3264769875449,0.889624388458074,4.80175835037368,-33.650278933461216,-365.8481,105.5002,-1.4110203000000001,-3.2095625,-3.961697,-11.118207,-5.026529,4.253641,1.066134,-5.1195273,-6.000321400000001,-2.331636,5.1010127,0.3995867,7.2821229999999995,0.26392284,-22.21218,-29.86637,-25.259731,-8.444643,1.2609131000000002,-8.038096489736693e-05,1.3429210160566034,28.28530658360105,2094.2680976425863,1809.713101434086,11.962625361122866,10.068172647320493,14.764304507272605,17.087769348026352,20.672774064110587,18.973617245730267,29.44122061910592,0.00063231593,3236.015625,0.0462451171875,1.0,0.0,0.0,0.11194756124168634,0.12354908548295497,0.030811410024762155,0.002999550846288912,0.5190298199653626,0.1529938280582428,0.05690937163308263,0.0017593631404452027,0.0,True
00:19:13,5c41c28e896e090001c03bb0,302.2473811197468,0.9886721706798952,2.0694364252984307,-11.385866281738489,-116.60433,156.54297,-12.979184,-9.565569,-0.2915527,-8.146785000000001,-0.51912415,-6.851839999999999,-4.5875916,-8.962783,-3.5482089999999995,-15.597477,-67.31789,17.83736,-30.605766,-3.7559772000000002,-11.601324,-0.10665103,-9.732869,-0.2100911,2.2010715,-0.0003461341147606532,5.936951973460647,15.246199575622173,2506.172404238863,2386.231027288677,9.83022876120098,14.508986610427131,17.089354707600567,19.508220853357923,18.492416809207764,20.581258588399276,47.18607096607255,2.905917e-05,4584.375,0.0476025390625,0.0,0.0,0.0,0.0046553150983527315,0.0019976938754552977,0.001014557626331225,0.26003676154650746,0.542883263528347,0.004977145418524742,0.013655041065067052,0.1707802101969719,1.0,True
00:19:14,59278c090220760001fda664,,0.7298286522782579,,-63.82588042553435,-488.11093,21.96203,2.19596,1.6472787,-0.34155196,-1.5778851999999999,-3.3157983,-4.6412244000000005,-3.8659232000000006,-2.4635282000000003,-1.7900106,-0.7728433000000001,13.072453999999999,6.725655000000001,-0.3861772,-4.863333,-5.893179,-5.8914075,-4.2601852,-0.7109809,0.36244693,-1.156630346694036e-06,0.01980191423441633,,3872.3915563368573,2058.0818773568167,13.06501973466578,7.901288586439044,11.659459792880222,19.982250875014923,15.831883150637234,15.982488448251072,18.01449682877989,0.0014253545000000002,3232.96875,0.0310302734375,0.0,0.0,0.0,0.0073461627529468375,0.07028541816398501,0.0017640916339587422,0.0005721448898839299,0.8837750673294067,0.02745837634429336,0.00684817007277161,0.0019505662232404575,0.0,True
00:19:14,5c41c28e896e090001c03bb0,182.43482171973545,0.9454462606104884,2.4330954616089984,-60.35973501482919,-346.17477,117.77336000000001,-9.610341,3.0629014999999997,4.981798599999999,1.0705874,9.980008,-8.03665,-9.339982000000001,-7.589396000000001,-0.31808808,-7.144305999999999,-49.01079,-0.2147471,-37.67735,6.803999999999999,0.6088418999999999,13.719067,-13.988662,-15.801720999999999,1.1557448000000001,-0.00015707568142453015,2.697400654602077,19.456530782075745,4592.151256300786,4979.656632320716,10.691416124126373,8.800734149476646,11.393018256224742,15.128249825322484,18.373831842171267,18.797830861083693,28.581144657985288,0.16022855,9889.391447368422,0.07254093251329788,0.0,0.0,0.0,0.021582290483638644,0.0064069327529068685,0.01618216961651342,0.34106494635343554,0.2939482185989618,0.05551929475041106,0.12270401725545525,0.14259215407073494,0.0,True
00:19:15,59278c090220760001fda664,375.8222293591589,0.6819552045423024,6.447294430832912,-36.90019420748667,-356.06662,112.45678000000001,8.779557,9.4243,-0.5789379,-5.864376,-5.744078599999999,-4.220062,-2.969168,-0.8772821,-2.6444886000000003,-2.6443267,-7.4823723,-7.387542,8.342853999999999,-2.7772303,-8.215108,-4.206678,-11.88292,-8.747452000000001,1.3430349,-4.6641130639682926e-05,0.7829944631740946,38.76383255819132,2123.8935258603065,1952.529770150377,12.5718223493572,7.977272154094495,12.88900526933417,16.923907967195024,21.0926108568512,23.984471267165862,28.91206421732391,0.00024498947,3323.90625,0.0550439453125,1.0,0.0,0.0,0.03809831421822309,0.014079105295240878,0.0035679176682606338,0.02983226454816758,0.8429291784763336,0.011664479598402977,0.05460912501439452,0.005219590524211525,1.0,True
00:19:15,5c41c28e896e090001c03bb0,,0.4506199665176176,,-82.80346637414826,-484.78455,15.147276999999999,-3.8774888999999995,-1.3586426999999999,2.5820122000000003,-0.76817936,-1.8117793000000002,0.37007340000000005,1.2037028,2.1845744,-1.2895643,-5.699688,-40.59984,-11.737582000000002,0.53865814,3.1518973999999997,9.090259,-4.830432,-6.5692053,-0.20511165,1.046133,-7.4435624777175075e-06,0.13215845822332994,,4599.738676297912,5464.714500848183,9.729751536555764,8.767855056941034,10.417341156552288,14.756050665811957,17.91236292079828,15.814904023226733,18.779548759795095,0.34067854,10339.898767605633,0.08810381822183097,0.0,0.0,0.0,0.006241384265013039,0.016799234505742788,0.007517239637672902,0.16953058782964944,0.5733892306685447,0.056665026769042025,0.10649520047008992,0.06336210370063781,0.0,False
00:19:16,59278c090220760001fda664,,0.7445836770054467,,-47.56403260595064,-415.981,86.01458000000001,8.916236999999999,6.3732657,-5.1710668,-6.651069000000001,-4.527728,-5.094266999999999,-2.6318436000000003,-1.8561720000000002,-4.3281,-0.010142221,17.945091,-2.0046221999999996,2.0142307,-2.0727927999999998,-4.4853163,-5.257694,-9.798314999999999,-4.008308,0.8769663000000001,-8.458735035147114e-06,0.14225409871975853,,2173.811257445882,1618.13555959901,11.419596965235096,8.908663896015007,11.63598832244898,15.801438724518402,19.210409054871914,21.582650061228843,24.581308987021927,0.00017665738,2606.71875,0.0470556640625,1.0,0.0,0.0,0.011944535338989226,0.004338233143789694,0.0009635194921429502,0.012608189016464166,0.944113838672638,0.0031213788795867005,0.005523410922614857,0.017386873532086608,1.0,True
00:19:16,5c41c28e896e090001c03bb0,,0.6871831387754744,,-49.59389868381808,-448.93387,39.353138,0.03599867,4.841824,0.3549137,-16.335316,-15.982959,1.3042998,10.800119,3.8982964,-7.477161,-3.7741556000000003,-22.676208,-21.620613,0.6059013000000001,6.967067,1.1087533,-6.167411,-2.5744013999999997,1.2241321000000003,0.8671049999999999,-8.91925266046028e-06,0.15148172765368906,,2230.9366023721827,2583.577693583874,9.409676730012098,12.03520928329866,15.087281526822526,20.662507503526864,25.87042285913692,22.96108599739557,26.743847777072354,0.0015884622,3664.6875,0.0833154296875,0.0,0.0,0.0,0.013858001632615923,0.019385344767943024,0.014362103794701396,0.034628084022551776,0.6681468814611435,0.05720522673800588,0.17842995431274175,0.013984391884878277,0.0,True
00:19:17,59278c090220760001fda664,226.10267673275945,0.4034093744001157,3.634163010619435,-39.85981939795249,-415.4406,96.42493,-0.75136614,5.3123245,0.68580705,-5.8803663,-5.836684,-2.9052572,-1.7993692,-1.5678462,-1.5587863000000002,-1.3838986999999998,33.524178000000006,0.16014959,-1.9812849,-2.3811152,-10.453105,-17.886889,-18.874271,-12.111053,1.1782204,-4.074851936879557e-05,0.6654808077996739,35.53509900724088,1838.863503146221,1273.2286983506335,11.125142365739544,9.611991097519367,15.435790344538395,17.303292708285813,22.217884071778123,20.036608150652818,23.844867546259536,0.00025601807,1871.015625,0.033017578125,1.0,0.0,0.0,0.0004993806811398827,0.0010590418241918087,9.439940586162266e-05,0.0007990725956915412,0.9818475723266602,0.0005057769914856182,0.0002666774569661357,0.014928080525714904,1.0,True
00:19:17,5c41c28e896e090001c03bb0,165.4185229849659,0.8531990747118751,1.491632639251354,-19.61399531837884,-245.31816,172.46376,-18.397228,-2.7084022,9.620538,-0.9501394000000001,-1.1551018,-6.3357725,-10.331463000000001,8.049750999999999,1.3203761999999999,-22.54726,-30.118184999999997,8.846022999999999,14.152204500000002,-8.325803,12.1714735,-2.8317208,-11.23356,-7.8518395000000005,1.5368674999999998,-0.00013851240699154304,2.3260407275445116,15.667489417658484,1458.3310364746815,1841.2307580966722,17.201810943337495,12.723084862937947,16.426277781607524,15.434532920540596,21.885264461425386,27.201961052035774,42.012577220004395,3.594728e-06,3071.71875,0.062470703125,1.0,1.0,0.0,0.009902101708576085,0.009520042524673044,0.004931747273076326,0.03623055974021554,0.7239681154489517,0.028024478768929842,0.17623745147138833,0.011185505765024572,0.0,True
00:19:18,59278c090220760001fda664,115.86582096399698,0.8666016095967242,2.428890498468165,-51.213212042934934,-438.49075,66.27559000000001,2.6213233,-0.4797441,-5.3428597,-4.818944999999999,-0.5444113,-1.0439559999999999,-4.883840599999999,-4.1867976,-0.30662394,0.37181820000000004,16.41159,5.869658,15.773226999999999,5.3652525,-15.624289000000001,-19.534065,-8.983146000000001,0.037586867999999996,0.62106717,-3.410272916422382e-05,0.5619082311683353,32.55286827576992,2750.3066097618416,1729.924629669929,12.778051418118599,9.456731778497627,14.086020666097026,17.613789744751376,19.0677026041392,18.759115586778137,22.165619021236466,0.00065573887,2754.84375,0.0358740234375,0.0,0.0,0.0,0.00046832443185849113,0.009397536021424456,0.0002686443087441148,0.0003152928078634432,0.9800884485244752,0.0020912023821438195,0.00042866057956416633,0.006941898245713674,1.0,True
00:19:18,5c41c28e896e090001c03bb0,165.29495706116438,0.9307126890169264,2.7216876108752075,-44.89763574778397,-359.5777,94.50426999999999,-3.9780437999999996,-6.6148105,-4.7568054,-0.09890033,1.7187431,-8.097061,-4.2112875,1.9128313000000001,-1.8740854999999998,-11.226378,-24.737013,5.7632008,6.202075499999999,7.7994614,1.901578,1.1587982,-7.895230000000001,-1.7710384,1.4725591999999998,-0.00010953711149969765,1.8613454322592935,31.719453864008948,2983.487453249551,3145.4426790855523,11.642050264824887,9.774856626097984,13.448534778129881,16.321936895641,21.79132636109798,21.719852907120114,29.83971957143394,0.009542148,5790.0,0.078896484375,1.0,0.0,0.0,0.02191508108517155,0.020456612098496408,0.048059089557500566,0.053297746716998516,0.6590629667043686,0.088683130312711,0.06300895595923066,0.04551638485863805,1.0,True
00:19:19,59278c090220760001fda664,,0.9169582601713808,,-64.97502320621652,-495.4164,15.706235000000001,4.5754485,5.030598599999999,3.5139991999999998,0.816296,-1.9400179,-3.7638602,-4.1518865,-3.2135103,-1.5444726999999998,0.07010973,10.640839999999999,3.9938731,-2.2164912,-6.249599,-7.2166495,-5.321864,-1.6986861,2.074136,0.24470504,-5.743062862514181e-07,0.009608640081827031,,3943.167655387817,1962.8483761458403,15.740751005714984,8.264094853925446,12.501458069700947,22.437446786799303,15.840324974050922,15.98437613309301,16.211790929510276,0.0011509298,2553.28125,0.0282373046875,0.0,0.0,0.0,0.0021622105821734296,0.022825333470245825,0.0014283212600275873,0.0007320109136344401,0.9558691740036009,0.006519289573770948,0.0016132225806359199,0.008850432222243399,1.0,False
00:19:19,5c41c28e896e090001c03bb0,199.60596310211292,0.7951458509906891,3.42414524268627,-19.039854380545698,-214.45087999999998,135.0014,-16.890379,-1.4292942,6.1169434,-1.9171726000000002,0.7573191999999999,-9.566632,-5.3933854000000006,0.06832216,-2.3965607,-14.313595000000001,-52.801469999999995,25.79758,-2.9839213,-9.264114,7.032628999999999,-7.258809599999999,-23.687496,-10.258013,1.7546104999999999,-0.0001831976811230817,3.2309240212874464,19.929336156196374,1893.9985645547047,2867.6605584273134,14.426752964190493,11.976338630488383,15.565626060768105,16.582980636027195,20.13850975037452,23.391326970169672,42.70739065914759,2.6530819000000002e-05,4468.125,0.100927734375,0.0,0.0,0.0,0.04098748480901122,0.02131442162462917,0.16288137928931973,0.18045866272877906,0.2965183612890542,0.11451809436548502,0.04444744801148772,0.13887418955564498,0.0,True
00:19:20,59278c090220760001fda664,,0.7454435175168455,,-65.34550980250314,-494.5793,16.852715,2.1624792,3.2125547,2.5697827,0.76668245,-1.3610803,-3.0298448,-3.7729976,-3.5339491,-2.5887808999999997,-1.3676253999999999,11.659708,4.7564745,-1.8775316000000002,-6.510449400000001,-8.205378999999999,-7.0511675,-4.015557299999999,-0.5073937,0.27275762,-5.897571978598956e-07,0.009882417528536056,,3955.979442538587,2015.396938692565,15.343701693465311,8.131175522611215,10.647695456580404,20.9580706585497,15.366619144209835,14.129703295259528,17.4204396714029,0.0013756745,2932.265625,0.027880859375,1.0,0.0,0.0,0.0014306276803836226,0.004574151441920549,0.0005996072977723088,0.0012574100415804427,0.9733909487724304,0.002660592185566202,0.0008309094038850163,0.015255700075067581,1.0,True
00:19:20,5c41c28e896e090001c03bb0,173.54352348464778,0.8909337670358418,1.1039911777381293,-17.85179927919967,-195.9833,135.12653,-21.181824,-9.31991,4.346405,-0.40603074,-2.7548027000000004,-9.394027000000001,-3.8988574000000003,7.133830000000001,-1.0653758999999998,-10.785882,-66.9887,43.507736,9.214030000000001,0.41811544,13.918460999999999,-16.263222,-16.855432999999998,-9.416797,2.056547,-0.00019310174285294156,3.3497378288308157,15.875810599106215,2129.4410673034367,3039.047427915574,14.326673238014472,11.477190289499806,16.881566029498003,16.712023666633048,19.712526485605363,22.80651166803589,46.88249090926874,2.6357102e-05,4933.59375,0.106630859375,0.0,0.0,0.0,0.09580839835107327,0.008097747317515313,0.25546463392674923,0.18306123707443475,0.028405275358818476,0.08890397921204568,0.053981732949614517,0.28627700060606004,0.0,True
00:19:21,59278c090220760001fda664,,0.785966937457067,,-63.00475016545121,-490.42435,21.849601999999997,3.4839587,4.066061,2.4890306,-0.22232495,-2.8650272,-4.5554705,-4.984408,-4.380044,-3.2659092,-2.1685772,14.360252,4.6171940000000005,-4.3716917,-10.120822,-11.499827999999999,-8.986714,-4.2903395,0.44425446,0.33112988,-7.291838139463535e-07,0.012154692469436965,,3566.300842835101,1750.54849658449,14.405660007253983,7.897761039906921,11.402034264452007,21.62455387457807,15.701390439644179,14.646332313001349,17.65609820146641,0.0007426394,1876.875,0.028134765625,0.0,0.0,0.0,0.1215458385500824,0.010096220788545909,0.020223874633666133,0.042703638196690014,0.7563798576593399,0.01916028208215721,0.01638263839049614,0.013507635286077856,1.0,False
00:19:21,5c41c28e896e090001c03bb0,142.28175445304691,0.7449986299991956,0.4709700892854608,-17.952784764457522,-216.3591,164.16928000000001,-11.368602000000001,-12.179161,2.8954377,-1.1682912,-5.5483413,-6.3554835,1.0751357,5.3725653,-8.950013,-18.25214,-38.42576,22.473475,5.4693309999999995,-0.019668026,18.454327,-12.871611999999999,-19.0494,1.5445657,1.9318353,-0.00017890278736967992,3.0400295403021573,19.394766453127783,1749.1898585906579,2242.908786828412,15.357487428269666,13.462409490183914,15.393646973618939,16.60304491520014,21.51048827031161,23.08071466756331,42.47210391362199,1.3332782e-05,3709.6875,0.0764501953125,1.0,1.0,0.0,0.10972346011549236,0.002670604084414663,0.0287367126904428,0.31823389818891884,0.007091410312568769,0.08021466764621436,0.1789249102352187,0.2744043354410678,0.0,True
00:19:22,59278c090220760001fda664,,0.7746367467010168,,-64.20753600813215,-492.5561,19.233366,2.9889815,3.2620952,1.4985294,-1.3105752,-3.9385781000000004,-5.435189,-5.441554,-4.215139,-2.4062514,-0.72419906,12.793059,4.3748097,-3.4545519999999996,-8.537632,-9.847563000000001,-7.741733,-3.682156,0.42640823,0.30806646,-6.529440798781146e-07,0.010913160661431078,,3730.173569480141,1854.9464654294488,13.179793895216706,8.015561447298152,11.64589817772638,21.930579288983107,15.80105241364158,15.05160657681821,17.624410292559475,0.00096673425,2235.46875,0.028994140625,0.0,0.0,0.0,0.35974226146936417,0.03302821095567197,0.1616017956286669,0.017036486323922868,0.29120701546780764,0.0830390702933073,0.03373839361593127,0.020606783439870924,0.0,False
00:19:22,5c41c28e896e090001c03bb0,118.3069096036824,0.8554458722215039,0.9148829491325235,-34.25223444325681,-342.01422,137.49585,-12.9160595,-5.592636,9.2112465,8.588256,-0.8409479999999999,-1.1744255,4.115073000000001,6.089795,-0.02577287,-5.793158999999999,-4.6652303,-6.7749880000000005,9.555527,5.3010616,6.8141694,-10.120548,-23.882479,-16.615576,1.4529552,-8.680611233881511e-05,1.4340463266091303,19.01430866386029,1804.3015632795145,1981.8854775314935,12.475328978962061,10.513262016954146,15.837401727317731,17.261679474120154,24.81193840164168,22.13650432349798,30.237990301220638,0.002778176,3190.78125,0.06025390625,0.0,0.0,0.0,0.06406677961349487,0.001686751877423376,0.03716996856965125,0.19002733500674368,0.002677207114174962,0.11460184715688228,0.5420103088021279,0.04775981279090047,0.0,True
00:19:23,59278c090220760001fda664,,0.7328941403125228,,-58.538374826348374,-477.32555999999994,37.9476,4.3269897,4.0531726,1.6724417,-1.746747,-4.833532,-6.2911515,-5.4898014,-2.9124044999999996,0.04728791,1.9426738999999997,24.46936,8.154708,-5.260606,-12.299578,-12.67174,-8.503072,-2.7876822999999997,1.9547157,0.473983,-1.3272722321566111e-06,0.02187394518880164,,2912.7097656383107,1401.8558387651458,12.790071190789833,9.146312201591376,11.912750002814343,21.029888474441112,18.297568777792492,15.022748063241409,17.955373242650683,0.00038811760000000004,1391.015625,0.02783203125,0.0,0.0,0.0,0.0213464213302359,0.015530790726188569,0.007675671949982644,0.01264735427685082,0.9004650115966797,0.00969741239096038,0.014415852120146157,0.01822148342616856,1.0,True
00:19:23,5c41c28e896e090001c03bb0,158.4780286975704,0.3764341225121157,0.9372925843434824,-30.141732826396666,-281.27002000000005,132.36485,-11.279335000000001,-8.244635,1.9290368999999998,-1.7619797,-3.8966985,-7.8103240000000005,-5.170769,-3.0673158,-1.8911427,-9.746651,-24.602498999999998,24.703747,5.7973356,4.270881,2.4383538,2.726575,-12.052539,-10.515222999999999,1.9526252,-0.00015171257498665478,2.5688038497584307,23.943552091115492,2610.736518751839,2307.211555027688,15.848994813840482,11.720753952261061,14.950534934589665,16.642015672916713,20.035432359524386,18.923610802688092,34.15426055057962,0.005278204,4248.515625,0.054423828125,0.0,0.0,0.0,0.030077477870509024,0.03765248433919624,0.018732511647976936,0.15629069334827364,0.138641154486686,0.32590043246746064,0.24038574919104574,0.05231947200372815,0.0,True
00:19:24,59278c090220760001fda664,,0.7595904264128391,,-63.7793256860738,-489.82715,22.615082,2.2672868,2.1554458,0.48396778,-1.6287956000000001,-3.1336717999999997,-3.5005129999999998,-2.8494767999999997,-1.7511287,-0.8415729999999999,-0.47568932,14.969907999999998,5.170732,-3.6549373,-9.077889,-10.1948805,-7.7513742,-3.5945226999999997,0.22288372,0.33468887,-7.448770549375335e-07,0.012408873684558815,,3559.4744961903816,1752.621267673485,13.123343227042213,8.441867764211526,10.8248511020605,20.623763800674904,15.190623783756152,14.80927861559428,17.642960806700078,0.00084233243,1962.421875,0.0293115234375,1.0,0.0,0.0,0.07388053045142443,0.020663663710001855,0.024795693377382126,0.02911504385410808,0.7641672819852829,0.039600383478682485,0.01898281975882128,0.028794613690115513,1.0,False
00:19:24,5c41c28e896e090001c03bb0,162.33330196314702,0.6858672628991527,0.8622465272107209,-17.815097264167672,-215.1573,180.5236,-12.11651,-4.876484,4.432307,0.82300436,0.77640617,-3.2270367,-4.6609163,1.2849034,-4.952888,-12.780481,-31.065603000000003,12.3864355,5.128847599999999,-12.290918,7.4381895,-1.1508301,-19.410073999999998,-13.911439000000001,2.02884,-0.00017992069432622694,3.003897004221165,17.016167874966456,1724.4476305310488,1747.0962265140197,14.844761847696269,13.582415292610126,16.63191734260141,17.97540910337635,21.982913726345906,22.054051180433408,40.535454324034006,1.0959811e-05,3150.703125,0.04876953125,0.0,1.0,0.0,0.07646929770708084,0.010062279910198414,0.0565008694306016,0.1761211126577109,0.038459886718192136,0.2026219755411148,0.2649260930716991,0.1748384597711265,0.0,True
00:19:25,59278c090220760001fda664,,0.7413329447950195,,-62.59831966434529,-487.20764,25.862495000000003,4.3057989999999995,3.7610773999999996,1.2541503,-1.8320648999999998,-4.145938,-4.914454,-4.1609050000000005,-2.5459235000000002,-0.9537767,-0.05227118,17.043173,5.8459959999999995,-4.051079799999999,-9.857702,-10.629472,-7.360859,-2.2936552000000003,2.1484520000000003,0.3646781,-8.677472143210032e-07,0.014402653854770818,,3431.9547161030537,1690.37753625014,12.916834052203011,8.693334366214074,10.724292795081183,20.474362473529855,16.212581584862374,15.159621168689974,17.732260545074325,0.00083518546,1944.140625,0.0291748046875,0.0,0.0,0.0,0.03420644763391465,0.003650733327958733,0.0030151219165418302,0.006927459468715824,0.9361156463623048,0.005441800414700992,0.0029963801818666982,0.00764643580187112,1.0,False
00:19:25,5c41c28e896e090001c03bb0,240.41649740382454,0.9759052814946952,1.424474197185439,-15.524494659932136,-170.53252,113.28166,-19.660875,-13.396059,1.8136325,-9.056938,-6.846097,-7.776743,4.4724544999999996,-2.9414506,-5.453424,-14.406210999999999,-61.669540000000005,53.612877000000005,8.168049,5.4768419999999995,-19.28904,-11.580188,-16.834019,-0.50519407,2.1483274,-0.0002574326656037641,4.542522599046516,24.126378635089196,2601.5112071694743,3098.369425031063,12.117683962512185,15.04725838067099,18.753334891939094,18.084960996114088,23.045680905021058,23.25249831029285,47.17885394837891,3.69109e-05,5597.8125,0.085185546875,1.0,0.0,0.0,0.022245990810915828,0.0002795390268147457,0.006709462148137391,0.6872820794582367,0.001328062516404316,0.024477761518210173,0.011794544849544763,0.2458825714886189,0.0,True
00:19:26,59278c090220760001fda664,,0.7634735076849322,,-64.82632464699843,-493.35632000000004,18.761356,1.6390567999999999,2.6524396,2.206112,0.6223915,-1.4564617,-3.343519,-4.540158,-4.854123599999999,-4.387885,-3.4337720000000003,14.018837,7.614554400000001,1.2645614,-3.4903275999999996,-5.750584,-5.4733706,-3.3817247999999998,-0.62866735,0.29694846,-6.144169763897517e-07,0.010274876955065135,,3846.37648463295,1865.724456658952,14.806114720661078,8.596075193588442,10.924572692508109,19.705299766263906,15.475772769466245,14.46768035801424,17.4746556572461,0.0010594942,2419.21875,0.0252685546875,1.0,0.0,1.0,0.10097862211987377,0.02252248739823699,0.007476952672004699,0.01763139360700734,0.7793060421943665,0.04032350294291973,0.021391145186498758,0.010369862138759343,1.0,False
00:19:26,5c41c28e896e090001c03bb0,202.45125660940656,0.729381468411318,2.3112771278038178,-15.03584317207426,-136.55176,155.49915,-10.614198,-6.676398,2.72455,-3.365682,-0.95127773,-6.3545327,2.2080255,-0.2605585,-3.6718845,-17.834978,-58.672259999999994,25.761795000000003,-15.883254999999998,5.093738,-5.386,-12.427177,-23.981663,-3.936463,1.9797938999999998,-0.00029489443684057947,5.082783526011112,25.905257275177174,2462.9665315404536,2618.5461108441405,13.479222957286213,12.444934801726575,15.63323264633434,16.366258438363904,20.706227811886322,23.218083913930517,45.88171056010209,4.0613548e-05,4776.09375,0.0707275390625,1.0,0.0,0.0,0.07256053694124733,0.0005575782207805399,0.012207116332969494,0.625412472656795,0.0018210646272304332,0.05163847202701228,0.03305381190563951,0.2027489532317434,0.0,True
00:19:27,59278c090220760001fda664,,0.7348590824639479,,-63.98974720071394,-490.2463,22.501417,2.5827534,2.2784827,0.38650059999999997,-2.0987265,-4.0652018,-4.741423999999999,-3.9523075,-2.1082265,0.02651077,1.6650901999999999,16.072435000000002,7.679671300000001,-0.14111778,-5.3157252999999995,-6.9279594,-5.412178,-2.210486,0.9121976999999999,0.32548782,-7.711790379262441e-07,0.012807755445331923,,3710.885674110244,1835.4783443153256,14.106472382838007,7.745551129190964,10.921258934904639,21.63327975039238,15.286203323844626,14.333849407267735,17.289342722994814,0.0011477418,2605.078125,0.0269580078125,0.0,0.0,0.0,0.005070807707670611,0.00043321172706782817,0.0005919417650147808,0.002011495655824547,0.9875427603721618,0.0005252189639577409,0.00040602399785711897,0.0034185605225502515,1.0,False
00:19:27,5c41c28e896e090001c03bb0,175.55467279743155,0.8466054662312078,0.5183665918875525,-25.130662332708212,-272.92400000000004,114.664055,-4.1551595,-5.21793,-1.2560826999999999,0.9750244,2.4783325,-6.032351,-4.3205279999999995,6.4261665,4.3228765,-10.859827000000001,-49.535183,18.746979,0.37972006,-14.088976,7.098265,-5.035735,-18.89491,-4.865227,1.7635645,-0.00014231821007717774,2.4313118581007997,15.96065015833386,1901.0180669339718,2798.0554405970283,15.896382550611687,13.038874794498485,17.243854651818143,18.085948813399423,22.26147713427588,24.092455052817332,40.707617924034906,0.00029819104,4314.84375,0.102001953125,1.0,0.0,0.0,0.032312583271414036,0.0003002587544870039,0.02627885911206249,0.8305508255958557,0.0022878178962855602,0.014589495211839675,0.06168013496790081,0.032000033557415014,0.0,True
00:19:28,59278c090220760001fda664,,0.7409254041362651,,-63.58456998313078,-489.6545,23.308378,2.8450952000000003,2.3530211,0.13561893,-2.7151623,-4.975445,-5.812824,-5.074298000000001,-3.2524257000000003,-1.1903911,0.31205305,16.786669,8.239573,0.22702440000000002,-5.123297,-6.832963499999999,-5.3046265,-2.0102272,1.197851,0.3407884,-7.495599494853959e-07,0.01246747526044939,,3597.686660791402,1718.5134316311146,13.561160989380571,8.19611972449898,11.132706126838915,21.206366503783137,15.680076461194027,14.75442714146551,17.711756345651317,0.0008532541,1982.34375,0.02576171875,1.0,0.0,0.0,0.0005773197568487376,0.0005923230288317427,0.0002655031465110369,0.0002822872487740824,0.997190248966217,0.00017893351905513556,0.0005394151834479999,0.0003739643492735922,1.0,False
00:19:28,5c41c28e896e090001c03bb0,172.6221667853531,0.8013209762895391,0.6791850767485328,-15.17221405873826,-190.95404,153.07199,-20.05698,-11.300417999999999,3.2905559999999996,-3.2436802000000005,0.40193886,-0.17025802,-6.162632,-5.2764077,1.7324093999999997,-5.811651,-41.02369,36.41568,-20.561104,-20.605318,8.270228999999999,0.27963459999999996,-0.97542614,-1.9116791000000002,1.8694078,-0.00023297988522083326,3.9869553641768194,16.50187816952673,1922.166807273784,2718.4744752487477,15.582568247467158,12.970958116359967,15.352806160183613,18.915052759207498,20.653935587843765,25.165108097089014,45.99677950720458,1.4303783e-05,4281.5625,0.0897802734375,0.0,0.0,1.0,0.0415148395113647,0.0009018006894621068,0.0144775997614488,0.6482585445046425,0.003775449687964283,0.08056597877293825,0.14763028733432293,0.06287545617669821,0.0,True
00:19:29,59278c090220760001fda664,,0.9064053444956364,,-64.51528657286914,-493.6073,18.221434,-0.039213896,0.3873273,-0.583761,-2.2996842999999996,-3.8749443999999995,-4.5804195,-4.118798,-2.692126,-0.8613265999999999,0.71921706,13.004738,6.0421543,-0.7167996,-5.5785575,-7.6433854000000006,-7.021304,-4.668810400000001,-1.9388366999999997,0.29261795,-6.290802599814116e-07,0.01052315162805793,,3852.3895979998797,1918.43779601788,13.261327577989578,8.878879420497698,11.534230892960393,20.73652307526829,15.229011401105785,14.798715971914785,17.665418815230495,0.0010926536,2653.359375,0.0268310546875,1.0,0.0,0.0,0.006959711308445549,0.0007727440490270965,0.0004991682988475076,0.0032791482219181487,0.9829118132591248,0.0009367222708533518,0.001609996281331405,0.003030686909914948,1.0,False
00:19:29,5c41c28e896e090001c03bb0,160.63520543622968,0.7225515985226938,1.467524524249001,-22.17625594072208,-226.31132999999997,135.88432,-16.860706,-4.539663,10.177977,1.2595706,-0.24369006,-5.7323455999999995,2.2505872000000005,6.949169,-1.6783552,-10.315872,-47.462658000000005,18.602729999999998,2.9607923,2.0840970000000003,2.195409,-9.435224,-20.373188,-10.756532,1.9135904,-0.0001767507225317893,3.01876261931849,21.0512847711642,2158.0084410046443,2633.8513825255263,14.812890487234387,10.756497927081444,16.350647075638005,18.277283610567512,21.287935399908452,24.108717914642483,42.87294640869923,0.0001042755,4431.5625,0.08234375,1.0,1.0,1.0,0.08138930128188804,0.002935890152116372,0.018181074636231642,0.40940436883829534,0.027280693102511574,0.13534884731052446,0.2475832919590175,0.0778765469440259,0.0,True
00:19:30,59278c090220760001fda664,,0.6983739390916008,,-58.86208733807782,-463.80933,36.17177,2.1831286,1.7337999,-0.40581763,-3.8696370000000004,-6.6870155,-4.6799917,-3.2687197,-2.635837,-1.3947188,0.50856155,6.646988,4.775490799999999,1.207159,-2.8470807000000002,-2.0978917999999998,-5.6047053,-8.672874,-3.7901203999999997,0.66881365,-6.491653801120772e-06,0.11129489271073943,,3468.792099240423,1993.5829055418203,13.890146573213412,8.492590081676529,11.540718728711136,20.239762110920264,17.38328590364685,16.554052445331553,20.09484365297619,0.001000934,2916.796875,0.03765625,1.0,0.0,0.0,0.003718985215527937,0.0016636184707749635,0.0005339245166396722,0.0009102407871978358,0.9900793790817259,0.0009015144940349273,0.001213362178532407,0.0009789345174795016,1.0,True
00:19:30,5c41c28e896e090001c03bb0,295.06631492690934,0.8129136167337354,7.971697848200066,-38.28337329333333,-332.7114,97.34142,-12.151423,-2.5544434,1.136232,-4.0543733,-5.688375499999999,-2.0229607,-0.33617094,3.7205455,3.2403588,-11.908696,-33.250240000000005,41.662690000000005,22.198463,-0.40787572,5.7884164,-11.281878,-19.723157999999998,-9.601745,1.6934516,-8.629701863484615e-05,1.546888716825583,28.339005723157648,2764.041657795249,3408.989029638599,14.604777469570651,9.440734266395284,14.399360998029273,15.241440729759615,18.105980243605092,21.618858441643347,36.26440972834341,0.01045054,5709.84375,0.1029931640625,1.0,1.0,1.0,0.01868284340016544,0.0005782398402516263,0.019672363781137396,0.6471598327159882,0.003042006946634501,0.0593589773401618,0.048607681225985286,0.20289805233478547,0.0,True
00:19:31,59278c090220760001fda664,281.35040330173354,0.4635707385336088,3.56779382149296,-41.217870259310864,-400.5526,102.19375,13.823706,8.685425,-1.4710948,-7.0307918,-3.8269682,2.4815093999999998,0.3926631,-4.716272,-5.4232949999999995,-1.9265385,25.797594,-5.3135166,-7.979506,-5.7450209999999995,-11.257674,-19.002968,-13.399799,3.4236767,0.8843834999999999,-3.973571652297474e-05,0.6565731762783962,24.388573902792746,2118.671307535698,1726.4850941310583,11.959548681904874,8.395235876608062,12.653239338517432,18.82014900760291,22.52860701439103,17.065944726184078,26.95529977047075,0.0006491440599999999,3158.90625,0.0437255859375,0.0,0.0,0.0,0.010857085336465391,0.010149419552180915,0.0016915157233597714,0.005475980287883432,0.9491137146949769,0.0051365633778914345,0.014547462592599912,0.0030282840772997586,1.0,True
00:19:31,5c41c28e896e090001c03bb0,171.2703475285807,0.6730520858797417,0.5120526726673773,-41.52556987831756,-324.15682999999996,117.507576,-11.610938,-14.057607,-0.12162838,1.1188898999999999,-2.3730783,-1.3887178,-2.0535185,1.894909,7.437850500000001,-12.918727,-37.949055,26.42502,-13.633156,-12.259661,-5.0595717,-10.691022,-20.649723,-9.098602,1.2157173000000001,-0.00012741697420655615,2.201636567838903,14.238100748704534,3344.1166010485554,3724.8011800804297,14.260026101945169,12.674556001511768,15.519186571451632,18.44405801889204,19.58492089391152,20.377689407956623,32.90857129033201,0.018124592,6852.65625,0.0930908203125,0.0,0.0,0.0,0.08067518305033446,0.0067843590863049036,0.12069319169968365,0.2501259509474039,0.021705970400944352,0.22242744490504265,0.15849483385682106,0.13909306079149247,0.0,True
00:19:32,59278c090220760001fda664,,0.7130428653252279,,-61.139250359424885,-483.3648,31.309484,2.1021216000000003,1.3974916000000002,-0.95165855,-3.6447809,-5.4361625,-5.655761,-4.370608,-2.2094522,-0.023420062000000002,1.4409602,22.460993,11.027697,0.51540005,-6.35216,-8.524867,-6.7507342999999995,-2.9995675,0.48663690000000004,0.39711496,-1.067087887075444e-06,0.017620942716215438,,3218.952863242418,1531.8950765996167,13.603128519021704,8.258054116081986,11.214520439995805,19.625730093879348,17.48738726063117,15.279425502526207,17.781178511728093,0.0007148631,1864.921875,0.0253759765625,1.0,0.0,0.0,0.00483066084024568,0.0029469188034104607,0.0008935000939975277,0.0015785897446151534,0.9849344400259163,0.0009006639313436329,0.002912254457791837,0.0010029465103378664,1.0,False
00:19:32,5c41c28e896e090001c03bb0,171.2741475540154,0.6754945982390547,0.9160232127209624,-17.85212074637888,-201.71506000000002,153.26933,-13.073596,-11.215927,1.9775145,-6.2697477,-0.6787147,-0.10744098,0.75089544,2.6815857999999997,-0.20322888,-12.755666999999999,-45.444237,21.418654999999998,-5.914167,-7.740396499999999,9.496396,-2.5880308,-15.458070999999999,1.1965611,2.1600208,-0.00020260420574141208,3.4908500449675586,21.83650749490317,1920.8856542229546,2601.811634358045,13.698070938130579,10.32967856364059,14.312781978230074,15.669979999528945,20.247132294722746,22.679382998117443,43.64398808098511,2.586346e-05,4197.65625,0.086494140625,0.0,1.0,0.0,0.03102362378267572,0.01760051059536636,0.11262797322124245,0.10886834221892057,0.3739850506186485,0.15951575115323066,0.1415670782327652,0.05481167928664945,0.0,True
00:19:33,59278c090220760001fda664,,0.7229179922274916,,-66.18074515032494,-496.56683,14.3988905,0.2813051,0.40411896,-0.5707736,-2.0553630000000003,-3.3316068999999997,-3.8680105000000005,-3.511421,-2.4925479999999998,-1.2703507,-0.305001,10.175832000000002,4.5819483,-0.77160764,-4.511611,-5.949952,-5.247033999999999,-3.2487164,-1.0865965,0.25469348,-5.15107408789475e-07,0.008675830951252636,,4088.5432815967342,2094.630856334025,14.065560127313429,8.825590721785348,10.884785743589923,20.644354040178506,14.687060905071926,14.575133930072965,17.461920095941153,0.0014125044000000001,3230.859375,0.027880859375,1.0,0.0,0.0,0.06580211791830758,0.04917662401373188,0.010358728216184923,0.0044289676103896145,0.7821106354395548,0.030269551909683893,0.057053668013152974,0.0007997174262224388,1.0,False
00:19:33,5c41c28e896e090001c03bb0,143.2333211428818,0.7492213635258886,0.6117938786757222,-31.07932611285037,-321.3666,157.80993999999998,-18.032259,-6.547978,9.064480999999999,0.7184554,-6.2510900000000005,-0.99439627,-1.2177040000000001,-0.94294584,0.43848163,-3.9383729,0.88261366,4.74886,13.832435,-12.334418,-5.4386487,4.8738704,-0.09497689,-9.215175,1.3471307,-9.940178128788666e-05,1.6350222117331858,12.644014426482242,1994.994537619184,1732.461399527321,16.31762688904217,14.076117100407794,14.90309983443661,18.583205712458522,20.190987178731074,24.632134219802168,32.05693854699736,0.0035956278000000004,3059.296875,0.0418017578125,1.0,0.0,1.0,0.017509678727947176,0.003512675128149567,0.00677246501436457,0.18769143614917996,0.1664627050049603,0.2925745770335197,0.06631098920479417,0.2591654760763049,0.0,True
00:19:34,59278c090220760001fda664,,0.7432610964854344,,-66.60701309057615,-494.9854,16.230162,2.3303397,2.0045953,0.25152233,-2.0219386000000004,-3.8210964,-4.4685097,-3.823431,-2.26079,-0.45616490000000004,0.9112162,10.970908,4.164169,-2.0587869,-5.9709769999999995,-6.841998599999999,-5.0980563,-2.0210078,0.84811795,0.22923994,-6.221928738451848e-07,0.010401124010806971,,4169.729644014958,2269.1903648809102,13.874838916939206,8.024493607255028,11.421219766867562,20.854406764428397,15.366354541333756,14.319531069424498,16.796645837572086,0.00238909,3944.0625,0.02986328125,0.0,0.0,0.0,0.03091363018999497,0.04562406117717425,0.008772531043117244,0.0012073698531215391,0.8809590061505636,0.018498499101648733,0.013104411866515876,0.0009204790413302061,1.0,False
00:19:34,5c41c28e896e090001c03bb0,117.35669669644079,0.620797660392966,2.958681684682915,-26.574173097454928,-331.52628,97.603424,-15.875917000000001,-12.2876425,0.45284355,0.6227094,-5.1707144,-5.304004,-0.72862047,7.2776613,-0.68041945,-13.719694,-19.104773,47.63493,27.956629,-12.352445,0.089028224,-12.582869,-13.906986999999999,-6.489975,1.281126,-8.627309541362007e-05,1.4698353867836105,10.975238366996862,1502.9940067566733,2901.8987518401227,14.516733489760174,9.674836624696724,17.064795934879825,19.26725958013602,21.686549337870392,23.84768809125616,39.449438968952045,4.4708428000000004e-05,4085.625,0.1096728515625,1.0,1.0,0.0,0.03148420248180628,0.0029507956642191857,0.011474635009653868,0.23391407839953895,0.2365632820874453,0.18446054998785255,0.25225410982966423,0.04689833805896342,0.0,True
00:19:35,59278c090220760001fda664,207.4542309748477,0.6853071685331236,2.4926455187217633,-25.765055930405026,-328.13507000000004,141.4993,-2.4804057999999998,0.51545924,-1.0348178,-3.7800148,-7.805403999999999,-7.880693400000001,-3.6383330000000003,-2.7406232000000004,-6.70356,-3.7632839999999996,1.20325,-6.25053,10.6017,-0.5946628,-16.619492,-24.188055,-19.389229,-10.756843,1.4717242,-0.00010571975900256136,1.7452801229575503,27.777038654231013,1714.988529658244,1421.192310236447,13.695048563970087,12.537899355008662,17.19011823967053,19.466374513827194,21.519003567588033,22.578975085638096,28.95154961491775,9.459068000000001e-05,2167.734375,0.03630859375,0.0,0.0,0.0,0.052763447351753714,0.0513617300738891,0.041868133905033265,0.004530145592677097,0.7766982913017273,0.03276985095192988,0.0379817341764768,0.0020266770540426173,0.0,True
00:19:35,5c41c28e896e090001c03bb0,499.5245268444977,0.6035581685272677,29.364394833234048,-75.43329775106612,-470.3445,13.850185,-13.385009,-3.6126335,7.684108,-5.099214599999999,-7.074497999999999,2.0796201,1.9131098000000002,6.6098065,1.9904021,-11.285744000000001,-47.74496,15.725778,3.2715042000000003,-0.9151509,12.415858,-18.40815,-10.798784,2.3306153,1.1297051000000002,-1.100860490666938e-05,0.20724026819147545,78.06899274840177,4041.006398057809,6324.915207654612,10.105989281030308,8.569910858411895,10.865563004737528,13.807480582155955,18.16686451300154,17.131367237748602,26.65142390293,0.24522506,10571.966911764706,0.16116187686011904,0.0,0.0,0.0,0.02933815435972065,0.008655730706070446,0.01485441038514384,0.08353980436610679,0.3485945788237991,0.016819246892636232,0.4967693578865793,0.0014287063143759346,0.0,True
00:19:36,59278c090220760001fda664,159.15743351447819,0.7868959470706818,1.5447407950740248,-24.19207513000349,-273.4194,155.59506000000002,-0.6130818,3.5227342000000004,-0.8992382,-6.1651917,-7.3112520000000005,-1.3610163999999998,3.2422876,-2.58943,-9.512007,-3.6981410000000006,-23.9806,-6.52055,16.260366,6.966271000000001,-6.728877000000001,-8.686173,-19.220364,-17.743471,1.6424403000000003,-0.00014826147029972078,2.470905582838792,27.89326619756012,2153.409828885463,2765.182706398981,14.325069566422608,11.660793119108055,14.558549941494752,16.505191543607644,20.99031103601999,26.41594313557525,35.72179870942005,0.0009530875999999999,4786.171875,0.097880859375,0.0,0.0,0.0,0.024764635910590492,0.0845786194006602,0.022210112710793813,0.0012695352469260493,0.8108138442039491,0.03435695270697276,0.02045398838818073,0.0015522868605330586,1.0,True
00:19:36,5c41c28e896e090001c03bb0,,0.7428657473541399,,-109.16161206966036,-507.33987,,,,,,,,,,,,,,,,,,,,,-6.866440699534011e-09,0.00018711859754790502,,6554.608877189746,8724.916278374683,10.034318522382552,10.033710707440322,10.030284435277062,10.215575074990632,10.393231623818078,10.373620666742099,10.435866783481824,0.97054887,17128.125,0.014453125,0.0,0.0,0.0,0.017567986295034643,0.01436068763359799,0.013128903323377015,0.01677942057722248,0.7445612251758575,0.06901347974780947,0.11952777742408215,0.0050605316791916275,0.0,False
00:19:37,59278c090220760001fda664,180.095359873273,0.8514907718682153,5.193368782241285,-30.6172529704328,-321.39673,148.84638999999999,-3.8569248,10.208052,4.4788365,2.0838554,3.3647513,1.8504424,1.4774264,-2.657404,-8.056616,0.04505409,-1.9892607,-4.066704,15.745001,-19.377632000000002,-21.833624,-0.4165412,-14.778892,-25.670837,1.0246030000000002,-0.00013283327056531614,2.1920281208821284,25.096067937265392,1755.4813032418824,1514.8888835386915,14.180713885440767,11.317903340101626,15.652793954413447,18.289143555904943,20.357926006657568,27.280159037514647,27.360902392180172,0.00019770832,2538.28125,0.038974609375,1.0,0.0,0.0,0.03460690851012866,0.07748787676294645,0.03701262610654036,0.0042436556968217095,0.764512852827708,0.02569587466617425,0.05418065550426642,0.002259559595646957,1.0,True
00:19:37,5c41c28e896e090001c03bb0,,0.653354027158591,,-107.28101746782205,-507.33987,,,,,,,,,,,,,,,,,,,,,-1.7262630396964894e-08,0.00035718092683624124,,6545.936714267382,7082.893154264788,9.396948657052905,9.951277199831477,10.108746618405043,10.251968271104552,10.859836414900514,10.624304622872751,11.278670031978129,0.8287815999999999,15583.0078125,0.013936360677083334,0.0,0.0,0.0,0.03489690590649843,0.023450620705261827,0.024809317197650668,0.01684838687069714,0.6239443048834801,0.1303657043725252,0.13046250753104688,0.015222260169684887,0.0,False
00:19:38,59278c090220760001fda664,161.83677883435254,0.7071205614163403,4.344592343440797,-35.959771351561116,-372.7205,106.03638000000001,-8.525841999999999,2.3560965,-0.37310025,-5.2249975,-5.216745400000001,2.522456,2.3637764,-0.48129344,-1.1914508,-0.116877675,21.72165,19.70885,2.2266054,-8.426739,-8.501832,-7.916288000000001,-12.329471,-21.247557,1.2588458,-6.013085008427273e-05,0.9956343732249704,21.503808293494803,2396.10271286253,1701.0445827659937,14.246234091216762,9.821843076069394,16.31639877378209,18.222177093348808,20.509076328964085,22.383902871553627,28.66927836999803,0.00023642906000000003,2737.03125,0.04072265625,1.0,0.0,0.0,0.01364225906630357,0.1433325042327245,0.007079750400347014,0.0005420614577208956,0.8027091503143311,0.021259956310192743,0.010835843517755468,0.0005985071028893192,0.0,True
00:19:38,5c41c28e896e090001c03bb0,171.9197800420787,0.5852474241205612,2.9327435688803845,-34.153086339694525,-244.27682000000001,165.3044,-16.877266,-12.892017999999998,4.7355766,0.10551972,-10.119969000000001,-1.8730301999999999,4.0257444,1.9281116000000003,-0.5821174,-17.969275,-54.22577,22.088516000000002,-3.4122396,-4.869785299999999,1.6177728999999998,-7.124109700000001,-19.4789,-12.189925,2.0025272000000003,-0.00020182905259952925,3.450560380848561,13.142455443157608,2632.677027525466,3005.155142881723,15.20741056093326,12.60940854721276,15.589267112906265,14.867375147012426,16.511012412158593,18.533301705720323,37.36243979492721,0.17076014,5464.932528409091,0.06507049209770115,0.0,0.0,1.0,0.0860024344176054,0.018233149501611482,0.04919154201634228,0.19228483780752867,0.2969629836501554,0.1846692908555269,0.09085962511599063,0.08179611577652393,0.0,True
00:19:39,59278c090220760001fda664,228.13807876541335,0.6884615616464279,11.059254843278882,-43.06386008852351,-424.33092999999997,86.10721600000001,2.0481393,12.11487,8.077328999999999,-2.0816946,-5.7316523,-3.1417675,-2.1136169999999996,-3.7769167,-3.987886,-2.6409637999999998,23.75816,-13.588889000000002,-13.826409,-2.7921414,-1.0994055,-9.049028,-16.221435999999997,-12.193867,1.0292192,-1.5820849206248325e-05,0.2613526861486665,19.694617148692657,1975.6709426238447,1540.7009890078132,11.190021503222003,8.201902044310158,13.040309214393027,17.72989125105435,24.00951279624001,18.751006545824996,24.54535692097629,0.00039503332999999997,2498.90625,0.042275390625,0.0,0.0,0.0,0.02153107620154818,0.12260890950759253,0.010808050616954765,0.0006072245790467907,0.7999001979827881,0.031115031739075982,0.011570104040826359,0.0018594071501865984,0.0,False
00:19:39,5c41c28e896e090001c03bb0,131.21517579483387,0.9111416437399152,2.725859921398437,-91.68357482206976,-486.0498,69.58195,-10.11913,-15.231859,-2.4745128,5.792403,-0.038203493,-5.7326207,-1.5896282,3.2060000000000004,-3.4372997000000005,-8.893655,-3.0078065,18.79264,33.308628000000006,6.9400699999999995,-5.3941349999999995,-4.573652,-1.5085030000000001,0.451507,0.3655389,-1.3324708707182512e-05,0.22173020442470134,28.821791935096172,5080.8416784271285,5260.4818333719395,10.73364710465558,9.397776181684268,10.295982318201766,12.149358196180826,13.537217950175593,12.866311861363581,15.978943472480369,0.48736635,10937.367584745763,0.0660503840042373,0.0,0.0,1.0,0.04122209185734392,0.009186622872948646,0.03425215487368405,0.2412986366078257,0.12537848143838345,0.16249957159161568,0.34248939603567125,0.04367305310443044,0.0,True
00:19:40,59278c090220760001fda664,,0.7227986222977248,,-58.22780052006715,-475.65347,41.045746,4.3727803,3.5689269999999995,0.8522353000000001,-2.3464124,-4.681437,-5.3649406,-4.3324924000000005,-2.1280131,0.3810082,2.3275886000000003,29.176765000000003,14.082978,0.5984722,-7.7243004,-9.795423,-6.954570299999999,-1.952107,2.4161205000000003,0.44824746,-1.3538973302899937e-06,0.02227942396200154,,2773.467850620736,1251.0838040043234,13.574775337029028,8.226680507362408,11.879756493983722,19.937434507646696,17.584165737868858,15.388813151376365,17.823499030232195,0.0002821753,1202.8125,0.0247265625,0.0,0.0,0.0,0.04482472402354081,0.07241235574086508,0.03063191873952746,0.001641915903504317,0.8004467050234477,0.03243730552494526,0.015531077546377975,0.00207399147329852,0.0,False
00:19:40,5c41c28e896e090001c03bb0,169.7911359055744,0.5292063898538029,3.3062437918216827,-35.15409380286882,-268.21472,161.87313999999998,-21.077057,-9.889717,5.577255999999999,-1.822513,-7.106640299999999,-1.8536407,1.4845758999999998,5.5750527000000005,-0.99486977,-17.691005999999998,-44.591526,15.229007999999999,-4.274903299999999,-8.60781,9.04167,-10.289756,-17.86702,-14.533278,1.8438941000000002,-0.00016833390459922273,2.8432697610257263,11.777767040124436,2162.59190130327,2452.938962407175,15.316628411557396,11.72259962376542,16.615390979196814,14.165685597959564,18.97091990250386,19.854006053723854,37.33233933619543,0.18147166,4082.925451807229,0.07073018637048192,0.0,0.0,0.0,0.0062786998110823345,0.04812834798804033,0.002952453231409891,0.10129604458343236,0.473741130088456,0.17438565146876503,0.17566930502653122,0.017548388382419945,0.0,True
00:19:41,59278c090220760001fda664,,0.7463048734613851,,-62.987294332060564,-488.9285,24.302666000000002,1.0069982,1.3297988,-0.11260096,-2.4508748,-4.548355,-5.4988019999999995,-4.965338,-3.2474585,-1.0859667,0.6811733,17.648054000000002,8.787998,0.22389008,-5.88813,-8.428011,-7.5784187,-4.597912,-1.2279752,0.34102398,-7.658435259981603e-07,0.012736476626834648,,3559.959925417457,1691.0964996669416,13.519055388667825,8.103802157194718,11.074921597746606,21.25795609358101,15.675517322421598,14.812531691349713,17.657148245489413,0.00074714836,1902.1875,0.025673828125,0.0,0.0,0.0,0.009691191526750723,0.044643043726682666,0.003424287765907745,0.0003815508292367061,0.9155777335166932,0.02045645986994108,0.00505444008546571,0.000771290217138206,0.0,False
00:19:41,5c41c28e896e090001c03bb0,180.45993076023478,0.8923316229414591,1.0606294440556352,-20.07692382143729,-227.92837999999998,137.93837,-19.329216,-27.137806,0.7132094,2.721283,-7.0762978,-5.4568367,0.50117636,1.971829,0.16107358,-13.421489000000001,-42.70153,30.960451000000003,19.956394,3.1917077999999997,-7.703893700000001,-13.730962,-15.080155,-0.03529103,2.1869099999999997,-0.00016385655901775712,2.8047544785871263,20.469883237727412,2111.0769644685197,2388.6987935502952,16.47092441842064,14.106271886766253,19.510795882479712,16.017158116465527,21.992786587072437,22.194934029705518,41.82337411557312,5.5913977000000004e-05,4021.40625,0.0729248046875,0.0,0.0,0.0,0.019577330350875853,0.014580533123807981,0.021765246440190823,0.3336193909868598,0.17479033186100426,0.1386356946080923,0.15286762677133084,0.14416387259261682,0.0,True
00:19:42,59278c090220760001fda664,,0.7361371924669202,,-63.375283810770675,-489.59875,23.292011,1.0817093999999998,1.6822703999999997,0.43743026,-1.8302836,-4.037415,-5.303072,-5.2481956,-4.045491,-2.2506456000000004,-0.52626693,16.479422,7.443101400000001,-1.2267822,-7.3114405,-9.676781,-8.537583,-5.2080345,-1.4818692,0.33319646,-7.168307104624888e-07,0.011946895469262168,,3588.317932625901,1719.717987046756,13.677974373543684,8.439669454283733,10.733623206044722,21.203322733366875,14.968344744379866,14.621984484984536,17.621237929476173,0.0007665086299999999,1819.6875,0.027265625,0.0,0.0,0.0,0.0038290892882893494,0.03648082738121351,0.0008677769258307914,0.00024081693554762755,0.9399708191553752,0.015681327010194458,0.002262126530210177,0.0006671910892085482,0.0,False
00:19:42,5c41c28e896e090001c03bb0,213.89825643413326,0.8894917851504749,2.449112627829076,-25.88971432417049,-265.88982999999996,147.85166999999998,-10.792932,-15.014314,-2.7530289,-0.8971944,-2.8463786,-4.3553432999999995,0.41685453,4.7657123,1.0250448,-8.941616,-24.904644,13.682820000000001,27.095318,6.9432497,-4.658186,-9.547083,-19.785999999999998,-7.2284,1.2691529,-0.00014276721590575982,2.4061889275775297,12.090140080293873,1925.6003496998667,1861.1656830385687,16.43483853913377,11.781900634097404,17.936287984641016,15.858325493720587,25.050031070834823,24.07287009007296,36.38106023835701,0.0005195133,3245.15625,0.0491357421875,1.0,1.0,1.0,0.02304052936637567,0.004090454135115983,0.05578930573796646,0.5533083350294166,0.11185687775206236,0.05916979658003482,0.15245221513840887,0.040292461454454385,0.0,True
00:19:43,59278c090220760001fda664,,0.726288911063914,,-57.55592215615698,-471.65862999999996,41.92429,4.0677733,4.4076934,1.7565836,-2.0680053,-4.846701,-5.081802400000001,-3.431196,-1.8307191000000003,-0.6482974,0.81923836,22.893742,7.434083500000001,-1.8873433999999998,-7.860558999999999,-10.218852,-8.4171295,-4.1558847000000005,0.6356253000000001,0.6211677,-4.311125111119778e-06,0.07134783775084598,,2930.7192813482206,1435.4434377541415,15.161626481199978,8.693504978177488,11.7984128709935,20.103977779702607,17.23810787588041,15.75343534183983,18.106578340477387,0.00043360662,1449.84375,0.028349609375,0.0,0.0,0.0,0.0034808603813871737,0.02248745026687781,0.0006844571908004582,0.00029904417848835386,0.9588183919588724,0.011327147049208482,0.002226273831911385,0.0006763352731165166,0.0,True
00:19:43,5c41c28e896e090001c03bb0,187.8322852402888,0.6675152641428438,2.5283490654277725,-55.66281347738063,-385.19263,96.8679,-14.204652,-9.626553,4.932212,1.4423958000000001,-6.211653,0.98992014,-1.4539044,1.0653703,-1.8681448,-18.00846,-36.996014,25.81954,5.016682,-7.962977,10.358993,-11.009432,-16.286148,-10.148628,2.1348822,-5.580305491754667e-05,0.976076097885279,14.457501882820866,4067.462601336421,4896.26893233212,11.788258740758426,8.479485125753309,11.582067598176145,13.223744858645075,19.874786877366425,18.949726076121358,30.72658059191825,0.040316563,9015.46875,0.107275390625,1.0,0.0,0.0,0.01030687759630382,0.0012360983368125745,0.003623693843837828,0.5028754279017449,0.058735475689172735,0.02108565540984273,0.32149520218372346,0.08064158256165684,0.0,True
00:19:44,59278c090220760001fda664,110.51364350797036,0.6991073365150199,4.823593911742711,-54.99320663548322,-450.93842,59.13771,2.0591822,3.7508953000000003,2.7357655,-1.6846721000000002,-5.6088014,-4.3554010000000005,-1.145774,-0.18440801,-1.3168181,-1.5320901000000002,24.767467,6.444403,-1.9397810000000002,-6.137826400000001,-9.168695,-10.411688,-7.026769,-1.8369648,0.60752654,-8.439780908233441e-06,0.1400102364232933,22.23259132198932,2881.1052487567995,1669.9666257130211,12.495434638268804,8.889398073950545,10.535792652316287,18.728970805160387,18.119426096182316,15.982569967082565,22.244798771136352,0.0005029523000000001,2430.0,0.033525390625,1.0,0.0,0.0,0.04858751908565561,0.005908530935024222,0.0026288789910419532,0.02146338709959916,0.8981880227724711,0.004767602464805047,0.012423905730247495,0.006032125286098259,1.0,True
00:19:44,5c41c28e896e090001c03bb0,160.17903595624608,0.770640177165364,5.92859074825161,-23.242577802920326,-243.83025,153.38223,-6.936894000000001,-7.5554266000000005,7.0787783,-3.9130232000000005,-6.4882292999999995,-1.5065768999999998,-0.1942723,-1.6587932,-4.05028,-9.243628,-35.429629999999996,8.588509,12.3339815,-3.3967726000000003,-3.1984828,-7.274804,-11.061876,5.533943700000001,1.5164055,-0.00014598546542761768,2.4748850785740966,25.26607205421733,1786.5228462713008,1831.8325861476917,15.129585669056956,10.637783742812225,13.308584633846685,17.59128119663164,19.992532648630927,21.352587526309353,38.818858523843474,1.3828742e-05,3259.921875,0.0506494140625,1.0,0.0,0.0,0.017606077316616262,0.0028498940934826218,0.02847727933632476,0.3965720513037273,0.13577585780460918,0.01763149058180196,0.285430446267128,0.1156568784000618,0.0,True
00:19:45,59278c090220760001fda664,,0.7089891463870158,,-62.454495744439704,-488.27652,24.975693,1.7009709,2.8491779999999998,1.9476644,-0.26711842,-2.7159619999999998,-4.429597,-4.875587,-4.0701094,-2.4787252,-0.78043413,17.657297,7.9355125,-1.4198579,-8.025141,-10.636550999999999,-9.430935,-5.7527475,-1.4809564,0.34961438,-7.773071002885706e-07,0.012924792581066036,,3490.42953307108,1653.9649772686962,13.442470385569957,8.407210895736332,10.618269716079226,21.94377059664548,15.240448238814185,14.637200826653125,17.665530423671488,0.00065974914,1701.328125,0.0266015625,0.0,0.0,0.0,0.08889643934865793,0.008983980119228362,0.0025401849454889697,0.02970640637601415,0.8389001886049906,0.006231007352471353,0.021555425971746443,0.0031863937076802053,1.0,True
00:19:45,5c41c28e896e090001c03bb0,303.294156432486,0.7959477270756347,4.069434200307791,-42.85671494451624,-363.25897000000003,81.0334,-1.5237842,-7.8456453999999995,-2.9982207,-5.708264,-1.7181908,0.05791656,-1.4802773999999999,1.5397655000000001,-1.4374392,-7.261119,-23.270996,18.586594,15.393768,5.336755,1.0180509,-11.104108,-11.473815,3.7151004999999997,1.3465492000000001,-8.526379827512073e-05,1.4422168615409017,20.940006758166664,2795.9261328961943,3115.584720425694,11.207821408426753,12.198157492332625,13.535458459064381,16.90126957074139,18.826688081145445,24.431496878860898,33.279652330449025,0.00323806,5208.046875,0.0962744140625,1.0,0.0,1.0,0.010752762252065751,0.003525497687015949,0.0021760317571793814,0.1420356866770557,0.6103594739522252,0.016989885297204767,0.08908098563551903,0.1250796889487122,0.0,True
00:19:46,59278c090220760001fda664,352.84812953100374,0.8424692647613667,4.919711123243199,-41.62631444153109,-387.1484,106.962746,11.873911999999999,9.011597,2.7554252,-4.049599,-9.568610000000001,-3.8720538999999996,2.8276575,-3.1004307,-6.566441,1.5501667,12.578777,-8.320138,0.26451162,-6.0107355,-7.6384716,-5.626696,-6.377479,2.5163,1.0082341000000001,-3.584875463872695e-05,0.597677418634297,21.4511160161546,1753.6129708608994,1329.7089628620254,10.961174881432168,8.154831538392093,12.799186270197627,17.777883196819648,20.803505808190135,20.578800786071,23.87100176588474,9.011999e-05,1924.6875,0.037041015625,0.0,0.0,0.0,0.008557587924102942,0.004117606859654188,0.0010715173052934306,0.00683523778182765,0.9637344717979432,0.0017163026651057106,0.01006144294515252,0.0039058373232061664,1.0,True
00:19:46,5c41c28e896e090001c03bb0,86.43302028529861,0.7512198959666054,8.30869032578452,-46.001332051385404,-394.83597000000003,55.621586,-1.0959958,5.128563400000001,12.146671000000001,-0.25551045,-2.0587833,6.405759,7.1355476,4.078583,-3.9645523999999996,-3.5147519999999997,-50.405803999999996,7.2319655,22.42268,-1.4723626,9.742545,-7.344306,-20.745248999999998,-3.8684657,1.4211038,-2.457006601005775e-05,0.4319177576635256,78.2250981320339,2625.4735575698605,2954.3438199568395,11.69264217880058,10.357971555715828,11.832496581311855,18.06575023453609,17.782889686642534,19.780290962026022,29.615494521916,0.004713282,5265.0,0.0897265625,0.0,0.0,0.0,0.006728180445497856,0.0020409568678587675,0.0011354439513524995,0.014751830449677072,0.8833948254585267,0.0065577637054957455,0.08201124193146825,0.003379781253170222,0.0,True
00:19:47,59278c090220760001fda664,,0.75553240098783,,-50.934807013611604,-450.42902000000004,70.7361,4.432417,1.3551753999999998,-1.7176837,-3.3507187000000007,-3.3199449,-2.4427529999999997,-1.7319828000000002,-1.5448357,-1.4825567,-1.0631719,44.521473,14.840216,-6.580188799999999,-14.632812,-11.691628,-4.0262027,2.6238678,5.427675,0.63728034,-3.430500854071386e-06,0.05605487663012172,,2022.6147681938214,998.8323123127467,12.31153840620007,8.628978465386231,11.963050873903086,19.63436901440864,19.260291252671934,16.343850453998996,19.670431241241324,0.000116038995,1088.203125,0.024287109375,0.0,0.0,0.0,0.003359598231812318,0.0021080206031911077,0.0006715676907333545,0.003089715129074951,0.9837012767791748,0.0007666042394703255,0.002846850491672133,0.003456389279259989,1.0,False
00:19:47,5c41c28e896e090001c03bb0,,0.5793189719909071,,-44.67367351722435,-387.18478,54.250595,-7.9017572,-9.109895,5.8307970000000005,-2.0712194,-2.5085895000000002,1.0203179,-4.5007877,0.7383535,2.5610917,-3.1238112,-38.71604,9.361075,-5.212515,-20.371151,12.579167,-1.4998492,-4.2858877,11.808988000000001,0.9307183000000001,-5.0692932961200484e-05,0.8911782327161292,,2489.9636972073167,3557.9366326475347,11.663153171402126,9.354942370941037,14.4782844841221,20.29213259811953,20.675795960981315,22.361273087553897,37.988965534994065,0.0003221916,5875.78125,0.1493212890625,0.0,0.0,0.0,0.0027423537976574157,0.00646401418489404,0.002427039196481928,0.001877289789263159,0.941445529460907,0.011806173104560004,0.03199040055042133,0.001247172153671272,0.0,True
00:19:48,59278c090220760001fda664,,0.7624953183910795,,-51.41416404808977,-448.7544,70.47019,0.6541332,-1.0814315,-3.4580536,-4.7136016,-4.151046,-2.4393830000000003,-0.80493885,-0.017381048,0.16436474,0.6170310999999999,39.734673,9.421959,-7.844324,-11.718275,-8.922847,-4.98763,-1.7212406000000002,0.40756372,0.6644956,-3.24369872594618e-06,0.053134802211544506,,1968.8049537886254,1039.290512347166,13.433760071332172,8.674521818118478,12.30040023259782,17.87149587110145,22.01365232030033,18.088331845101358,18.91908927595041,9.2863775e-05,1266.09375,0.0272802734375,1.0,0.0,0.0,0.036882224027067416,0.0045067711655671396,0.0032932080677710467,0.027700989382962383,0.8872896989186605,0.0035323957990234093,0.02237086539777617,0.01442386129250129,1.0,False
00:19:48,5c41c28e896e090001c03bb0,158.8330198263171,0.8913905751895259,0.2629629840169517,-64.17112993073033,-412.534,110.015656,-4.537387,4.753426599999999,8.811795,0.40505138,-5.5408935999999995,-3.1127658,-2.1531165,-3.1889193,-1.1625086000000002,-6.4230323,-29.939391999999998,2.2747612,1.1888905,3.6880379999999997,6.5379815,10.51869,-4.677589,-12.689127000000001,1.9150537,-7.084356775501909e-05,1.1873575478299656,3.7729536752744446,4513.612913325854,4323.683424872561,13.483535083234296,10.128496740300974,12.031043732174142,16.286969087009528,20.11661998614682,19.25754243571824,22.63066528798379,0.06583380000000001,8967.1875,0.05727687026515151,0.0,0.0,0.0,0.008525781030766667,0.01509023881517351,0.00957296634442173,0.011480220561497844,0.8612547874450683,0.0477070614695549,0.027414692612364892,0.01895423550158739,0.0,True
00:19:49,59278c090220760001fda664,,0.7159015084995193,,-55.71158392229143,-466.47595,50.429584999999996,3.1486473,0.9442195999999999,-2.5944078,-5.323678,-5.838652,-4.3404193,-2.1376066000000002,-0.40063697,0.51103634,0.7172927,30.34197,7.900492999999999,-8.100789,-14.243806,-12.451236,-6.888291000000001,-1.1667025,2.512342,0.5530994,-2.0423813137852847e-06,0.033520017171799955,,2474.626693147709,1225.7546346515144,13.203582963211375,9.463763089601775,11.828694008230498,19.60303653278187,20.744969464591254,16.422082956041347,18.048656675015557,0.00024705823,1264.453125,0.027998046875,1.0,0.0,0.0,0.24545625150203704,0.024263493701194724,0.03529671281576156,0.06874735082189241,0.5086964925130208,0.03630794280519088,0.029229779914021488,0.05200198609381914,1.0,False
00:19:49,5c41c28e896e090001c03bb0,135.51253694418006,0.882640966560598,0.6501299012676651,-27.40222428902869,-283.02744,138.31555,-23.949018,-6.593431,8.356734,-2.4375644,-6.2226605,-4.906061599999999,1.6837273999999998,4.31033,-11.711542999999999,-14.227166,-30.198551000000002,10.523491,3.465107,-3.7630002,20.89003,-8.796614,-15.179031,-9.179509,1.444925,-7.503236268492331e-05,1.2661885689190573,10.464302246590083,1754.3201134796882,2405.6541768398224,13.566896991874367,11.220335062510669,13.936669881427731,16.842415988229337,18.60298386929739,24.136398469735013,41.44469598478744,1.83058e-05,4050.703125,0.0914404296875,0.0,0.0,0.0,0.10707070995122196,0.0230378613807261,0.07529009189456701,0.1773987501859665,0.13530793115496634,0.22319594770669934,0.1142452336847782,0.14445348270237446,0.0,True
00:19:50,59278c090220760001fda664,,0.7379002357677359,,-56.73491086766571,-468.62265,48.854847,0.8852754,-2.1450171,-4.4799185,-4.8512545,-3.6215882000000006,-2.0898879,-1.3413852,-1.5205038,-1.9490389,-1.8464066000000003,31.775728000000004,11.241016,-5.1452913,-12.774077,-11.7350645,-5.891734,-0.16813971,2.1946697,0.5353869000000001,-1.832213078655886e-06,0.030052761074105577,,2562.765731003261,1213.4413698472113,13.011680703065258,8.249141005692309,11.50811148943362,20.22910292574205,17.734899237174872,15.712136013216245,17.89092986828456,0.00028578175,1199.765625,0.02666015625,1.0,0.0,0.0,0.06259160314997038,0.04500951388229926,0.003313323948532343,0.008665112584518889,0.7210702101389567,0.11797445093592007,0.028923789504915483,0.012451991283645231,1.0,False
00:19:50,5c41c28e896e090001c03bb0,110.53680409461029,0.6386547474988354,1.3548703078760282,-28.879673483578767,-299.793,140.82503,-16.572461999999998,0.7574099,11.257611,-0.42930340000000006,-5.4429636,-0.25006777,3.8770208,3.9795861000000006,-9.39119,-15.382282,-21.686703,1.6854053,13.415223000000001,2.8666039,11.649245,-7.7729163,-19.666245999999997,-17.014248000000002,1.5183231000000001,-7.320186794105584e-05,1.2296425884632152,10.996615311918957,1582.4900422136216,2216.4320181960793,14.290437808913643,10.735889671882807,13.461109267039435,16.99921383128547,20.740235822000944,24.29558884159399,34.36003666941509,5.6882578e-05,3715.78125,0.085703125,0.0,0.0,0.0,0.1181005772203207,0.003621637192554772,0.17540128342807293,0.3903812177479267,0.012500901147723198,0.11638769060373308,0.0659576915204525,0.1176489967852831,0.0,True
00:19:51,59278c090220760001fda664,,0.7209674936868673,,-55.352845215252316,-466.75674000000004,51.002094,3.4713693,1.4924258999999997,-1.4043663999999998,-4.118672,-5.9374533,-6.48384,-5.7322372999999995,-4.059186,-2.1280282,-0.56745136,32.83764,11.400051,-5.288908999999999,-12.857116,-11.848456,-6.156358200000001,-0.20682432,3.2022216,0.53443015,-2.0043016181829326e-06,0.03285771117800177,,2490.697804601308,1181.8189741464869,14.191652463762102,8.537042766282683,11.987570819823565,20.236239478294173,18.183369894900395,16.127182153140527,17.989819103307873,0.00022097272000000002,1135.3125,0.026220703125,1.0,0.0,0.0,0.1514046621819337,0.019365951061869658,0.002922737520808975,0.08324032921033601,0.5943722620606422,0.0481793224811554,0.07887318109472592,0.021641585044562817,1.0,False
00:19:51,5c41c28e896e090001c03bb0,201.2299745994419,0.8756384916999396,2.179212152186374,-41.452988736472314,-313.14716,155.45322,-5.009471,-5.722894999999999,-0.43155816,-4.417733999999999,-9.568444,-6.726769,-1.744675,4.753309,-5.043408,-24.406359,-42.85199,-11.401153,-2.3239085999999998,2.593609,-0.30934852,-8.706311,-11.985597,-6.0446043,1.7103063000000003,-0.00012600316569619685,2.112009576429428,14.042615030035277,3021.062872331317,2927.86043107815,12.811891000448565,12.117497470340853,13.236531555908618,15.104691159892177,19.32517734437409,23.312415618984733,31.122009845614034,0.02175036,5562.421875,0.064521484375,1.0,1.0,0.0,0.13015434946864846,0.002743352184188552,0.08966433610767126,0.4214059114456177,0.007521594315767288,0.13222814537584782,0.10222934745252132,0.11405297480523588,0.0,True
00:19:52,59278c090220760001fda664,,0.7436520616032393,,-55.75644075158447,-467.7907,50.02541,2.0283594,0.87977535,-1.3568848,-3.317901,-4.1594915,-3.8187184000000003,-2.8147259,-1.7617509999999998,-0.96928734,-0.40520996,32.9904,12.543564,-4.0363865,-12.578944,-13.127679,-8.709325999999999,-3.1221337000000005,0.82730836,0.53019726,-2.02620274157118e-06,0.033209950545516585,,2515.2482141457203,1209.351254076327,12.641330274578216,8.7404116493988,11.358192157442303,19.379840684238637,19.446699093681932,16.11886241382225,17.96976193635178,0.00029722552,1246.171875,0.0258203125,1.0,0.0,0.0,0.06583733434478442,0.06487271562218666,0.0048636481049470605,0.025092159458048026,0.7254728555679322,0.045688312004009884,0.06054638400673866,0.0076265974746396155,1.0,False
00:19:52,5c41c28e896e090001c03bb0,,0.5266342521628582,,-64.24555933720745,-449.80715999999995,49.21857,-9.879456,-9.834561,0.38111904,0.29622259999999995,0.77979916,-2.3785238,0.33933264,9.668372999999999,0.01661408,-11.143373,-34.48332,-21.713127,-10.649349,-8.904451,-0.8199095,-5.986877,3.2165217,8.094839,1.1920706,-8.207814960117634e-06,0.14448814726745052,,3770.6314782230456,4366.82404135023,10.815367255653069,8.848836044572176,13.83234198269114,14.245584734314392,20.818300690189464,19.994875425449475,28.158640646672936,0.05884215,7937.109375,0.102412109375,0.0,0.0,0.0,0.011946184211410582,0.027208269224502143,0.017623025947250424,0.22039272368419915,0.4267406336963177,0.11693028584122657,0.1018351323902607,0.07732375673949718,0.0,True
00:19:53,59278c090220760001fda664,,0.7142888762335922,,-50.67467743277748,-443.94128,75.38313000000001,2.3211498,2.6352002999999997,0.48035678,-2.793616,-4.583808400000001,-3.8661480000000004,-1.9461990000000002,-0.55092317,-0.031156546,0.22687855,40.445282,6.890722,-10.270548,-11.255671000000001,-5.762725,-1.7329769,-0.33008742,0.7701452,0.68508416,-3.895190684162567e-06,0.06369132960656057,,1922.2096669623425,1040.6405484774982,11.674705788919828,9.893632012559062,11.929426216682785,17.504614579642187,21.61825830194927,17.891782979120237,19.37787947554986,0.00011805219999999999,1322.8125,0.0264697265625,1.0,0.0,0.0,0.006783204851672053,0.0411594495177269,0.0026704201901641984,0.0024580353133690854,0.9206209659576416,0.009475248819217085,0.014370753926535447,0.0024619549435252945,1.0,True
00:19:53,5c41c28e896e090001c03bb0,171.08388758491404,0.7894988095785709,1.0254032104767867,-24.731944299316105,-221.3651,158.62657,-11.203191,-4.4420660000000005,4.145144,-3.717449,2.434843,-3.2100399,-2.271325,6.19381,-6.0280237,-19.0794,-54.821456999999995,16.86054,0.8172488,-14.45014,-6.756549400000001,-8.088522,-8.619392,0.35267305,1.9165108,-0.00019715686989815482,3.350190841252048,18.73356404558158,2396.049045489316,2539.5950862697955,13.776390690530329,11.141824073878468,15.280387194456882,15.807545259128835,18.969781557423815,22.071616768086955,41.820324214739365,0.0024594078,4691.015625,0.0645947265625,0.0,0.0,0.0,0.029651611112058163,0.007623172726016492,0.05193788595497608,0.33500136211514475,0.235565379075706,0.09984202347695828,0.08970324620604515,0.15067534893751144,0.0,True
00:19:54,59278c090220760001fda664,,0.743608873495419,,-56.69412744387914,-467.59997999999996,49.137440000000005,2.1823971,0.5042524,-1.9850289,-4.19149,-5.086794,-4.3021502,-2.458805,-0.7518214,-0.057864476,-0.35835588,29.737953000000005,8.024106,-7.312499000000001,-12.773536,-10.446069999999999,-4.980822,-0.22779757,2.1587142999999998,0.5630970999999999,-1.8612124246239285e-06,0.030570534854671438,,2604.021395762453,1269.9222164277387,13.541682257470008,7.984107224233086,11.939402959983585,20.07304489738562,19.272977440352708,15.898209076472687,17.97100122507155,0.00028676837000000006,1265.625,0.0279736328125,0.0,0.0,0.0,0.0077405577991157765,0.0898309809466203,0.004532074695453047,0.0006155655459830692,0.8673945625623067,0.015929894614964725,0.013071486291786037,0.0008848482063816241,1.0,True
00:19:54,5c41c28e896e090001c03bb0,177.57195288591495,0.5120528032263344,7.339997747287075,-45.57145750431474,-365.11023,138.31573,-9.228615,9.4983425,15.10382,-1.7139236,-6.456758,-0.23617052,2.2198782,2.569988,-8.029681,-17.103788,-21.45727,-21.545586,-12.743047,-16.044931,-1.168321,-3.0759892000000004,-7.297219,-9.932472,1.482181,-8.226811680624391e-05,1.3607462548175793,11.746678158519757,2841.8809261209985,2819.6111744703944,12.509209136024651,8.908967634541504,13.248545652932785,15.499809089257289,21.56653995640232,20.849306786983387,28.00466633312219,0.021620465,5231.71875,0.061474609375,0.0,0.0,0.0,0.042830546293407684,0.007874030177481473,0.1180575603619218,0.2791410956531763,0.13919573072344066,0.13787770718336104,0.08418647851794958,0.19083684906363488,0.0,True
00:19:55,59278c090220760001fda664,222.41194554997432,0.8800038981199791,0.4736011671564344,-50.69212956238707,-448.45605,69.4958,4.9029903,1.8743993000000003,-2.7685735,-5.1504946,-4.606008999999999,-3.4321148,-3.5507898,-4.378533999999999,-4.1974926,-2.8127207999999997,36.945840000000004,7.6368284,-6.864559700000001,-9.801124,-8.695547,-6.2153835,-1.7155122999999999,3.2590543999999997,0.6838441999999999,-4.87249060504115e-06,0.07972864484828872,19.10510293192803,2303.971651691917,1214.1261408511573,12.375755234815033,8.750273625962611,12.441021179369955,18.264240044780127,20.157192734344786,16.230273771014332,20.640000387427108,0.00024475015,1433.671875,0.026484375,1.0,0.0,0.0,0.003361003939062357,0.03946987641975284,0.0016331201380429168,0.0006979934080542687,0.939112440745036,0.006438935284192363,0.00824362663552165,0.0010429991622610641,1.0,True
00:19:55,5c41c28e896e090001c03bb0,,0.7300131585665584,,-84.63033076578624,-506.00015,1.8502332,2.763046,2.8491874,-0.31901827,-2.5803435,-1.2988701,1.487739,2.0970075,0.03206004,-1.7264897000000001,-0.9417222,-2.6056169999999996,-3.4091727999999994,0.31781593,3.7826892999999995,2.6937296,-1.38925,-3.2569508999999996,-0.73698217,0.05743191,-1.262539458917971e-07,0.0022966514883696284,,6000.613348276274,5821.53267539966,9.718313460019653,7.677099689018912,10.142950829061528,16.657693344284244,24.1308111206106,14.250367494175437,14.660776664884816,0.15717809,12058.848505434782,0.06216032608695653,0.0,0.0,0.0,0.0957942184060812,0.005561813688836992,0.34848454892635344,0.18601052798330786,0.01680079186335206,0.12209663093090058,0.091973627358675,0.13327784202992915,0.0,True
00:19:56,59278c090220760001fda664,,0.7641836114297511,,-56.743994199791814,-471.89007999999995,45.655403,5.127979,4.346618,1.3950013,-2.0550578,-4.430610700000001,-4.9289794,-3.740043,-1.7467252,0.062472686,1.0784612,31.977384999999998,14.76095,-0.3758469,-9.470277000000001,-11.47178,-8.029655,-2.2490732999999996,2.7913968999999996,0.49641168,-1.5847239003498112e-06,0.02604064333080832,,2585.3037105449075,1189.4344216628274,14.339407464422539,8.479658498788487,11.875358986289283,19.498130101516587,19.87588870862172,15.299923364054203,17.847619854689935,0.00022289537,1192.5,0.02638671875,1.0,0.0,0.0,0.006771451064075033,0.06411591097712517,0.0016314901605558893,0.0004577435388152177,0.8978205323219299,0.013822516488532223,0.014813491267462573,0.0005669002052551758,1.0,True
00:19:56,5c41c28e896e090001c03bb0,139.6142728074499,0.423885012156711,0.5263334607813497,-39.65326674442407,-296.3275,187.37073,-7.219595,-7.708392,8.179628999999998,-2.6042106,-12.244796000000001,-0.3406033,3.7468898,1.471874,-1.785121,-14.454951999999999,-24.451893,-4.981201,14.937701,8.6617775,-0.6612119000000001,-13.664385999999999,-23.440193,-8.563635000000001,1.666736,-0.0001292138400142021,2.147815578635345,11.255135899370597,2676.9950387047493,2854.10793852426,15.79150046651135,11.691881537265289,13.710079907244726,15.745964794928554,19.657879991400605,19.58087043006582,30.937077402637623,0.09435607,5634.375,0.03050472861842105,0.0,0.0,0.0,0.09125495702028276,0.00910544276703149,0.2641306363046169,0.1364258795976639,0.012843637680634856,0.25379500165581703,0.11990039944648742,0.11254405826330184,0.0,True
00:19:57,59278c090220760001fda664,,0.7523326561007906,,-60.3577330029698,-481.7683,32.92465,4.2615894999999995,3.2702598999999997,0.2907485,-3.0912450000000002,-5.4577847,-6.0954914,-5.119268,-3.2246351000000004,-1.2604893,0.14765777,22.431245999999998,9.074649,-2.8010610000000002,-9.904658,-11.142362,-7.7236056,-2.309391,2.2931673999999997,0.40777367,-1.1027468427824508e-06,0.01821659340465703,,3154.178246314847,1517.4501620176175,15.390912447165197,8.571085573762097,11.367505339722367,21.118160725520397,16.451260852002278,15.19784860171946,17.76902208788935,0.0005436936,1619.53125,0.0269677734375,1.0,0.0,0.0,0.0200354493688792,0.0280504630257686,0.0021634251694194967,0.004668608903496837,0.8970097502072653,0.009055168367922306,0.03818018852422635,0.0008369798248168081,1.0,False
00:19:57,5c41c28e896e090001c03bb0,123.7399349366755,0.7905207152938031,3.201910028303088,-69.05816375770429,-489.19943,26.523721999999996,-6.632688000000001,-5.9231997000000005,0.28695590000000004,0.9396745000000001,-2.3801305,-1.3295281,1.4597847,1.9149234,-0.25920406,-3.8383222000000004,1.7828339,-6.533082,-2.2449102,4.391857,6.3987336,1.6992168,-1.7166944,-2.9169392999999997,0.42821090000000006,-1.6384045866980904e-06,0.027436491316752798,41.074116309749726,4433.192402813507,3581.612253253791,11.769989243034766,9.624382634955547,13.687876429008998,15.271063778961782,23.13399713950877,17.387256692336408,18.188957222293734,0.01673237,7649.765625,0.0589013671875,0.0,0.0,0.0,0.05434552635997534,0.033716247882694006,0.05339979277923703,0.0419056058395654,0.559660455957055,0.157914599776268,0.04904532246291637,0.050012419046834115,0.0,True
00:19:58,59278c090220760001fda664,,0.7060732414714856,,-58.12449591957172,-475.10944000000006,41.38095,4.7056346,3.2494907000000004,-0.12199997,-3.6184172999999995,-5.777374299999999,-5.951523,-4.363569,-1.8365137999999999,0.61608064,2.1691053,28.405376,12.035492,-2.3085992,-10.68039,-11.983637,-7.942848,-1.8780703999999997,2.9654248,0.46604782,-1.3921733405750632e-06,0.022906787833668243,,2751.165638569396,1273.4545460140478,15.1779744156292,8.169769633813107,11.912873963775384,20.381614236450574,17.927987971225306,15.21552703320592,17.942248941665934,0.00030827022,1238.203125,0.0264794921875,1.0,0.0,0.0,0.003878071585980553,0.00577002113374571,0.0009856012494613726,0.0011238254286581653,0.9797852913538616,0.00272932811640203,0.0051005928699548045,0.0006272414543976387,1.0,False
00:19:58,5c41c28e896e090001c03bb0,160.31712401282925,0.6107287855126925,2.8306876978708435,-34.15048707361898,-353.28283999999996,110.28821,-15.438691,-15.7881775,-3.5267546000000003,-4.5230565,-4.5031357000000005,-7.7338033,-5.9334087,7.0582027,-4.426889,-16.705894,-0.9883703000000001,25.393010999999998,35.195187,10.561295,-2.576871,-21.541977,-14.728260999999998,-0.9956078000000002,1.6007813999999998,-5.519957938368888e-05,0.9194234260370224,33.186297058148554,2045.0461823936864,1825.211302677739,15.795896598698098,9.976125556966348,17.30436527855664,15.05224154188436,22.733937867055392,23.59383675653764,35.45585289945059,0.00015740606000000002,3392.8125,0.0527001953125,0.0,0.0,0.0,0.06137231271713973,0.022931826906278728,0.082453001011163,0.2389546331018209,0.12172131817787885,0.21387902423739436,0.09063022211194037,0.16805761754512788,0.0,True
00:19:59,59278c090220760001fda664,,0.7415876265467046,,-62.34195045000769,-487.06046,26.112876999999997,3.2210925,2.4851282,-0.2516598,-3.3869796,-5.3924017,-5.468361,-3.7766879999999996,-1.2145478,1.095464,2.3243007999999996,17.347332,6.0654817,-4.1372747,-10.394243,-11.57055,-8.501244999999999,-3.4227027999999997,1.0953403999999998,0.35668479999999997,-8.644841069915863e-07,0.01434832667005039,,3413.5412082945763,1664.5595808532516,13.811946207068768,7.983283427475729,10.937576985766004,21.37421191464707,15.558827604405115,14.53612561695966,17.567967892511987,0.00070801063,1809.140625,0.0286279296875,0.0,0.0,0.0,0.029881878507634005,0.003763723140582442,0.0018759148622242113,0.014346239902079106,0.9324683626492818,0.004275064985267818,0.00749882076246043,0.005889966098281243,1.0,False
00:19:59,5c41c28e896e090001c03bb0,163.87885255414386,0.9299404383562156,0.9286167366658448,-17.301230944755126,-223.11292999999998,157.08217,-8.491303,-16.691013,-8.634400999999999,-2.195722,-2.8666142999999997,-7.366582000000001,-1.5158569,4.9995847,-2.4901834,-18.073648000000002,-29.136509000000004,25.09149,13.005383,4.7241087,3.6403300000000005,-13.516046,-28.094620000000003,-7.379857,1.7807561,-0.0001729743145626258,2.9567067593327296,14.185417571324749,1793.4850879921175,2029.0653809347727,16.929983676931,14.417474736292029,18.44046785342747,16.1047946315899,21.60989271733408,23.10878309971002,41.00182886596722,1.8787629999999998e-05,3215.390625,0.058017578125,0.0,0.0,0.0,0.01348298965021968,0.014223153050988913,0.02745833543594927,0.09215715657919646,0.53168103992939,0.08160891123116018,0.08654565159231424,0.1528427716344595,0.0,True
00:20:00,59278c090220760001fda664,,0.7268939768748509,,-63.66258415867193,-491.08304000000004,21.259743,2.4846725,2.3217003,0.55730027,-1.8021808999999998,-3.6898,-4.4198084,-3.8862147000000005,-2.4841325,-0.84492147,0.46247253,14.687728,6.148603,-1.7292911,-6.811281699999999,-8.180733,-6.3298583,-2.7860252999999995,0.6168696,0.32673220000000003,-7.17199215738716e-07,0.011961407744200856,,3714.4837447114473,1856.0750347979276,15.120768814092227,8.882712308815405,12.348256118774913,20.47515150822828,15.247696307945876,14.839614897413748,17.71423268700537,0.0010107113,2465.390625,0.0273095703125,1.0,0.0,0.0,0.024312798539176585,0.007250435464084148,0.002664205722976476,0.017072637146338818,0.9138119399547576,0.0057935370830819,0.024377623992040756,0.0047168251010589295,1.0,False
00:20:00,5c41c28e896e090001c03bb0,145.88304673441868,0.9296127836083428,1.7935619871354858,-56.7974807360405,-439.64522999999997,72.01011,-7.0609813,-14.747449,-13.665913,-0.22097152,5.5116873,-0.47084987,-2.4591835,1.7265916000000001,-0.20118569,-4.8645597,3.2920792000000003,-1.4624819,0.42640182,-3.2905903,0.15993573,1.4393396,-2.263629,-4.3789053,0.47959915,-3.759343207471453e-05,0.6179643129622222,13.70606050321012,3565.7512747024684,3338.8309797347442,11.774101523292758,10.92074733632776,14.410541598104825,19.811487153950075,25.40403163762584,23.67399552564059,24.765350547237702,0.019408463,6379.21875,0.0671630859375,0.0,0.0,0.0,0.05752575024962425,0.012582886533346029,0.035573363304138184,0.24204400666058065,0.08327898159623147,0.2745208278298378,0.09051301181316376,0.203961181640625,0.0,True
00:20:01,59278c090220760001fda664,,0.7056926751517072,,-58.175395680639575,-474.0915,42.85938,2.8095557999999996,1.5241803,-0.8508722,-3.054266,-4.246862999999999,-4.196691,-3.1530256000000003,-1.5914303,-0.0009416122,1.2147268999999998,30.066568,14.117745999999999,0.35243112,-7.615502,-9.105969,-6.035161,-1.4873761,1.87995,0.500815,-1.4490429653784746e-06,0.02381866893852996,,2741.937545177688,1254.9659505417674,15.002519458609285,8.499632482464824,11.807127225199885,19.279529617207828,18.388916610816807,15.423747504635918,17.789937644714676,0.00037107876000000005,1333.125,0.0243798828125,1.0,1.0,0.0,0.048187641178568205,0.039652052832146484,0.006204301103328665,0.01056919521264111,0.7752252022425333,0.037054657998184366,0.08017719648778439,0.002929738585953601,1.0,False
00:20:01,5c41c28e896e090001c03bb0,164.20691805359678,0.6197790017690223,1.5278726498312665,-26.13127676000741,-249.9397,122.63328600000001,-10.339733,-7.1649394,2.9657400000000003,-3.7211554,-5.6447449999999995,-1.9535792,3.7944622000000003,6.8179107000000005,-2.270852,-14.730485,-54.91188399999999,21.277418,9.343734,-2.6960945,1.6833866999999998,-12.695738,-12.567296,-1.783196,1.709673,-0.0001624781526606095,2.7901812453846193,20.254252306233262,2184.255496231386,2690.4362733381868,16.811600073650848,11.778030558234287,15.315893682255128,16.68491187263252,22.917767454616488,19.94320372864935,39.43944234114821,9.741271e-05,4128.046875,0.0901318359375,0.0,0.0,0.0,0.05668201334774494,0.018478596187196668,0.0335070569999516,0.21533463522791865,0.21059347689151764,0.2318104237318039,0.10927929319441318,0.12431452199816705,0.0,True
00:20:02,59278c090220760001fda664,,0.7577859188940244,,-64.95668654522088,-493.22375,18.645742000000002,1.6584299999999998,1.5681174999999998,-0.04975834,-2.328679,-4.238987,-5.0323663,-4.51065,-3.0326324000000002,-1.2919022,0.011317688999999999,13.144556,5.905880000000001,-0.928269,-5.5523169999999995,-7.096768400000001,-5.8392053,-2.9707784999999998,-0.04343205,0.31141046,-6.211488764072933e-07,0.01039323085176078,,3847.832130039457,1921.375643203934,14.240311242526216,8.357873180900826,10.588548730974496,21.911095330026946,14.977627284108513,14.633781634481595,17.503387728520945,0.0012194405,2591.484375,0.028037109375,0.0,0.0,0.0,0.04077089913189411,0.0407245001445214,0.015096928117175896,0.006299107005664458,0.7647320906321208,0.07569295180340609,0.05116720950851838,0.005516310377667348,1.0,False
00:20:02,5c41c28e896e090001c03bb0,135.8676221490256,0.7179367821646279,0.5154305819616152,-18.923665017478374,-233.07779,169.08012,-18.458847,-11.144092,6.9752855,6.007579,-3.7277,-8.196667999999999,-0.82778907,4.6732874,-5.9640325999999995,-14.920452,-21.223755,20.115623,1.559733,-0.30404174,10.07661,-19.295568,-12.042969,-2.7774415,1.8138006000000002,-0.00016300428522140215,2.7508734266524484,25.873376104610305,1646.5607987695205,2199.1140328878428,14.310737742925866,12.556498051315124,16.012997757701662,16.298588476357722,21.30163696466097,26.5791366110642,39.82251268829971,7.826002999999999e-06,3437.8125,0.073896484375,0.0,0.0,0.0,0.05319857224822045,0.019218715303577483,0.04529575137421489,0.18692751247435807,0.3012536145746708,0.1944533478468657,0.11865636706352235,0.08099612891674042,0.0,True
00:20:03,59278c090220760001fda664,,0.7006824312037698,,-60.15902908221735,-481.1296,33.965794,3.6273239999999998,3.4866912000000005,1.207086,-1.9424055,-4.5233655,-5.5381384,-4.7937727,-2.8684962000000005,-0.73020583,0.75873524,23.821703,10.837872,-0.90791005,-8.345742,-10.394663000000001,-7.988114,-3.3315935,1.135924,0.42196709999999993,-1.1010560745398495e-06,0.018188706474003842,,3146.2367848151002,1480.7755853763638,14.78692245742394,8.670601125115592,11.044939272069461,20.43157425920488,16.72397143838537,15.021765806674225,17.809241203786506,0.00050443463,1565.859375,0.025458984375,0.0,0.0,0.0,0.1117559591929118,0.026869990800817808,0.02630879854162534,0.011806102221210795,0.7188800136248271,0.04338063423832258,0.05347576551139355,0.00752271981133769,0.0,False
00:20:03,5c41c28e896e090001c03bb0,,0.5796207992192464,,-59.54892463094324,-422.21826,61.189316000000005,-11.18327,-10.531255999999999,0.5746456999999999,-2.963132,2.3133087000000003,2.3947403,-1.0332369000000001,7.380584,0.03893898,-9.104946,-23.12975,9.853100999999999,10.327252,2.7059355,9.641461,-12.135143,-6.035732,7.990917,1.1784631,-2.7835103674635527e-05,0.4839052267397631,,4372.523814214363,3793.440476993224,13.370030656312444,9.800526867642702,12.045310330486664,13.78605636698375,16.646135167637187,17.718323364810306,26.41861545019832,0.006365514399999999,8348.4375,0.07481119791666667,0.0,0.0,0.0,0.03994902484118938,0.0035390863806242117,0.02850274441298097,0.21099456027150154,0.07884845449589192,0.0875426379032433,0.5334797859191894,0.01714372435817495,0.0,True
00:20:04,59278c090220760001fda664,,0.7067268451337817,,-57.936249337117005,-474.0054,43.320164,3.7782227999999995,2.8056345,-0.08190556,-3.262179,-5.309608,-5.548183,-4.1689224000000005,-1.9699596999999998,0.0841495,1.2647641,31.231203000000004,15.668494,1.4813024,-7.6031675000000005,-10.250035,-7.6536083,-2.6216586,1.8439808999999998,0.47042619999999996,-1.424022949596803e-06,0.023419011212296247,,2772.8618512814287,1246.7176152546615,14.4370302336577,8.320123719704252,11.044991468968227,20.254696400623452,16.374157402843135,14.592947172645438,18.09208686072753,0.00031907672999999996,1221.328125,0.0236474609375,1.0,0.0,0.0,0.02825655452907085,0.053237437084317205,0.006594691060793897,0.0035809438404006268,0.8285499135653178,0.039854064335425696,0.03598819443335136,0.003938207884008686,1.0,False
00:20:04,5c41c28e896e090001c03bb0,,0.8271611688993354,,-75.40602997968716,-478.03174,22.963858,-7.737931,-22.317660999999998,-4.709096,-2.9839137000000004,-1.6197749,-2.4850779,-6.272924400000001,3.3554223,-1.4676714,-15.5185,-33.974000000000004,-2.658137,3.950961,0.7996319000000001,8.786515,-3.2967684,12.832578,28.273522999999997,0.61408734,-3.476250475404531e-06,0.061935286329482774,,4508.3181878850955,5688.237371552539,10.699557094107355,9.828574945691598,14.175305388651374,16.32317731304706,17.81531870244755,19.657215923295905,24.745476426541792,0.16357182,10580.180921052632,0.11429981518817205,0.0,0.0,0.0,0.01846317085437477,0.005051080229168292,0.003224491630680859,0.12347918506711722,0.4066664144396782,0.018282768223434685,0.4156966470181942,0.009136249800212682,0.0,True
00:20:05,59278c090220760001fda664,,0.6953951782977227,,-57.91460555875453,-473.6718,43.071976,4.4766808,2.8833702000000003,-0.26887423,-3.1936617000000003,-4.686741400000001,-4.460298000000001,-2.9749978,-1.0252513,0.6436105,1.5418003999999998,29.240011,11.912283,-3.0671227,-11.5449095,-12.526373,-8.051917,-1.7571235,2.9974973,0.4758106,-1.4617708415529689e-06,0.024042067404539555,,2720.3819420926347,1274.3745643126465,13.791762006396967,8.324728230872282,11.636693283921302,20.999566379580887,18.02554566131517,15.246828592092552,17.995384431014767,0.00030569997,1275.0,0.025732421875,0.0,0.0,0.0,0.0158006957732141,0.037775489191214234,0.01218270796040694,0.0047172722018634285,0.8905737956364951,0.016553817596286536,0.018937665573321282,0.0034585731647287805,1.0,False
00:20:05,5c41c28e896e090001c03bb0,178.76924918066643,0.6982531526169933,1.9267657686846196,-30.34169646243113,-279.47797,131.55127,-20.265034,-13.744367,-0.08545262,-8.938721000000001,-6.105282,-3.6558870000000003,-4.965889,2.8060157,-1.7951840000000001,-13.254495,-45.697959999999995,11.180112,18.280248999999998,-1.2782335,0.4158251,-13.094792,-16.299925,-7.3329762999999994,1.9800053,-0.00010596157633484302,1.7971997355046796,31.456032709722137,2192.979305774421,2730.6723946176603,14.646705583461287,10.971346587701454,14.204977103268554,14.222345823713464,16.86267997007293,21.140980687896175,39.548041937471815,0.0011719287,4719.140625,0.088955078125,0.0,0.0,0.0,0.025407081516459585,0.0029469009721651675,0.003707014257088304,0.0298257602553349,0.8088258415460586,0.0104665064252913,0.11208968069404364,0.006731212016893551,0.0,True
00:20:06,59278c090220760001fda664,,0.7242470009385791,,-60.79211962287568,-483.25145999999995,31.375242,2.6900487,2.5912669999999998,0.37755808,-2.5526187,-4.703277,-5.139501,-3.8046286,-1.4155525,0.9520036000000001,2.362316,22.211374,10.209612,-1.0379995000000002,-8.563873,-11.018714,-8.967978500000001,-4.4271574000000005,0.10758766,0.400985,-1.006179346008196e-06,0.016640922700491383,,3208.4643593871424,1506.3490495553194,15.771880179835794,7.901160634310992,11.540386191215461,22.077704432150412,16.188591702032753,14.947187596083452,17.756308484198154,0.0005460357,1516.40625,0.027275390625,0.0,0.0,0.0,0.01997581433194379,0.0610011709233125,0.009808395834018787,0.0012144644725291679,0.8400640686353048,0.04728789624447624,0.018827436352148653,0.0018207745083297293,1.0,False
00:20:06,5c41c28e896e090001c03bb0,196.28561537854992,0.6015266374902468,1.053679028685395,-26.93385889091168,-231.85806000000002,103.28263000000001,-7.616685,-12.970267,-3.8265998,-7.6014479999999995,-3.4791733999999996,-4.957498,-1.486348,-2.4957472999999997,1.9152171999999998,-14.303243,-57.435326,32.11502,3.3532102,-7.974258,-16.48297,-6.507457,-15.800560999999998,0.6568586999999999,1.5911708999999998,-0.00016784663656943706,2.9779807212168463,13.76122432278988,2640.8834797167165,3342.7757617918537,14.173338687707435,12.5238287193376,15.598740384252682,16.03482501044125,18.935609894483626,21.319412298712965,43.79979518256479,0.0005959612000000001,5704.921875,0.1113037109375,0.0,0.0,0.0,0.04542898089857772,0.0031028794415760784,0.10345452246256172,0.0910843793360982,0.643176868930459,0.013851068599615246,0.09448970989324153,0.005411592969903722,0.0,True
00:20:07,59278c090220760001fda664,,0.7322253179642109,,-63.35185245955528,-489.53674,23.294693,2.356519,1.7111745999999999,-0.28162676,-2.6227758,-4.367428299999999,-4.9697123,-4.387512999999999,-2.9787724,-1.2937301,0.13158074,16.355808,7.4410224000000005,-0.63531965,-5.6955967,-6.948656,-5.0933839999999995,-1.8055453999999997,1.0892407,0.32723865,-8.039403644580936e-07,0.013354146312183192,,3631.018658483646,1805.1943055076874,14.789003002490926,8.39055217838121,11.91407217312284,21.00953644952854,15.538664955243012,14.776022712958689,17.777284781393913,0.0010659146,2563.59375,0.02712890625,0.0,0.0,0.0,0.017363462348779043,0.1090709942082564,0.006982947234064341,0.0005721125227864832,0.8017258445421854,0.05534336877365907,0.007791323494166136,0.0011499232534940044,0.0,False
00:20:07,5c41c28e896e090001c03bb0,173.62039309284978,0.5942126284141077,2.90938117364817,-21.951932915068454,-241.11809,131.28853,-12.345284,-8.191735000000001,3.1319478,-4.266408,-10.784394,-7.0662594,-0.31547892,1.3112511999999998,-0.8162725000000001,-8.901162,-53.327873,36.55311,15.447507,-6.9990835,8.068324,-11.370017,-21.65705,-6.677815400000001,2.1381786,-0.0001463449048818721,2.547557062935538,16.361280576976892,2116.292376623506,2911.7107206773358,16.976643891385407,13.008784806180543,16.220479222740856,17.50509449430298,18.900703870496272,22.161235233660964,42.71390607818911,0.0022887682999999997,4638.75,0.09986328125,0.0,0.0,0.0,0.1489013575017452,0.003728407621383667,0.10054507944732904,0.24023886136710645,0.1869874458760023,0.0466321924701333,0.2613813832402229,0.011585270229261369,0.0,True
00:20:08,59278c090220760001fda664,,0.7313191709096155,,-63.89757589503565,-491.4286,21.067541000000002,2.066081,3.1174312,2.504902,0.7792785,-1.210987,-2.6909009999999998,-3.2368026000000003,-2.8718631,-1.9721096000000002,-1.0497085,15.220076,7.4253979999999995,-0.1242327,-5.525313400000001,-7.757667999999999,-6.916558,-4.0314559999999995,-0.58345765,0.31567990000000007,-7.051991905610722e-07,0.011754588681411509,,3691.5404414530135,1816.4392497588133,14.828485090297216,8.347867792799292,11.13312813466268,20.825894896871702,15.748245564697696,14.716167049777114,17.671136843839935,0.0009813892,2392.5,0.0259423828125,1.0,0.0,0.0,0.04955464558055003,0.17348974843819934,0.01939729331061244,0.0027635077538434413,0.6316651741663615,0.09283982714017233,0.025702565970520175,0.004587243683636189,0.0,False
00:20:08,5c41c28e896e090001c03bb0,150.4386551887427,0.8912787508105193,0.49366602373568497,-20.14842690531307,-227.58144,161.79196000000002,-6.4539013,-0.11936097,11.4495,-1.8536686999999998,-8.897486,-5.516682,-0.18897563,1.9798825,-5.442436,-8.015907,-42.546436,5.8493705,3.5920102999999997,-3.2832102999999995,0.56814855,-25.034407,-26.501866999999997,-4.098298000000001,1.9891318999999998,-0.00016363869382969958,2.7621888699835813,18.372566748796398,1783.2997440896338,1960.1654384190247,14.830919030955693,12.585467820914149,16.832209265236184,17.793734300478338,23.440336669280573,22.459958454001594,40.75137714212078,1.3917369000000002e-05,3254.0625,0.056767578125,0.0,0.0,0.0,0.05444783210340473,0.007271097526730348,0.16275772866275576,0.12274189479649067,0.46898329951283,0.028648761514988214,0.14385032032926878,0.011299058510404494,0.0,True
00:20:09,59278c090220760001fda664,,0.7455991373057416,,-62.76753410463128,-488.4621,24.713482,1.6220973,1.6196266000000001,0.026732717000000003,-2.175236,-3.9208288000000002,-4.498262400000001,-3.7666739999999996,-2.1163406000000005,-0.23797432,1.1791619,17.453857,7.9749327,-0.8741298000000001,-6.7781115000000005,-8.7264185,-7.203719,-3.7829885,-0.35853016,0.36062872,-8.070955523374268e-07,0.013404606985723412,,3523.130195186267,1704.0436040239974,13.464812071775615,7.946399094281224,10.8754516283275,20.8564254702883,15.497379557779553,15.01874444068575,17.59366542636555,0.00083856954,2062.96875,0.026279296875,0.0,0.0,0.0,0.05446903941531976,0.18016004121551912,0.014369432573827603,0.0025597474984048554,0.6239401241143544,0.09656106978654863,0.021216223823527496,0.0067242986173368996,1.0,False
00:20:09,5c41c28e896e090001c03bb0,168.97493837545167,0.6822246989474048,1.0438735040617655,-39.34757488202956,-364.72314,74.98201,-3.7487211000000005,-1.4085372999999999,2.2721775,-4.023592,-1.3491817,0.729643,-2.3772721000000003,5.115122,-0.5041595,-11.146486999999999,-38.980427,15.073282999999998,20.039242,7.702656299999999,12.382398,-8.952834,-15.275835999999998,-2.9921767999999997,1.4024545,-5.871144417406116e-05,1.001588509497427,18.01399686620952,2382.873575515333,3114.5942900140967,12.978187462569739,11.163983780652401,14.73057936103041,19.644215264427086,23.458957398519157,24.067749849985237,35.902943319562,0.0022331746,4978.125,0.103525390625,1.0,1.0,1.0,0.049026191101542535,0.001006092963507399,0.007815520262478717,0.28372422818626675,0.04155415256640741,0.1862722550784903,0.3975852658706052,0.03301631047257355,0.0,True
00:20:10,59278c090220760001fda664,202.69675289575386,0.8503540131454786,4.697226546698802,-55.62991201982234,-467.10324,50.505703000000004,0.045687335999999995,-0.12283479,-0.9687657,-2.2614598,-3.4834807,-4.1028376,-3.8516796,-2.7984476000000003,-1.3652693999999999,-0.19096063,32.730940000000004,12.6119375,-2.248166,-8.788014,-8.609554,-5.443186,-2.3708142999999997,-0.5888864,0.6057915,-5.373075671116229e-06,0.08746239580631532,37.60533863297773,2757.1856197035418,1476.3330704151151,13.682599544541251,8.573287656702089,11.124037419918773,16.587916341943405,17.021742311519038,15.516177236904015,20.97654818519377,0.0005275468,2096.953125,0.0289208984375,0.0,0.0,0.0,0.03633275864024957,0.2857113351424535,0.010543056049694615,0.0006143280576604108,0.5507594426472981,0.10369530022144316,0.009529338963329793,0.0028144393814727663,0.0,True
00:20:10,5c41c28e896e090001c03bb0,171.74543219942058,0.9157102049711576,2.7867751639416767,-21.55088032648904,-246.52687000000003,178.47523,-8.000680000000001,-3.7075025999999998,4.903105,1.9114962,-4.8014727,-4.8949604,-0.2861537,1.751801,-7.580571000000001,-11.468948,-28.36315,0.6628595,27.329077,0.6947378000000001,-6.6926455,-19.064407,-30.802066999999997,-18.036192,1.4946808,-0.00014236681506318654,2.360541561840958,18.842409606784578,1474.3111520228852,1522.415034619619,15.62004937109562,11.621031529325368,16.42759904017383,15.558043211843483,21.734564231444164,23.284863141487122,34.63489978107075,8.819006000000001e-06,2747.109375,0.03916015625,0.0,0.0,0.0,0.04842641279101372,0.0072924872161820534,0.042845147941261534,0.2256325326859951,0.1831170070916414,0.1413111187517643,0.19697569012641908,0.15439963021781294,0.0,True
00:20:11,59278c090220760001fda664,201.74812466577015,0.6509445643142888,6.948754198806807,-54.671099861132134,-457.8657,51.97358,3.179262,3.4031737,0.80165076,-2.4566276,-4.437585400000001,-2.2648838,-1.0654805,-2.4981577,-1.9624732,0.53599805,21.779945,7.7566276,2.7858388,-4.353035,-11.439124000000001,-10.236162,-4.17436,-0.021792572000000003,0.67404485,-1.0034587382305027e-05,0.16539237282905475,37.84231359596278,2983.2620455671004,1672.4318749728998,13.151868473101427,8.889371212584217,12.212794212127578,19.765282349244007,17.41114002454023,16.57656161054997,20.666280704207875,0.0005053136,2154.375,0.0398486328125,1.0,0.0,0.0,0.031172733629743262,0.22431915948788325,0.010887568661322195,0.0004229834128636867,0.6099154790242513,0.10606999297936756,0.015529527670393388,0.0016825053608044982,0.0,True
00:20:11,5c41c28e896e090001c03bb0,,0.6723493508370294,,-62.58972352695719,-465.32156,35.789433,-0.3198291,1.475882,3.3717403,-0.48772442,0.7233924,2.5100229,0.4964495,0.7001291999999999,-0.6082086,-2.1695495,2.3684552000000005,10.298935,4.6423106,0.5587798,10.514234,6.047082,1.3606768,2.908493,0.87574595,-8.049525119735681e-06,0.13762406251005158,,3969.3449111227087,3538.6160462745784,12.832902118550825,9.819702445520369,11.711386449776649,14.630919782250741,17.751635842595924,16.99580365363166,24.368177855212725,0.008846764,6800.859375,0.074912109375,0.0,0.0,1.0,0.019176625413820148,0.010109260736498982,0.018437716134940274,0.08308546320768072,0.46164925862103706,0.13614339753985405,0.20905532129108906,0.062342971708858386,0.0,True
00:20:12,59278c090220760001fda664,99.78579720968357,0.4768218358256268,4.606588479562644,-44.20510670763279,-408.46013999999997,97.82401999999999,1.0178158000000002,3.7403626000000005,0.36504516,-5.5397267,-6.144632,-1.3819326,1.9465504,0.14401524,-2.0109591,-0.06293936,26.056715,-1.3167558000000001,4.38698,2.377253,-8.289036999999999,-10.297619000000001,-5.271137,-2.1426911,0.9400790000000001,-1.803183781201718e-05,0.2981187503957312,14.887545759909074,2021.3090212714746,1366.7296190072093,13.304585546577739,8.55346963481167,12.552515974840007,16.04576388546731,19.345478395637677,19.862034396015574,24.218741551928893,0.00017158396,2149.453125,0.0363671875,0.0,0.0,0.0,0.05438232695062955,0.2921497190992037,0.025335235272844637,0.0008098976453766228,0.4511259516080221,0.15103042473395664,0.02387909162789583,0.0012873724335804582,0.0,True
00:20:12,5c41c28e896e090001c03bb0,127.39693968342037,0.5212987732284847,0.8112407799503908,-56.343030487137185,-410.06403,108.72373,-2.8803787,-2.6990442000000003,3.8256035,-0.6968502,0.75189024,3.0330222,1.349947,2.205861,-5.765747,-8.724096000000001,-20.450565,-0.12670164,12.445651,-7.751399,-0.5869776999999999,-3.1363217999999997,-4.7713246,3.9880050000000002,1.9962087,-6.2406088861077e-05,1.0381670322568883,9.331606314371834,3624.858619321847,3303.0113688116608,11.869317319353604,8.779425032886202,12.673961081472376,14.394645817102926,16.802781371833234,18.877057889856104,24.733705473864397,0.017560303,6309.84375,0.0741064453125,0.0,0.0,1.0,0.07198175247758627,0.02974575653206557,0.032378929853439334,0.12556312594097108,0.08019036334007977,0.4238031685352325,0.16933942250907422,0.06699746449012309,0.0,True
00:20:13,59278c090220760001fda664,,0.7457610632570141,,-60.11366984267557,-481.13293,33.75522,0.9188411,0.2288024,-1.9690938000000002,-4.179964,-5.2124557000000005,-4.657042,-2.9111507000000003,-0.8391228000000001,0.700246,1.2177758,23.056847,9.357946,-2.990495,-10.678279,-12.577950999999999,-9.845778999999999,-5.0606556,-0.91200054,0.4267769,-1.1538550186259709e-06,0.01904649299256133,,3088.441191038619,1491.4632801225669,13.421836773834446,8.486725552914299,11.401813396288192,21.00867483727588,16.941466418882197,15.166395058974901,17.903097815800464,0.0005892703,1687.265625,0.0273095703125,1.0,0.0,0.0,0.07715907196203868,0.16453676794966066,0.02700355239212513,0.0015143723615134756,0.5119722147782644,0.18486561725536985,0.03148598087330659,0.0014624075692457458,0.0,False
00:20:13,5c41c28e896e090001c03bb0,139.9731057315028,0.8402113212418982,1.5054352003313451,-34.50873851289551,-311.60284,106.24896000000001,0.96017045,-1.1153295,10.294792999999999,-7.489553999999999,-8.727294,4.8192654,1.2198388999999998,-0.24141169,-1.6487452,-5.2391424,-53.566666000000005,3.544668,8.77062,-9.775737,27.425968,12.214611,-1.8401078000000002,16.1993,1.3871655,-7.024447673012462e-05,1.1831207563737307,24.980183696484218,1994.1711201958205,2695.59503046108,14.23024891975909,11.879226849173836,12.309086493262663,14.852302685208242,18.81131631512273,19.33885119494216,39.624824773400185,4.4035703000000004e-05,4866.796875,0.0994189453125,0.0,0.0,0.0,0.05590869886800647,0.03490251041948796,0.014291138399858029,0.1489576547872275,0.170997756998986,0.3094119355082512,0.23698754981160164,0.02854277566075325,0.0,True
00:20:14,59278c090220760001fda664,,0.6964294199261728,,-51.11211231141491,-448.72635,68.36905,7.8206169999999995,4.564556,-2.1792455000000004,-5.030759,-3.261921,-1.6412039,-2.9202707,-4.6654983,-3.5495087999999995,-0.21547934,35.714188,9.743289,-0.06485275,-2.672128,-7.306253,-11.083507,-7.146667,2.3483894,0.6901222,-3.963462447529834e-06,0.06519639236504249,,2110.460340199189,1130.4742660482148,13.31264325000368,8.569203675836384,10.991806164542155,18.05316886591748,22.037341351461787,17.546197313518174,19.833609398643876,0.00011493594,1380.0,0.0296044921875,0.0,0.0,0.0,0.05918836419781049,0.16872738202412926,0.014210429353018602,0.0007089386228471995,0.5746128340562184,0.16479606032371522,0.016711951109270255,0.0010440197812082866,0.0,True
00:20:14,5c41c28e896e090001c03bb0,,0.5934807688028216,,-56.787791791494406,-460.02032,24.986853,-4.231187,-2.7722197,4.5732550000000005,-2.171984,0.14489046,4.553479,0.54016304,-2.6201950000000003,-4.042524,-5.865778400000001,-9.260567,11.814414,8.108258,2.2133656000000004,10.509201,9.872995,4.056343,6.139215,1.0082095,-1.1019681743902646e-05,0.2016770849304801,,3125.3122649873344,3407.584424084903,11.436378524694385,9.986416518669015,11.449932257530662,16.686726409222686,19.659832917096864,21.78872863817518,28.56932705722298,0.004804051,5461.40625,0.119287109375,0.0,1.0,1.0,0.010287156509649422,0.01106499660656684,0.0014648495966361626,0.01854394753980968,0.6574705905384488,0.13222191565566593,0.15618179738521576,0.012764735632420829,0.0,False
00:20:15,59278c090220760001fda664,,0.7559346393166336,,-51.37178020921443,-448.77643,71.58452,1.1271676000000002,-0.49646303,-2.1113784,-3.0054395,-3.0349777000000002,-2.7569485,-2.6998577,-2.6113715,-1.7881063000000001,-0.17142724,42.52531,11.730038,-7.8548789999999995,-12.9838705,-8.905063,-2.8815972999999997,0.9112872,1.9226130000000001,0.6740895,-3.0695999187171935e-06,0.05025801172735389,,1979.2442283118467,1019.3105555743657,14.162384339610794,8.125620349308269,11.598857642400755,17.110540504481794,22.748284636118864,16.841921493316992,19.182361433650048,9.868944e-05,1247.578125,0.0266259765625,0.0,0.0,0.0,0.046832130476832386,0.2990750640630722,0.013793187448754908,0.001347226373036392,0.504375030597051,0.11872186064720155,0.01271727445224921,0.0031382467442502573,0.0,True
00:20:15,5c41c28e896e090001c03bb0,,0.9452161120928132,,-71.20277159540156,-501.49877999999995,9.108893,-1.7885611000000001,-0.11742108,2.4880254,1.3970401000000001,1.3492868,1.4626677,0.3286756,1.562211,2.1273633999999997,0.8989353999999999,3.4743104,1.2602592,0.32376066,2.8845305,5.9524875,5.055932,3.7616207999999998,1.465598,0.25363332,-6.885213093397483e-07,0.011586808269959422,,4782.482019058167,4303.856733177654,10.613018610452523,8.431432315334183,15.113148645787469,16.95960405338783,22.69342981890204,23.28465211453995,21.023456247847406,0.01203687,8279.765625,0.10744140625,0.0,0.0,0.0,0.0943385673686862,0.013903546193614605,0.027319142338819803,0.09210450835525988,0.14449993544258175,0.2837832875549793,0.2845581069588661,0.05949290920980275,0.0,False
00:20:16,59278c090220760001fda664,,0.7669521366043446,,-50.866168365261075,-445.62282999999996,74.847946,2.3899486,1.7425514,0.89116675,-0.56761444,-2.1862955000000004,-3.020232,-2.5099807000000003,-0.9466193000000002,0.7201185,1.4695114,42.997627,9.674755000000001,-10.549382000000001,-14.225339000000002,-7.938199000000001,-0.6495666999999999,2.9106767000000002,3.1599188,0.6947441,-3.2872017311827284e-06,0.0537986716730915,,1918.0399365557682,1002.0138329787578,12.983059714348723,8.579076989911838,11.15494612047135,16.912042087238458,21.752114379381954,16.587880777170405,19.01674729120203,8.8717476e-05,1247.109375,0.02705078125,0.0,0.0,0.0,0.02720524730781714,0.4538716713587443,0.005156307714059949,0.0001895452510022248,0.4263087789217631,0.07915167311827341,0.0066388040781021115,0.0014780053558448953,0.0,False
00:20:16,5c41c28e896e090001c03bb0,,0.5467094406915911,,-58.998406310650076,-434.839,54.625378000000005,-19.677132,-17.272123,2.9990058,-4.739671700000001,-16.748497,-7.527017999999999,4.758365599999999,4.3913383,-10.951698,-15.544938,-43.091858,-15.6881,7.146016599999999,-1.2516747,6.3066907,3.0314772,0.007870254,-0.69098514,1.0390986,-1.3043959015024056e-05,0.22463011003591796,,3502.602279357843,4062.010380653384,12.944889361520232,11.689290256154328,12.77944892907934,16.38146961484802,21.90698314415386,21.088141513111967,22.93122696088682,0.01157094,7460.390625,0.1090625,0.0,0.0,0.0,0.08319205193110975,0.006681755231693387,0.037043445101880935,0.05317249855434057,0.3591246477328241,0.24586265634279694,0.18416816438548267,0.03075478023965843,0.0,True
00:20:17,59278c090220760001fda664,227.31680473356124,0.7530834885241279,2.26435792355006,-40.44184727956822,-408.17537999999996,99.71813,9.735463000000001,7.028287,-2.2818400000000003,-5.841673999999999,-7.659864999999999,-7.204397,-0.89507794,1.587987,-3.0336187000000003,-3.3899027999999998,27.250767,-5.765126,-1.3553936000000002,6.678360499999999,5.50347,-4.1950746,-11.130659,-2.4409682999999998,0.90826994,-1.6717093585075974e-05,0.2763972542937562,6.240417126982305,1820.8235207282626,1214.8020214400465,13.157065635558777,9.349909753708284,11.101577592019842,18.74275905778078,24.174268212657694,19.839724465227018,23.65757247671276,7.503265e-05,1425.703125,0.0358837890625,0.0,0.0,0.0,0.03258770741522312,0.36100875337918603,0.009871943108737468,0.0003439347798121162,0.4780083219210306,0.10399734278519948,0.01287265969440341,0.0013093422593859335,0.0,True
00:20:17,5c41c28e896e090001c03bb0,,0.6012414966654938,,-87.91602081562355,-504.5846,1.0051328000000002,-2.6754860000000003,2.7365977999999997,3.5558504999999996,-3.7930129999999997,-0.769121,0.16394007,-2.940384,-1.2104591999999998,-3.6067720000000003,-4.553884,-3.2574208,13.01217,5.246237000000001,-0.35597095,5.948733,2.4240694,3.752579,3.732212,0.45598999999999995,-3.8518378031698976e-07,0.007407663806073597,,5636.578816420643,6490.841587215487,11.876538812983238,10.874861926349807,9.71486227643105,11.8045848720502,16.830201026967814,13.025118712030617,19.69866784980793,0.15305546,12530.859375,0.07183159722222222,0.0,0.0,0.0,0.032751569501124324,0.01711483997059986,0.041539558369549916,0.06762133524753153,0.4257392246276141,0.15384026465471834,0.11895363628864287,0.14243957325816153,0.0,False
00:20:18,59278c090220760001fda664,110.0166029455991,0.810137415907657,1.0171525187401014,-52.22246116194405,-454.4892,63.725468000000006,4.4842379999999995,3.9834012999999997,0.8179692,-2.5060017000000006,-4.212572,-4.4597335,-3.9023227999999994,-2.4286337000000002,-0.050503306,2.1350862999999998,37.313633,13.307022,0.84542364,-2.833777,-3.7346356,-3.7498775,-1.8013947,1.8118783,0.6058074000000001,-3.781270381993682e-06,0.061998106410859864,129.5640320708298,2447.3003403585426,1189.662735829056,13.55206452783126,8.554325823322108,12.026469515702242,16.771488473073727,19.069799538866967,17.160693717323998,20.462486461454066,0.00020557441000000002,1478.4375,0.0210302734375,0.0,0.0,0.0,0.024858502981563408,0.28008150855700176,0.007606774910042683,0.0003491431300062686,0.5714310050010681,0.10357306102911633,0.010636914397279422,0.0014631084302285065,0.0,True
00:20:18,5c41c28e896e090001c03bb0,139.59920186507787,0.6630166897752193,5.237660142215602,-64.20402856768911,-429.79095,94.74199,-10.074508,-7.173072,1.3898616000000001,-4.3253803,-7.015194999999999,0.28941348,0.48834756,-4.1537957,-5.5044246,-1.79875,-17.492369,-8.586162,-3.4526144999999997,-18.053314,-1.6213541999999999,-1.0219748,-12.657261,-8.878977,1.4686053,-4.311668816142352e-05,0.7120721719881244,48.42757078760601,4773.699272766529,4444.431019065973,15.833279317633153,12.20193435321766,12.737118984789912,13.409050644693027,15.80664067343568,18.119027252887555,21.194986593731443,0.05014236,9714.962121212122,0.0398565735479798,0.0,0.0,0.0,0.06243841275572778,0.010880691558122636,0.04622151479125023,0.0898598674684763,0.0316499724984169,0.3480604261159897,0.14522053226828574,0.2656685784459114,0.0,True
00:20:19,59278c090220760001fda664,147.63309662404905,0.6613678101800541,1.8999907141873011,-20.75055570530953,-280.0822,171.46674,16.709625,0.32969302,-4.345019000000001,2.7774565,-6.673983,-9.038642999999999,7.496331,4.3836837,-11.174891,-2.3265564,-25.031025,-18.366936,31.517859,2.4066997000000003,-21.252028,-17.613228,-12.227959,7.0622487000000005,1.4155855,-0.00014169646940601736,2.352521825591392,16.726450544942686,1248.6717164118124,1437.213479433384,15.172605741031456,11.391036804828467,16.414228517305492,18.662137685819694,22.735011154232392,29.687645672391767,29.106190281783352,1.3622342000000002e-05,2350.078125,0.0424462890625,0.0,0.0,0.0,0.02997519423564275,0.15393229549129805,0.009572931782652934,0.0009534924931358546,0.6955360094706218,0.09357088009516397,0.013595006428658962,0.0028641866209606326,0.0,True
00:20:19,5c41c28e896e090001c03bb0,164.0224916357818,0.9843786654285877,5.40214267922323,-48.15030631789329,-423.58795,90.15618,-12.567895,2.881373,8.456595,-4.556744999999999,-9.22105,3.2105342999999995,7.144589999999999,-3.16699,-8.177599,-4.522272,11.70377,-18.692625,-14.399857999999998,-7.4993300000000005,1.3921611,7.178841,-0.3163818,-13.173375,0.80991066,-2.9532212797584832e-05,0.4824733106264527,35.186007889033476,2326.8053258470154,2085.8630262009265,11.966039924980619,8.572442306998564,11.301859885965587,19.953920545515896,27.892884952360333,26.305963350948318,20.29492531115724,0.0050427835,3774.375,0.049423828125,0.0,0.0,0.0,0.054885946400463584,0.004700753383804114,0.034186522755771866,0.0938205249607563,0.01193330269306898,0.3305810958147049,0.2951345682144165,0.1747573148459196,0.0,True
00:20:20,59278c090220760001fda664,112.20259390756577,0.8400513644874865,0.4515509472545283,-24.711456344005214,-289.68546000000003,163.24687,-0.012224851,9.048017999999999,0.13937315,-5.6344995,-2.7541542000000003,0.28094402,0.42451283,-2.1558342,-7.9393673,-4.811764,-20.325232999999997,-5.6750083,47.513477,13.353860000000001,-22.966154,-12.46359,-7.5620866,-13.513074,1.4701098,-0.00011633358116150744,1.927801430966377,20.150312862280728,1595.2807703651058,1845.5407109552066,15.456987684382028,10.644031430947571,13.955942529817236,15.528048310678814,19.30179688709943,29.267446417806248,30.102376907292673,0.00017171052,3315.703125,0.0602783203125,0.0,0.0,0.0,0.025751432590186595,0.208417213956515,0.006900396399820845,0.0004203986133992051,0.6328580776850382,0.1125319078564644,0.01211374184737603,0.0010068614579116304,1.0,True
00:20:20,5c41c28e896e090001c03bb0,,0.7773366761478073,,-79.49614003605596,-498.92932,22.374717999999998,-5.062844,-2.7931535,0.65482867,0.7075511999999999,2.601672,5.583725,2.4775815,-1.6465150000000002,-0.36363682,1.3305905,5.35241,1.119602,2.9559127999999997,5.9916563,10.532264999999999,10.758996,5.2929435,-1.4019122,0.8325171,-1.033361222371456e-06,0.01731827773152581,,5400.904196255548,4811.531065297789,10.237405961441796,7.991947310812218,12.042537961598606,15.278364352000802,15.802331885009961,16.861284660327073,16.54142253570469,0.05858835,10319.296875,0.048887310606060615,0.0,0.0,0.0,0.06050834730267525,0.0040949749993160365,0.03720953706651926,0.0933147832751274,0.0076946149114519346,0.33663104474544525,0.32815188467502593,0.1323948036879301,0.0,False
00:20:21,59278c090220760001fda664,112.84023263566138,0.8334210644258346,0.33582557005402,-22.392025702388374,-288.4234,165.04166999999998,-4.460413,0.40142894,-10.926530999999999,-6.949451400000001,3.1572595000000003,-3.5989754,-6.4601574,3.2821915,-1.4389,-7.2216663,-5.629383,13.805005,48.309315000000005,10.686745,-15.143473,-7.2461,-12.316282000000001,-19.887465,1.4240924,-0.00010464151067159089,1.732674742792354,17.246096387622774,1667.1602795130045,1567.6982247056665,15.998839226589956,11.701939299015073,16.906656678437713,16.09295114421281,20.685107866671725,30.232939453576,32.2940926104597,0.00012706881,2986.875,0.0418994140625,1.0,0.0,0.0,0.08951573415348928,0.17974870204925536,0.013396414462476969,0.0010473369882674887,0.5146586795647939,0.1708351915081342,0.029510526017596326,0.001287436035151283,0.0,True
00:20:21,5c41c28e896e090001c03bb0,,0.7894148307708306,,-96.2526000294085,-507.2079,0.7508564999999999,0.588687,0.27435628,-0.6011618000000001,-0.15887338,0.20632584,-0.6925347,-0.88287514,-0.13809644,-0.52722245,-1.2647416999999999,0.37870932,1.1819133,1.058678,0.17428358,0.5506061,1.0405321,0.18887095,-0.14553174,0.049789846,-2.0298581800674937e-08,0.0004536396385373948,,6621.288467864532,7934.896721042232,9.59832684818362,9.426472090129783,9.124711557652734,11.181936175982822,12.254415229944543,16.276104141411498,14.722912859940909,0.24909789999999998,16306.085526315792,0.046641474184782615,0.0,0.0,0.0,0.05461292527616024,0.002976243442390114,0.022025237046182155,0.13763958737254142,0.00483312695287168,0.3523286759853363,0.18285023123025892,0.242733970284462,0.0,False
00:20:22,59278c090220760001fda664,121.22773520644644,0.6223830020304147,3.125341458172083,-35.44700182213908,-345.02518,132.27641,9.612561,16.0953,6.1337204000000005,-0.8529462,-9.21749,-10.251677,2.2173599999999998,2.596515,-10.694477000000001,-6.3537292,-2.7036284999999998,-16.023325,3.3589782999999995,-8.339167999999999,-4.6881857,-1.5388701999999999,-20.575209,-17.116657,0.9109516,-7.64778254404562e-05,1.26842566483581,19.11256302537637,1772.1345704365167,1511.6120551858176,12.842243381221259,9.505402841131447,14.440119794359957,17.511763311723303,25.30950983075566,24.62274186305093,26.20672573240651,0.00012670606,2337.421875,0.0451611328125,1.0,0.0,1.0,0.08964379523725559,0.07972027842576307,0.02239245306312417,0.0012495905575633515,0.6557652453581492,0.119639214904358,0.02998788992408663,0.0016015541574840124,0.0,True
00:20:22,5c41c28e896e090001c03bb0,,0.8726178333227479,,-101.34308685643325,-507.3031,0.55046827,0.30076240000000004,0.009742283000000001,-0.2863401,-0.46053332,-0.44497309999999995,-0.2632116,-0.018117845,0.15862495,0.17069581,0.0038625156,0.29943374,0.014925991999999999,-0.17098926,-0.17638381,-0.009014424,0.23778826,0.43079713,0.46189165,0.025747905,-1.6360509115606894e-08,0.0003637447091668621,,6743.23212848775,7623.245084237857,9.58508655512416,9.25656010227776,8.96238886980541,12.673496021641009,13.609396229196033,12.065957876029053,13.917358123429786,0.45052642,16266.629464285714,0.022250600961538462,0.0,0.0,0.0,0.08631466813385487,0.00271570747718215,0.02713930606842041,0.12978012040257453,0.003862996632233262,0.3881073623895645,0.17187407985329628,0.19020576104521755,0.0,False
00:20:23,59278c090220760001fda664,109.76770131571048,0.8971511850683495,0.2795888921098129,-22.421509016470445,-286.04434,176.19292,-1.7263346000000002,12.027141,-2.4860456,-9.913896000000001,-1.9497427999999999,-2.9265783,-4.862505400000001,-4.266841400000001,-11.76305,-8.180746000000001,0.111747794,8.746564,46.731792,6.6325207,-16.732197,-1.8001022,-7.3453717,-19.219456,1.4576163,-0.00010767348579518324,1.7790823255595942,12.65814521186299,1530.76088971941,1365.5896095468645,16.607733435296144,12.389730183188009,14.908793773516438,16.170614277256202,22.324344276033074,31.75908583036521,30.965130765492912,0.00010963285,2658.046875,0.0390478515625,0.0,0.0,0.0,0.05145481396466493,0.031985220064719516,0.011328560952097177,0.00276144408271648,0.8019443472226461,0.0819219014296929,0.016033888856569926,0.0025698073712798453,1.0,True
00:20:23,5c41c28e896e090001c03bb0,,0.903623634586734,,-107.02056909663187,-507.3387,0.1617875,0.03577329,0.014008366000000001,-0.0080114305,-0.029885448999999998,-0.051215715999999994,-0.07161412,-0.09070689,-0.108154505,-0.12363165,-0.13685934,0.15735848,0.15006635,0.14004381,0.1274732,0.11258326,0.09564489,0.07696484,0.0568873,0.0036870837,-1.333225416465251e-08,0.0002758357594236069,,6786.131167272692,7535.664254458949,9.352205497370583,9.451526341162634,9.111084197493202,9.921713428016238,10.224677354560832,10.572555998735462,11.150568534521732,0.8033066999999999,16223.772321428569,0.008345170454545454,0.0,0.0,0.0,0.15467392280697825,0.01106577031314373,0.04418147373944521,0.12115043103694915,0.028821311471983788,0.3473322853446007,0.1483938105404377,0.1443809749558568,0.0,False
00:20:24,59278c090220760001fda664,97.43353038220478,0.8782336076700193,0.3719568855573975,-23.685230974580517,-316.41852,162.58481,-0.4729334,10.963098,-1.3811517,-11.418714,-6.7804036,-3.3736942,-5.064328700000001,-9.982244,-14.07037,-3.9609644,27.77352,12.2325535,16.639664,-5.2233925,-12.1432495,4.6836815000000005,-4.382029,-18.066734,1.4218507,-7.659540812068996e-05,1.2659020766066609,12.28379331418697,1549.3832608355735,1467.3492917074013,15.88090619408374,11.85142629178254,13.905802352838744,17.808204411104796,23.38728214739481,30.056548219084267,30.498203739887114,9.400594e-05,2605.546875,0.0448974609375,1.0,0.0,1.0,0.04442524417924385,0.04636549583325784,0.024334856173178803,0.0012552457347434634,0.7591108024120331,0.09928080841588477,0.023989211294489603,0.0012383442333278555,1.0,True
00:20:24,5c41c28e896e090001c03bb0,,0.6636802891242541,,-107.44568862650158,-507.33987,,,,,,,,,,,,,,,,,,,,,-7.061880427641778e-09,0.0001651396438777679,,6604.406036694408,8363.495637192393,8.673218054929317,8.128193307600265,8.675922200067554,10.585024261118216,10.425111669418731,10.52349637786186,11.6145671568075,0.7631724,16645.769817073167,0.008777153201219513,1.0,0.0,0.0,0.08792224191129208,0.005126183747779578,0.03646767577156425,0.1772599745541811,0.006451600696891546,0.2651088562328369,0.18087682907935232,0.2407866682857275,0.0,False
00:20:25,59278c090220760001fda664,255.56353430329926,0.2502735922608584,3.4052470991734864,-35.27858760970301,-354.83972,117.494965,10.820761,9.804038,5.779997,3.2676284,-7.981427,-2.8291574,8.939711,-0.7348884,-14.483542000000002,-3.8451413999999997,4.8505507,-0.9262663000000001,-1.0130588,-6.4738812,-4.9320655,-9.907772999999999,-19.53898,-10.647552000000001,1.4052352,-6.153105802330482e-05,1.0263942705674962,33.49311166861974,2194.22911164475,2111.0300864885307,12.408663848311999,8.7830477093553,13.838081906113255,16.66930823725862,22.450231122840638,24.124294830644512,29.940153501263108,0.00038978347,3656.25,0.061796875,0.0,0.0,0.0,0.008416109291526178,0.018276333281149467,0.005233868605379636,0.000786016868854252,0.9584451913833618,0.004056839225813747,0.0038605795397112772,0.0009250144474208356,1.0,True
00:20:25,5c41c28e896e090001c03bb0,,0.6231369869783093,,-101.95543848775893,-507.30386,-0.51841706,-0.5959385,-0.40040204,1.0015328000000001,-0.61893845,-0.3693239,0.9922697,-0.6403211,-0.33795074,0.9810819,-0.65998083,-0.49018312,1.0171883,-0.5455485999999999,-0.46099654,1.0140354999999999,-0.57143337,-0.43101530000000005,1.0088040999999999,0.08377744,-1.7719499140709717e-08,0.0004626403579100778,,6465.149529035958,9055.542733596874,7.704595603339437,8.151668072557166,9.480911059942011,9.862174199517687,11.598572615573927,14.731509297736595,14.13757277369866,0.5627930999999999,16911.71875,0.08716234110169492,1.0,0.0,0.0,0.03487006461040841,0.02098560336485712,0.046993480219195284,0.4277869992785984,0.07335023020601107,0.09659648593515158,0.0505475889141154,0.24886953747934765,0.0,False
00:20:26,59278c090220760001fda664,237.45755040463996,0.8864973359709264,3.7454612390021382,-28.093214264764715,-324.07648,130.7729,10.234239,7.836848700000001,3.5989937999999992,2.449451,-9.78087,-7.234814999999999,5.781305000000001,-4.2130160000000005,-16.575539000000003,-1.5938252,-14.918741,6.543164,18.578304,-17.011042,-9.02019,-3.5696208,-24.494307,-14.220439,1.350009,-6.501445186373146e-05,1.0860521472845406,13.528565185307016,1765.5835020366135,1930.3703439449744,14.574212890477085,9.88776024368396,16.565709066227825,16.984152886570474,24.58335787101869,25.72654000512043,31.798038565649037,8.566565500000001e-05,3401.25,0.0557763671875,1.0,0.0,0.0,0.005482776882126927,0.07256351845959823,0.002219791974251469,0.00020747409992812518,0.9032718658447264,0.0099068995565176,0.0059877822330842425,0.0003598876753433918,1.0,True
00:20:26,5c41c28e896e090001c03bb0,258.0100946849127,0.8544819286645663,1.6718783081553823,-63.65899295882907,-386.5748,143.38463000000002,-10.37752,-8.235401,1.8747976000000002,-1.6253799,-7.605081599999999,-0.9512357,1.9901005,-0.49862865,0.78861296,-15.219457,-49.158543,-4.0846089999999995,-16.412565,0.68707716,-2.573445,-8.667091000000001,-21.079002,-15.997497000000001,2.5435927000000005,-0.00010574739643647603,1.7730496054896847,11.553100763470125,4817.819568399679,5090.116930765088,10.683949990943525,10.121177081961688,12.27963024288481,16.275725077656908,20.889213376457697,15.970277927568496,23.62767776127781,0.12674715,10615.213815789471,0.041981798537234036,0.0,0.0,0.0,0.036314795166254035,0.025236262101680042,0.060996532812714575,0.2241654440760613,0.16623363569378852,0.13533220514655114,0.051071285456418994,0.3006498299539089,0.0,True
00:20:27,59278c090220760001fda664,141.8251286292718,0.8381272083129998,2.6706930876234654,-36.011254932598796,-379.5364,116.16156000000001,7.509576299999999,1.9541849999999998,-2.6954997000000005,0.3089422,-4.5646496,-9.35281,-4.001530600000001,-1.9274553,-5.8258779999999994,-5.3689704,23.266575,8.955207000000001,16.454878,-1.0328635,-9.697237,-8.504359,-11.702776,-3.349419,1.1452788,-5.3130310729221414e-05,0.8750267596752472,18.45505063397028,1806.651231036326,1294.1035388911466,13.102457698371058,10.353251472372497,14.21351584851019,17.649024183391308,20.81940928019145,22.72592208620012,25.25757826042462,0.00024866284,2212.265625,0.0327734375,0.0,0.0,0.0,0.0319071210299929,0.03802135176956654,0.006624980053553979,0.003329454253738125,0.8534575382868449,0.03299545012414455,0.0316499477562805,0.002014166372828185,1.0,True
00:20:27,5c41c28e896e090001c03bb0,440.0277049087283,0.8048766606358269,7.082882076254879,-61.937116766429405,-398.6032,92.80631,-4.8969355000000006,-7.338555,2.1295695,-0.9763662000000001,-4.3427324,0.86425143,7.317909200000001,3.4062974,-3.2822672999999996,-6.2079699999999995,-22.59082,13.2527485,13.540154999999999,-1.3308623,-12.192225,-13.824029999999999,-11.429256,1.6613661,0.83595526,-6.698646950483636e-05,1.13141566693011,26.825905939809427,4238.141319749626,3786.913888291692,11.128801589874575,10.127590433087994,12.675162597599234,14.461711139437964,15.713582294569356,18.232738561454227,24.658232928928324,0.050347578,8220.822704081633,0.05187728557180851,0.0,0.0,0.0,0.04029266553168947,0.0033962294923681343,0.03775704376907511,0.6269260103052313,0.02731666578487917,0.04435711980543353,0.0450169291685928,0.1749373102052645,0.0,True
00:20:28,59278c090220760001fda664,105.33874774627178,0.8400063940921079,1.2762468650658858,-32.60195620151544,-326.46286000000003,137.19994,15.850317,7.915157300000001,-7.458104,-4.463895,0.36434075,0.34920835,0.3970364,-4.118004,-8.240438000000001,-0.42805868,-11.944283500000001,-5.8236870000000005,27.669203000000003,6.9567943,-12.365587,-12.76993,-14.337704,-3.0348055,1.1715696000000002,-9.53145926173893e-05,1.587697906887564,17.8909957072718,1792.8505831495866,1652.4305388399036,14.627555371655388,10.818139797530318,13.640335200656006,15.204950580742945,21.59927394833577,24.51181365119127,28.130907434435773,0.00025325044,2834.765625,0.0446875,1.0,0.0,0.0,0.027194197475910186,0.07011238013704618,0.018029806995764376,0.003222074161749333,0.8040922184785207,0.04603930457184712,0.02749984965970119,0.003810130443889648,1.0,True
00:20:28,5c41c28e896e090001c03bb0,,0.6713654541332719,,-105.27014271382313,-507.33987,,,,,,,,,,,,,,,,,,,,,-1.858386330027114e-08,0.0004363355153997532,,6652.477223434158,7271.668482128376,9.55576252516515,9.58916713509285,10.350254629765038,10.860844258384665,12.47904878859295,12.756126657411153,11.266529545318472,0.78215104,15797.743055555557,0.05881076388888889,0.0,0.0,0.0,0.02120621119522386,0.0012787577321028544,0.019537421512520976,0.7359234227074517,0.008925712460445033,0.0439070763790773,0.05624039967854818,0.11298099532723427,0.0,False
00:20:29,59278c090220760001fda664,407.80515947452494,0.6432059695127325,2.1009519118923117,-54.14174209128213,-460.2547,51.824642,6.0732274,8.125111,2.9104712000000004,-5.561277,-9.485252000000001,-6.7037176999999994,-3.048342,-2.9098036,-3.140409,-0.23685963,20.86177,0.045782804,-4.880506,-5.1249747,-7.583276700000001,-9.377573,-6.876539,-0.56474966,0.6183561,-5.380423266105306e-06,0.08895227376698031,5.411174047683601,2655.177186770776,1465.2548499994143,14.562213304591793,8.141308029181088,13.401675643036974,19.51199990358786,21.18678281563728,16.848247962529314,19.268290722835477,0.0003868515,1788.515625,0.0333740234375,1.0,0.0,1.0,0.1844281365474065,0.10000085632006328,0.07507221195846796,0.009260563381637136,0.3364799777666728,0.17308999051650364,0.11814045943319798,0.0035277984939360366,0.0,True
00:20:29,5c41c28e896e090001c03bb0,173.53911111239026,0.4315686764045761,2.7492727720067607,-60.442391039057064,-370.2108,134.27331999999998,-10.926028,-2.4812993999999997,4.5957837,-7.458907000000001,-12.505563,0.9767415999999999,3.0927062000000003,-2.1543639,-4.465715,-16.167887,-47.617096000000004,0.96442604,-12.644544,-10.47444,5.2773943,-12.675863,-15.375972,-5.251941,2.1628497,-0.00010744474942211651,1.8274568593026663,12.111380367443509,3611.125759758343,4040.624348281715,11.935001727730008,10.707903369796329,12.598021513301074,13.879022328467467,16.444479622795622,15.954348190255347,27.275415528919073,0.2516025,7769.23828125,0.06256180775316457,0.0,0.0,0.0,0.02030655462294817,0.015611456177959388,0.021629929965869942,0.3433542657982219,0.18265088101510296,0.13176704638383605,0.12086437710306862,0.16381551257588647,0.0,True
00:20:30,59278c090220760001fda664,200.5890836893232,0.7508333805241798,2.5640628919181543,-27.312826493838855,-336.9211,133.26538,-3.1335083999999997,3.9394324,-7.3541675,-11.522714,-3.279176,3.9428182,-1.4734241000000001,-8.573457000000001,-5.4650644999999995,0.9720291,3.8477580000000002,0.2837677,10.962519,-7.0032535000000005,-15.277626000000001,-9.241608,-19.360409,-24.160511,1.4958308999999999,-9.890170696048552e-05,1.6382767081470282,26.010782830207578,1969.4868904928726,1922.1336224672505,12.167538806438438,12.568957521888326,17.266548863019153,18.583100181410035,21.91491115198208,26.420885312450906,30.156769331364828,0.00041982392,3676.640625,0.0548779296875,0.0,0.0,0.0,0.12897932132085166,0.10209197849035263,0.16253473361333212,0.03029518804202477,0.40688797235488894,0.08277928531169891,0.05608444660902023,0.030347106978297237,1.0,True
00:20:30,5c41c28e896e090001c03bb0,98.68907352332876,0.9011796650935734,1.6439611787488086,-73.2788351398882,-454.90317000000005,84.36064,-10.321594000000001,-3.799918,5.4697027,-4.4892330000000005,-8.013769,7.317765700000001,10.058337,-0.41394719999999996,-1.5971671,1.9466942999999999,23.407396,13.411612,-1.2138467,-21.658476,-14.210335999999998,-2.956852,-1.6928107,-4.4355519999999995,0.4885973,-3.0940521167568315e-05,0.5047047726714708,22.988455309913416,4601.087677531122,4166.965807527266,10.179839711961304,7.330644837427957,11.212750129144961,13.80758281055444,15.701421852916123,14.939013481488473,19.78700932466615,0.17520425,8897.177419354839,0.02519642223011364,0.0,0.0,0.0,0.07059150685866672,0.01422796087960402,0.058528005042009876,0.27279110211465096,0.15586744486871693,0.15145594295528197,0.1538741122931242,0.12266391370859413,0.0,True
00:20:31,59278c090220760001fda664,132.87156615738044,0.8738788630725124,0.23757908508367065,-28.548513438871023,-318.4612,152.4024,2.359244,9.466559,-5.576378,-11.089081,2.5425339,6.932622,-4.337,-8.91208,-1.3008451,3.9674163,-0.022426525,0.48282713,31.746215999999997,0.08462658,-20.302176,-10.109166,-12.171467,-14.371051999999999,0.9972582,-0.00013365087052399192,2.2149407724788834,15.732878054717457,1730.2149752948287,1516.107778670867,16.401047425377474,12.84136831773933,15.985060486037,17.553232087852507,23.81485937420103,28.148655013742427,28.535676667359066,0.00025957840000000003,2617.03125,0.039462890625,0.0,0.0,0.0,0.036952450685203066,0.1350845272342364,0.02240505184357365,0.002521735066936041,0.6863635977109274,0.09835256536801656,0.009944666891048351,0.008375382435042409,0.0,True
00:20:31,5c41c28e896e090001c03bb0,,0.7535015988125289,,-94.01054734322732,-507.17312999999996,0.50080734,0.1368356,0.75157636,0.77940285,-0.039517697000000004,-0.12564659,0.8044085999999999,0.99900293,0.053138133,-0.27111295,0.5431754,-0.24585268,0.28803045,0.97447544,0.5688635,0.051104013,0.40983817,0.6984415,0.25042316,0.04740379,-3.106912940102562e-08,0.0006514871400103335,,6559.648509895741,7037.386368758448,11.122553671961525,9.015728627583732,10.026207163958773,13.51520400198886,19.680224097727464,13.19169447345954,13.909248237219694,0.291878,15195.91346153846,0.04839057426948052,0.0,0.0,0.0,0.06930801514536143,0.012855807505548,0.09551055114716292,0.2221467152237892,0.07613226659595966,0.25339498072862626,0.1341587521135807,0.13649292960762974,0.0,False
00:20:32,59278c090220760001fda664,132.36989013067802,0.25363842851556484,0.8132180615300872,-41.5504582455573,-392.40555,82.17261500000001,7.448620299999999,4.095836,-0.055544242,-1.1607361999999999,-3.5718355,1.4472635,0.43638372,-4.9637720000000005,-2.9040964,2.1824555,5.0221014,9.980363,6.246213,-0.49078673,-10.336066,-16.906174,-17.320442,-7.141578699999999,1.2594143999999998,-5.216428121868494e-05,0.875991791074667,51.98511657632406,2547.9351748976032,2245.8429401627254,13.461217198293298,8.990755668057167,13.501885919048808,18.193103114518088,20.410052366422416,21.107901221799274,26.731767567606177,0.0007553681,3371.71875,0.0680810546875,1.0,0.0,0.0,0.20107561200857166,0.05035566169535741,0.07708591533203919,0.2507591419465219,0.27216176663835845,0.05652899875616034,0.0679410225401322,0.024091856282514833,1.0,True
00:20:32,5c41c28e896e090001c03bb0,236.76643421201518,0.7952623038637138,1.2349143226282864,-51.06233986414024,-377.42346000000003,90.03498,-16.988297,-17.090564999999998,-1.4623384,-4.461213,-9.727637,-2.4395556000000003,-0.31775934,0.20259717,-1.2163153999999998,-11.083944,-30.538823999999998,-1.1817937,8.2990265,5.5670824,3.471921,-2.7496147,-6.459215599999999,-5.9543037000000005,1.2416658,-8.627853356716647e-05,1.4378733467864373,20.434890727591625,3462.504549483704,2904.7808319390087,11.72995210012146,13.965377470346864,14.6448518673051,16.594690737133114,18.775121769124784,16.776393408163802,27.73564431204985,0.077153906,5856.382978723404,0.052817486702127665,0.0,0.0,0.0,0.054299092292785636,0.02153663136996329,0.041978665627539165,0.17700584675185382,0.06460980977863072,0.3245294257998467,0.2561109527945519,0.05992955178953707,0.0,True
00:20:33,59278c090220760001fda664,130.58178814886176,0.6677708366147528,0.4843113729364751,-19.685532483237,-260.32297,181.94695,13.833023,12.753587,-1.1365279,-5.679469,-4.5867505,-1.4725903,4.593158,1.7243581000000001,-6.897492,-1.5498036,-29.653227,-21.866129,21.610815,-6.8933387,-20.767129999999998,-12.326291000000001,-13.0603485,-4.4028215,1.7449863999999997,-0.00014913852535638854,2.4765230752082514,33.483930346535075,1386.4453932534266,1545.0057484422232,15.47205756425758,10.533197361245016,16.88454648358918,17.86432937308934,22.68465440912482,29.154189692166447,32.42580229450134,1.2534864e-05,2669.765625,0.0443017578125,1.0,0.0,0.0,0.10241680117323997,0.012507334180797141,0.007413271255791188,0.11858102484062935,0.6784748673439026,0.02820409935278197,0.026672826169912397,0.025729801404910786,1.0,True
00:20:33,5c41c28e896e090001c03bb0,,0.8826090542304152,,-102.90363166663396,-507.33987,,,,,,,,,,,,,,,,,,,,,-1.6851099086104054e-08,0.00041224018809936277,,6775.768237611937,8208.309545024229,9.472788950442068,9.43573988428446,10.058472771996106,10.961598579489737,14.61957351499967,13.551481671608913,12.677274431744626,0.5839012,17000.15625,0.05490672831632653,0.0,0.0,0.0,0.03542880024760962,0.08600533679127692,0.03426725687459111,0.014699649717658756,0.2913957074284553,0.3597908392548561,0.16030869260430336,0.01810370194725692,0.0,False
00:20:34,59278c090220760001fda664,109.92808459899021,0.8448003625918721,1.1333239949375855,-20.411520655913108,-257.43365,186.21925,11.976538,7.355194,-4.0182294999999995,-2.6725682999999996,-5.3034062,-2.9015484000000002,5.0612106,-2.5902634,-14.754354500000002,-3.5112367,-22.635579999999997,-10.431016,37.845271999999994,9.198437,-13.688998000000002,-17.32714,-27.835869,-14.702398,1.6510051,-0.00014121120803401002,2.341915856794554,19.79182831871757,1394.3364463556202,1571.6289858527841,15.328095464902205,11.271673587223267,16.456547808146546,17.510333560325336,23.289249853739253,28.410026920455998,31.75423615882578,5.6251899999999996e-05,2699.0625,0.047490234375,1.0,0.0,0.0,0.12346514395127693,0.01931261792778969,0.008724757268403967,0.019195023943514872,0.7043608064452808,0.07495059693853061,0.03419938719210525,0.01579168392345309,1.0,True
00:20:34,5c41c28e896e090001c03bb0,,0.7298068783709281,,-105.30158563699513,-507.33987,,,,,,,,,,,,,,,,,,,,0.00059711933,-9.439626600521422e-09,0.0002437623231889627,,6774.132810683161,8769.87976504338,8.745122865161816,7.881247593369277,8.6844199390403,10.497641447254502,12.229032469356348,10.43263010591516,12.180645301394645,0.692858,17552.8125,0.032633463541666664,0.0,0.0,0.0,0.035946022160351275,0.11111010238528253,0.02271665381267667,0.0058809686452150345,0.3084773570299149,0.3846327990293503,0.12247898578643797,0.008757069054991008,0.0,False
00:20:35,59278c090220760001fda664,99.00582920488941,0.8401086074058711,0.3496451490368294,-30.712692870555454,-334.53247000000005,151.84462,2.9837444,9.619689,-0.64197236,-6.514719,-5.828910400000001,-3.4697013,-4.352727400000001,-8.633025,-8.027933,-2.096202,14.049854999999999,-14.712545,6.5183754,3.3437607000000003,-3.2461917000000002,-0.82224333,-10.346478,-14.334041000000001,1.2944,-5.3669526588662565e-05,0.8848318518675227,13.474064644636329,1616.8162434449405,1507.0300572655954,13.414140418325687,11.375446351828609,12.897001359058724,15.898754616654275,22.43401334127309,26.627941075843626,27.115619404566825,0.00019625275000000002,2653.828125,0.0459228515625,0.0,0.0,1.0,0.031773496616201914,0.029145865844419368,0.003225424705306068,0.003156655723264871,0.8316677579512963,0.0835571400821209,0.012667432176665615,0.0048062227970848866,1.0,True
00:20:35,5c41c28e896e090001c03bb0,,0.9035289176677308,,-101.42012438337716,-507.0144,3.0030584,-2.0807724,-4.0361347,-3.166936,-0.5733186,1.9376023,3.1610696,2.454602,-0.08699985,-2.9414682,-3.8545487,-0.43175393,-3.0915287,-3.5096138,-1.842138,0.9795084000000001,3.496494,3.9020789,1.4889752,0.13892706,-5.999760897587157e-08,0.0011264490409683865,,6454.21735489928,6793.303966236716,10.524260954715016,10.094116714866567,9.533928199193104,13.395909902455838,13.751338106743958,11.350235733759241,11.983859671073155,0.6861541,14346.917229729732,0.03581608952702703,0.0,0.0,0.0,0.06510992161929607,0.06983047109097243,0.026559663284569983,0.021492068050429226,0.20834313798695805,0.4276822715997696,0.13094215728342534,0.05004035760648549,0.0,False
00:20:36,59278c090220760001fda664,153.4435606234263,0.6799639518305876,2.150997466651825,-33.04397886593734,-352.2501,136.24391,5.9903855,4.638641000000001,1.3897948,-2.1574522999999997,-10.30078,-6.1891975,2.8968689999999997,-1.9547212,-6.1174425999999995,-0.9759026,19.946737,0.85815114,1.065644,-20.19421,-14.17844,-2.7462852000000004,-11.541687,-7.3134646,1.1091601999999998,-7.47824236201065e-05,1.231321692530617,18.30473350380496,1718.5379853227325,1278.306556229385,13.501832078311386,10.163542124753217,14.440776908988692,18.357823000409784,20.372095775884272,25.44519254549893,25.35302881649477,0.00019896256999999998,2002.734375,0.031572265625,0.0,0.0,0.0,0.04311474611361821,0.039153207140043375,0.02237586658447981,0.0033817759870241088,0.8187771439552307,0.04281756126632293,0.025477314367890358,0.004902385206272205,1.0,True
00:20:36,5c41c28e896e090001c03bb0,175.1655165668819,0.6599578373198955,0.8622223834532027,-61.31607326938379,-382.42938,140.86136000000002,-8.200887,-2.0439668,9.803183,0.3504104,-8.103269000000001,-5.102987000000001,-7.3912306,-3.516288,-3.1001976000000004,-7.081956,-41.626205,-11.729091,-10.340188000000001,-6.740761,10.384708,5.715277700000001,-11.950739,-14.341249,1.8743881999999998,-0.0001171856955253517,1.95092204304826,22.789259512848638,4382.771882312646,5112.617969439937,12.171109879005913,10.591150223618564,11.80847364681295,16.39560641335575,23.193499690504126,16.24979047344989,24.91641579056013,0.1265667,9954.133064516129,0.057853452620967735,0.0,0.0,0.0,0.11272415593266487,0.012167898658663034,0.03201982825994491,0.05435640960931778,0.02471142075955868,0.42460997104644777,0.2497548818588257,0.08965542912483215,0.0,True
00:20:37,59278c090220760001fda664,135.66778660126838,0.9385502194003236,2.2730437829760115,-30.87415633028647,-321.82925,134.71274,12.087648,6.8510695,-3.9691495999999997,-3.5092876000000004,-1.074916,0.30074936,-2.1147127,-7.5181455999999995,-8.10539,-1.1599244,-14.985443,-2.8603272,22.116796,-1.9939846999999997,-16.764114000000003,-14.000879000000001,-14.299643,-4.396365,1.5872708999999998,-9.16529661839713e-05,1.526387606092568,39.193463124861545,1794.734051597868,1993.078469319443,14.687747835834186,10.814715152353065,13.704677627271025,16.248348157733258,20.47511310403921,25.91808556622365,30.58858411157231,0.00030953332000000004,3269.296875,0.064365234375,1.0,0.0,0.0,0.033094895607791844,0.03844594287996491,0.021191214149196943,0.004546350686966131,0.8326421499252319,0.03193483701130996,0.032823354952658215,0.005321233572127919,1.0,True
00:20:37,5c41c28e896e090001c03bb0,222.55922868402308,0.9562806874665292,4.841316312437743,-91.08574310589815,-482.41754000000003,111.94013999999999,-13.296970000000002,-8.608132000000001,6.037087400000001,-1.9541506999999998,-20.200272000000002,-15.408842000000002,0.39595237,2.5001554,-3.9236343000000002,-6.4300947,-0.5476948,-27.654163,-5.2495513,5.719091000000001,2.2746494,-4.593212,-4.576043599999999,-4.888714299999999,0.5574366,-6.512514862048727e-06,0.1072304192177598,11.20568894816444,5157.440688582655,5798.382700400141,9.195300879804194,8.821520925665812,10.307807490770251,11.160071690544582,12.632964899006586,13.311000063310313,15.727444572019209,0.46389323,11982.159514925374,0.07310610911885246,0.0,0.0,1.0,0.05561276320368051,0.01862432574853301,0.024357325723394756,0.15945925507694486,0.061751277232542624,0.3490319970995188,0.2474574625492096,0.08370557986199856,0.0,True
00:20:38,59278c090220760001fda664,129.97469282281384,0.5722237683278032,3.1757073461645997,-30.074917798325963,-333.64513999999997,133.74197,7.613115,15.813457500000002,7.078023,-1.3057826000000001,-6.1318019999999995,-1.8836626,-1.9034516,-4.9275484,-6.462824299999999,-4.200517700000001,11.084118,-3.2282584,-16.506054000000002,-17.425808,-7.7912664000000005,-2.1382346,-11.477905999999999,-15.7758875,1.5489107,-6.502905845776179e-05,1.0808572527313989,22.73568384352202,2143.021125698156,2612.247174731311,13.152280158805336,8.943286946321054,15.259423043364734,17.959176024823517,22.930968029203036,25.03157450517199,32.471269647501934,0.0006398457,4171.40625,0.096259765625,0.0,0.0,0.0,0.006350859060573082,0.04590475562339028,0.004861198431657007,0.0005911237623270911,0.9189097921053568,0.01422709362038101,0.006698682097097238,0.0024564871254066627,1.0,True
00:20:38,5c41c28e896e090001c03bb0,,0.8660634397983806,,-102.73016289530923,-507.1258,3.7703943,2.454589,2.2005397999999996,1.9318738999999998,1.6509371,1.3601645,1.0620637,0.7591864,0.45410377,0.14938316,-0.15243775,3.7275410000000004,3.6565459000000002,3.5580432,3.4329169000000004,3.2822815999999997,3.1074808,2.9100669999999997,2.6917946,0.095204614,-3.4646360671079224e-08,0.0006390640669265555,,6445.679308765872,5707.577355735672,10.9823488414092,9.73063050229432,9.571951275572916,10.460197277067953,11.473309167511024,11.063544137336919,11.702648317346265,0.66097826,13644.7265625,0.00921474358974359,0.0,0.0,0.0,0.14532818272709844,0.015157330175861716,0.027582742087543008,0.03946101043839008,0.02968578021973372,0.4718029856681824,0.2496782675385475,0.021303700190037488,0.0,False
00:20:39,59278c090220760001fda664,101.39574656218893,0.8861287616076012,0.2695111591525157,-33.695936823780194,-352.5476,135.50327,4.502857,6.7501006,-1.5163098999999998,-3.8727207000000003,-0.7619961,-0.70644593,-2.0519803,-2.521999,-4.027563,-2.5669150000000003,14.617689000000002,-2.543297,20.931578,10.933221000000001,-8.839704,-15.309114000000001,-15.889535999999998,-8.85647,1.0890094,-6.182764998321459e-05,1.0200502310616921,13.282416458444162,1783.5521693248706,1506.0118723796065,14.581452137118307,11.508820721144286,14.913685767146838,16.318925152109006,22.652343205009803,23.017081925361662,27.3984923407902,0.00024845043999999997,2607.65625,0.0392333984375,1.0,0.0,0.0,0.002899829919139544,0.006066084544484814,0.0010243763914331793,0.0005000559341472884,0.9837597648302714,0.0018435803358443077,0.000488585097870479,0.003417732318242391,1.0,True
00:20:39,5c41c28e896e090001c03bb0,,0.6577037135440119,,-96.82984413021742,-506.7617,1.5713847,1.2259041000000002,0.8443323,-0.36888212,-1.675836,-0.45755532,2.2303193,1.5809485,-2.3415504,-3.2357051,0.7026363,-2.6806417000000002,-1.0951110000000002,3.1149445,3.0929132000000004,-0.22770427,-1.3717911,0.20424777,1.298889,0.15449814,-7.398786354641089e-08,0.001358813758203091,,6257.066280970223,6733.186057945399,11.38972033032276,9.801455866138319,9.34778987684998,10.597783627931312,16.055061444873882,13.553486360960553,12.892993571957163,0.43317363,14023.651541095891,0.036021205357142864,0.0,0.0,0.0,0.028955004829913374,0.04152011796832085,0.020826247893273832,0.004505997942760587,0.5340135745704174,0.22190057896077636,0.13914181403815745,0.009136630618013442,0.0,False
00:20:40,59278c090220760001fda664,107.57359887157088,0.9002175397039808,0.2516861591861464,-40.50761223071989,-388.8309,106.41515,1.7090048999999998,6.919092,0.08822863,-3.9827538000000002,-3.5825262,-5.4452715,-4.2079973,-0.82559735,-1.8912182,-1.8907541,17.527744000000002,4.790062,18.269531,5.563416999999999,-6.9780345,-6.8297243000000005,-9.410829,-9.093978,1.0034101999999998,-5.089389781986258e-05,0.8397129427799664,14.894909573881968,2011.896676873538,1222.8776454968531,14.507478018903296,10.225701583583897,13.507707351390511,17.342454716375272,20.176475088239158,22.30973890707985,23.91954514155019,0.0001769794,1822.96875,0.0260791015625,0.0,1.0,0.0,0.2346942506420116,0.04132331367582083,0.08721443624235689,0.034049449341061216,0.5011343158781528,0.03353674712901314,0.05553183165999751,0.012515669207399091,1.0,True
00:20:40,5c41c28e896e090001c03bb0,217.8294657154804,0.6425354225273694,5.782137888209318,-78.31587357615447,-419.1851,152.91458,-10.366827,-4.390347,5.3257556,-5.8570447,-18.129759,-6.8421397,4.2724233,-5.7333612,-8.771835000000001,-21.95768,-43.865497999999995,7.050224000000001,-6.194444,6.7713175,-3.4519059999999997,-12.013962,-14.480158,-4.4232383,2.7462475,-0.0001248748593331228,2.1131157748395033,42.75145170964628,4453.87937522761,4859.765819838347,11.382508522499734,10.096570395929401,11.417154326337245,11.882188936871446,15.770183960827564,14.466675765405812,20.22231613717797,0.45207676,10207.607581967211,0.04115970799180328,0.0,0.0,0.0,0.06744232098571956,0.04118830608204007,0.14305294398218393,0.0769400903955102,0.4197085566818714,0.0967036947607994,0.061852747201919564,0.0931113294325769,0.0,True
00:20:41,59278c090220760001fda664,102.45258292465277,0.9910825987449496,1.142055598626468,-56.14530657967995,-448.86914,56.05222,1.6709626,0.8056930999999999,-2.745838,-3.260526,-0.6474896,0.33444563,-0.5988722,-0.8148801999999999,-0.11989356,0.50130206,11.618576,-0.43463522,9.593363,8.993628999999999,-3.0577395,-10.075999000000001,-7.903345,-2.2319129,0.6098401999999999,-1.2849681646177095e-05,0.2118406917328998,38.699405225917616,3184.902988225899,1960.6850954828305,12.86917827634381,8.136793195817518,12.226784090909804,16.56392180138524,17.619213317438106,18.446224484482286,21.321348973562422,0.0015123119,3365.859375,0.036044921875,1.0,1.0,0.0,0.14116309218419096,0.06138256782044967,0.04772922336123884,0.00938365927625758,0.6660059203704198,0.037312216319454215,0.02602598380763084,0.010997329279780388,1.0,True
00:20:41,5c41c28e896e090001c03bb0,128.82677793167431,0.6156366935213357,4.258789227493049,-40.757189065280926,-338.42188,129.66035,-15.374192,-3.7689223,5.329212999999999,-6.7871203,-10.647948,2.0728948,2.1294248,-5.079559,-8.229175999999999,-11.217263,-19.463455,4.982181,-10.620678,-6.2363040000000005,12.646562,-8.915206,-2.2537463,-1.0183944999999999,1.1445361,-7.259417328092143e-05,1.2274577153107098,12.254611801053647,2684.265551216886,2822.4981464005164,13.25556805618798,10.479552654225888,12.074583463407695,14.483550663486712,18.805680530526246,19.375821101145846,33.66603379511716,0.009252213,4547.34375,0.0871484375,0.0,0.0,0.0,0.0880520198494196,0.02634800912346691,0.2657795076258481,0.13205333342775702,0.15542796030640602,0.1128719037398696,0.07380561493337154,0.14566166326403618,0.0,True
00:20:42,59278c090220760001fda664,149.6194106711803,0.5471705302031022,2.20249446825748,-25.332186695049547,-294.39902,172.63336,7.944097999999999,19.479738,5.936372,-7.5412006,-9.102292,-5.6984806,-1.4503853,-1.8537964,-6.7489753,-4.6131725,-10.914653999999999,-30.192646000000003,9.522516,-2.0306237,-12.014592,-5.5809293,-14.7489,-15.3353,1.6246021000000002,-0.00014805667341149546,2.4436968844602434,31.08402968453113,1593.7179900010574,1462.3978902118513,15.15824987218548,11.596983239675696,15.088848610546147,18.939996035342464,24.008308644844128,26.07393896604947,27.647501381793514,0.00048151193,2523.75,0.040224609375,0.0,1.0,0.0,0.006744894843238095,0.003682068882820507,0.0012842032068874688,0.001298545080741557,0.9798738837242128,0.0026264624786563216,0.002547180380982657,0.001942725761424905,1.0,True
00:20:42,5c41c28e896e090001c03bb0,167.11810757906346,0.7694077268203876,9.134422157761275,-59.79725431310078,-427.39328,56.000824,-4.676372,-3.9557626000000004,0.8404028,-2.390517,-0.8968158000000002,4.1761026,2.0589497,-0.35582600000000003,-0.18608664,-1.9245941999999998,-16.390322,13.672148000000002,6.282727700000001,1.4639406000000001,6.3985724,-12.495216000000001,-8.222388,3.1999763999999997,1.2847075000000001,-2.4553336063547884e-05,0.4184626669265816,22.55422559978664,4125.894987650158,3862.179547736795,13.680666954184527,10.550811398118224,12.597465448359099,13.16803783966337,16.083061379775867,15.652501822254626,27.07932278978394,0.0107074855,7844.53125,0.07767578125,0.0,0.0,0.0,0.050175617169588814,0.01692783657927066,0.12838853541761636,0.3384922230616212,0.049820529739372434,0.12376049496233466,0.21278205066919328,0.07965274723246693,0.0,True
00:20:43,59278c090220760001fda664,226.6777598849247,0.5296375577863317,3.937346604697829,-27.24914786066144,-311.11124,158.99622,13.7242365,13.717385,6.5496373,3.2019078999999997,-8.83613,-8.86081,5.266462000000001,-1.1973709,-13.57451,-1.222293,-5.7622857000000005,-24.751182999999997,-1.8401321,-10.75128,-6.541123000000001,-9.690904,-28.55525,-14.332582,1.3233951000000002,-7.848955552052834e-05,1.3003666433642536,20.303520036488248,1555.2807139225386,1524.8537277217315,12.313233745231882,8.342889740576904,13.98110853550349,17.847305702322977,25.530279661158648,29.111425349325103,29.85577770155572,0.00010360045,2539.921875,0.04568359375,1.0,0.0,0.0,0.00592813737069567,0.0057973991769055535,0.001780817669350654,0.00048624322613856444,0.9824220498402914,0.0016108854130531351,0.0009848413794922332,0.0009895875972385207,1.0,True
00:20:43,5c41c28e896e090001c03bb0,,0.6564293363072359,,-97.43346400521101,-507.12183,2.0001435,1.7529039,1.8618801,1.8715605,1.7722731,1.5837773000000002,1.3496933999999998,1.1253978,0.96273994,0.89584327,0.93186104,1.8479398,1.6401415000000001,1.4322053999999997,1.2788713,1.2190851999999999,1.2653003,1.400121,1.5811781,0.05405096,-4.3601120736877424e-08,0.000840220802260492,,6622.277977133779,6229.436549734562,11.218191208297686,9.288859748706553,11.414315578943874,11.796227085939664,13.25227512528873,13.325469402524398,13.184367019695447,0.39291146,14312.266791044776,0.024443655303030304,0.0,0.0,0.0,0.054177036508917815,0.012459078105166554,0.08979803565889596,0.18835343942046165,0.01787130823358894,0.1780235581099987,0.3662738978862761,0.0930436821654439,0.0,False
00:20:44,59278c090220760001fda664,343.5209889124699,0.8811080457904611,5.881188088178144,-42.19166283673231,-402.8086,96.50574499999999,4.550311,1.9886916000000001,-1.7695606,0.7961296999999999,-2.1221151000000003,-4.8571315,0.007901674000000001,-0.10815303,-4.471963400000001,0.07335499,14.567435999999999,-9.393208999999999,-0.7764076999999999,-2.0489802,-7.1152835,-12.720182000000001,-17.282162,-7.6609273,1.1415313,-1.8286290963633616e-05,0.30346402727702043,20.814979758531962,1920.1584515032541,1571.664598903071,13.354060556779025,8.015572258306486,13.444857315815895,15.233275156489507,21.922442417209425,23.038937099770088,24.250080702461105,0.00023025059,2548.359375,0.042255859375,0.0,0.0,0.0,0.059408215464403225,0.04051402473511796,0.013690894764537612,0.014236373042998213,0.8123199661572774,0.02332027926264952,0.01394360448854665,0.02256661730352789,1.0,True
00:20:44,5c41c28e896e090001c03bb0,199.40344740249736,0.7892111055299444,1.096305067795288,-68.3152931431556,-396.98203,97.77986999999999,-15.776423000000001,1.4246377000000001,3.0144572,-7.341946000000001,-1.3059043,-1.185967,-0.96765435,4.2783885,-0.6739757,-8.629852,-55.909077,36.34972,-11.148375,-9.077296,20.343020000000003,-35.15851,-24.503183,-4.178177,2.5655696,-8.472071478180453e-05,1.502413870881253,25.031598851886443,3914.340992918522,4295.518698167484,10.721993274074908,9.134745077092619,11.546265506043115,12.179809254184324,14.736936085138506,15.814987618101735,26.64756133390052,0.3272815,8449.048913043478,0.0941162109375,0.0,0.0,0.0,0.04771633986383676,0.04106014147400856,0.021944252285175027,0.04529808454681188,0.06005490720272064,0.4260989785194397,0.3005682960152626,0.057258993713185186,0.0,True
00:20:45,59278c090220760001fda664,,0.7892791381069438,,-58.41070808330332,-472.33774000000005,43.619003,3.4686496,2.7985485,-0.28860527,-3.9598443999999997,-6.0613339999999996,-5.8065653,-4.148642,-2.5906157000000003,-1.8601853,-1.7399378,27.368615999999996,9.505882000000001,-3.1640396,-8.56409,-8.514937,-5.732197,-2.0066628,1.4978348,0.50223416,-1.6400322228610746e-06,0.027050775652363943,,2813.425574230117,1404.0916758166918,13.484865297692668,7.932904296701553,10.401890764712613,17.60920404724219,16.853437290041487,15.968889403612106,19.308693983827744,0.00041641934999999997,1588.59375,0.02693359375,1.0,0.0,0.0,0.008179643532882135,0.010310270939953623,0.0023197376828951143,0.0012494977078555773,0.9684601545333862,0.0037171746604144572,0.002020642678447378,0.0037428546153629822,1.0,True
00:20:45,5c41c28e896e090001c03bb0,172.49977884273758,0.9205451963058756,1.1031686893558228,-19.758734093490986,-209.79053,135.98143000000002,-5.793022000000001,1.7480043,6.5740169999999996,-6.5870885999999995,-3.6202883999999997,-2.028127,-1.5332665,-1.6303071000000002,-6.32254,-10.715025,-51.3879,39.298546,-6.547772,-10.522698,8.796711,-23.677677,-25.326931,-1.9292003,1.8652654,-0.00019561827511999183,3.342551832068025,22.37536110435025,2114.607351454784,2924.343758849841,13.979244039587613,12.355744133342073,15.681389434944274,16.451602755600653,19.950013899806823,21.586006812749023,44.95251058844502,2.525729e-05,4815.703125,0.0974609375,0.0,0.0,0.0,0.09164362754672764,0.035923695378005514,0.30274416487663985,0.07668965968769044,0.08837026935070752,0.2543615929782391,0.08314216956496237,0.06712482349248602,0.0,True
00:20:46,59278c090220760001fda664,,0.7354719321639297,,-59.77393335835556,-478.29807,37.24228,3.7462617999999996,1.9635046999999999,-1.4097409,-4.5693355,-6.219380999999999,-6.01197,-4.4374595,-2.3928583,-0.72954553,0.0443109,25.271809,10.247024,-2.8035113999999997,-10.275077,-11.229549,-7.335914,-1.7317941000000003,2.5340898,0.4681536,-1.2101226830436022e-06,0.019987661263786947,,2978.4925321892765,1428.757031428323,12.80697736143888,8.240820014660573,10.85200591182969,20.06409621541623,16.980199724071063,15.363800576586256,18.510849305318835,0.00044520077000000005,1435.78125,0.0267822265625,0.0,0.0,0.0,0.3767106359203656,0.042112427724835776,0.08220051229000093,0.07676827491571506,0.3370931367079417,0.017834424669854344,0.061666523401315024,0.005614044377580285,1.0,False
00:20:46,5c41c28e896e090001c03bb0,147.87862524047569,0.8635110842258107,2.1950693905958056,-22.580292133698897,-252.27705,159.5444,-0.80864954,-6.6351895,-2.866299,0.65402067,0.5392233000000001,-2.7351887,-4.6876845000000005,-2.9103997,-4.8083615,-9.234902,-28.977688,19.287003,32.2763,0.9757513000000001,-11.422732,-23.296228,-25.138552,-5.815310500000001,2.2027132999999997,-0.0001452356171252939,2.4259073077965154,20.27961833599353,1738.2482778178528,1840.7530796807089,15.910978609064063,12.158317122697605,15.516607640771596,15.793374470688937,20.8212860733254,23.26850963261148,35.97069375978907,0.00016369173999999999,3243.75,0.052333984375,0.0,0.0,0.0,0.1265685684978962,0.01791537983808666,0.34355107438750565,0.20280492659658195,0.07052708603441715,0.1267758809030056,0.0735725037753582,0.038284611981362106,0.0,True
00:20:47,59278c090220760001fda664,,0.7339778823640823,,-62.68079433834384,-485.88705,28.138826,0.78363115,0.9644391,-0.20635916,-1.9695231,-3.4919274,-4.1911035000000005,-3.8918807999999996,-2.8103902,-1.4178927,-0.24609973,20.335514,10.218042,0.820116,-5.520846400000001,-7.8979077,-6.885636999999999,-4.020205000000001,-1.0379300999999999,0.37371948,-9.005300276924459e-07,0.014937033014349975,,3446.4847855668604,1667.1572777973647,14.634990416787081,7.886600955283887,10.528944518258193,19.52919037674853,15.613279780692194,14.919041351630652,17.825840758103578,0.0008626586,2044.453125,0.0253515625,1.0,0.0,0.0,0.028515861307581263,0.012453844056775172,0.004732295595264683,0.005983500968432054,0.9291434089342752,0.005609058169648051,0.0072919654194265595,0.006270078359132943,1.0,False
00:20:47,5c41c28e896e090001c03bb0,133.87405761485084,0.8267406464619982,0.9017096152449604,-56.62599612711254,-376.88852,148.33191000000002,-4.78177,-15.080032000000001,-2.4367492000000004,-0.83591384,-10.518727,-0.40508320000000003,9.384356,3.633225,-7.638737,-15.48649,-31.006737,29.483520000000002,41.435505,-5.058166,-4.1420255,-14.095858999999999,-23.308310000000002,-4.167225,1.2190303999999998,-7.534652227141659e-05,1.272530922814318,15.864616758317874,3622.6408334767348,3705.461708331527,13.025141331850334,11.579819175461493,13.814640242914932,14.058713087168634,17.022029934457645,18.782991641879093,25.07844492151193,0.11978644,7585.023271276596,0.052957737699468085,0.0,0.0,0.0,0.03278652261942625,0.019443062879145143,0.006289251358248293,0.227238854020834,0.29607576429843896,0.1700023852288723,0.0567643441259861,0.1913998082280159,0.0,True
00:20:48,59278c090220760001fda664,164.48089051194583,0.8554565118704283,2.6672591453328596,-38.931911094690825,-367.5852,117.95475,7.8996716000000005,8.566315,-1.8632894,-7.073103999999999,-5.5660625,-5.253405,-3.244837,-2.8612046,-8.529667,-3.3382205999999996,6.2373012999999995,-7.6972585,8.298627999999999,-4.843358,-14.244778,-8.914875,-7.547142999999999,-3.2738522999999997,1.0515025,-8.372467734245339e-05,1.382960431884038,26.231277245474356,2045.5381551435376,1397.1630255627515,13.415238216401866,9.781305129814548,12.738178331286507,18.293022155666538,19.864122178719267,22.780281443378115,25.58856611804868,0.00022225689999999998,2033.4375,0.03310546875,0.0,0.0,0.0,0.051858600911994776,0.09580732795099416,0.02495643032404284,0.0021575356523195898,0.7438162138064702,0.05977455029884974,0.01811407065639893,0.0035152761110415058,1.0,True
00:20:48,5c41c28e896e090001c03bb0,184.5902519419075,0.5448815307269101,0.5681418968951609,-28.24907917268331,-227.25132999999997,141.31082,-10.081538,-9.711789,-0.06715618,-0.3988311,-6.352387,-3.1171982000000003,-0.7031695,-6.1677384,2.4436421000000004,-14.980164000000002,-48.10327,16.80258,-2.859632,6.651809,-11.855819,-6.8113985,-20.588978,-12.521474000000001,1.879947,-0.00024420913432319667,4.162424248850568,15.506255258528824,2555.063626300833,2125.785264563415,15.522949712466414,13.085150388211842,16.790994559376262,16.499255712795836,18.96103821640444,18.60237700610659,36.19840139188727,0.09422385,3686.8990384615386,0.037973257211538464,0.0,0.0,0.0,0.019809983763843776,0.02838870659470558,0.0022520534112118185,0.08972297422587873,0.2535741560161114,0.308396290242672,0.09875981621444226,0.1990960121154785,0.0,True
00:20:49,59278c090220760001fda664,,0.7738198399773554,,-66.16050834282193,-495.22042999999996,16.27295,0.5515547,0.5712925,-0.4143837,-1.8674538,-3.1368911,-3.7312768,-3.4776745000000004,-2.5296423,-1.2548441000000001,-0.07189827,11.9688835,6.263056,0.78133655,-3.1054343999999996,-4.725403,-4.251392,-2.5179949,-0.61589605,0.27329704,-5.831376132328174e-07,0.009760800167906864,,3998.075175225528,2002.4448818260996,14.173491079796007,7.729709092787711,10.60234501423459,20.0582007080617,15.636757748847975,14.650111907510256,17.303021727523483,0.0014358945999999998,2967.1875,0.0272412109375,0.0,0.0,0.0,0.08742319643497468,0.07551723880072435,0.023841181055953103,0.007174015875595311,0.7165604591369629,0.0605236537133654,0.022699072894950708,0.0062611672949666785,1.0,False
00:20:49,5c41c28e896e090001c03bb0,177.62297348157028,0.6408842340196718,3.796295930446003,-31.2094077531419,-333.0981,117.85374499999999,-23.31342,-20.800438,-2.9477860000000002,-3.743493,-2.3958623,-2.310418,-1.7654932,6.552687000000001,-3.898857,-17.467497,-7.1891665,36.989715999999994,29.896645,-1.7691782,3.4247038,-3.9736772000000005,-9.63592,-6.2271323,1.5314014999999999,-7.438867189760806e-05,1.2474550927542838,15.63999362568442,2066.31561338674,2156.9787432996127,13.988513386073418,12.09419436933923,17.548698601788356,18.546191224689267,24.98469365364957,24.120641769642376,35.93634417080237,0.0022432823,3883.125,0.0626123046875,0.0,0.0,0.0,0.07498204354196787,0.01041082962183282,0.117778592184186,0.13477094043046234,0.0860583707690239,0.21070085614919665,0.2824586071074009,0.08283976726233959,0.0,True
00:20:50,59278c090220760001fda664,189.23623003657283,0.7912316360914791,2.052717549033793,-54.24847303139008,-450.05267000000003,54.520382,4.6590133,6.05025,0.9049110999999999,-5.449321,-6.5250897000000005,-2.9483426,-1.6246094,-4.601999299999999,-4.8346004,0.013742216000000002,10.445502000000001,-3.2984733999999998,1.2453028,-2.541194,-9.121093,-8.22144,-4.440396,-0.41172087,0.7168293,-3.190262295689104e-05,0.5285555329546311,35.284056396207845,3085.443485322246,1645.798659364638,14.664453032524085,8.78308101149447,11.982334219406841,20.51152972295328,17.812686367648368,17.377032219764732,19.082340678513447,0.0007038126400000001,2030.859375,0.0312646484375,1.0,0.0,0.0,0.14057970494031907,0.06242034394914905,0.053357110762347774,0.03664456318753461,0.5817930479844411,0.04740814926723639,0.05122792702168226,0.026569134555757046,1.0,True
00:20:50,5c41c28e896e090001c03bb0,238.94177538462415,0.8637517300616059,1.6173372388103355,-21.83473835680404,-205.0299,148.92027,-2.1756275,-2.7588859,2.9000983,-2.9937842,-2.1547801,-3.9623623,-4.0508037,-2.9592276,-3.9205055,-12.560812,-54.204277000000005,12.04326,-0.011296131000000001,-1.1090754999999999,-0.8754656,-7.0623125999999985,-10.470222,3.9452736000000006,2.1579783,-0.00020985892105835016,3.5532053795881406,22.04731904489145,2096.7495760395623,2179.6088042932347,12.549699616192944,13.225426843564804,15.154707753644972,15.902299664596393,19.451812554783555,20.18486003803566,42.281591748843134,3.5106048000000004e-05,3929.0625,0.0524560546875,0.0,0.0,1.0,0.0511019329627743,0.01456111074076034,0.010762038877146551,0.02768830398272257,0.4446627573110163,0.21085462993360124,0.21461438140831887,0.02575484819244593,0.0,True
00:20:51,59278c090220760001fda664,140.87791251444338,0.6878179813236449,5.805568270226563,-40.90106829545131,-396.8315,109.97951499999999,9.086936,6.5494657,-1.7036930000000001,-6.885519500000001,-5.869004,-1.425036,0.06528704,-4.052023,-6.4233007,-2.3703144,28.034516999999997,-6.0628495000000004,2.3813324000000002,5.697667,-6.0463357,-14.637165,-10.604105,1.0893772,1.018943,-3.82208143887843e-05,0.6277080885658343,23.064110638337823,1907.025471852482,1395.429653594787,13.26967144444605,9.29754994240817,11.644048291070547,15.907009436471322,23.24103605039243,18.661406470149025,25.71658744654635,0.0002621789,2281.640625,0.03521484375,1.0,0.0,0.0,0.023852255257467432,0.04841495087991158,0.004671215956720213,0.0018732329733514535,0.8720933238665263,0.03558272967735926,0.009789704609041413,0.003722574230050668,1.0,True
00:20:51,5c41c28e896e090001c03bb0,278.2480515374392,0.6689475773279807,4.776478469584459,-70.59529515200501,-454.61148,51.965557000000004,-4.3948746,-2.1874673,7.217026700000001,-3.1902790000000003,-1.673171,1.5509515,-5.472305,-1.3937553,-0.8313818000000001,-5.206466000000001,-38.298782,-2.983429,-6.8070183,-19.510279999999998,6.131005,-3.5341983,-8.620122,5.701102,0.72612643,-1.4298105518960226e-05,0.2467795202546537,25.284281731217984,4903.479806165874,5357.075660172995,8.229934822273849,9.061761411863149,13.415475650578273,19.2811402201372,21.09314045022888,16.584093279742845,23.40595376980564,0.03429177,10833.28125,0.1040283203125,0.0,0.0,0.0,0.002453037181840045,0.002303765992110129,0.0009336836574220797,0.0021196998946834355,0.9717397093772888,0.0051543338340707115,0.012558188522234559,0.002737583965063095,0.0,True
00:20:52,59278c090220760001fda664,,0.7170160531612406,,-53.94596688648439,-460.41846,58.293246999999994,4.0197783,2.4203042999999997,-0.49734579999999995,-3.3836383999999997,-5.14387,-5.2051476999999995,-3.6809617999999995,-1.3560741000000003,0.6978460999999999,1.7118304,36.485924,12.101599,-5.490086,-12.693005,-11.46837,-6.1259239999999995,-0.4849162,3.169977,0.5938119000000001,-2.4134865556193025e-06,0.03967621341897701,,2331.749620476438,1174.1262258648105,14.441226751317368,7.847343582540353,12.564253690837306,17.93991070357,19.078817200296573,16.558148094317616,19.312630832551577,0.00018177151000000003,1361.25,0.0258837890625,1.0,0.0,0.0,0.06177358225298425,0.04508670804401239,0.009300119899368535,0.0036263344159427405,0.7293624520301819,0.10026070835689704,0.04744589794427157,0.0031441989878658204,0.0,True
00:20:52,5c41c28e896e090001c03bb0,194.44178871628293,0.7546241337634361,1.5298944072184206,-55.77458719653709,-368.74496,115.307045,-13.367215,-4.969508,9.461794,0.14931698,-5.1397347,-2.6588666,-0.33485094,-1.8543596999999998,-6.916136999999999,-6.800617,-36.860040000000005,14.809051,-4.11066,-13.037822,4.7834764000000005,-2.5337212000000005,-5.827107,-2.8630133,2.0988599999999997,-8.607508346705841e-05,1.4580007069306096,26.94693199630375,3590.047544230337,4139.9511543740255,11.205271913270144,9.706879568075015,11.999092953173328,15.638549826350602,18.010455729730026,17.551163036452262,29.962602572574948,0.13490961,8194.304435483871,0.07782451923076923,0.0,0.0,0.0,0.020552149449940767,0.008953982248203828,0.014536285007488912,0.0029251453554024922,0.8596696764230728,0.038165166985709216,0.0536397208692506,0.0015578367572743445,0.0,True
00:20:53,59278c090220760001fda664,,0.7637827885116005,,-60.35777159710355,-481.34628,33.871635,4.0421653,3.778822,1.2851177,-2.1274757,-4.994248000000001,-6.284875,-5.729514,-3.803886,-1.428334,0.46218348,24.219461,11.686877,0.10016839999999999,-7.485349,-9.801703999999999,-7.5763254,-2.9477546,1.5619425,0.42709220000000003,-1.1301827305944346e-06,0.01866318063368077,,3110.9973520777144,1462.1002607297964,15.944307770284249,7.951581023265938,11.379539637005633,20.685168209439524,16.651488181091278,15.148537614825333,17.788497707407924,0.0005289023400000001,1504.21875,0.026201171875,1.0,0.0,0.0,0.04196473136544228,0.03986230622977018,0.015237496323728313,0.004764687696782251,0.8172409852345784,0.05676748895396789,0.014881394306818644,0.009280915938628216,1.0,False
00:20:53,5c41c28e896e090001c03bb0,137.4334406837521,0.30338146995349546,1.9519965041568383,-44.212029578995,-369.06326,109.35049,-15.547220000000001,-3.7642167,10.059173,-2.002753,-8.524734500000001,0.49649814,1.723684,-2.2189062,-4.6012254,-7.1868625,-14.4851675,5.0899673,-1.8794031000000002,-5.4945607,12.52352,0.53110975,2.4984372,1.1245005,1.1730789,-5.8080666377572046e-05,0.980465555868996,18.008540901843816,2618.4246914164564,2832.9067226852253,11.791466939298385,10.699424647050511,11.686030657848418,16.438785428497145,18.091846115024477,19.549778472184318,31.88007372266067,0.00940256,4640.859375,0.0918896484375,0.0,0.0,0.0,0.0435613957233727,0.015156567213125529,0.04821910527534783,0.1033177301287651,0.4160074166953564,0.06861339593306184,0.2643481656908989,0.040776237158570434,0.0,True
00:20:54,59278c090220760001fda664,,0.7207135906534968,,-50.9401825666595,-449.76685,70.07114,3.0017166,2.0033898,-0.675384,-3.4631754999999997,-4.9523454000000005,-4.7902656,-3.7132413,-2.7372514999999997,-2.1618814,-1.4289763,41.31633,11.903652000000001,-6.215952,-11.574207000000001,-9.54528,-5.389320400000001,-1.3876071,1.6899203,0.6730927,-3.2445780692505907e-06,0.05311489311926925,,2027.968926351518,1039.653587274246,13.919758761721257,9.193399543835623,12.009794163974949,18.597301094943184,21.389805547558662,18.220732600154005,18.957167728910235,0.000104185136,1243.828125,0.0261328125,1.0,0.0,0.0,0.016046164883300663,0.10599638093262913,0.007988595054484906,0.0025105683598667388,0.7910000205039978,0.046257086098194115,0.023086261151668928,0.007114928332157433,1.0,False
00:20:54,5c41c28e896e090001c03bb0,,0.7662700485216517,,-74.10937249823374,-503.4801,7.9054020000000005,2.1215172000000004,2.2359297000000002,2.0304663,1.8497278999999998,2.0079136,2.2642205,2.0301964,1.1037608,0.021467865,-0.45702076,6.197518,4.672795,3.9429300000000005,3.6840593999999998,3.2510927000000005,2.5088828,1.9123428,1.8470014,0.15906069,-5.622880677272228e-07,0.009292225854603323,,5657.777016990951,4361.557987950514,8.365158089010215,9.54021637514026,17.991582552171238,19.37692963487451,21.553309603081075,19.00750008576555,15.060987060357466,0.012041715,10220.390625,0.048701171875,0.0,0.0,0.0,0.07410716712474823,0.010620904399547723,0.047446228004992014,0.19581218124367294,0.21195618882775308,0.09813274946063756,0.27162735238671304,0.09029724798165263,0.0,True
00:20:55,59278c090220760001fda664,,0.7577292386236164,,-47.949166966087475,-433.33154,87.08122,2.9822547000000004,2.1104333,-0.33130524,-3.5641446000000006,-5.6319833,-4.999499,-2.0794194,1.0042598,2.4896203999999997,2.5455398999999996,44.765859999999996,4.899439,-14.360316000000001,-13.846926999999999,-5.680807,0.39336193,2.5111299,2.9264734,0.75014377,-4.8404994343199344e-06,0.07921346280339686,,1700.8963763410763,992.5812409191516,11.670299302124095,8.773748462893222,12.484661280843545,17.34542752889065,21.380383957913185,18.26714716444895,20.331645390468033,6.429560000000001e-05,1299.140625,0.0277734375,1.0,0.0,0.0,0.2126190763587753,0.052113870868925015,0.02322437201316158,0.08948856222850736,0.4612472848966718,0.07595070824027061,0.07276010550558568,0.012596026396689315,1.0,False
00:20:55,5c41c28e896e090001c03bb0,,0.5557064629103652,,-45.62155824480804,-392.84045,97.37742,-11.642282000000002,2.7639182,12.303588000000001,-1.7285956999999998,-12.532247,-4.798795,5.6178235999999995,3.8785019999999997,-7.055385,-6.2112126,-25.937485000000002,-36.849384,-14.836769,-6.908697,-0.32869563,-6.130059200000001,-12.318082,-12.641491,1.5371232,-3.2711684908788375e-05,0.5450900020497104,,2414.053176028862,2661.2021085496503,12.123254784950591,10.475781449875779,13.105247380145366,17.186945299462053,21.622138086890825,22.705296844947714,27.02313546113386,0.014412089,4624.21875,0.0635595703125,0.0,0.0,0.0,0.09893341176211834,0.020071114250458776,0.0668539049103856,0.18029744774103165,0.1553506378084421,0.1630556143820286,0.13587550967931747,0.17956238985061646,0.0,True
00:20:56,59278c090220760001fda664,,0.7082955234786473,,-55.217804475579456,-465.54925999999995,52.712917000000004,4.254666,3.5821345,1.0757776000000001,-1.6395407,-3.3798294,-3.8971940000000003,-3.5692858999999997,-2.8281388,-1.9217901999999998,-1.061439,34.791470000000004,14.007614000000002,-2.2257860000000003,-10.520826,-11.526079,-7.8857417000000005,-2.5138314,2.0951006000000003,0.55356413,-2.2834879604101132e-06,0.037390141620296316,,2494.483322142605,1207.472795043864,13.732680046375355,9.227661104458127,11.242441146098326,19.781553182705306,19.409005466194944,16.134261703693053,18.548791935757926,0.00031234439999999996,1377.1875,0.0250146484375,0.0,0.0,0.0,0.4041894650707642,0.0281958034572502,0.04676589779555797,0.07435993595669667,0.3108186463514964,0.04562593027949333,0.0719820952663819,0.01806221983085076,1.0,True
00:20:56,5c41c28e896e090001c03bb0,149.4704794307318,0.9129476373134024,0.8501137871267354,-17.217025679838176,-197.44083999999998,163.95686,-8.21952,-3.8131936,7.2262197,-2.0915556,-6.822461,-6.573071499999999,5.62756,-0.08383806,-6.951988,-14.289294,-37.443577000000005,11.640394,-6.215173,-14.109619,-14.313626999999999,-1.4887561000000002,-18.746029999999998,-10.592286,1.7512566000000003,-0.0002051818744483316,3.4886952304945904,16.045813124113472,1866.8776035256617,2077.108268253732,17.407038855306073,11.602359338591828,15.939451855812399,16.628345153692628,21.951050156148693,23.88259443367677,39.6309826693972,2.1658896e-05,3222.1875,0.06044921875,0.0,0.0,0.0,0.1389518454670906,0.010170362669871084,0.15032253616179028,0.14515240718093184,0.04033657680783007,0.22044545453455716,0.22171175645457372,0.07290908756355445,0.0,True
00:20:57,59278c090220760001fda664,,0.7310045486364899,,-59.124377470713995,-476.62185999999997,38.6397,3.5079502999999996,1.7688493000000003,-1.1401944,-3.5230227,-4.305016,-3.495448,-1.9083458999999998,-0.48348290000000005,0.21004666,0.056115907,24.551071,7.9354453,-5.0997458,-11.257455,-10.786097999999999,-6.291253,-0.9687756,2.6879826,0.48096183,-1.4453265092391471e-06,0.023799878546951057,,2961.2445049372886,1431.6502316890808,15.125421147208135,8.696648833593661,10.927139444662068,21.24636134383461,16.674601574853288,14.991361565447312,18.220203628344084,0.0004613431,1408.828125,0.028310546875,0.0,0.0,0.0,0.05777902098683019,0.040575139395271735,0.0125914663891308,0.01671796796726994,0.8184985220432281,0.0314318065221111,0.01563333016820252,0.006772751799629381,1.0,False
00:20:57,5c41c28e896e090001c03bb0,131.91290965994952,0.7178387275548144,0.4776810040070695,-33.9485327582482,-313.5211,99.43249499999999,-16.104494,-7.4964743,3.3299732000000004,-1.2882205,-0.89556205,-2.5418146,1.9353331000000003,5.7232704000000005,-1.4863427,-11.478757,-38.116673,23.40672,5.121723,1.8590796000000003,19.700573000000002,-2.538986,-15.622122000000001,-6.125098,1.7244283999999999,-0.00011055679383502795,1.9143129344279373,15.07512222448592,2272.636424411658,3261.0440144264862,12.478390113926984,11.260040334800632,15.402440657781653,16.60880460916434,18.90574997973586,21.947624834521765,38.394974204649046,0.0020993063,4786.875,0.1213818359375,0.0,0.0,0.0,0.21083401143550876,0.006997439153069122,0.1109388532455672,0.14959920993582768,0.014615093971687284,0.26151507618752395,0.13057680665092036,0.1149235272949392,0.0,True
00:20:58,59278c090220760001fda664,,0.7123015568678304,,-57.18488376414192,-470.48917,46.23238,2.0196095,1.3459193,-0.6109978,-2.883286,-4.5777415999999995,-5.2042694,-4.801203,-3.7712529999999997,-2.5913434,-1.6112549999999999,29.456,9.829694,-5.3703985,-12.483459,-12.221683,-7.8720427,-2.8566856,0.68565243,0.49759309999999995,-1.8693511041130272e-06,0.030701100040734938,,2705.9220899357238,1341.3621830531004,13.463374548151016,9.174325585470012,11.505352846873558,18.574476834085484,18.62510901156245,15.7732869543019,18.26953888685151,0.00043429094000000003,1517.578125,0.0279638671875,0.0,0.0,0.0,0.006112200735757748,0.007471835993540784,0.003966890135779977,0.0007270492574510475,0.9720248023668924,0.0036989589066555102,0.00497511950476716,0.0010231108370741518,1.0,False
00:20:58,5c41c28e896e090001c03bb0,220.7277554170849,0.8183829821676318,10.445974033609211,-45.95927078233924,-347.67877000000004,132.8146,1.1021845,1.5256796000000001,8.048565,0.34441045,-4.823696,0.24101092,7.537889,1.3041749,-10.962622,-13.426539000000002,-24.975763,-1.9179700000000002,-1.0994986,-1.0207648,-8.649280000000001,-18.380575,-26.681524,-7.348077,1.5320368,-0.0001019402210825068,1.7160155524855467,19.027657910443114,3240.208188419447,3041.67867517523,10.896795460650104,8.480988805237542,12.988844287993677,14.145400821625099,20.485111283775755,19.09147350414484,29.964065853923568,0.030284666000000002,5847.421875,0.060654296875,0.0,0.0,0.0,0.09103890787810087,0.01640773214166984,0.08222700976766646,0.09557050168514253,0.07800392676144838,0.2869371294975281,0.2663140539079905,0.08350072754547,0.0,True
00:20:59,59278c090220760001fda664,,0.7513323513421083,,-57.624078184798094,-471.65704000000005,44.734486,3.3679129999999997,3.4609807,2.0697494,-0.22824396,-2.3850212,-3.4119080000000004,-3.0771724999999996,-2.0337322,-1.2129105,-1.104658,28.486503999999996,9.807735000000001,-4.2511363,-10.496663,-10.01935,-6.08153,-1.6660542,1.641829,0.4951581,-1.7834887990016524e-06,0.029293466224234607,,2762.382035379587,1336.0944399408122,13.473347312013646,7.754436594015067,11.19956640456351,18.326041225064657,18.37844906889811,16.03962819233183,18.20235151944892,0.00038921477999999995,1411.171875,0.0261083984375,0.0,0.0,0.0,0.00367330553708598,0.014298189555605254,0.00029441477672662584,0.0002101035263573673,0.9717467387517292,0.00612489697135364,0.003505294118076563,0.00014707629161421208,0.0,False
00:20:59,5c41c28e896e090001c03bb0,149.58290524169269,0.6758435527890625,0.6734878126396716,-16.973125393333653,-192.82166,176.32898,-6.735174000000001,-13.476092000000001,3.7530407999999995,2.8491607000000005,-5.3704348,-5.5614862,4.430842,6.7209444000000005,-6.027287,-14.483673999999999,-48.077354,9.221884,8.53925,1.4115653000000001,4.33035,-11.736402499999999,-25.355871,-6.415769,1.8847976999999998,-0.0002098127255829141,3.527942526984495,15.500892674561626,1758.5143238231697,1980.9227960567193,15.422693772540615,13.732220731296461,16.80280097442924,17.459405826696702,22.61641148727672,22.839981433896572,40.33043582903119,1.87895e-05,3281.484375,0.058154296875,0.0,0.0,0.0,0.04354510456323624,0.006101874442538247,0.02603362131631002,0.16150574274361135,0.18657420659437776,0.08864519167691469,0.4602662771940231,0.027327970368787646,0.0,True
00:21:00,59278c090220760001fda664,,0.7011574116046031,,-58.877210922841186,-477.6388,38.058815,3.0370245,2.1463916000000003,-0.26943573,-2.557414,-3.5585519999999997,-3.047885,-1.6157845,-0.17083684,0.5937722,0.4803372,25.74491,10.182024,-3.5089397000000004,-11.584073,-12.972916,-9.260506,-3.5461953,1.1324053,0.46557435,-1.2803366279244658e-06,0.02110627879973773,,2954.7360234861103,1395.6909178333567,14.736090773562882,8.496251804243121,11.05978244858122,20.822147809981164,18.15494016284823,15.559991897242064,17.816530087673215,0.00041985943,1367.8125,0.026875,0.0,0.0,1.0,0.012304051189372936,0.011327128143360215,0.001630399888381362,0.0018164782425931965,0.9518437147140504,0.00944075733423233,0.010569756602247557,0.0010677370029346398,0.0,False
00:21:00,5c41c28e896e090001c03bb0,126.71584633176352,0.911563191823249,0.5903230829209338,-45.815385113521366,-386.54092,83.72943000000001,-6.735284299999999,-0.92930233,14.5755415,8.652045,-2.6417375,-3.3340318,-0.29437420000000003,-0.26430002,-5.405547599999999,-7.401339500000001,-16.625746,-1.73793,-0.70353645,-4.4100285,2.7715101000000004,-0.36715165,-8.19621,-5.242787,0.79743516,-6.822736142294724e-05,1.1345150011405742,12.348726935444374,2552.085095566618,3357.292554725261,12.893032270187518,10.52913588922356,14.66919509440786,18.130720528524254,25.627122409776202,24.52029558534801,31.10311985737761,0.0075525259999999995,5372.109375,0.10404296875,0.0,0.0,0.0,0.15745667611481626,0.013561609922908249,0.17848060303076635,0.05902498097275384,0.199416036112234,0.18400672860443595,0.15671500274911526,0.05133837932953611,0.0,True
00:21:01,59278c090220760001fda664,,0.7230497782039511,,-59.92842089158115,-477.5401,38.149544,4.4121413,2.3476974999999998,-0.85728496,-3.5546907999999995,-4.7408547,-4.307357,-2.8227627,-1.0923761,0.23264849,0.83861345,25.814756,10.531067,-2.401592,-9.350832,-9.651083,-5.3754672999999995,0.09271867,3.803701,0.44219685,-1.265696829265173e-06,0.020863305092316327,,2970.0066957556514,1409.7889587189277,13.470933612725403,8.906142506134627,11.47078181216222,20.268670184518466,17.21260960945015,15.328925981607124,17.859880246311487,0.0005092969999999999,1546.171875,0.0265283203125,1.0,0.0,0.0,0.01971874196703235,0.011170572748718162,0.0026301659954090914,0.0265224037032264,0.8829240481058757,0.015811405843123794,0.011173252513011295,0.030049411902048937,1.0,False
00:21:01,5c41c28e896e090001c03bb0,140.34325031131354,0.910993099011428,0.6047593054203219,-17.791749951037087,-203.75957,172.98265,-11.764345,0.54353225,8.602885,0.23076332,0.114908926,-3.2011971000000004,-2.3031952,5.732873400000001,-8.616274,-17.458292,-55.387135,13.113843,8.027560000000001,-8.892968,20.08127,-6.9644694000000005,-27.295624,-15.442917000000001,1.8116961999999999,-0.00018863263556889132,3.188887816666075,16.867813057931347,1678.810401807633,2108.323115344834,14.884263601007886,13.37960336663418,16.247986170488964,18.742915086394067,21.991565657382488,20.29211698613536,43.027069353397856,1.0121148e-05,3430.546875,0.069765625,0.0,0.0,0.0,0.0786072582187545,0.007847795211192634,0.09909175394568592,0.0824759823218402,0.18916478825526106,0.2204284980479214,0.2957892169555028,0.02659468727910684,0.0,True
00:21:02,59278c090220760001fda664,,0.7303076591217048,,-64.45268205114138,-492.24124000000006,19.998297,2.691481,2.7443874,1.189186,-1.1642798,-3.3083494,-4.4635334,-4.3485059999999995,-3.212218,-1.6534438999999999,-0.33321843,14.394820999999999,7.0113270000000005,0.020576208999999998,-4.7402086,-6.374121700000001,-5.13892,-2.217159,0.8311653,0.31902727,-6.612428608266574e-07,0.011040618605311685,,3760.328168554965,1831.6323956344556,15.505885947140026,8.33395047534791,11.138115928152967,21.680917674679453,15.196228123462513,14.586976239377876,17.64725541820827,0.0010057667,2325.703125,0.026884765625,0.0,1.0,0.0,0.014748590067029,0.09159039898465077,0.0023731528936574856,0.002763354597846046,0.8254913051923116,0.03781431907167037,0.020921022320787117,0.004297851392766461,1.0,False
00:21:02,5c41c28e896e090001c03bb0,127.61912003595822,0.8351443819599649,1.5512093365486526,-21.942782786007253,-259.2354,173.45004,-12.892969,-15.0703125,7.488580000000001,4.9312863,-3.1333637000000003,-2.5760607999999996,4.5339403,5.714580000000001,-11.218860000000001,-12.961947,-16.862492,13.232033,23.453571,1.0868723,13.792078,-8.68941,-12.975734,6.8430195000000005,1.6459733,-0.0001221006009084334,2.0257578538701564,17.951560913334575,1503.2495319370612,1490.284703571786,14.844841208655824,11.99562401627964,15.668613086307944,16.768111025940723,20.164573857351726,24.440480219741577,38.91926414633036,4.6999994e-06,2719.453125,0.042333984375,0.0,0.0,0.0,0.10643051639199257,0.009191547217778862,0.09311563596129416,0.08506995886564253,0.04930044934153557,0.35334868282079696,0.19696063473820685,0.10658258944749832,0.0,True
00:21:03,59278c090220760001fda664,,0.742110557588027,,-62.38326842443117,-488.3287,24.566517,4.5560956,3.9899259,1.1980505,-2.3796055,-5.155516,-6.059400599999999,-4.915198,-2.3989902,0.3590414,2.3080529999999997,16.4691,6.073768599999999,-3.29474,-9.00649,-10.021196,-7.0779147,-2.18715,2.287593,0.3680989,-8.105807097999332e-07,0.013480223873340604,,3466.5147308016935,1702.4249349972085,14.494377065764361,8.639824939683262,12.089504132130449,21.986795777441603,16.029668265706047,14.648276201933296,17.631650359503794,0.0007309247,1924.6875,0.02892578125,0.0,0.0,0.0,0.01889519376369814,0.1134566975136598,0.003545438168415179,0.0003202064782575083,0.7992244243621827,0.05233914194007715,0.011659522090728085,0.0005593720668305953,1.0,False
00:21:03,5c41c28e896e090001c03bb0,146.38764990182938,0.8399913163978416,2.8510292656751584,-37.07639845542312,-341.40787,140.80052,-8.720258,-5.446031,0.7121689999999999,4.977834,-2.8843799,-11.753229,0.4527389,10.72822,-6.5512885999999995,-14.376023000000002,-11.045955000000001,3.4134176,28.481559999999998,9.7651825,4.6410856,-7.429937400000001,-21.67494,-16.221645000000002,1.3616523,-8.207005628362012e-05,1.3570684855113426,10.532824835390066,2371.591891014833,2213.6411477978877,16.135490596749705,12.834454611244887,16.32996950634043,17.297132044769043,21.19624533409486,24.25650170584945,30.08717283258377,0.0062270705,4190.390625,0.0567724609375,0.0,0.0,1.0,0.07650450955737721,0.015552128919146278,0.08672623200850052,0.08092246793041175,0.047171276147392666,0.4074859551408074,0.22541080753911624,0.06022662398490039,0.0,True
00:21:04,59278c090220760001fda664,,0.7504153060402327,,-61.708910973888024,-484.38113,29.794203000000003,3.701692,2.6892629,-0.26724318,-3.607726,-5.8471932,-6.191767700000001,-4.751999,-2.3355784,0.009396517,1.453755,20.74171,9.080146000000001,-1.5107723,-8.125173,-9.639702999999999,-6.9211979999999995,-2.2192626,1.9184133,0.38079476,-9.909118289433711e-07,0.016397732914574095,,3302.640885290833,1600.5958788375924,15.509783693339735,7.822752973189388,10.975229399819883,20.828291381556326,15.950621921614196,14.819650309476655,17.92217080073707,0.00074244,1875.46875,0.027744140625,0.0,0.0,1.0,0.06719256391127905,0.027805642504245043,0.00385209519105653,0.1904329287664344,0.4888876100381215,0.07255175790439049,0.05776144713163376,0.09151594545692206,1.0,True
00:21:04,5c41c28e896e090001c03bb0,131.458418248087,0.5805560948422669,1.010885940291386,-24.51098437490193,-284.1628,136.02528,-2.86726,-2.0860677,5.625615,-0.94025624,-12.396348,-5.4155197,3.3481753,7.786552,-0.36303982,-12.699318,-30.626669,17.691086,18.005413,-1.5978336000000002,7.744348,-14.792947,-19.6546,-4.050193,1.4149795,-0.00011129029865195313,1.8946876973640907,11.477113178166693,1545.3461702061902,2186.6472260651994,16.89091428977839,12.640938598564894,16.493840410969273,17.647316329994716,22.374642961467142,23.35406474941492,37.971275190433104,1.2780736e-05,3306.5625,0.07388671875,0.0,0.0,0.0,0.0466410780325532,0.041238419059664015,0.06754517294466496,0.01955321561545133,0.36635403987020254,0.276182284206152,0.14238386321812868,0.04010191438719631,0.0,True
00:21:05,59278c090220760001fda664,,0.7591989185608737,,-61.9311592624774,-486.26074000000006,27.084637,3.9751595999999996,2.907788,-0.065670334,-3.3427849999999997,-5.4965706,-5.8426623,-4.5745949999999995,-2.4970653,-0.55884904,0.56661594,17.939903,6.2921247000000005,-4.040365,-10.113902000000001,-10.903673,-7.4668307,-2.2361462000000003,2.1581087,0.39056316,-8.819208157673374e-07,0.014641178497455574,,3364.632327460045,1634.6581230750994,15.203618763895195,8.279380659895335,11.138268383329024,21.896368814764152,15.859502976568162,14.521564913860248,17.6826484038813,0.00064974313,1692.1875,0.0283837890625,1.0,0.0,0.0,0.01211782315125068,0.05344205622871717,0.002202700769218306,0.0014496383781079202,0.8818439284960429,0.03699605635677775,0.010608001270641884,0.0013397977532198034,1.0,False
00:21:05,5c41c28e896e090001c03bb0,128.49359084062854,0.9043712529043432,0.5014804784814673,-20.97029570724513,-252.52302999999998,170.31465,0.5264776,-4.185465,-2.5978546000000002,3.3061317999999997,-3.8870254,-8.852914,3.9186451,9.513575999999999,-9.385059,-17.905472,-31.506868,3.1917207000000003,32.73426,9.592654,1.3417579,-13.564313,-25.588264000000002,-11.534146,1.7779642,-0.0001308226045104805,2.187559564484084,16.702520656271883,1462.4810240589413,1898.9515692818884,18.340454087719397,13.074507236034306,17.203209769581555,15.742786466529978,23.169918464329186,25.41471251380973,36.28309855177498,6.2447543e-06,3093.984375,0.0632568359375,0.0,0.0,0.0,0.019279855815693737,0.038356999726966025,0.02157304189167917,0.09467342651332727,0.4961445644497872,0.1411266215145588,0.15456425547599792,0.03428124182391912,0.0,True
00:21:06,59278c090220760001fda664,,0.7503436362722635,,-63.00006850046773,-488.3152,25.032475,1.7511171000000003,2.3597853,1.137556,-1.0832236000000002,-3.2104325,-4.361733999999999,-4.1754775,-2.8717132000000003,-1.0810073999999998,0.45756784,18.02073,8.724069,-0.19539507,-6.4679294,-8.944154,-7.8538747,-4.538645,-0.81430966,0.36181283,-7.808109928291265e-07,0.012990172711990086,,3549.0259283548653,1699.8154901335517,14.02535468786772,8.030672919600393,10.595529067121623,21.312519043225493,15.53216250170382,14.267543376580464,17.90421043265443,0.0007960986,1906.640625,0.02662109375,1.0,0.0,0.0,0.059320593873659774,0.10090501308441162,0.005969009626035889,0.0021980578060417128,0.6360097805658976,0.16162925064563752,0.03256120905280113,0.0014070744897859793,0.0,False
00:21:06,5c41c28e896e090001c03bb0,119.7949000414002,0.8043914263996682,0.4203865518102424,-31.73513656706192,-309.58917,165.43498,-12.861575,-22.263920000000002,3.9309747,8.82047,-10.712589999999999,-7.383804,11.375371000000001,10.498175999999999,-9.400948,-16.978378,-8.429091,12.874342,33.647842,4.9122124000000005,-1.3994806,-15.989282000000001,-16.866343,1.7406955000000002,1.3331013,-9.08423238657561e-05,1.5044917185255302,10.726835644262332,2179.0340657701513,1921.26967831364,17.332312540957062,13.021001885246953,17.25500495567562,17.44714649625135,21.557971777312986,25.4931218249938,30.906771469417443,0.004765682,3968.203125,0.0447119140625,0.0,0.0,0.0,0.09037784850224853,0.021165448054671288,0.12955628726631402,0.05594295500777662,0.17655387036502362,0.29872860163450243,0.1592307548969984,0.06844423240981996,0.0,True
00:21:07,59278c090220760001fda664,,0.7611792263681547,,-60.655818144422426,-482.9938,31.643562,3.9843873999999997,3.4073005,0.6666778,-2.6990084999999997,-5.118192,-5.656072,-4.3112416,-1.8755994999999999,0.5130104,1.8886898999999997,22.2593,10.076699000000001,-1.1482177,-8.380222999999999,-10.341481,-7.775411999999999,-2.8955537999999996,1.675097,0.3985257,-1.0400517606821842e-06,0.017195884272448274,,3180.38923696652,1505.6867791299487,15.224351227756443,8.441220591761699,11.379794995293253,20.720408447252584,16.086858275473194,14.664262314739485,18.21136361550081,0.0005447353500000001,1560.9375,0.0272216796875,0.0,0.0,0.0,0.03302196525037289,0.2404729276895523,0.004015905239308874,0.000339195864701954,0.44248445431391403,0.24643415311972303,0.03189955440660318,0.0013318609446287153,0.0,True
00:21:07,5c41c28e896e090001c03bb0,118.79151537053738,0.8477818456569703,0.6377740958300366,-25.668938809531397,-293.14599999999996,152.36916000000002,-3.631389,-12.08832,1.6399635,8.38058,-3.5105655,-8.143403,0.32873383,4.8100843,-6.0376085999999995,-12.728214999999999,-21.06887,0.8089018,30.059513,7.9575496,3.2589087,-6.9580803,-11.968113,1.2103356,1.5868943000000002,-9.253292426278282e-05,1.5394378267898452,15.42890002965338,1436.5597315744126,1617.542260689671,17.27128546215723,12.637538128930931,15.48731485161949,16.95091245385619,20.09995390713637,23.138330611141328,33.017285603619015,1.8695746e-05,2847.65625,0.0457568359375,0.0,0.0,0.0,0.04899772179002563,0.07785980424119368,0.10757483955886628,0.005068138005703481,0.3783552481068505,0.2681527187426885,0.10903366779287656,0.004957846171843509,0.0,True
00:21:08,59278c090220760001fda664,,0.7570731353921114,,-61.45192935476546,-485.03897,28.941467,4.986996700000001,4.50019,1.8751589,-1.4806463,-4.120536,-5.156385,-4.520982,-2.842402,-1.0483369,0.08438817,20.092112,8.684536,-1.6844369,-8.156267999999999,-9.589946000000001,-6.7728715,-1.8545083999999998,2.674839,0.38798484,-9.551673043863092e-07,0.01583608570351837,,3356.4863159190913,1631.7174050603826,14.651708907624025,8.512406529238014,11.693209718235885,21.272442652418867,15.574057752938671,15.10849945828726,18.25037442829136,0.0007082767999999999,1906.875,0.0273046875,0.0,0.0,0.0,0.0858374093969663,0.3110258092482885,0.011095860383162895,0.00028265862832389154,0.21086841921011606,0.3428406059741974,0.03739513506491979,0.000654109821577246,0.0,False
00:21:08,5c41c28e896e090001c03bb0,118.74385059116327,0.8591574833996628,1.297066805993372,-47.154140914780115,-432.43765,64.89748,7.48545,9.8440275,3.2621427000000005,-5.1798725,-8.914508999999999,-5.223453,1.9959848999999998,4.8431745,-2.2394974,-10.392721,-8.539838,-20.996893,0.5825696,10.245671000000002,6.617217999999999,-4.2268815,-11.859132,-4.604379,0.6246105,-3.1208347023325565e-05,0.5124384213480937,29.348085911108388,2118.5801614838374,2071.840041040472,12.609290705082838,10.716197012833577,15.227702701607663,22.395342779063004,25.67875666135001,22.95800072948308,20.622390071495673,0.00198889,2895.0,0.0638232421875,0.0,0.0,0.0,0.07013098355382681,0.021299844421446324,0.11112130973488092,0.08422157561872154,0.1213488494977355,0.29624819606542585,0.24953490942716602,0.04609433317091316,0.0,True
00:21:09,59278c090220760001fda664,,0.7508861307323587,,-56.24924222019958,-469.04053,49.206913,4.9680367,3.6196870000000003,0.7734751,-2.105502,-3.870625,-3.9934797,-2.6277939999999997,-0.47946548,1.4942911,2.480727,34.361694,15.931784,0.16066173,-8.770595,-10.134433,-6.214086,-0.60595655,3.615587,0.5140784,-1.7160223143330375e-06,0.02815610377132452,,2488.8054227267994,1125.890607779832,14.021231961538962,8.182169250389412,11.291741225896974,19.75458624621505,17.62958481240854,15.612054314546,18.217655510003954,0.00019431616000000003,1140.9375,0.0248193359375,0.0,0.0,0.0,0.1499625027179718,0.2016392022371292,0.015417539762953918,0.00098952977762868,0.1330984801054001,0.4376036544640859,0.05989007403453193,0.0013990028450886409,0.0,False
00:21:09,5c41c28e896e090001c03bb0,141.7024373574744,0.29333391055443364,0.4927196052238627,-37.930119822904395,-321.59644,119.4465,-8.205915,-5.799615,3.5994055,-2.108829,-9.111167,-2.5486221000000002,3.4377532,7.4827523000000005,-4.1119933,-17.924393,-34.989113,18.450613,10.909516,-0.85863334,14.936239000000002,-12.911810000000001,-18.852135,-4.8476669999999995,1.756561,-9.342568069658896e-05,1.5898234833464813,11.413989871518885,2921.3177929415365,3095.3250246421917,14.850411513809009,11.310971366539713,13.67084277852343,17.720219492584953,23.00409417221891,19.84376860244669,33.22357058943417,0.0074382527,5482.734375,0.084501953125,0.0,1.0,1.0,0.06633910824629394,0.030388406139205806,0.03397245870225809,0.0311666281724518,0.11748844596811316,0.4621861902150241,0.2377736656503244,0.02068511218848553,0.0,True
00:21:10,59278c090220760001fda664,,0.7187729041560782,,-63.42419414682184,-489.71652,23.20969,1.775147,2.1994812,1.0382946,-0.95642346,-2.8816862000000003,-4.0578117,-4.22337,-3.5213876,-2.3425423999999997,-1.1308956000000001,16.644636,7.993682400000001,-0.21757954,-5.8790526,-7.9831395,-6.835438000000001,-3.7518466,-0.42051629999999995,0.35349992,-7.308245531316957e-07,0.012179599336362337,,3587.3544130732994,1727.7105746225573,15.055935833943613,8.597600012679006,11.034222645018074,20.171610413597158,14.763350196437088,14.29083979513011,17.903470643453954,0.0008071190700000001,1946.953125,0.02642578125,0.0,0.0,0.0,0.20549016892910005,0.19050555030504865,0.02987584980825583,0.0012450420685733358,0.10283664166927338,0.40572616259257005,0.0624921386440595,0.0018284316174685953,0.0,False
00:21:10,5c41c28e896e090001c03bb0,122.77859660391606,0.9003370933887674,0.6317849764960122,-20.106361160093165,-250.90532000000002,182.64058,-3.0821016,-10.386797999999999,-1.5017645,-1.8300903000000002,-6.0493879999999995,1.4274373,5.443645,1.9592526999999997,-4.8472095,-10.357875,-15.99784,4.131881,26.228385999999997,12.2143135,3.7632108,-22.53341,-20.790731,1.9886323000000001,1.6657805,-0.00013701414427738656,2.2861210457442613,14.330199990396352,1349.2356250234145,1646.3299851631539,18.527427039211005,13.344068835595017,16.056383710954552,17.317203697494786,22.0556042572888,22.76197906817996,34.42781452169993,4.261198e-06,2827.734375,0.0555126953125,0.0,1.0,0.0,0.02513439515605569,0.03685450148768723,0.06333177033811807,0.02619240984786302,0.3008408188819885,0.2449247516691685,0.2599054515361786,0.042815900500863785,0.0,True
00:21:11,59278c090220760001fda664,,0.9751043743557511,,-61.155393224343904,-484.05737,29.92595,0.940399,-0.38203165,-2.8610257999999997,-4.9160957000000005,-5.5058217,-4.5427957,-2.7317007,-1.0204048000000001,-0.033116315,0.19304435,20.066670000000002,7.53159,-3.5858629,-10.208913,-11.381774,-8.362292,-3.7515056,-0.15703765,0.42010862,-9.373382814927622e-07,0.015540450820007438,,3240.138340542845,1542.9687211740063,13.784338171034205,8.226871861434871,11.221929605442558,21.66309180683277,15.326115805553796,14.518217867397244,18.01887087627136,0.00052929966,1394.0625,0.0282421875,1.0,0.0,0.0,0.12764241099357604,0.25681935747464496,0.016467782420416674,0.0006830822889848303,0.14417736033598585,0.3900636633237203,0.06304235731561979,0.0011039814969990402,0.0,False
00:21:11,5c41c28e896e090001c03bb0,186.84056311516758,0.966053851773804,1.4170962740766249,-22.22103093305817,-248.23837000000003,173.51118,-14.230120999999999,-14.127703,7.0052705,-3.7308586000000004,-14.85506,-0.60872686,2.5020919999999998,-3.5432714999999995,-8.285461999999999,-11.602366,-21.24454,-0.054305393,7.857388,4.9639783,11.100752,-7.0337167,-12.146408000000001,-2.4282906000000004,1.6544865000000002,-0.00015907958232476882,2.660351359577146,18.224199753561326,1739.2233254951693,1646.8881752788916,14.970438894570654,13.584432793224625,15.732305830070558,16.112726513272307,20.86667144654372,25.851352693827693,34.78540577376626,0.00022690721000000002,2950.78125,0.0398046875,0.0,1.0,0.0,0.008348137968116336,0.021165132056921717,0.0028449195362756858,0.012109742073031764,0.6850307981173197,0.11693202290270065,0.13738929107785225,0.01617996104889446,0.0,True
00:21:12,59278c090220760001fda664,325.87777065848013,0.28734738247051345,7.581699613720279,-41.359810288431646,-387.14346,98.17403,1.6077854999999999,4.5497627,1.9495486000000002,1.7583773,-1.6282705,-5.553218,-4.549771,-2.5830083,-3.9908782999999994,-3.3545095999999996,15.151619,-2.0806894000000002,-13.526864999999999,-16.162394,-10.818598,-4.3710510000000005,-7.707997,-8.874601,1.1104169,-6.623260017293935e-05,1.0965232013815056,53.66034355987174,2387.162619674996,1561.9169471274454,12.195668266053287,8.58117371925739,12.513803754325464,19.329819522463158,20.779993480483142,20.17022569849045,24.961680849509158,0.00034210237,2229.375,0.0386767578125,0.0,0.0,0.0,0.0949222152431806,0.1929719607035319,0.017946196688959994,0.0006090662713783482,0.2373853842417399,0.4034743448098501,0.05103996420900027,0.0016508559347130358,0.0,True
00:21:12,5c41c28e896e090001c03bb0,271.9839834890094,0.9679955035208568,3.879510373481869,-83.38114648843477,-479.36425999999994,54.755997,-13.980694,-9.486782,0.24307059,-7.099144,-5.246876,0.23836547,0.9046316999999999,2.2714171000000003,-7.1255836,-9.569673,-7.283820599999999,2.479074,8.236905,5.3078145999999995,3.6837818999999996,-11.128645,-7.079455,-0.45293649999999996,0.44549468,-1.0961789728720004e-05,0.18242267499802028,21.024898253354653,4887.752054074437,5381.733833870726,10.24163048137897,9.536238764251664,10.844514201795693,11.812701777788535,15.903797077680249,18.446257307625952,19.09890660871064,0.31688118,10551.5625,0.0683984375,0.0,1.0,0.0,0.01199603530112654,0.014965607947669926,0.007060116302454844,0.0034585390152642504,0.8036740630865097,0.10286734565161168,0.049617605772800735,0.006360673657036386,0.0,True
00:21:13,59278c090220760001fda664,116.60688358640991,0.8274677504112239,1.285694862230825,-44.961990164863714,-409.2212,100.200645,2.1638322,0.93658996,-1.5828258,-2.7859242,-4.505684400000001,-4.3880040000000005,-2.9796946,-4.5164256,-5.8512945,-2.2360497,33.252544,0.82867885,-4.063779,-3.3920417,-1.0052153,-1.00485,-3.6869986000000003,-1.7244655,0.75482786,-1.6987824583137365e-05,0.2801470079421168,35.278886868556256,1935.376403998439,1154.8671734384875,14.209302300731167,8.710447400239023,11.507822643486953,16.546544028339365,20.70770709981353,17.608194794396947,23.326647253451466,9.153050600000001e-05,1661.71875,0.027470703125,0.0,0.0,0.0,0.06022560695807139,0.1597727805376053,0.00819494406071802,0.0005262387858238071,0.32962063352266946,0.41713264187177024,0.02295923965672652,0.0015679072045410676,0.0,True
00:21:13,5c41c28e896e090001c03bb0,125.22891930124737,0.6980216878808858,6.8210541204836845,-60.09306376146945,-373.66348,137.75581,-12.690927499999999,-16.35923,-7.538653999999999,-1.1030815,-2.0329883,-1.7388263,2.819916,5.7936497000000005,-0.7726844,-12.087805,-38.40126,16.451494,14.181126,6.257071,-10.488947999999999,-28.399105,-12.06954,-2.2192607000000004,1.9842262,-7.796586521449013e-05,1.3256884873860328,13.41262580921984,3921.6612035188173,5287.044880897539,10.35477270947063,8.24595035846426,11.49658920050891,12.633925194459454,14.735892593558212,19.184461472091588,27.18605086138855,0.19290659,9464.114010989013,0.08429022149725275,0.0,0.0,0.0,0.012491101957328448,0.013823344986039128,0.054144529590055085,0.006088153617879884,0.7651637508110567,0.06463930932593277,0.07647727370600807,0.007172534803182564,0.0,True
00:21:14,59278c090220760001fda664,,0.7097750373711001,,-54.6393285061689,-460.86942,57.260833999999996,1.9389143,1.7031842000000001,-0.053202137000000004,-2.1285377,-3.3078027000000003,-3.3113483999999995,-2.7120189999999997,-2.0429246,-1.3918077,-0.8208198,34.8952,10.815076,-5.591596,-11.849193,-10.947317,-7.072520299999999,-2.931613,0.28019807,0.5912343000000001,-2.468501773407676e-06,0.040479543043399735,,2314.2421838631867,1158.7082411525305,13.570974399266243,8.626759075941747,11.665314247503533,17.46315278130694,19.27101657987404,16.411408445853336,19.102985473232287,0.00020570483,1285.78125,0.02595703125,0.0,0.0,0.0,0.06447776009639104,0.2040671408176422,0.00807023529584209,0.0004460451484192162,0.3758650223414104,0.32694111466407777,0.019151140935719013,0.0009815433644689618,0.0,True
00:21:14,5c41c28e896e090001c03bb0,175.26344312066436,0.6936845856634483,1.9182476859182809,-23.151139907118804,-253.08973999999998,154.73893999999999,-8.394662,-9.911164,-0.7243225000000001,-1.0692513000000001,-6.9780025,-3.094273,4.0272202,4.325606,-5.5633230000000005,-13.377054000000001,-33.382843,17.798344,18.604734,-0.50710404,7.5713644,-11.65288,-13.6359825,-2.287076,1.7014200000000002,-0.0001299339014216775,2.1903913036500624,17.067827955637586,1743.8345031351869,2093.791038574882,15.41058641761214,12.575086046541115,15.634394610431075,14.869938472735862,20.04710743588587,23.592037199901227,37.89781562978399,2.7846498000000003e-05,3610.78125,0.071025390625,1.0,0.0,0.0,0.018233564488279324,0.005734412031112393,0.029546105962557093,0.4141644007629818,0.07109908180104361,0.046944660031133234,0.3460665510760413,0.06821124172872968,0.0,True
00:21:15,59278c090220760001fda664,,0.7317312647117108,,-59.564071273775866,-478.31232,37.093475,2.6839921,2.435561,0.24130762,-2.5096436,-4.440608999999999,-4.817559200000001,-3.7732197999999997,-2.050378,-0.50360507,0.30557,24.866829,9.683149,-3.4076687999999993,-11.050075999999999,-12.541276,-9.4186535,-4.298532499999999,0.28949395,0.45057383,-1.241627722968657e-06,0.020511086766985587,,2959.621977316204,1433.6308909294678,14.895234469360926,8.486446478118319,11.421144234794733,19.269339670052485,17.435322888862093,15.103547421508262,18.755156841307734,0.00045906304000000006,1432.03125,0.0279931640625,0.0,0.0,0.0,0.08170972615480424,0.1930732548236847,0.009010625847925743,0.00046738683983373145,0.3381047397851944,0.345852455496788,0.03109788540750742,0.0006839401166265209,0.0,False
00:21:15,5c41c28e896e090001c03bb0,129.5000467101625,0.6237802372313146,0.7855708277552282,-20.081846867888373,-253.53087000000002,184.09406,-1.7331688000000003,-11.462874000000001,-2.1948724,0.5780491,-10.034311,-6.9360384999999996,4.299722,5.789185,-4.1533337,-14.175888,-18.015345,7.208906,32.822514,-3.7548902,-0.37750438,-5.111896499999999,-20.975664000000002,-5.5176125,1.7653688000000003,-0.0001341194292186614,2.2222559221300338,11.950343590084914,1306.3382688390175,1423.900660951015,17.842665829589638,14.569725836398769,16.4095582477992,17.355453076907214,22.936959802062336,27.43896479937468,32.359203177411594,4.4570647e-06,2494.6875,0.0399658203125,0.0,0.0,0.0,0.045882323011755946,0.0054884730867343036,0.09753445088863373,0.4466333776712418,0.05133188981562853,0.03451866987161338,0.1283881939947605,0.1902226068079472,0.0,True
00:21:16,59278c090220760001fda664,,0.7287938589803374,,-56.37832334582967,-468.36096,48.9535,2.021583,1.1689918,-0.6785478,-2.75595,-4.3413677,-4.8831,-4.196154,-2.5681207,-0.6711071,0.7007903,31.441376,10.969985000000001,-4.8008065,-12.0094,-11.49688,-6.917327,-1.9992238000000002,1.1280121,0.5527115,-1.8179328994026147e-06,0.029868273128065188,,2591.7915484140563,1254.0533394108454,13.502880485882812,8.423052433263251,10.836720112596488,19.72004156860111,17.77393252910349,16.16352554236323,18.59856887452565,0.00029523092,1307.578125,0.026533203125,1.0,0.0,0.0,0.07887292702992757,0.10700398087501524,0.0062095722804466884,0.0009385882352944463,0.2052732398112615,0.5457565248012543,0.05354202439387639,0.0024031507394587,0.0,False
00:21:16,5c41c28e896e090001c03bb0,155.4328812508494,0.6167414569171628,0.6681286868195517,-28.31986811108252,-289.28174,95.91939,-2.5712755,-19.461023,-6.1599708,3.8246317000000003,-1.4070413999999998,-5.2117443,5.6302012999999995,2.1309726,-6.103887,-12.405369,-51.073485999999995,16.058882,26.088854,8.217125999999999,-15.440923000000002,-4.681234,-4.02111,9.601247,1.6203940000000001,-0.00014571243613229338,2.5038871813636665,17.98011679895886,2043.9862530346186,2522.363138250857,15.314319152580055,13.910453240980766,14.901531023340704,18.791334702638558,21.062174355312365,23.957817211690788,34.56263739177643,0.0006591897,4049.296875,0.0759228515625,0.0,0.0,0.0,0.03638434074819088,0.0046605065115727495,0.048229964822530745,0.33137875348329543,0.020828333823010324,0.1513717882335186,0.2787488028407097,0.12839751690626144,0.0,True
00:21:17,59278c090220760001fda664,,0.7765495257506453,,-56.441473707478856,-468.96893,48.02645,3.8516557000000002,2.1199472000000004,-0.6238755,-3.0089080000000004,-4.315797,-4.446055,-3.7136822,-2.6197228,-1.6479784,-1.099489,30.131264,8.729936,-8.252183,-16.131301999999998,-14.998089000000002,-8.561478,-1.4909135,2.9536717,0.51195514,-1.7735152189145156e-06,0.02916115417372633,,2559.24118531657,1253.8079600907395,13.927379686310315,8.227022085164599,11.4160642451881,19.555225772958806,16.896587989651223,15.967194619874823,18.764896413458843,0.00024602384999999996,1197.65625,0.027685546875,0.0,0.0,0.0,0.07272531390190125,0.14957119077444075,0.0065445409001161645,0.0006532551740140965,0.23943083286285397,0.4958937525749206,0.033817595491806664,0.0013635082383795332,0.0,False
00:21:17,5c41c28e896e090001c03bb0,135.17500178894295,0.9039182862875482,0.6821152904879176,-30.07366486409925,-329.66147,123.33996599999999,-11.796138000000001,-14.978221,-2.322451,-2.1736473999999997,-6.6485558000000005,-7.0673146,0.95133984,6.8710895,-8.268206,-14.165851000000002,-5.2096615,33.669983,40.704353000000005,-1.9831884999999998,-8.427344,-11.860393,-7.8560586,1.6284906000000001,1.4975508,-7.447019639603206e-05,1.2428624818886431,21.29377502781484,1888.7618786077926,1805.1164374703699,16.54275575755529,12.901169316775592,16.849971526444886,19.58060547828404,23.953744808993438,24.557889727893425,34.32436385263693,0.00014626601,3215.15625,0.05059814453125,1.0,0.0,0.0,0.031824290030635895,0.0006208354807085924,0.02677125234731648,0.7231568217277526,0.00886019062018022,0.036305081829777916,0.04970882502384484,0.12275272328406572,0.0,True
00:21:18,59278c090220760001fda664,114.13169594051435,0.653555193135141,2.6513519300880843,-43.47364328273639,-423.00912,82.60106,9.069633999999999,4.695979,-3.1081705000000004,-7.301995,-4.8371260000000005,-1.9279355,-4.3716345,-7.7788496,-5.2225823,0.6809839,18.529226,-6.326214299999999,-0.9981905999999999,-5.7561784000000005,-19.16165,-18.637638,-5.1792135,6.138891,0.85449266,-4.3289954954644676e-05,0.7134169279668865,13.611327677795858,2033.8930258538253,1320.3869037143738,13.770544094088732,8.380350404624936,13.383203906042947,20.108547021639414,21.942823959548846,18.65726996271204,21.213575400745178,0.00019314273,1490.15625,0.036318359375,1.0,0.0,0.0,0.03908288925886154,0.1504383275906245,0.007304775435477494,0.00048557841413033513,0.482381025950114,0.3021142443021139,0.01648643792917331,0.001706739456858486,0.0,True
00:21:18,5c41c28e896e090001c03bb0,121.63093304779476,0.589546876606587,0.7834537392694084,-45.582574341130936,-381.5997,66.214294,-5.5569687000000005,2.6565072999999995,10.365907,-0.17638455,-2.8939494999999997,-3.8888211000000004,-4.09889,4.85672,0.080297835,-8.332084,-47.35405,9.151482000000001,1.3836008,-7.560714,20.279106,-2.4717867,-8.570036,3.2511384,1.2389538,-4.933194683350579e-05,0.8510958763277641,17.626434720733155,2447.111162204112,3946.349837600661,10.342791692865193,10.496915345519634,14.477350538300374,17.1557899641695,18.30884995150534,20.202084774155775,36.194228816030936,0.01026394,6008.203125,0.15322265625,1.0,0.0,0.0,0.03413451965898275,0.019631632449454633,0.03374734744429588,0.3176366443745792,0.12081757290288805,0.1989778395742178,0.13775202529504896,0.13730241316370667,0.0,True
00:21:19,59278c090220760001fda664,184.9490534562081,0.5832467735633868,4.775291237446072,-27.20225955884666,-316.0588,159.49718000000001,-1.490926,4.780862,-7.557989,-12.205413,-3.3860435,1.3469784,-0.63982093,-3.6743242999999994,-5.4325849999999996,-0.6389718000000001,-1.5828053,-19.176872,22.658842,14.542076000000002,-9.106661,-14.801082999999998,-19.614182,-18.072311,1.3291886999999998,-0.00011905494222476116,1.9695537237904368,30.654321384266304,1413.7889225784818,1302.9939341064392,14.638944629115267,11.466127942870223,15.661043363662376,16.277053247847082,23.23062734475081,25.35634942905806,27.68672250414197,5.5680994e-05,2039.296875,0.0387109375,1.0,0.0,0.0,0.021367676416412,0.042419348657131185,0.00524376588097463,0.001018571387976408,0.8666184862454732,0.04460786068812013,0.01615253908870121,0.0025717452362490198,1.0,True
00:21:19,5c41c28e896e090001c03bb0,,0.7141677266670734,,-82.47767188351034,-498.6704,16.996523,-4.560093,-7.742713,-2.7294426,0.27436683,-1.1270323999999998,1.7748911,9.094294,8.602772,-2.5773895,-9.909761999999999,-4.3593910000000005,-8.968838,0.29387129999999995,4.289559,0.70445424,1.5006306,6.5640106,4.4033537,0.48616502,-7.814961028133896e-07,0.013116558610430457,,5160.765620334396,5293.352523073277,9.624253294868488,10.481009585195,10.534644339915213,16.06442308054898,18.434919309524986,13.689676916458266,14.285262268276165,0.22513925,10612.809065934063,0.05264613140060241,0.0,0.0,0.0,0.032431083265692,0.05260852202773094,0.03201868226751685,0.012851629382930696,0.29540022611618044,0.4017237424850464,0.15933598354458808,0.013630142249166966,0.0,True
00:21:20,59278c090220760001fda664,140.98966569631511,0.9613364385144644,1.9996284384662448,-19.355420529290107,-263.83727999999996,193.41994,1.9668735000000002,9.732578,-2.843877,-2.69901,4.029476,2.7628793999999997,0.2801308,-2.1689842,-6.0805097,-4.520811599999999,-13.276506,-13.314851,45.977340000000005,15.935812,-17.708546,-14.983191,-23.988754,-23.934307,1.5578364,-0.00014790818053952846,2.445714514700203,31.49864247235636,1232.1041663732133,1279.6659111029155,16.128987801956278,10.138555859965363,16.670528252251458,15.291109325009327,20.95767858907784,30.97655182844687,28.344666440284875,4.857009999999999e-06,2264.296875,0.036015625,0.0,0.0,0.0,0.025231196824461226,0.2715176691611608,0.008986063208431006,0.00023582354915561158,0.6077610512574514,0.06951177455484868,0.01614836559941371,0.0006080653101283437,0.0,True
00:21:20,5c41c28e896e090001c03bb0,,0.9156383136366112,,-79.4587363914758,-485.82764000000003,36.737854,-7.233436599999999,-7.6508392999999995,-4.6504664,-2.8282287,-3.3460379000000002,-2.1887088,-0.9787367,-2.294148,-3.831433,-3.8680158,9.070727999999999,4.908629,3.8196037000000005,-0.7231794,2.1434773999999996,3.2844995999999997,-2.063683,-5.534494400000001,0.78065956,-3.1381511168476377e-06,0.05276329628096752,,5168.6288966151005,4317.997005105608,12.090911271850324,9.608712492516537,13.993729215365713,13.125879830426689,15.709421455768425,14.224081936857585,15.441923903715697,0.15824352,9751.287774725275,0.019831730769230768,0.0,0.0,0.0,0.014193971117492762,0.016458335518836974,0.004359212494455278,0.00736568639986217,0.7679725706577301,0.12736934162676333,0.0528436666354537,0.00943721814546734,0.0,True
00:21:21,59278c090220760001fda664,114.14560531285343,0.8601073355530601,1.9169083180599384,-28.57333713703937,-307.607,149.89713,4.074486299999999,3.768876,-2.0605357,0.85539556,-0.8923514000000001,0.5752303000000001,7.3571925,2.9587762000000004,-9.922857,-5.072192,-10.497105,-2.0060122,33.227932,12.069314,-14.270283,-15.905282999999999,-18.881413000000002,-14.721110000000001,1.2671397,-8.557356779293377e-05,1.4222330853171372,19.68859274288592,1864.6091779036608,1975.89712202561,13.063012965592264,10.444780109615515,16.448272139163567,15.270782535733685,20.026900003291168,27.08276850382681,29.952175711563118,0.00037903676,3537.890625,0.0589697265625,0.0,0.0,0.0,0.04128275228043397,0.2365184336900711,0.005372014688327908,0.00047814859038529297,0.4355861326058706,0.2587453762690226,0.020087091811001302,0.0019300437474157664,0.0,True
00:21:21,5c41c28e896e090001c03bb0,,0.9091895245943852,,-90.03157723479642,-506.85754000000003,4.14014,-2.763846,-3.2462401,-3.5203114,-3.5779620000000003,-3.4256997000000005,-3.0836623,-2.5836942,-1.9666303,-1.2790296,-0.5696024000000001,3.7785544,3.2021444,2.4482958,1.5655716999999998,0.61028475,-0.3574515,-1.2778916,-2.09574,0.11185513400000001,-5.674894836504265e-08,0.0010709505513362898,,6516.142108079624,6176.276690618143,9.292324028977331,11.22270583885784,14.32786572582754,13.68135882777648,14.557882121175187,13.328459642742455,14.721623827941706,0.098804645,13898.90625,0.0285986328125,0.0,0.0,0.0,0.05609805174171925,0.01749154546996579,0.01335517738480121,0.09683720488101244,0.22511223871260885,0.3630839511752129,0.18894279301166533,0.03907901290804148,0.0,False
00:21:22,59278c090220760001fda664,103.420952482631,0.5936207867983829,0.488564387674568,-41.46828039059565,-394.98822,96.933304,1.8802356,2.6656945,-1.426801,-4.3910327,-8.960061,-7.990972500000001,0.70177805,1.307503,-7.802581299999999,-6.8878164,16.468044,11.143997,16.63178,1.6166022,-6.2712736,-6.6750445,-8.290232000000001,-5.4778438,1.0568898000000002,-5.528552919470326e-05,0.9162677560415948,16.57158312168611,2316.800553017989,1387.9392929524008,12.72758541838908,9.876986142686695,13.748756190279838,17.161123692192312,20.54287301999516,21.78049444427435,24.9024301638683,0.00024313052000000002,2186.484375,0.0295263671875,1.0,0.0,0.0,0.06833301335573197,0.16880966822306315,0.005784689371163647,0.0004248640470905229,0.3536746939023336,0.3644787947336833,0.03742844636241595,0.0010658300442931553,0.0,True
00:21:22,5c41c28e896e090001c03bb0,143.67630461352175,0.1952330748008852,0.7281107680801131,-50.2884670901236,-402.17554,82.45403,-12.256672,-12.191572,3.3256662000000006,1.4036107,-6.1407948,-7.4448953,-1.2030913,10.560461,-1.2075198999999999,-16.07871,-23.877375,12.347955,20.487967,0.53277737,-2.3696902,-12.60223,-6.6804852,1.68888,1.6228333000000001,-5.928615672390513e-05,0.9913800695062924,21.771540641248922,3218.741835090092,3562.3053454986243,14.69067161618374,12.347556842776516,14.140207780190227,19.675953963798747,24.69890709150663,20.128271923069228,28.69036381377641,0.0065277396,6371.484375,0.0934130859375,0.0,0.0,1.0,0.019263175694504756,0.03263392793014645,0.005257648759288714,0.005821027839556336,0.4328691944479942,0.3892741436138749,0.10524030700325966,0.009640562115237115,0.0,True
00:21:23,59278c090220760001fda664,102.175554255773,0.9608676752678964,3.4337288715190186,-50.37485308131895,-417.79916000000003,80.19076,-1.2136681,2.9805189999999997,1.3787118,1.9081618999999999,-0.98380136,-6.712161999999999,-5.4442379999999995,-3.2274472999999997,-5.946816,-2.8750665,10.309073,-5.828530000000001,-3.3073813999999997,-12.536746,-9.295902,1.025177,-3.8266056000000006,-8.580409,0.7061630999999999,-3.479830525680776e-05,0.5747627823312091,25.4959989232127,2708.63945755602,1779.2685584602511,13.741494770496116,8.155646143635716,10.887738754059265,17.1088843661581,17.2196147770579,20.362919528816253,23.145323973410548,0.0008323492999999999,3026.484375,0.036826171875,0.0,0.0,0.0,0.0889747366309166,0.2764629155397415,0.01165329882254203,0.0006280490255448968,0.34595625996589663,0.2415302594502767,0.03317195611695448,0.0016225436159099142,0.0,True
00:21:23,5c41c28e896e090001c03bb0,124.33750693868431,0.8593579692251788,0.991688892089486,-32.299429203100914,-271.9526,155.13358,-5.636125,-2.4551914,11.951189,2.4829702,-7.9137416,-4.6965976,0.4824562,2.7436477999999997,-7.571897,-13.580589999999999,-38.361294,-7.7486053,4.467903,1.246478,-9.765833,-13.904917999999999,-3.7695613,0.3885872,1.2911255,-0.00013820573335619453,2.3280520515245646,15.613369718147911,2233.2124263745886,2196.57339835716,14.276355922615528,10.658590318143087,14.411162820186744,15.291632990642128,20.083012172221714,19.768746074228027,34.59266799556131,0.004642645,3762.1875,0.0599267578125,0.0,0.0,0.0,0.0010897319945797788,0.008095725486055017,0.0020753055738168768,0.0017197098568431102,0.9615259885787965,0.011325891176238657,0.010408580768853426,0.003759049612563104,0.0,True
00:21:24,59278c090220760001fda664,348.59662728892374,0.8961779723947249,12.329458498935725,-55.47501017964674,-456.11785999999995,48.221027,1.8262935000000002,-1.430994,-1.9308252000000001,-1.8240153000000001,-4.987116,-5.084500299999999,-2.357769,-1.8294863999999997,-0.82393205,1.5242089,14.620084,8.789726,3.867022,-9.700994,-12.66094,-8.547766000000001,-5.595571499999999,-0.35228822,0.72477067,-1.6736116672861368e-05,0.2784285142200572,73.125382219797,3022.19002971767,1838.321470044108,12.054680683172315,8.169177726828387,11.955532516705627,18.218205804781675,16.23100180893387,17.18813010747798,21.429173672996434,0.0008272926,2921.015625,0.0361865234375,1.0,1.0,0.0,0.05091982334852218,0.092712581406037,0.0071257629431784155,0.0017016838576334216,0.733758521080017,0.08921783193945884,0.0229348893587788,0.0016288945179743072,0.0,True
00:21:24,5c41c28e896e090001c03bb0,,0.6350646015066419,,-54.10237253975752,-452.29224000000005,33.5681,-1.2500352,-5.5203505,6.0289555,2.6344939999999997,-13.593945999999999,-9.320244,10.309101,13.385928,-4.8007946,-15.213987,-33.841457,-19.190504,10.909769,14.319860999999998,8.900471000000001,-1.7903581000000002,-2.306362,5.9286103,0.66188204,-5.461793393130626e-06,0.0938344593545735,,2302.6287642728616,2908.385102414359,14.37889602749752,12.418804311085324,15.863951908245252,19.671254293958302,22.403298586105794,23.48105178446105,25.63891495346806,0.006145558000000001,4483.59375,0.103515625,0.0,0.0,0.0,0.0016139208499225787,0.00502766877762042,0.0010128360998351126,0.0021110033238073813,0.9636734187602995,0.009198502637445928,0.012451305973809213,0.004911329736933113,0.0,True
00:21:25,59278c090220760001fda664,127.97571546744099,0.8681783139701024,0.7311259775170609,-18.838616474075398,-274.00104,181.12065,2.7050586,8.224225,-4.5771809999999995,-5.3115697,-1.9534080000000003,1.3743426,4.2076564,-2.878367,-11.474492999999999,-3.7585422999999993,-5.946556,0.24760284,41.54053,10.823306,-19.065516,-17.587477,-26.085917000000002,-24.733866,1.6309794,-0.00017069095331280292,2.819752422613846,22.938537662184572,1426.9178914938766,1541.6382227147553,17.473474198804098,12.473127378330002,17.45450460953195,17.487673260714114,22.599953201395426,31.674205161533166,29.656227125443724,7.2232055e-05,2802.421875,0.0438916015625,1.0,0.0,0.0,0.023622151122738917,0.08521034133930999,0.004921415370578567,0.000736862974978673,0.8455598990122477,0.030213669687509537,0.008657635049894452,0.0010780133277876302,1.0,True
00:21:25,5c41c28e896e090001c03bb0,,0.4951445327491721,,-90.58055516820814,-506.81435999999997,-2.7386844,-2.2937105,-3.5904983999999995,4.863866000000001,0.3195943,-3.8726687000000006,1.6006496000000001,1.0426737,-0.49231049999999993,0.36646932,-1.9012854,-5.6441817,5.7242765,0.23583987,-3.6429434,3.0871336,-1.2997288999999999,-1.7448394,4.515579,0.2970273,-9.746724533189887e-08,0.0019885331555803513,,5961.14033188848,7957.301741453094,10.08318407637095,7.565449659730987,9.636572906009398,11.758473005191155,19.104241972422248,18.755686096143027,16.650302952126705,0.17939875,14914.535984848484,0.1117706298828125,0.0,0.0,0.0,0.0028195279679493978,0.0011913668946363029,0.0010001199290854855,0.0021671650494681674,0.9792564451694488,0.0028234089782927184,0.0071905579359736295,0.003551403497112915,0.0,False
00:21:26,59278c090220760001fda664,129.6962231883562,0.8678158912509497,0.6776073092633735,-22.13577945361197,-288.9145,165.34175,-7.010331599999999,-4.482268299999999,-6.345326,-3.9797892999999998,-2.7238932,3.8606515,5.523694,-3.522067,-8.208917,-2.3615556,-9.051231,13.446997,57.51379,14.546745000000001,-21.747562,-18.117134,-19.00221,-19.48391,1.6195523,-0.00011537767119310601,1.9070679426335029,21.96473842456984,1493.938505487558,1462.3380259878086,16.21856610349936,11.455806676391408,17.112218957023522,14.441699737394323,20.687473719848228,27.171907769391666,30.85953794220396,4.1887363999999996e-05,2644.453125,0.042177734375,0.0,0.0,0.0,0.011054514938344558,0.01656576758250594,0.0015885921301863467,0.0009589764410823894,0.9395746986071268,0.02353953398608913,0.003804456923777858,0.002913427659465621,1.0,True
00:21:26,5c41c28e896e090001c03bb0,,0.7693923013956202,,-101.66948398544687,-507.3021,0.8898459999999999,0.82542765,0.8120682,0.79755765,0.78192693,0.7652114999999999,0.7474476,0.72867537,0.7089319000000001,0.68826383,0.66671455,0.8878587,0.8845514000000001,0.87993187,0.8740094999999999,0.8667984000000001,0.85831445,0.8485768,0.837606,0.03629586,-1.5384006309652468e-08,0.0003501973774495705,,6559.141767078722,8076.987297017061,8.917615529999201,7.300200175571714,7.8736264080287155,9.899127222504774,11.723762531134154,11.198657221175306,13.34470866968949,0.48732420000000004,16505.34018987342,0.04022575827205882,0.0,0.0,0.0,0.04317815829999745,0.030021492589730768,0.12337080827564932,0.003549555462086573,0.6279511854052544,0.09219370019854978,0.07560873059555888,0.004126333119347693,0.0,False
00:21:27,59278c090220760001fda664,129.12489753265484,0.4130124791617708,2.7935954695042184,-33.710252616246294,-351.2003,123.26576000000001,6.7456303,1.3028706,-5.3572664,-1.2772588,-2.7776513,-4.1988373,1.9068872,-3.2866426,-10.279572,1.2342017,2.328622,6.523886,21.730535999999997,-1.2900136,-9.483951,-12.230746,-18.431639,-7.1322303,1.200352,-6.41074023208622e-05,1.0683618427630241,23.915690219477266,1837.190654964924,1719.5006705623405,13.878834421996796,8.962084426516789,15.409552583291097,15.58689621629827,22.867664277848235,23.725804744828373,28.57534224507103,0.00020169315,2989.921875,0.04919921875,0.0,0.0,0.0,0.007947208251183231,0.0845601424574852,0.0015409855482478936,0.00025157477017880107,0.8735827565193176,0.026575190387666224,0.0050713300006464115,0.00047078095958568166,0.0,True
00:21:27,5c41c28e896e090001c03bb0,,0.7645326721026036,,-97.61843027369032,-507.11992999999995,1.5418521,-1.0025941999999999,0.35293475,0.9600071,0.38098428,-0.32738890000000004,-0.12753215,0.50190604,0.29786903,-0.7849037,-1.2847458999999999,-1.4808866000000003,-2.8454912,-1.4116992,1.0960444999999999,2.2464763999999997,1.2714119,-0.6111761,-1.6145403,0.08186778,-3.428373736445158e-08,0.0006667952197356605,,6647.569915738317,7097.332209304847,8.014805146444061,8.227332124810685,10.5217882094222,13.507824803426685,14.30429346818743,12.774095160696358,13.297627006606085,0.32236174,15275.526889534884,0.023284544427710843,0.0,0.0,0.0,0.09395859315991402,0.07261372860521079,0.14152914062142372,0.007112814509309828,0.19877406414598225,0.34774288088083266,0.12755993530154228,0.010708824871107936,0.0,False
00:21:28,59278c090220760001fda664,136.11663063215462,0.5673868507308268,1.7619531779260078,-37.795247561378005,-343.23992999999996,109.78216,2.0066438,-3.206772,-2.3730453999999996,0.8776856,-2.8990259999999997,-4.543196,1.7518535,3.993706,-4.4302764,-2.192441,-19.283695,8.406864,17.847752,-14.042926000000001,-14.442335,-10.190724000000001,-10.897438000000001,-2.2520982999999997,0.9844765,-0.00010233856199948228,1.7189887732505786,21.395609191532674,2343.2476289347023,1783.4479171069431,13.81567570109126,9.67110475513136,14.389291723696426,16.35528968356666,17.870814608926988,22.56520788236799,29.477499098351544,0.0003137413,2969.0625,0.036396484375,1.0,0.0,0.0,0.010407466782877843,0.09299006337920823,0.0020028761122375728,0.000327182564069517,0.8580379207928975,0.027675578494866692,0.007955510107179483,0.0006033621379174293,1.0,True
00:21:28,5c41c28e896e090001c03bb0,,0.4443672223539543,,-78.29757857258743,-501.22,4.142925,4.707368,3.8940727999999996,3.6648145,3.893877,3.7072766,1.3646709,2.6709661,3.8288927000000004,-0.024831316000000003,0.63819695,2.6866380000000003,13.491487,5.4312024,3.3145962,9.794817,5.07939,3.8845620000000003,6.654602499999999,0.32608002,-9.711488528921528e-07,0.01897535364437738,,5555.530659536068,5548.574578710952,11.769442413544214,11.286422318678115,13.72935348513046,15.650330813024187,15.638143070234904,17.254539120702773,17.08936082391335,0.101405114,10952.965561224491,0.06075613839285714,0.0,0.0,1.0,0.12647482585161926,0.023491612728685145,0.05673528425395489,0.018041883734986185,0.058472229447215786,0.5078329980373383,0.18739797919988632,0.02155321517493576,0.0,False
00:21:29,59278c090220760001fda664,148.50211781314763,0.4731354286305304,0.8934985318158013,-28.298360760850723,-323.78302,160.20408999999998,-3.2601310000000003,8.041558,3.7988212,-0.89703596,-4.8330226,-6.0674529999999995,-0.18266726,-0.22627357,-6.211223599999999,-1.1772516000000002,13.831614499999999,-15.616969000000001,-0.69383144,-10.719987,-10.623175999999999,-4.966082,-17.906579999999998,-21.704626,1.4715023,-0.0001199642412945629,1.9687757605373184,36.679889145189684,1553.3947628019,1290.5464036503004,14.154300082663895,11.107353558095527,13.973457955258848,17.452620768603087,23.2586099932468,26.316171892618076,28.245780837577968,0.00014302561000000002,2117.109375,0.0333056640625,0.0,0.0,0.0,0.01281855703952412,0.17158521140615146,0.003230947108628849,0.00024631416163174437,0.7558754960695903,0.045788569934666165,0.009842144480595984,0.0006127584376372397,0.0,True
00:21:29,5c41c28e896e090001c03bb0,155.3107170640991,0.6460675931115025,3.2212456295063885,-61.216842750080595,-402.23212,93.47111,-0.6873646999999999,-10.935331,-3.8488643,-4.952032,-3.6219900000000003,-0.13673547,3.2939187999999993,1.0486568,-6.341281400000001,-6.6500697,-36.603984999999994,25.944172000000002,24.7134,8.11236,3.3251793,-13.378927,-26.683761999999998,-1.9664234,1.4810143999999998,-7.538128010847071e-05,1.2757805115863208,15.000828736030481,4449.846992950264,5020.558523325566,12.147735971402714,12.246212391663995,15.102713705762215,13.259978159997143,20.966748652767134,19.595293969588354,26.935721500328413,0.04613184,9812.8125,0.088154296875,0.0,0.0,1.0,0.055608680658042434,0.05479816924780608,0.06925739021971823,0.02368599898181856,0.2424583312124014,0.3467847988009453,0.1149380560964346,0.0924685712903738,0.0,True
00:21:30,59278c090220760001fda664,186.80406661658225,0.5888270596394272,2.5706089692457983,-26.765862812851783,-296.27927,159.4162,3.7022578999999998,14.890847,0.48084527,-11.312268,-7.2776445999999995,-5.417946,-3.0317022999999996,-2.2250254000000003,-11.196461,-3.3648187999999997,-21.247377,-26.768896,2.6080332000000004,-11.848369,-11.793114,-7.128287299999999,-17.964945,-17.297280999999998,1.5149086999999999,-0.0001446230552227043,2.3995773399359264,39.882519831058296,1647.8936835416264,1692.1351446261608,13.4746796903281,11.278526507732739,14.886226626102927,17.155456305366748,24.22073672807096,27.98420213999804,32.852963384695556,0.00034019948,2957.34375,0.05185546875,0.0,0.0,0.0,0.011845587380230426,0.2926410386959712,0.003452248576407631,0.00013844997447449718,0.6252676407496135,0.059243346999088925,0.006759422396620114,0.0006522670621052385,1.0,True
00:21:30,5c41c28e896e090001c03bb0,,0.8979320958531986,,-89.83357532850641,-505.18497,9.640789999999999,-0.16969521,-2.4399495,-4.805872,-2.624134,1.6092763,5.1010294,5.1595445,0.8323553,-2.0625076,0.96459246,0.7739108,0.8328177999999999,4.3530245,3.3407864999999997,-2.1850172999999997,-8.517206,-9.756350999999999,-4.2545815000000005,0.23705082,-2.604228392605465e-07,0.0045726573997549435,,5673.280505816011,5851.573005534106,8.751192972467656,9.64271849961292,11.172904947068737,10.80723944770623,16.953917253294108,14.010469518372126,16.065684471797578,0.26058504,12069.494912790698,0.06231174698795181,0.0,0.0,0.0,0.056858350522816174,0.015047878096811473,0.16794812344014645,0.15423097806051372,0.05894619063474237,0.17717579379677773,0.14238809272646905,0.2274045841768384,0.0,True
00:21:31,59278c090220760001fda664,128.9664629818186,0.4173545444618325,0.9208845387939492,-29.69696053018426,-312.616,149.59756000000002,2.4855855,14.327964999999999,0.6560041999999999,-9.929388000000001,-3.7287209999999997,2.2648118,-1.3731889,-7.44371,-8.376814,-2.4429126,-11.215278,-11.295163,18.317165,-2.8407056,-17.02688,-8.699271000000001,-8.944297,-13.478632999999999,1.3598361,-0.0001088341487690682,1.809423019854317,22.24585873188793,1665.0412274583966,1534.1973944856834,14.218466682448733,10.844200100780286,14.715437605562832,17.631331600868762,22.16608311330635,25.953119684435297,30.098415681738558,9.573435e-05,2688.515625,0.043046875,0.0,0.0,0.0,0.01460133163879315,0.3040321896473567,0.004261833196505904,0.00013419070164673031,0.605359305938085,0.06492452919483185,0.006017062533646822,0.0006695384392514825,0.0,True
00:21:31,5c41c28e896e090001c03bb0,,0.5903010351168195,,-93.98404571159881,-507.10927999999996,0.1428964,1.2447262,0.42457926,-0.6045858000000001,-0.29132137,-0.27034205,-0.047161993,0.94856656,0.3839641,-1.1337864,-0.49869323,-1.1300069,-0.32805273,0.25020003,0.27837744,0.7185651,-0.017398236,-1.3049619,-0.2857362,0.036089025,-4.012054750544092e-08,0.0008542334975253883,,6561.776483828345,7663.6458373513415,9.897332717687386,8.441775297971663,9.886135486325001,13.322589367339365,19.855366280156147,17.60014979616185,12.949198438046254,0.3558828,15818.770559210527,0.07768811677631579,0.0,0.0,0.0,0.028347397223114967,0.0033399515436030925,0.049636670202016835,0.14015400186181068,0.005183655931614339,0.15640937238931654,0.24163410216569897,0.3752948299050331,0.0,False
00:21:32,59278c090220760001fda664,201.85758915213054,0.9002389467778845,3.3233727394199173,-23.87676326602571,-302.82776,157.81993,6.738415,3.1533422000000004,-9.491301,-3.126696,2.7048492000000004,3.9630919999999996,5.903158,6.2753043,-0.83621055,-2.4542167,4.910693,1.9144860000000001,17.691242000000003,11.788245,-2.9366847999999997,-19.363539000000003,-30.430998,-19.475729,1.7097193,-0.00011810181842208313,1.9508106514005443,31.13414296557448,1748.5237447200864,1783.7343763957742,14.903389949692885,10.061410791572419,16.629429712626408,16.381622484347652,25.06810214274806,26.013646828811346,32.29084114025456,0.00015852553999999997,2984.296875,0.05396484375,1.0,0.0,0.0,0.10652154224614302,0.02482564055826515,0.01021935703853766,0.14069729194355507,0.6329638143380483,0.02790043732772271,0.02826544884592295,0.028606473825251062,1.0,True
00:21:32,5c41c28e896e090001c03bb0,,0.8624118237190501,,-95.75716437696056,-506.92352,3.6623062999999996,2.1267915,1.8517305,1.5690178999999997,1.2827458,0.9969860999999999,0.7157203000000001,0.44277040000000006,0.18173756,-0.06405989,-0.29163587,3.6095457000000004,3.522526,3.4026022000000005,3.2516358,3.0719602000000004,2.86634,2.6379175,2.3901597999999997,0.14817709,-3.8633398760709716e-08,0.0007139627127562032,,6529.1682475433545,6652.00173990035,10.445869834892841,9.780325571143004,10.17701218100166,11.93422502536979,12.79114701834601,13.659406551176113,14.067149495538294,0.25114214,14466.666666666664,0.014352176966292134,0.0,0.0,0.0,0.00968552198028192,0.05566521543078125,0.019176210928708314,0.02927108420990408,0.5112356244586408,0.09823769330978394,0.21411449518054726,0.06261418089270591,0.0,False
00:21:33,59278c090220760001fda664,161.7901959940089,0.7023722199479007,7.808433312683027,-46.07950069068772,-398.97168,53.0446,3.3144400000000003,4.6031322,2.2297332,-4.9542413,-7.9796057000000005,0.5388222,4.6493764,-2.3167033,-4.422082,-1.451518,-4.488608,20.646345,0.019849177,2.0118163,-6.168944000000001,-11.412721000000001,-9.9702425,-6.3008120000000005,1.1441940000000002,-2.5247562795868303e-05,0.4469259267760116,28.09006178274123,3229.7945855996395,3636.775935102796,12.606322521918273,8.079726984972254,13.126497165723071,17.25227900699482,18.04649574355781,18.05033216658536,31.46376937913788,0.0016356069,5922.890625,0.11810546875,1.0,0.0,0.0,0.11125104191402596,0.033039192420740916,0.016613146134962637,0.06791948279521118,0.5626743773619334,0.13084858506917954,0.02789626680314541,0.049757907663782436,1.0,True
00:21:33,5c41c28e896e090001c03bb0,,0.9120426555956936,,-90.83799487521546,-505.49712999999997,11.253214999999999,-1.2734283000000002,-0.92494845,1.8478740000000002,4.505429,5.668297,6.7432289999999995,8.308997,8.362789,5.914696,3.332564,7.928805400000001,5.8339870000000005,4.4955883000000005,2.2204878,-0.041000728,-0.26731718,0.6594300999999999,0.20843719,0.3358772,-2.1276520876678012e-07,0.00358720270254132,,6053.94107293327,5424.883476495585,10.163220665812966,10.016352975291788,12.008280373877597,14.647274390630978,18.11406187286803,13.115433269447935,13.171619755509289,0.29793137,12345.474837662336,0.02336682771381579,0.0,0.0,0.0,0.010972090950235724,0.0560434902086854,0.010596814937889576,0.0173785837367177,0.5534428775310516,0.13939146399497987,0.15810014829039573,0.054074518010020264,0.0,False
00:21:34,59278c090220760001fda664,,0.7319295267465924,,-59.3746600950097,-481.76172,33.53298,3.4734375,2.4669428,-0.818232,-4.7902830000000005,-7.671833500000001,-8.256321,-6.352178,-2.7750485,1.0560915000000002,3.7151197999999996,24.496971,12.638692,1.4841174,-6.0408235,-8.596403,-6.7438455,-2.5104387000000004,1.5636511,0.40071857,-1.0717623233146343e-06,0.01767436383011381,,3027.095562076752,1324.3741986157886,16.792712534942158,8.818208947800354,13.44170523116539,22.463254225933305,16.41098489147863,15.02868156543748,17.233860584220814,0.00029569110000000003,1089.140625,0.025029296875,1.0,0.0,0.0,0.1037784470245242,0.037602125232418376,0.021144819003529845,0.023006702843122184,0.6510002036889394,0.0939049077530702,0.05412888508290052,0.015433910923699537,1.0,False
00:21:34,5c41c28e896e090001c03bb0,214.2200429395124,0.7338928882730197,2.4071079706709773,-37.549975812161534,-325.10922,83.74242,-1.0038190999999999,-1.6850317,5.195423,-2.5940428,-5.765283999999999,3.6452760000000004,9.448708,0.53925943,-9.214144000000001,-13.182564999999999,-65.49865,-5.208069999999999,7.6571603,-0.5518491999999999,1.8349707,-7.6350355,-19.562874,-2.4715862,1.6287096,-9.764307902679608e-05,1.6745360329558965,19.321200624586698,2589.554370831132,3035.435479074051,14.687958375059614,12.637132579668052,15.347896737762813,17.176541737651288,21.021682878308813,20.469822984814886,32.944323502843105,0.014955136,5054.296875,0.08614958175505051,0.0,0.0,0.0,0.09087347406893967,0.01744596933131106,0.08159639416262507,0.09110839441418647,0.03153105394449085,0.3045435167849064,0.2350811440497637,0.14782006051391364,0.0,True
00:21:35,59278c090220760001fda664,,0.7412067242917033,,-61.17330187579635,-483.67798,31.184477,0.52430123,0.9798331,-0.393864,-2.6103005,-4.4633427,-5.085858,-4.278636,-2.5032356,-0.5902373000000001,0.67031926,23.056171,12.204597,1.6481012,-6.016202,-9.440249,-8.832946000000002,-5.670408,-1.9734213,0.38677368,-9.764521352684012e-07,0.016145493726788574,,3271.1883389462537,1496.8041984095514,15.14784954600125,8.465229168026589,10.406761342430409,21.921147987674708,15.282562857207468,15.0728675227563,17.85656023783033,0.0005587429,1501.875,0.0237548828125,1.0,0.0,0.0,0.03345236380894979,0.09182871685673794,0.00754550041941305,0.001177874905988574,0.7651364127794902,0.0782539804155628,0.020684772823005914,0.001920335887310405,1.0,False
00:21:35,5c41c28e896e090001c03bb0,146.75259020925972,0.8855413664397844,0.7423947079218689,-20.332334459945933,-206.33241,153.99448999999998,-14.655275,-14.339846,3.1765223,-1.1997688999999998,-1.9130968999999998,2.3139615,2.4386375,-6.169807,-6.5194383,-10.06018,-43.3224,17.43522,7.8812284,-0.9590844000000001,-8.555565,-3.4811075,-11.600297,-4.1972537,1.6275194,-0.00023178919589564678,3.9236940159048523,13.096221329360931,2153.6719773305613,2056.235711353251,16.57345107750407,13.180923983538914,16.291180148411613,18.184947127933192,20.628903353543773,23.16864863544111,38.831352112601685,0.00051244744,3717.421875,0.0521484375,0.0,0.0,0.0,0.12700001815600054,0.00335579170080434,0.18371478401656666,0.2295295899467809,0.016934069405708994,0.05716567832444396,0.34852480249745504,0.033775261869387965,1.0,True
00:21:36,59278c090220760001fda664,387.1883545011278,0.9196094401522428,1.6352601016889303,-58.59745545828728,-480.84857,33.900414000000005,1.8158339,2.3238764,0.5639601,-2.3130395,-4.7666574,-5.753697,-5.1791754,-3.6424315000000003,-1.9102681000000001,-0.59571004,22.796934,9.145425,-2.6614572999999995,-9.88212,-11.909564999999999,-9.813754,-5.5291095,-1.1020012,0.4660723,-4.0094756570869534e-06,0.06564471369115348,44.77501006893158,3237.890338226761,1545.0780950821706,15.948380410251833,7.93010264934804,11.094664752791418,21.60403648584664,15.740998038800994,14.851810509097836,18.176379021015336,0.0006043411599999999,1579.6875,0.0261376953125,0.0,0.0,0.0,0.03696087611218293,0.024493283002326886,0.017833939761233826,0.006952429485196868,0.8876682957013448,0.012114758742973207,0.0070146706032877156,0.0069617458677385,1.0,True
00:21:36,5c41c28e896e090001c03bb0,291.85457963927206,0.8669118476846872,2.8083013799082943,-48.54374341527507,-330.65005,121.65563,-15.509216,-25.462803,-8.691355,-20.195657999999998,-15.993560999999998,-5.839787,0.5634215,3.4891841,-11.721109,-25.03904,-75.854996,13.985047,5.368988,8.170921,16.704124,-7.864080400000001,-7.938467500000001,14.384173,1.450081,-0.00011809326601620589,2.0125781131051093,18.1255310132258,3645.3845214738312,4113.060627625022,8.989097421612453,13.531615538850447,11.979877405441568,15.208398484046256,17.05206532036127,18.56547900352132,34.773212050831624,0.0583875,7982.34375,0.089609375,0.0,0.0,0.0,0.016912695986684413,0.0227461721689906,0.0075453090015798795,0.06967166383983568,0.3746975898742676,0.10526696037268267,0.3802943051792681,0.02286530659766868,0.0,True
00:21:37,59278c090220760001fda664,409.61629101089693,0.5979527362854268,2.5495198697548243,-45.84985100799427,-426.70523,88.378586,10.692955,8.368464,-1.0191021999999998,-7.616333,-6.8282566,-3.0174708,-1.590555,-1.9492368000000002,-0.77269506,1.7779479999999999,33.77748,-5.059611,-12.662355999999999,-7.1013875,-7.0048184000000004,-10.783872,-7.8874073000000005,2.6138310000000002,0.78256595,-1.8380947499462072e-05,0.30266493349381834,33.08637274940536,1960.430589401228,1237.6787324627755,11.828326931307524,8.662162040246352,12.527133282919404,18.25457035623811,22.83112372450869,17.520114799647807,22.238611827893894,0.00014134233,1595.625,0.034345703125,0.0,0.0,0.0,0.05005635131771366,0.020279255975037814,0.0030279753884921478,0.020422978602194542,0.8603213826815287,0.018588226816306508,0.01864715170425673,0.008656722559438397,1.0,True
00:21:37,5c41c28e896e090001c03bb0,82.50274957187533,0.6391759764501179,0.10749845593583343,-77.40144535453507,-461.30945,62.660534,-5.029085,-3.4637737,-1.0157543,-5.63796,0.66500616,5.8390565,0.41461015,-0.8016211,-3.8612263,-3.126144,-23.256916,1.4055423999999999,15.137529,6.6773043,-8.563313,-24.301085999999998,-9.574863,2.5043564,1.4367242,-3.364747065185874e-05,0.5673633788982037,29.664988812590103,4454.518926891275,4585.619730766781,9.501567549384065,8.224664527453095,14.233325085693838,14.102680957144553,18.066832207918953,14.647586180265622,19.01339956701417,0.33092523,8792.763157894737,0.06283010563380281,0.0,0.0,0.0,0.005807211715728044,0.003420848329551518,0.0014191964583005756,0.001882213877979666,0.9502957999706269,0.004818431905005127,0.03159636706113815,0.0007599001721246168,0.0,True
00:21:38,59278c090220760001fda664,,0.7035628754833669,,-62.320475733804045,-483.77872,30.679808,1.6810691000000002,1.1666256000000002,-0.25750193,-1.8114742,-2.827563,-2.9489615000000002,-2.2012353,-0.9325440999999999,0.36070603,1.2498018999999998,21.837661999999998,10.741000999999999,1.0155336,-4.8586454,-6.34784,-4.636648,-1.6985426,0.7156213,0.35709333,-1.0545175164442697e-06,0.01739658548147509,,3383.247650743156,1634.455566586963,13.544256347239045,8.015377080216842,11.366240661925428,18.97171510289921,16.941176856188143,15.054216721911642,17.139439297600266,0.0009863414,2351.25,0.0245947265625,1.0,1.0,0.0,0.15051188915967942,0.07404691682507594,0.014790649774173896,0.036068430589511986,0.5608675797780355,0.10122120901942253,0.03846110192437967,0.024032226344570518,1.0,True
00:21:38,5c41c28e896e090001c03bb0,153.30041257566666,0.7881165087879513,0.5454910250421711,-18.48309066037088,-175.73653000000002,167.76416,-11.250552,-5.2872915,10.775775,-5.91744,-10.875567,-2.1999145,5.806086,-1.3399618999999998,-6.6083364,-9.939204,-53.15899,4.7896624,-7.5164094,0.94280374,-2.2182226000000003,-9.575475,-16.548319,-1.4421413,1.6622726000000003,-0.00023926547082324243,4.058307309352779,13.364674592189644,2086.9060720584757,2118.961914831597,16.573207895154592,13.070397048298904,16.177348122968553,16.63490559720301,21.302271072420574,20.91723503744954,42.14868294423585,5.1640982000000007e-05,3681.09375,0.055693359375,0.0,0.0,0.0,0.016698177065700294,0.010179102630354464,0.004621941485675052,0.003755605235346593,0.8937696695327759,0.016269645746797325,0.05275225006043911,0.0019536152714863413,0.0,True
00:21:39,59278c090220760001fda664,256.7854870490666,0.6758748708968151,4.863138271686337,-36.924673381560225,-412.162,85.27534,22.821718,14.801109,-2.5533222999999996,-12.34038,-9.627748,-2.1319585,-0.7685436,-6.1969943,-6.810082,0.5677174,-1.4020466999999999,-34.788525,-19.278786,-8.0236,-15.301867000000001,-20.770607000000002,-9.98197,10.967696,1.1946639,-6.930480836733409e-05,1.1461911131551867,57.2675773424066,2086.2431313437382,1770.1899328973132,11.469017004112295,8.294205136112774,17.364774581360578,23.375080673546947,24.203832143576502,19.277789717928602,24.40757529762225,0.0008637886999999999,2891.953125,0.043427734375,1.0,0.0,0.0,0.03016727858533462,0.02306906453644236,0.010099767373564343,0.003331307255818198,0.8997885982195536,0.01951932734809816,0.010806938710932931,0.003217706185144683,1.0,True
00:21:39,5c41c28e896e090001c03bb0,146.68477331491584,0.8139359213551202,0.999275948857761,-24.892618534212712,-276.4199,134.9045,-17.753365,-10.670406,5.9229083,-2.5011097999999996,-8.979392,-5.4780964999999995,5.1135335,5.4209666,-8.145622,-15.073503500000001,-24.56622,19.884892,-1.0635445,-9.688388,5.3415422,-8.768381,-7.722052000000001,0.44516015,1.7344153999999998,-0.0001437389821843239,2.4291826988365277,15.363570584173644,1871.725999444721,2598.6776545412054,15.129083644070606,12.57311983957526,15.813056040501746,17.561063653101066,23.15789636476569,24.53421991667455,39.25804730019625,0.0006884105,4014.609375,0.090947265625,0.0,0.0,0.0,0.020378680597059433,0.012229131208732723,0.17350269670132548,0.016376286745071408,0.7027362659573555,0.017043542815372348,0.03647374417632818,0.021259658609051255,1.0,True
00:21:40,59278c090220760001fda664,278.6443819650388,0.9002368683722259,11.273886685278734,-49.789840483672855,-437.7648,66.24234,3.9249115,2.05952,-1.7132167,-2.3438642000000005,-0.7140456999999999,1.4299568999999999,0.9136966000000001,-3.9148035000000005,-5.190968499999999,0.37126926,16.05111,3.4145917999999997,5.69775,-6.2294316,-17.46971,-15.4331665,-7.922628,-0.4465915,0.84449375,-2.312335756229364e-05,0.3839914900662312,22.61675060796173,2561.1247505281563,1605.2516626741362,12.175396322583827,8.988073320932855,13.575118706221213,18.43428178331843,18.01328737727073,19.967643606727158,21.9407531943226,0.00047483970000000003,2427.890625,0.0320166015625,0.0,0.0,0.0,0.048250179365277285,0.031368528865277766,0.01123069712581734,0.02127182234932358,0.8017994840939839,0.0422976062943538,0.009169676387682558,0.034612028890599805,1.0,True
00:21:40,5c41c28e896e090001c03bb0,114.85942373275091,0.8043789976614586,0.7832743927249424,-68.68279163899902,-454.24316,70.47600600000001,-1.3899117,-6.3020787,-1.6235287,-2.4454105,-2.4287345,3.7212362,4.8526015,0.22290374,-3.640738,-4.43655,14.443504,10.03155,15.263957000000001,10.328028999999999,4.64438,-3.33411,-0.60025054,6.188168,0.51435125,-2.5429600327385628e-05,0.4168668761336213,14.463483737242012,4254.39797657009,3577.8080907052613,15.79477416407843,9.424752212437637,11.305959592703266,13.029768415199792,17.311367441478627,21.220393990752424,21.200646086517786,0.16838153,7654.740767045455,0.02591765873015873,0.0,1.0,0.0,0.2526631273329258,0.006331826641689986,0.2260346773080528,0.1324521934380755,0.036646382929757235,0.12875959016382693,0.17394178379327058,0.04317044468480162,0.0,True
00:21:41,59278c090220760001fda664,217.2279820077341,0.6032062099688695,4.1446967748512495,-28.64150687605139,-308.33853,118.673744,10.03149,0.9711402,-5.271881,-3.8346674,-9.870352,-4.3302174,5.914990400000001,0.12511607,-7.826728999999999,-0.30588958,-29.303905,6.599312299999999,12.66596,3.3057833,-0.28249509999999994,-11.569968,-16.194479,-4.472291,1.4940008999999999,-8.07281170445872e-05,1.3675825439950648,38.513528355321505,2084.9854603365475,2728.75711333091,13.25599068402497,9.58428826358682,12.939421888264162,16.342654523221974,23.821025661515836,25.22027167267316,35.9451446160109,0.00031275613999999995,4408.828125,0.08947265625,0.0,0.0,0.0,0.08671421104421219,0.06740411091595888,0.011764672010516126,0.00979736582764114,0.6755627791086832,0.1190672035018603,0.014874922980864843,0.0148147389292717,1.0,True
00:21:41,5c41c28e896e090001c03bb0,,0.4477554457750085,,-96.04751742155895,-506.74268,-3.9941663999999997,-3.5502182999999996,-1.6939216000000001,4.741336,-3.2640254,-0.7718048000000001,3.4240873,-3.1034342999999995,0.051850248,2.4814117,-3.0034560000000003,-3.8693392,8.079984,-3.8859255,-3.3215190000000003,7.197323299999999,-3.7620052999999998,-2.5362892,6.0673575,0.23178922,-1.2165722977881535e-07,0.0025083212607723915,,5695.490496146974,7773.551275205047,9.51832236024244,11.024951651964614,9.334228295783383,10.640581483307397,15.596094919224806,15.155683826325806,17.238661202003314,0.4098405,14362.847222222224,0.10215494791666667,0.0,0.0,0.0,0.06855209035630752,0.030043696958778638,0.16600951099179734,0.01898012708988972,0.4621653491113749,0.13248797563008136,0.11666535689598985,0.005095883692976915,0.0,False
00:21:42,59278c090220760001fda664,128.93357467665686,0.3543232184325485,0.7415024079424769,-42.83908409237005,-406.87237999999996,93.34016,0.24406232,1.7156447,-1.3121927,-1.8328977,-1.3670508999999997,-2.421879,-2.6130805,-1.7852023000000001,-1.8864870999999999,-0.97560996,21.86448,7.3027334,11.404516000000001,1.5050371,-6.00062,-11.024907,-15.586451,-9.557947,0.92990816,-5.76944070270651e-05,0.9534736795619112,24.19653738802538,2143.8746419705553,1264.8286600158685,16.262575757130776,10.417049200380843,14.264100309449177,17.553793575600984,20.42264326019121,18.35684561728457,22.781281533577687,0.00020635416000000002,1618.828125,0.0294189453125,0.0,0.0,0.0,0.18930822511514028,0.004718635857958967,0.009179278222533564,0.17106976496676604,0.5453002189596494,0.013945963094010949,0.0199177089612931,0.04656021595001221,1.0,True
00:21:42,5c41c28e896e090001c03bb0,102.32749088224031,0.6763971417027903,2.5465315903362282,-49.061713884941966,-362.9821,115.67123000000001,-9.928795,-0.6453760000000001,6.610017,-6.610727000000001,-6.714023599999999,-4.247891,0.035577476000000004,8.912278,-0.13674957,-12.541751,-31.944538,-3.8424796999999997,2.8118591,1.4021311,0.68172103,-15.469632999999998,-4.5129147000000005,3.7187919999999997,1.2482118999999998,-0.00010056798698388503,1.6934807818486035,26.435153826238047,3294.3197143534703,3046.582981226756,10.651028218695126,10.087149741933581,12.694386834893349,15.550085275860242,21.652896560638247,18.29775373347353,28.057427429455096,0.030975161,5878.828125,0.0559326171875,0.0,0.0,0.0,0.0013007034052861855,0.0011864975705975667,0.0006186044778587528,0.001848644996061921,0.980964857339859,0.0029354794416576627,0.00990662566618994,0.0012385550449835136,1.0,True
00:21:43,59278c090220760001fda664,106.5444961167374,0.5753598860569779,1.4006784623961426,-34.45613359925408,-358.89215,130.94966000000002,-0.68003774,5.7370067,0.78301597,-4.8838587,-7.759848,-5.2931705000000004,-0.8242520000000001,-3.7379413,-7.0164304,-0.38975906,13.728139,-9.433675,6.856066,4.4200473,4.626837999999999,3.3453887000000004,-11.5213785,-14.535287,1.2225772,-5.425434317734403e-05,0.8992174099673789,25.466853214747967,1862.930513416585,1695.3451553159787,12.883266505538645,9.832366372082038,12.922244992192011,15.89716399545735,23.22410505049031,24.07650717999845,27.86003520991561,0.00024149055,3032.34375,0.0527880859375,1.0,0.0,0.0,0.15115474580476682,0.041296275425702335,0.02552355877123773,0.01710317499625186,0.7063919862111411,0.025733170798048374,0.021630589695026483,0.011166515892061095,1.0,True
00:21:43,5c41c28e896e090001c03bb0,,0.8670281184342519,,-82.95814508821071,-505.27283,5.706632,2.4459077999999996,1.6368502,1.094666,1.026867,1.0416179,1.9411460999999999,2.5774369999999998,0.8734976000000001,-0.7859441,-0.03885913,3.6868133999999997,4.056033,3.9261312000000004,2.6657946,2.6716506,3.206154,2.8455405,2.6008406,0.16223896,-1.600033674727867e-07,0.002821576523867156,,6080.985902985069,5585.3407875920375,13.821175502596645,12.726713635429626,12.695819716349554,16.566520528808987,20.7989135937693,19.00386640188617,14.11353745996098,0.070026875,12414.375,0.049147002551020405,0.0,0.0,0.0,0.02366498909065161,0.03306860411116345,0.019310943587201604,0.001710480780854017,0.7196815335615114,0.07110915089089592,0.13006444213996554,0.001389841109895232,1.0,False
00:21:44,59278c090220760001fda664,166.2457762971317,0.7884307632565459,1.2605018285988594,-29.23246896800725,-320.31186,144.42036000000002,-2.0608392,-2.0038106,-0.78548735,-2.1075804,-10.139492,-4.737785,-2.7267002999999996,-8.116763,-3.7530417000000003,2.7213619,2.07231,1.7137716,14.695526999999998,-4.0543785,-16.790958,-14.595572,-14.135253,-11.950904,1.5717733999999999,-0.0001265488625571052,2.0971579859112732,29.138826002128233,1863.289847577141,1611.5129404417155,15.050866623457509,12.726142867292946,15.08313760481497,17.929295979657862,19.92581748686721,25.369658248177466,29.463076495565943,0.00021254772000000002,2966.953125,0.0424853515625,0.0,0.0,0.0,0.07292148200795054,0.05101711919996888,0.021967848064377904,0.03165873480029404,0.7218602657318115,0.06823279517702759,0.01589491916820407,0.0164468481283014,1.0,True
00:21:44,5c41c28e896e090001c03bb0,,0.4345314764420729,,-46.30288464046847,-343.85733,94.75809,-13.356048000000001,-12.996922,4.6130958,-2.4889886000000003,-10.867589,1.0101825,5.2758484,6.5188093,-1.3721268,-14.317274,-92.77589,-1.9546789,8.739229,-16.232351,15.472254999999999,-6.022073000000001,-19.111982,-2.8881009,1.3172516,-6.416489352566076e-05,1.1268170304150318,,2943.8735497366993,3803.645061701958,13.248953707207287,9.5426846029278,11.45215499195153,16.00038865950361,17.58657780853016,17.497567382790756,34.43862381740548,0.024987718,6728.671875,0.116318359375,0.0,0.0,0.0,0.2503096304833889,0.04673279467970133,0.060866075288504365,0.011159734963439406,0.05108640659600496,0.3545196786522865,0.21833553090691565,0.006990124739240855,0.0,True
00:21:45,59278c090220760001fda664,153.6903601011559,0.5878551175025147,2.8902923461128185,-26.589206793588094,-305.19437,153.14053,6.3154144,6.3147470000000006,-7.3207827000000005,-6.378329,-3.0403203999999997,0.6349954000000001,3.4737704,-1.1528453,-5.645398999999999,-1.2643902,-11.78956,-7.406077000000001,29.461261999999998,13.681231,-10.042308,-19.359686,-27.442581,-19.031382,1.5880246,-0.00012943078979547637,2.1504349940409875,35.71685887192073,1776.7638822726221,1596.3023888849027,14.69807119969415,10.826093177957953,15.949437056216539,16.593816629112936,23.196317670681267,26.898153938882235,31.39468713996616,0.00014210354,2740.546875,0.04154296875,0.0,0.0,0.0,0.04142436472078164,0.07538434769958258,0.018386008745680246,0.016666205336029333,0.7809354762236277,0.025359300741304956,0.02962238229811192,0.012221930067365369,1.0,True
00:21:45,5c41c28e896e090001c03bb0,313.6875896684172,0.9068468554029738,2.81260186683196,-58.50158825122215,-385.19586,116.93111999999999,-15.476673000000002,-29.018492,-2.642545,-6.256501,-20.099915,-9.548892,-1.8393457999999998,3.0934342999999997,-1.469532,-13.120557000000002,-48.448170000000005,5.018968,15.622663000000001,6.1913266,2.8515506,-18.854563,-21.34885,-1.3549756000000002,1.6477072,-6.815005619760819e-05,1.1410279335857834,13.631233164361511,4234.8949134631675,4759.396996839722,9.659847991033693,13.875392044982517,14.464413638716168,14.39245683058199,18.690195063325092,18.135435781377208,27.019424226866047,0.13318808,9736.128826530612,0.043257732780612235,0.0,1.0,0.0,0.05071051474660635,0.0008726213494810508,0.010907207953277976,0.56992839127779,0.013107201200909913,0.08649989599362015,0.07671170169487596,0.191262474283576,0.0,True
00:21:46,59278c090220760001fda664,136.09955581201223,0.7930877414591234,1.9309052463646017,-36.0121499051078,-362.43832000000003,112.32208999999999,5.8627224,-0.6511618,-3.2576566000000002,-1.507776,-3.7568314,0.6273204000000001,3.153095,-5.0039754,-8.37152,0.8588404000000001,8.214675999999999,9.63689,16.250082,3.2394062999999997,-9.303958999999999,-18.463593,-21.130281,-6.501835,1.3875176000000002,-6.510153318648585e-05,1.0842147701062783,30.94681075532672,2440.182551942045,2177.568589189082,13.145860305531802,11.472788668215328,14.697327470921767,15.634150672674329,20.188413158556433,21.954494962335357,30.52963076514133,0.0008449602,4336.171875,0.056474609375,1.0,0.0,0.0,0.016609646767998736,0.022746664572817585,0.0095887552422937,0.005470621727484589,0.9179229736328124,0.00913897285257311,0.011268567554846716,0.007253820967162028,1.0,True
00:21:46,5c41c28e896e090001c03bb0,,0.7435619970012757,,-83.80417350746634,-500.2449,12.139451,-7.07678,-2.7618961,3.636142,0.5897941999999999,-2.070379,-2.5673470000000003,1.0796807,7.8419886,2.1810267000000003,-7.0946336,-2.9140444,-3.7453856,-0.9815978000000001,1.4975847,-1.2386177,-6.663363499999999,-2.7347443,-1.3093122,0.32613012,-6.84479577331122e-07,0.011937617572912843,,4592.279016386517,5217.411520567493,9.720437633910905,11.474492199486267,10.744170025471695,16.304274659214506,18.135253988175727,18.58267589214188,20.28651571867409,0.3058033,9683.079769736842,0.11409719366776315,0.0,0.0,1.0,0.03003448020252917,0.0062048143784826,0.012450349568906758,0.2819976566566361,0.03072021476044837,0.12404987112515505,0.09701442925466433,0.4175281822681427,1.0,True
00:21:47,59278c090220760001fda664,115.69367602385836,0.8611156848851984,0.3637345043164668,-25.074787771100546,-290.44836000000004,170.30911,7.237381,14.654047,-0.37450123,-6.471010700000001,-5.9253029999999995,-5.1049614000000005,-0.030096991,-0.124917254,-7.0048639999999995,-4.352317,-9.575476,-13.402669,24.157394,8.565464,-0.78418493,-2.5689728,-21.632519,-20.947046,1.3317727,-0.00012135468058906747,2.0137080141257258,25.65658105356951,1594.0037256270966,1526.8924480975086,15.98734683754277,10.979351934599004,14.637927431866315,17.06649576173022,24.505181163352532,27.088048715716553,30.35154306894042,8.0179314e-05,2653.59375,0.0448388671875,0.0,1.0,0.0,0.0018190579896327109,0.0019596073815288644,0.0010694649652577936,0.00028062279452569785,0.992732282479604,0.0008040959345332036,0.0010710449152005216,0.00026384857289182644,1.0,True
00:21:47,5c41c28e896e090001c03bb0,,0.5123811104325577,,-98.74939507388628,-507.1426,1.3386069999999999,3.7814127999999996,-0.76230085,-3.8265285,-1.0160198,3.4306059999999996,3.021134,-1.5216285,-3.4966428,-0.11273282,3.5478730000000005,-3.6649866,-2.9415214,2.3804958,4.39613,0.20096044,-3.935139,-1.9731781000000002,3.0735330000000003,0.11366991,-7.17153194082522e-08,0.0013435954196975596,,6352.607558126943,5891.620040733996,10.753440967306897,8.966769119961668,9.692599169373171,12.77202479360957,14.031938418492565,12.701349368361228,12.309219303027039,0.5076064,13586.674528301886,0.04123673349056604,0.0,0.0,1.0,0.048722585942596194,0.019684329023584725,0.018059141980484132,0.1832722529768944,0.11928532999008895,0.13636467643082142,0.10870951265096664,0.36590216681361204,0.0,False
00:21:48,59278c090220760001fda664,139.24594572939372,0.5700153249819403,4.011099752936183,-43.44522347696804,-381.51462000000004,87.268036,7.3305197,3.5131072999999997,1.1011069,-0.5348854999999999,-5.989078500000001,-2.8138490000000003,1.0786517,-3.6799742999999996,-6.74565,-0.5120754,-3.3395996,4.095796,1.6839833,-7.633717,-9.9230175,-12.033913,-14.097848,-4.824285,1.1299816,-5.866893839753127e-05,0.9843881739921336,34.181276980336186,2581.513283482008,2353.089538312269,11.798849223054466,8.633587334696827,11.74770457931916,16.123596731878713,19.65954513748051,21.612208201616927,28.211522100534292,0.0009423916,4023.984375,0.065908203125,0.0,0.0,0.0,0.0006380081623016548,0.0017006839159876108,0.0002559132796401779,8.491466821093733e-05,0.9962746818860372,0.0003527138013547908,0.0005517655391789352,0.00014130328442358103,1.0,True
00:21:48,5c41c28e896e090001c03bb0,180.27468289631184,0.5583102323600153,1.1802251538898458,-39.14836824323607,-266.21454,155.56696000000002,-8.690969,-4.720786,9.237478,-0.5826769,-10.738702,-4.838408,2.67217,-4.546736,-7.934635000000001,-15.981023,-47.417778000000006,-5.6597743,-10.525781,12.409130000000001,-9.395802,-9.333044000000001,-18.678907000000002,-11.471838,1.8420455000000002,-0.00020567211023941027,3.485254800266536,18.029585728683678,2794.67697051578,2901.765886710231,13.417881980834725,11.763177238360253,14.17608669495926,14.13769780240528,18.6395278073186,19.464463759812286,33.7723808497918,0.11698732,5457.880434782609,0.047044836956521736,0.0,0.0,0.0,0.013761049462482331,0.037324871681630616,0.01181104043498635,0.13417764622718095,0.2705624021589756,0.14766561090946198,0.10497501567006112,0.2797223418951035,0.0,True
00:21:49,59278c090220760001fda664,103.47333791740387,0.7256152314023111,0.571662335481585,-52.10289310427346,-423.51035,68.14116,5.3227405999999995,0.2771611,-2.0646126000000002,1.6261437,-0.72339535,-3.1940176,-1.8260493999999998,-3.188567,-3.6241472000000003,-0.48033684,2.3205717,3.1997519,12.4181185,-3.1202023,-8.620966000000001,-7.8626337,-11.647392,-3.6058576,0.72857815,-5.070045856474198e-05,0.8408755017063596,36.245027016442,3287.296958816029,2207.354646450369,13.122536379689805,8.604163588139798,12.830818308780366,17.797633857345453,16.81577334923691,17.69094598569509,22.08221880986572,0.0018437393,4440.234375,0.0368359375,1.0,0.0,0.0,0.011599606492867072,0.07637308929115534,0.0048571327041524144,0.00037946358546226604,0.8537453810373942,0.02578102124389261,0.02691164226271212,0.00035269209765829144,1.0,True
00:21:49,5c41c28e896e090001c03bb0,169.83120784626203,0.5945673536429285,0.7962712228055645,-19.87802649005464,-183.21303,130.8905,-9.303408000000001,-4.609042,4.1663275,-6.987057000000001,-2.9283137000000004,-1.8042771,3.1915097,2.644876,-3.8194277000000003,-14.466519,-63.660812,30.720196,0.7370926999999999,8.227416999999999,-1.4832921000000001,-19.355814000000002,-26.729430999999998,-3.0062897,2.0512185,-0.00024574884450426416,4.274599169553467,15.824451297249244,2360.56071358583,2933.320475968101,13.592836116279768,11.661083790575711,15.707004657602873,15.108910613744204,19.344780384482853,21.841959401370215,44.76359808672605,7.136648e-05,4880.625,0.09470703125,0.0,0.0,0.0,0.0070164026459679,0.014800123265013097,0.006118711549788714,0.05287598418071866,0.7274588972330094,0.05619292315095663,0.05216243462637067,0.08337452299892903,0.0,True
00:21:50,59278c090220760001fda664,,0.8634265987403201,,-57.1325870150819,-469.32275,45.135574,4.15902,5.76307,2.9722478,-2.0140429,-5.7228885,-6.2504787,-4.1090736,-1.141976,0.9626568999999999,1.4977111,24.017084,5.060486,-3.7005617999999996,-4.731833999999999,-4.4067135,-5.006368,-4.235580000000001,-0.44816718,0.6018239000000001,-4.572755472752618e-06,0.07529747219910479,,2898.0909517449554,1574.1326318576723,12.850941766763107,8.818534889504457,10.73996922241115,18.3411219941678,18.231934661712167,15.612364555486149,19.89421137877185,0.0007767414999999999,2216.953125,0.030458984375,1.0,0.0,0.0,0.00891364912580078,0.03293649739741037,0.0017453759976585085,0.004947520708325707,0.9338326295216878,0.009021941145571569,0.0041634256020188325,0.004438958698301576,1.0,False
00:21:50,5c41c28e896e090001c03bb0,164.0259121123296,0.8266919029825479,3.0658154363171155,-27.729213389185187,-270.05157,108.21427,-10.508977,-12.194256,-1.1788610000000002,-3.861554,-1.0771223,-0.10912411,1.3460453000000001,2.9676032,-7.131904,-9.596603,-59.56304599999999,26.07045,6.0830755,-8.900678,9.6610365,-6.922445,-14.506684,-1.0350620000000001,1.6839554,-0.00015901627414169694,2.7422208408779407,19.639590738486987,2313.100319298072,3145.6595790857823,14.510784983304866,12.7023987176703,17.510026627601974,17.534842948261982,21.999348686589588,21.913936900136594,40.13842699650849,0.001617926,5272.734375,0.08517578125,0.0,0.0,0.0,0.035353370383381835,0.04610752165317535,0.08458451628684997,0.01305973615963012,0.5100917935371398,0.21901097968220712,0.07890743296593428,0.012884643231518566,0.0,True
00:21:51,59278c090220760001fda664,,0.7659689665714733,,-64.12809088510636,-491.25638,21.336752,2.8019812,3.2898064,1.9238932,-0.5925289,-3.213156,-4.9837356,-5.383411,-4.4598174,-2.7364955,-0.9573931999999998,15.55974,7.866697,0.44067007,-4.815457299999999,-6.884564,-5.887899,-2.9169588,0.45935604,0.32894498,-6.896346837275947e-07,0.011489566946352866,,3738.2858025284936,1792.1853783064794,15.177497718213592,8.153822230488851,10.728606747578176,21.646294713566903,14.789855601545426,14.64601740567048,17.231094606127158,0.0009430219699999999,2186.484375,0.0259765625,0.0,0.0,0.0,0.025774694855014484,0.07211995447675387,0.004578637766341368,0.0013122393560479394,0.8152055223782857,0.044977885236342746,0.03561071964601676,0.00042035606844971577,0.0,False
00:21:51,5c41c28e896e090001c03bb0,134.95131516883652,0.870521050713985,0.6298244127502665,-21.435675601081808,-252.61388,157.53322,-18.441132,-8.708264,8.936878,-0.8831568000000001,-5.979663400000001,-2.415867,2.6491487,-0.42994499999999997,-10.572522,-12.5585165,-19.377489999999998,26.638525,11.449389,-4.845507,10.050924,-12.951247,-15.004288,-2.2905712000000005,1.83695,-0.00013919499361736586,2.360057825935131,17.05448300193774,1720.3803174146642,2037.62251182918,16.03944864868062,12.288507310441592,14.351906537344565,19.017020468874282,21.85568947767001,24.300777133874195,38.68510268651141,5.5356400000000004e-05,3409.6875,0.0664990234375,0.0,0.0,0.0,0.07234968114644287,0.03084797756746412,0.3843359850347042,0.08330266191624107,0.15954093150794507,0.12959884107112885,0.05978329069912434,0.08024062449112535,0.0,True
00:21:52,59278c090220760001fda664,,0.7434364614287702,,-62.48057725937942,-487.1848,26.18828,2.6307994999999997,2.1146357000000005,-0.0729613,-2.5625494,-4.0657554,-3.9531739000000004,-2.4383578,-0.34621757,1.3525965,1.9847852,18.081501,7.6101274000000005,-1.9590836999999999,-8.032288000000001,-9.570211,-7.2769303,-3.089713,0.7507843000000001,0.3749263,-8.397230587224759e-07,0.01394306430888067,,3425.607317651052,1645.5079555909713,15.737966160319596,8.305423050893026,10.812562498187187,21.59451224634075,15.44293714575233,14.33914328915575,17.790525321944145,0.0007331506,1789.6875,0.0269970703125,0.0,1.0,0.0,0.0644706561540564,0.012971076726292571,0.0058996760286390785,0.025186635033848385,0.8166799465815227,0.026540244681139788,0.042175481623659535,0.00607627856079489,1.0,False
00:21:52,5c41c28e896e090001c03bb0,282.8505031431848,0.9857759992153788,4.609616964082517,-32.68929193144608,-271.05078,137.92383999999998,-12.222697,-14.636592000000002,6.856634,0.58485466,-11.356477,-8.401697,-3.2012303,-8.922869,-11.225063,-10.827703,-50.650795,-4.0179653,-1.1115979,-2.9339695,-1.4496456,-7.7559247000000004,-17.440006,-1.801316,1.6337322,-0.00016430522432052231,2.7842110581311674,29.23953033817816,2441.200856929959,2580.8120254154683,9.724282462045107,11.300229684611715,13.607236524345508,15.8247077621699,18.82026820094857,20.459573354433253,34.10106611986373,0.007410656999999999,4588.359375,0.0670361328125,0.0,0.0,0.0,0.16721700523048638,0.011410713655641305,0.14541186559945346,0.1235170636791736,0.01628930235747248,0.22753812596201894,0.19937549494206905,0.10924045597203076,0.0,True
00:21:53,59278c090220760001fda664,215.4457560989155,0.6246484526664048,7.671027420023772,-44.56837148650007,-392.82266,93.9151,10.351391,8.494857000000001,0.48361048,-3.0057502,-6.803832000000001,-4.9891515,0.19310516,-3.518363,-6.268154,1.2950861,1.4856293999999999,-5.9821434,3.9955027000000003,-9.52572,-9.959553,-6.6885924,-13.259373000000002,-5.0499540000000005,0.91691184,-5.649868330208759e-05,0.9444198278404192,17.170762126295074,2372.3383789037257,1634.5238493540537,12.70731372028736,8.26199161964426,11.959546189236702,18.25761485606598,18.50185943904344,19.782480990165745,24.081197253027078,0.00036895176,2386.40625,0.03873046875,0.0,0.0,0.0,0.09739972382473447,0.03057849771964053,0.002890801235722999,0.1346947251566841,0.6684836268424987,0.02017634006527563,0.011531566246412694,0.034244704467710115,1.0,True
00:21:53,5c41c28e896e090001c03bb0,,0.666416859299725,,-52.519802385636176,-428.10077,54.335392000000006,-5.27821,-10.577665,0.52720004,-2.6305144,-6.510554,-2.9190466,-1.4497719,2.8681402,1.1747185,-3.7917151,-24.540461999999998,7.044810000000001,20.493807,6.8732676999999995,16.494514000000002,10.818392999999999,3.6349251000000002,8.26892,1.0014155,-1.3660815349013123e-05,0.2349501981096217,,3159.567658258185,2809.139387301015,12.367662846713252,9.961601272345675,13.844566630453073,18.970091632054746,17.002614962371318,17.960360956574394,25.671965428370253,0.011354221999999999,5465.390625,0.065185546875,0.0,0.0,0.0,0.08011406871744177,0.008900565730238503,0.026147124971347774,0.00729377692120827,0.668627095578069,0.041043306235224015,0.16602198644117874,0.0018520567510594528,0.0,True
00:21:54,59278c090220760001fda664,,0.7178994120534181,,-59.202648776657234,-477.70923,38.01078,2.7426507,2.0661495,-0.28178686,-2.9761142999999994,-4.8104024,-5.1340375,-4.0104584999999995,-2.0691824,-0.15163393,1.0610896,25.904144,10.769166,-2.364836,-10.036650999999999,-11.465583,-8.277683999999999,-3.2837372000000005,0.896848,0.44676584,-1.3064781140623771e-06,0.021521849367542503,,2945.477056274824,1394.4467410806412,14.133692419171524,8.040730242984504,11.93964891591686,19.816354272248443,17.39099538070189,15.064397148466588,17.805060749318642,0.0004920728,1503.28125,0.0260693359375,0.0,0.0,0.0,0.01848107950451473,0.007774394331499935,0.005117861503579965,0.002666450732309992,0.951573594411214,0.0049091289751231676,0.007544522340564678,0.0019329824795325601,1.0,False
00:21:54,5c41c28e896e090001c03bb0,125.76983221085518,0.6298384754448562,1.5358177758456808,-32.94857485112293,-274.13858,135.45557,1.1770235,-1.7635237000000001,10.109017999999999,-0.40827270000000004,-7.832088000000001,-4.0292177,-0.5606501,-3.0897422000000003,-6.350065,-12.135346,-44.869021999999994,6.1908900000000004,2.7840228,7.145314,-2.5506667999999997,-10.912573,-14.715322500000001,0.47616857,1.8631705000000003,-0.00014813332580348784,2.5247887573503065,19.953082851148398,2560.539489429961,2654.690635737777,13.187104052369394,9.593274639208033,12.842652431472006,14.897745295984087,19.17988369393783,20.195941646432885,36.32183108956057,0.007531733299999999,4634.53125,0.0718017578125,0.0,0.0,0.0,0.05995190261617408,0.03221347170054085,0.020509125145811897,0.0037753080703421603,0.7238103267219331,0.0792152550485399,0.07788652916335398,0.0026380868770906497,0.0,True
00:21:55,59278c090220760001fda664,,0.7249474511647983,,-60.835177958226396,-484.4181,29.681438,5.7759023,6.1128707,3.667354,-0.15607773,-3.6691387000000004,-5.609163,-5.5568066,-3.9429662000000003,-1.7133005000000001,0.15133594,20.410593,8.310292,-2.921047,-10.199363,-12.087577,-9.136941,-3.4562116,2.2547528999999997,0.37835359999999996,-9.679088697778972e-07,0.016025302448620004,,3222.355581501411,1526.9668991765577,14.24547602840649,8.094443978421843,11.798363436339619,21.902826213157077,16.625687536948536,15.207559293143554,17.83812700136239,0.0004956897,1453.359375,0.0284375,0.0,0.0,1.0,0.3258510445555051,0.0035278034803923218,0.003410254387805859,0.15416381489485506,0.3219221989934643,0.01534325828930984,0.16688298794130485,0.008898638732110461,1.0,False
00:21:55,5c41c28e896e090001c03bb0,146.95823679490084,0.6029631545025161,2.042630701979109,-19.880834289702047,-223.64062,165.39648,-9.005774,-13.562183,3.3612300999999998,2.0732403,-6.2269773,-5.400447,-0.21848379,1.4796934,-5.9584737,-14.168876999999998,-33.653645000000004,18.481195,17.15932,-0.4586037,-4.826308999999999,-14.463125,-15.314438,-0.13872601,1.9555709,-0.00018138942952368225,3.0513139827982814,23.728950668687602,1786.203003768354,1818.2471899301433,15.15316812679837,12.243077326626706,16.13284689291428,16.480963664658688,21.032464404617823,20.88236400242135,38.62170012729216,2.0936448e-05,3091.640625,0.0501318359375,0.0,0.0,0.0,0.08652189895510673,0.030648509273305532,0.14383983369916678,0.03995613487786613,0.4808595225214958,0.09924480002373456,0.10066637769341467,0.018262924905866385,0.0,True
00:21:56,59278c090220760001fda664,,0.7208171415603816,,-58.37367891718917,-476.21497,38.98317,4.2766532999999995,2.3693432999999997,-1.0700942,-4.294176599999999,-6.063261,-5.9317746,-4.2413362999999995,-1.8911735,0.07094203,0.9266538000000001,24.069470000000003,5.961456299999999,-8.762591,-15.880166000000001,-14.990423000000002,-8.930071,-1.8094181,3.0537956000000004,0.47738397,-1.3687932587784314e-06,0.022567609554413105,,2836.2421091277533,1386.1367423422653,13.894800715774085,8.756380170325723,11.877450800136867,21.60230671262617,16.527651861913615,15.429681534316812,17.910301078294093,0.00036807657999999996,1340.859375,0.0301611328125,1.0,1.0,0.0,0.09490747588376204,0.020177747363535063,0.02773296710414191,0.04867626254757245,0.6567186335722606,0.046487574869145946,0.0926440520832936,0.012655288881311814,1.0,False
00:21:56,5c41c28e896e090001c03bb0,136.6322019026128,0.6643408786999444,0.5241898403957248,-18.303810263851805,-227.38203,154.75009,0.14279269,-11.402382000000001,-2.2019843999999997,2.400439,-5.9251275,-7.984424000000001,-0.92270434,5.0310893,-3.1184936000000003,-16.844284,-48.115173,16.88825,17.65811,6.8674474000000005,16.666586,-12.87632,-30.525892,-4.6338377,2.001243,-0.00016690312531998083,2.8286790922041214,17.70935275653795,1760.8471438103784,2189.7544523314473,17.737789297700264,14.085266515195476,19.06161291359169,16.45145677098282,25.19502023054153,21.776999334608263,40.071638466576594,2.1381149000000002e-05,3519.140625,0.071689453125,0.0,0.0,0.0,0.10311092138290404,0.02778192288242281,0.10793827027082444,0.028810308314859867,0.1390725251287222,0.23282575532794,0.344089986756444,0.016370308224577457,0.0,True
00:21:57,59278c090220760001fda664,,0.7302416177365586,,-61.41325529742183,-484.03897,29.945345,3.005606,1.6679596,-1.1678493,-3.8797947999999995,-5.2454160000000005,-4.9109735,-3.3548970000000002,-1.4740098999999998,-0.07494880000000001,0.4644022,20.079468,7.57079,-3.4512045,-9.885022,-10.767914,-7.370913000000001,-2.334866,1.6557045,0.39249778,-9.428463557161855e-07,0.01562423424476327,,3270.458488077362,1559.3810266374594,15.61502235444422,8.205237700897307,11.07584244495476,22.26502432905091,15.620117724350814,14.8614978247498,17.789372219455473,0.0006056138,1560.703125,0.027734375,1.0,1.0,0.0,0.11657783376673855,0.038174831942887975,0.022057467062647145,0.15476190664339812,0.4527213623126348,0.06173774587611356,0.09383564504484336,0.06013326689911385,1.0,False
00:21:57,5c41c28e896e090001c03bb0,111.26423995112371,0.8438372140468301,0.5390491960023932,-20.79140556702386,-262.9177,170.28473,-8.72402,-7.7396354999999994,7.3454003,1.9912138,-11.646180000000001,-6.657075,3.221879,5.980734,-2.4970088,-13.957348999999999,-22.69621,-0.9027006,12.507499000000001,-3.5857105000000002,10.185914,-7.897496,-20.922897,-6.2915906999999995,1.548797,-0.000124775237819266,2.08333446901385,11.57108447551776,1277.7634988206105,1730.1128403649575,16.958005168262122,11.288189866898248,16.721385471574823,17.022809856426033,24.543267554870113,22.448007376405872,34.87103849870509,3.6515723e-06,2602.03125,0.0572021484375,0.0,0.0,0.0,0.1232127595692873,0.00543423753697425,0.05763489846140146,0.0436375898309052,0.02855664379894733,0.19646732732653616,0.5343739241361618,0.010682609840296209,0.0,True
00:21:58,59278c090220760001fda664,,0.7532519639554991,,-57.96792466176514,-475.38525,40.745106,2.9957533,2.43132,-0.17989732,-3.5602782,-6.174710299999999,-6.846588000000001,-5.3265233,-2.4323012999999998,0.41342616,1.9930657999999999,27.307021999999996,10.792584,-3.1570987999999995,-10.955186,-12.120764,-8.640903999999999,-3.4511510000000003,0.9183351000000001,0.49122417,-1.5396528752462557e-06,0.025310958069472242,,2836.2561374254665,1353.951360628858,14.323645232663724,8.975045609337208,11.964462464402876,21.08923521446934,16.604121399752,15.365540313760805,17.793088882479253,0.00042715187999999997,1410.9375,0.027626953125,1.0,1.0,0.0,0.11447438603887955,0.03703240486405169,0.0059029510555168,0.2785431909995774,0.3222326744347811,0.05773261232922475,0.023891943879425524,0.16018982057770093,1.0,True
00:21:58,5c41c28e896e090001c03bb0,120.95943212633901,0.3984041740850618,1.123684667712856,-32.022478631879565,-324.74307000000005,117.398094,-5.7483435,-0.9744805000000001,9.565792,-0.6159216,-13.988382000000001,-6.1374474,2.71677,4.2334547,0.7726845,-9.409419999999999,-27.129654,5.957171,10.746974,-1.7781601999999999,13.693454000000001,-3.5765913,-14.9169235,-4.9918303,1.5672895,-7.982320846062509e-05,1.345383657638846,22.54717009168771,1795.0933972870785,2460.759898458616,14.394866430850318,10.608549290970508,14.090975740003069,17.202532223853858,23.75651995277908,22.708541071826307,33.21420300375249,0.00047158510000000004,3803.4375,0.0924365234375,0.0,0.0,0.0,0.07061279620975255,0.06499270731583237,0.15191191020421685,0.05237136570503935,0.17239722218364478,0.16752395704388615,0.3075481403619051,0.012641880079172552,0.0,True
00:21:59,59278c090220760001fda664,,0.7663317992902903,,-56.798013720172065,-471.67572,45.276385999999995,1.5384733999999998,-0.2231981,-3.227353,-5.7358494,-6.597005,-5.6828866,-3.7540962999999996,-1.8741268,-0.768047,-0.5270085999999999,30.000546999999997,11.295227,-4.3377857,-12.769428999999999,-13.544232999999998,-9.210037,-3.483607,0.5663888000000001,0.5037821,-1.6615274362990713e-06,0.027297924392533767,,2643.200397147293,1232.5373120025044,12.926296529527951,8.735729449223749,11.314882294280153,20.02299756034109,18.50766077988882,15.71083442832816,18.25314658904979,0.00025524845,1142.8125,0.0257275390625,0.0,0.0,0.0,0.015297774171146254,0.06385482164720695,0.01862075622969617,0.009576651252185304,0.7278620163599651,0.04436791890766471,0.008237806635831173,0.11218226154645283,1.0,True
00:21:59,5c41c28e896e090001c03bb0,109.50084233754178,0.8148855179786675,0.962400086474834,-26.3284196189822,-285.67697000000004,145.86836,-6.8067265,-4.930457,4.0612135,-2.2447898,-9.510049,-3.077079,4.609554,8.243951,-0.30746484,-16.725069,-11.156267999999999,20.461029999999997,3.8910989999999996,-2.5335767000000002,21.835169,-10.318487,-17.733091,-0.3138725,1.5497557,-9.19197148458562e-05,1.5472993509090724,15.57614002627244,1643.944897753646,2226.319324641152,16.426248538688995,10.39297091285851,13.980247825587814,17.185707860065012,24.112134353971086,21.67065241337367,37.5947833590197,5.3375235e-05,3514.453125,0.07830078125,0.0,0.0,0.0,0.0860593735494397,0.015283680076456885,0.1559281822463328,0.09001045741818169,0.1397468032400039,0.1766891794448549,0.27377940307963977,0.0625029132828455,0.0,True
00:22:00,59278c090220760001fda664,,0.6879017506257585,,-51.853155639168435,-450.40094000000005,69.043076,1.5278741000000002,0.17772837,-1.8633330000000001,-4.017143,-5.073156,-4.0920987,-1.6533825,0.38745955,0.7644882,0.012684566000000001,39.816573999999996,9.739338,-8.47229,-12.594495,-8.400825,-2.7465029999999997,0.8084374,1.9417906999999999,0.67607087,-3.211482460564064e-06,0.05251956850762552,,2003.0524198941034,1026.6665870843776,13.086896667148778,9.143542543332213,11.82318628951147,18.224700655498854,23.099933426338826,16.86848401386416,18.542515723834537,0.00012075815000000001,1225.78125,0.0269384765625,0.0,1.0,0.0,0.004459244821919129,0.0159342952305451,0.0013160287839127705,0.0013077368746356418,0.9528449098269144,0.01139859171040977,0.0020955644751666108,0.010643604727617157,1.0,True
00:22:00,5c41c28e896e090001c03bb0,129.24217699615562,0.6205944024270654,0.3995933414340268,-35.46024233155556,-339.93085,134.1214,1.8106511000000003,-2.5216734,-2.3506134,-1.301,-5.40851,-4.895235,3.8296974,5.550978700000001,-5.2491074,-9.086098,-20.248692000000002,-13.539520000000001,17.073473,9.858376,0.41619724,-7.746997,-16.540570000000002,-6.6962166,1.4730483,-9.687093362331856e-05,1.602981652526075,9.232544642392343,1973.7274689061746,2250.7983713386393,15.39802098482013,11.899620051116473,14.645945380117452,16.403641818610918,21.67684760151013,21.772724109600762,29.81318692671141,0.0038090603999999997,3678.984375,0.073837890625,0.0,0.0,0.0,0.07674696138128638,0.02585159559966996,0.17532784771174192,0.07579909265041351,0.2304225294385105,0.1536134336143732,0.23799943029880524,0.024239091982599343,0.0,True
00:22:01,59278c090220760001fda664,,0.7697036710570286,,-64.0451370745357,-489.97256,22.963420000000003,1.042457,1.1026977,0.079555675,-1.4059963,-2.6270282000000003,-3.066145,-2.6102602000000004,-1.5447538,-0.36967033,0.44705924,16.77543,8.783583,1.3964877,-3.5684120000000004,-5.443397,-4.707457,-2.5531886000000004,-0.30782990000000005,0.33486363,-7.731116374495288e-07,0.012857776278899452,,3668.083691752248,1780.9060324826942,13.089898837309587,8.563978849952258,10.478501810649993,18.511214450019263,15.533932889940855,14.666635284353607,17.392606657869383,0.0010560978,2284.21875,0.02587890625,0.0,0.0,0.0,0.007654082728549837,0.047484730440191934,0.007208017345207433,0.0008427578820070872,0.8959757447242737,0.028188180946744974,0.004093152608644839,0.008553348799856999,1.0,True
00:22:01,5c41c28e896e090001c03bb0,120.764658817381,0.8486890976495497,0.6095629250381308,-33.00084295033551,-320.84146,157.65001,-9.036947999999999,-11.560476,2.1118484,1.2822949,-5.685232,-2.1297452,5.8575907,9.927848,-1.7915901,-13.931163,-13.556754999999999,0.5556607,21.453495,-4.4929323,-4.7651806,-4.953057,-5.066969,1.5333945,1.5257527,-7.711062491827541e-05,1.2747144134648312,13.673551964118431,1961.0520291040064,1953.423013783244,16.4079483957795,12.193528585259676,14.327674032524733,16.42543292547668,19.33379024456975,24.506476926858845,28.54380241479443,0.0041955803000000005,3637.96875,0.0519873046875,0.0,0.0,0.0,0.0399882382609778,0.003400337119172845,0.035567665162185826,0.3000854092339675,0.07705993795146544,0.1245459806587961,0.3820834656556447,0.03726896664334668,0.0,True
00:22:02,59278c090220760001fda664,,0.6947884010511542,,-61.39119129498932,-484.29758,30.294898999999997,2.3673189999999997,1.9401938000000003,-0.09047219,-2.6214263,-4.512061599999999,-5.048364599999999,-4.1478057,-2.2849724,-0.22830023,1.276485,22.210801999999997,11.647024,1.7559396,-4.919093599999999,-7.2933183,-5.934073000000001,-2.5868855,0.6890618000000001,0.38429144,-9.689255890821257e-07,0.016019079989100567,,3298.3546040607475,1523.1336516862325,15.862744958900528,7.954640605424744,10.889556357405068,21.849636047713165,15.101166385447984,14.645993957760027,17.83472812038997,0.0006445231,1657.96875,0.0247705078125,0.0,0.0,0.0,0.004368237177065263,0.014365194551646709,0.0012653296250694742,0.001317600842836934,0.9650550484657288,0.00566821494527782,0.00557900883043961,0.002381377903899799,1.0,False
00:22:02,5c41c28e896e090001c03bb0,184.2760592025084,0.7033268254611996,1.7539938117392706,-25.550551919591808,-291.33197,100.93925,-5.455954599999999,-9.507325,-0.7670922,-1.2959517,-7.279616000000001,-3.1864574,-1.2680886,9.540317,8.6061,-10.150464999999999,-51.967785,23.278837,3.4363704,-5.631855000000001,18.201710000000002,-13.096402000000001,-22.897636,-5.600511,1.6226381,-0.00011409343167004641,1.9542976311159808,16.781453010172466,1791.8280444036843,3302.776381125523,12.51056239819566,11.743009141486445,17.021003061897723,17.514630804555207,21.423511983611263,23.63639567353227,42.41665072426566,0.00019055026000000001,4691.25,0.1238525390625,0.0,0.0,0.0,0.04231448825448751,0.018249075452331454,0.03442629650235176,0.1006574243074283,0.08777130814269185,0.2704479411244393,0.416795226931572,0.029338233848102392,0.0,True
00:22:03,59278c090220760001fda664,,0.7411211801333465,,-64.40254859487769,-490.6636,21.945465,1.6724225,1.6171337,0.101673976,-1.9857581000000002,-3.6483169,-4.197894,-3.4838129999999996,-1.8741667000000002,-0.036756005,1.3617793,15.605357999999999,7.317291,-0.43742296,-5.634746,-7.378009,-6.0708227,-3.0765262000000004,-0.06215904,0.29439563,-7.658369116293943e-07,0.012739666847949948,,3751.514142300539,1916.0110132318089,14.516886620544724,8.290025031103248,11.063538985864144,19.77693107707521,15.363004133314545,15.12510808963604,17.51480956485631,0.0014491193,2883.75,0.028740234375,1.0,0.0,0.0,0.014916612883098425,0.03702053261610369,0.003918436858414983,0.015156882029259576,0.8474316497643789,0.02317028787607948,0.050214989972300825,0.008170631116566558,1.0,False
00:22:03,5c41c28e896e090001c03bb0,142.38033540344514,0.8872617116036142,0.7618953759713321,-22.460813216454426,-276.83734,148.95972,-13.051747,-11.091968,0.47296342,-0.9157771,-6.892484700000001,-4.0996194,-2.470844,2.110599,0.43335992,-9.328066,-14.195154,29.335257000000002,9.744966999999999,-16.669933,13.059612,-5.251429,-22.709460999999997,-11.637327,1.6580153000000002,-0.00010406835000424974,1.7548900322533183,14.591415339140315,1606.7658363124378,2115.4628982023396,18.560326834478527,13.235561246065169,18.46798941967313,19.27432277683619,19.57242246524193,24.45561872865132,39.31892461051355,1.5431708000000002e-05,3385.78125,0.0711181640625,1.0,0.0,0.0,0.07598491664975883,0.004690754349576309,0.1512808923609555,0.3191568145528436,0.01723799332976341,0.15376641750335693,0.09761648420244456,0.18026575092226266,0.0,True
00:22:04,59278c090220760001fda664,,0.7632563624822609,,-63.28088859201403,-489.10645,23.717154,2.6849236000000003,1.9157349999999997,-0.46863990000000005,-3.1457412000000002,-4.862335,-4.965486,-3.5884202000000003,-1.46879,0.45879369999999997,1.4809963,16.268562,6.662859399999999,-2.0694811,-7.517445599999999,-8.730205999999999,-6.4081273,-2.4157187999999996,1.1170447000000001,0.36325914,-7.841616436552415e-07,0.01304103350652037,,3607.462763644299,1769.7267487800643,15.165903477232598,8.374393406738267,11.33549032625735,21.879737056645215,15.387983241543555,14.918268246051744,17.412261379896478,0.0009618202499999999,2152.265625,0.027666015625,1.0,0.0,0.0,0.002903292006036888,0.004045267007313669,0.0009492220725708954,0.0003732417249314797,0.9887840628623964,0.001476225121101985,0.0011297976753364006,0.00033887676351393263,1.0,False
00:22:04,5c41c28e896e090001c03bb0,136.5170926093536,0.9221918747895488,1.6039648434575804,-53.422870732454605,-414.2301,94.66423,-1.280698,-10.124827999999999,4.7292943,5.7181044000000005,-11.771994,-9.606710000000001,0.6643479999999999,2.844662,1.8210787,-8.050075999999999,-8.441475,-5.6149797,9.844758,2.6549259999999997,5.872368,-6.096076999999999,-16.209768,-0.36581105,0.8781065,-4.024797597830932e-05,0.6657305707152055,11.603781108821584,3176.213732444731,3671.2443584698576,12.60246857230426,9.983974360279122,13.292032538922243,14.712104122250235,23.552177111215173,25.493239333061034,22.526784292674844,0.01829654,6557.8125,0.097265625,1.0,0.0,0.0,0.1021244004368782,0.008950531273148954,0.06506868805736303,0.12551843938417734,0.09889581445604564,0.3425582893192768,0.11471616961061955,0.1421676655765623,0.0,True
00:22:05,59278c090220760001fda664,,0.7487545629484397,,-57.24406602004314,-472.67855999999995,44.943535,3.4224047999999994,2.2046257999999996,-0.9963424000000001,-4.3919115,-6.411427,-6.3432555,-4.4977307,-1.9032212,0.261115,1.2038512,32.199303,15.836475,0.9854453000000001,-8.448241000000001,-11.111585,-8.31489,-3.0405967,1.5542314,0.48930569999999995,-1.5075030820812463e-06,0.0247554910274822,,2629.2647638211647,1167.913807028156,14.49201026350082,8.320681737349117,11.33334183551846,20.149008446679968,17.174005036625562,15.558805993192642,17.978113602266664,0.00023555653999999998,1102.5,0.0235986328125,0.0,0.0,0.0,0.003573673342665037,0.010229221731424331,0.0016978395792345204,0.00043008607948043687,0.9789154251416524,0.0028647999201590816,0.0015594134087829538,0.0007295254385098816,1.0,False
00:22:05,5c41c28e896e090001c03bb0,99.6717072840059,0.6762513791098874,0.1872532909188225,-48.37546375501328,-419.1983,53.494907,2.4362044,-0.27248368,2.546496,-0.44138137,-8.574135,-7.6606064,4.36437,7.716694400000001,-4.640656,-13.550370999999998,-31.772589,-16.610355,10.299072,16.699257,2.6934934,-11.944125999999999,-13.130270000000001,-1.5698556000000001,0.9557576999999999,-4.690716070046908e-05,0.785027176598269,12.47675958806519,2414.516051272773,2653.359684487561,12.646358912398483,9.888090440843273,13.651776882521071,20.83888444353821,24.557604688142824,21.181545392430962,23.19934488418725,0.004851278,3938.4375,0.080283203125,0.0,0.0,0.0,0.02081769973738119,0.013019735948182645,0.012086978896695657,0.0025222340147593053,0.8313844323158264,0.048880473943427205,0.06960779335349797,0.001680658562690951,0.0,True
00:22:06,59278c090220760001fda664,,0.7194396058100866,,-63.10475303197616,-487.20792,26.332804,0.6459134,0.7418851,-0.00052879914,-1.1715505,-2.3007459999999997,-2.9952016,-3.0749054,-2.6325952999999997,-1.9572761000000003,-1.3598663,18.812695,9.372847,1.0500002,-4.123744,-5.730716999999999,-4.7004795,-2.5240228,-0.498806,0.34117585,-9.265541847315857e-07,0.015346037823454178,,3537.066786486353,1767.9282338448934,14.481777883785892,8.442751841085922,11.298264496359684,18.345666642303183,16.195592297897214,14.577740842184546,17.641606815497386,0.0012381363,2609.765625,0.026884765625,1.0,0.0,0.0,0.0341438017009447,0.026602898646766945,0.0025637634874631967,0.09911099669989197,0.7658575008312861,0.015037872983763616,0.046751933032646784,0.009931220793320487,1.0,False
00:22:06,5c41c28e896e090001c03bb0,149.3363484361258,0.5905105468318138,1.919874498168392,-26.695058535807014,-268.14896,167.1552,-6.2338057000000004,-11.715816,-0.85925466,-0.53493255,-3.9499784,-2.7587104,0.6849818,3.905241,-5.6500144,-17.730421,-14.973576000000001,0.7850114,14.13299,-5.66666,-12.154278999999999,-10.086607,-8.388305,0.8055005000000001,1.6340488000000002,-0.00012736637313799122,2.1233016796589728,23.18712108844316,1715.0875381443348,1563.8980855422242,15.143973169257295,12.25628088201742,14.478458980696736,15.967761608130875,20.0441302159215,22.92721079537209,33.93530740192433,0.00038631965,2753.203125,0.04107421875,0.0,0.0,0.0,0.08116303272545337,0.025934828352183102,0.10890372153371572,0.06908588180085644,0.14093288807198406,0.27996658235788346,0.22955451514571906,0.06445852615870536,0.0,True
00:22:07,59278c090220760001fda664,,0.7303389298015801,,-61.36006348848461,-483.35367,30.819879999999998,2.8574812,2.3760967,0.41390064,-2.0485253,-3.9359162000000003,-4.4905252,-3.5925010000000004,-1.7853935,0.04987123,1.1767014999999998,20.844186999999998,8.527942999999999,-1.9397475,-7.825921000000001,-8.691764,-5.9984155,-1.9988025,1.3299448,0.39264990000000005,-1.0920059701008307e-06,0.018046417610663647,,3348.289580758597,1674.297023430008,14.489552179017355,7.871485321853503,11.41880648788423,20.39996951243049,15.411808496178358,14.801921820186989,17.657383497510878,0.0009030977000000001,2371.40625,0.0285302734375,1.0,0.0,0.0,0.01933552265788118,0.05342260990291834,0.0021790070032390455,0.009571645599983943,0.8482219298680623,0.0459226310874025,0.017965874293198188,0.0033808214473538107,1.0,True
00:22:07,5c41c28e896e090001c03bb0,,0.6389347922159759,,-57.650290337155745,-473.36102,38.653890000000004,4.1450024,1.0739156,3.1146927000000004,3.170674,2.2884176,2.5194113,1.8247830000000003,2.629891,3.6220464999999997,0.8494202,10.719710000000001,9.584227,13.180499,13.722787,14.537455,9.046863,5.72689,7.543516,0.9769091000000001,-4.068762564942637e-06,0.06764516372493556,,3335.6838084822643,2489.6473437258,11.628061193599432,11.978377841748859,13.59547394993714,14.871396149772785,19.793827624928255,20.90396110429231,22.5090048977987,0.009554289,4784.0625,0.0512841796875,0.0,0.0,0.0,0.03194252913817763,0.04009739176835865,0.008838211989495904,0.028678144409786912,0.25187821285799145,0.35130471289157866,0.262910832837224,0.024349973374046385,0.0,True
00:22:08,59278c090220760001fda664,192.30388105393243,0.8682941716743237,0.9595237148466506,-47.377787811381786,-439.49414,80.4715,2.2763063999999997,1.7742205000000002,-1.355443,-4.5661316,-5.85839,-5.1290135,-3.4959587999999995,-1.8165367,-0.23158318,0.97719103,44.279697,12.350251,-2.28646,-4.385888,-4.000673,-4.4695277,-3.5001643,-0.33539066,0.72720504,-6.040648965872113e-06,0.09877669393755573,8.889210241105626,2072.4084650425593,1076.024616044647,11.891733569191572,9.881553912990157,11.745780562023285,15.732003746613445,20.26157938677137,15.742812108334842,21.748382650152134,0.00014622725,1491.5625,0.0227490234375,0.0,0.0,0.0,0.020928486964354908,0.06954488605260849,0.004655186459422112,0.001673975584950919,0.8120176593462626,0.06946797097722689,0.018465172282109657,0.003246675627694155,1.0,True
00:22:08,5c41c28e896e090001c03bb0,,0.576048342959791,,-78.9281864361173,-502.50543,0.90048057,0.8227866,-1.2043501,1.8184458,-1.2733207,-3.4787413999999997,-0.62925214,1.8384761000000003,2.0172968,-1.9901556,-4.0868199999999995,-8.333847,1.9400682,3.0412288,2.9222732000000002,4.8317986,-3.571403,-3.8508077000000003,3.8610629999999997,0.38839793,-7.420372012271818e-07,0.013538578402862031,,5427.580464155014,5227.560925804255,11.049079378553223,11.833682010899716,11.345109033826732,15.212136242825556,17.158364622566015,17.669381146423827,17.230015267378853,0.034794543,11179.21875,0.067548828125,0.0,0.0,0.0,0.005146110546775161,0.06085128281265498,0.002725037181517109,0.0032044541148934518,0.7470632493495941,0.13040637113153936,0.032442426029592755,0.01816108729690313,0.0,False
00:22:09,59278c090220760001fda664,,0.7456543447286488,,-55.42241602051486,-466.1892,52.13325,4.3237987,3.1335146000000003,-0.15744652,-3.6160655,-5.549976,-5.456809,-3.9124079,-1.8893778,-0.16028021,0.8985736999999999,34.810703000000004,14.195699,-2.458137,-11.20631,-12.206126,-8.164660000000001,-2.3711,2.373236,0.5081690999999999,-1.9211381190169737e-06,0.03155171533849732,,2489.6150403492793,1174.2054440250904,14.024995830215392,8.595851522988626,12.017886483221234,20.03637806432563,19.236902463524107,16.10807635927027,18.633716603144872,0.00019834802,1190.15625,0.0261572265625,0.0,0.0,0.0,0.05275522917509079,0.16920944104592006,0.007913002713272969,0.00032289170388442775,0.5025218844413757,0.23757680853207905,0.029234285838901995,0.0004664442482559632,0.0,True
00:22:09,5c41c28e896e090001c03bb0,,0.6202315201128273,,-71.39644788556788,-463.13867,39.72932,-9.413653,-10.818009,-0.49111689999999997,-5.0161942999999996,-6.409178,-6.137097,-6.3238997,2.5721943,0.4232541,-9.879868,-33.382713,-0.39647368,7.938865,-0.54921186,9.541236,-2.3047476000000002,-3.5937977,5.1328793,1.5065209,-1.0419701318448717e-05,0.1829133501851988,,4981.47665814148,5571.245611465821,13.300383487984446,12.994596655637505,10.991452501743787,13.581002537347052,16.383755666735073,18.957809479855076,22.352661311020952,0.046791865999999994,11176.875,0.0983935546875,0.0,0.0,0.0,0.0068084771744906895,0.03889925321564079,0.009793330379761756,0.0021201699622906745,0.8211987435817718,0.08419728968292475,0.02901586219668388,0.007966927113011479,0.0,True
00:22:10,59278c090220760001fda664,205.4084352377336,0.8625095121276866,2.4507347420010084,-20.203932289550163,-302.03042999999997,160.28883000000002,-0.8707716999999999,3.2313216000000002,-10.477838,-10.294404,1.8554537,3.328057,-4.393562,-11.015275,-7.962273599999999,4.1120524,-5.668453700000001,1.8441657,36.00122,-1.8620860000000001,-32.78888,-29.76975,-26.55381,-19.749104,1.6798327000000002,-0.00014624722286543228,2.416943257225764,33.55048907789802,1500.9385759164454,1359.6734134241224,14.96382506942449,14.338485722368958,17.89663616102465,17.338372813102087,24.139283810086745,30.16114607180589,31.06063168154909,7.519254e-05,2405.859375,0.03529296875,1.0,0.0,0.0,0.0592655765513579,0.14517893182734648,0.008797056196878353,0.0006848798346860955,0.5612175742785136,0.193078088760376,0.031311637721955776,0.00046628796844743186,0.0,True
00:22:10,5c41c28e896e090001c03bb0,,0.5221103459237371,,-57.524223029175864,-404.33237,66.47867,-8.059171000000001,-1.7641791,-0.027635032,-15.172457999999999,-13.910364000000001,-2.4945142000000002,2.9045188,2.487381,-6.3870005999999995,-12.367183,-70.8269,-2.3559522999999998,11.709719,5.3434040000000005,20.50348,-13.528537,-17.476706,0.061931204000000004,0.9190973,-3.991777691535592e-05,0.7074352038219271,,3721.976646280343,4327.615598108935,12.670487436865852,10.967758175851019,11.589896764704982,17.78064847083236,19.396743461905796,17.390794951937142,27.14636036207904,0.03451649,8329.6875,0.104443359375,0.0,0.0,0.0,0.02810445230570622,0.030519219022244214,0.05135827953927219,0.02304810347268358,0.6775055397301912,0.10470645711757244,0.03592602428980172,0.04883191719418392,0.0,True
00:22:11,59278c090220760001fda664,125.03682261438614,0.7637827678182537,0.7035053451309519,-24.22798559121773,-296.385,127.91736599999999,4.1923547,-1.1230826,-9.879327,-8.631511,-1.7506019,4.292577,2.3379257,-6.4520817,-5.349094,-0.32971632,-2.5957856,22.434486,22.329275,27.747436999999998,-12.342372,-28.394035,-21.781902,-12.041858,1.6109368999999998,-0.00010779075918609249,1.814916634909012,23.96366475260668,2189.353666895472,3146.4867534556342,15.393939049870074,11.779606978408268,16.373664197338858,16.71703902703065,22.925276383678064,26.615914378237076,37.22116386200261,0.0003530575,4878.75,0.1143896484375,0.0,0.0,0.0,0.0789866549273332,0.08370739842454593,0.020066902786493302,0.0011174147832207382,0.6489426771799723,0.14164263308048247,0.0243548517425855,0.001181480090599507,0.0,True
00:22:11,5c41c28e896e090001c03bb0,,0.9614293648998786,,-104.03666475139849,-507.3397,0.027190252999999998,-0.0073762509999999995,-0.012131033000000001,-0.016474891000000002,-0.020263391999999998,-0.023365676000000002,-0.02568017,-0.02712514,-0.02765543,-0.027249462999999998,-0.025924463,0.025803376,0.023546364,0.020492188999999997,0.016746926999999998,0.012434766000000002,0.007703161,0.0027109104999999997,-0.0023729420000000003,0.0016064345999999999,-1.3893147603559375e-08,0.00031770941133728824,,6796.032866110958,7653.003201300825,7.80825078118992,8.501871792074791,8.247361699005298,9.705561437362663,11.994935324591005,10.65638845678458,13.053993480530591,0.5509588000000001,16429.30947580645,0.02697301793981481,0.0,0.0,0.0,0.08175732418894767,0.05835239249281585,0.031096371123567224,0.07919606139184908,0.2570661736652255,0.34890631288290025,0.08762244619429113,0.05600295620970428,0.0,False
00:22:12,59278c090220760001fda664,190.19814862915382,0.8498209242764609,3.729635833845376,-24.10706842760564,-292.65323,160.11267,-0.68661714,7.2803864,2.0327916,-8.604032499999999,-3.7653437000000007,8.853724,4.2440596,-7.0752820000000005,-10.690945,-4.014692299999999,-5.191558000000001,2.8727036,20.397596,-0.38761896,-13.209726000000002,-19.157469,-21.52178,-14.615499,1.5522985,-0.00010587463665291967,1.7568189632317046,24.366682684697647,1712.6004489999625,1753.5479720047113,13.887760553633056,9.877224314577562,15.141032848454756,15.911253276396895,21.538515860831904,27.848518745212328,34.61254007938112,9.690042e-05,3011.25,0.0541259765625,0.0,0.0,0.0,0.08596881851553917,0.12243417898813885,0.014669557102024557,0.0008481332149434214,0.5810961345831553,0.16727256154020628,0.027001737058162688,0.0007088934886269273,0.0,True
00:22:12,5c41c28e896e090001c03bb0,267.7547180082762,0.8331993739952941,0.6507953497372038,-55.76169449618821,-404.90317000000005,96.72791,-5.41122,-8.858702000000001,-4.0188303,-8.814243,-14.806257999999998,-9.615915,-10.416583000000001,-6.3434887,-2.8956192,-9.558009,-15.323851000000001,15.689607,0.53517723,-7.2423787,-1.1417926999999999,-6.6745220000000005,-0.81749743,1.4575058,1.3545167,-6.819328525132404e-05,1.125979848481854,4.356538892994441,4198.125652485823,3530.249271509805,12.657970484233465,15.57230781475984,16.988795333293673,22.597280491177887,20.474264185119655,19.02437502923704,24.95115056316744,0.07653068,7552.001953125,0.0294342041015625,0.0,0.0,0.0,0.08046760745346546,0.058259303495287885,0.03118504723533988,0.0061737158801406615,0.16181344911456108,0.5001218646764756,0.14527987986803054,0.016699149389751256,0.0,True
00:22:13,59278c090220760001fda664,117.48689964702619,0.8229341135352939,2.8384604029628706,-51.26091394855678,-425.40405,74.293076,5.257569999999999,3.2881758000000003,-5.7977114,-5.605581,-0.2043159,-0.53314894,-3.1236598,-2.3128765,-1.539035,-2.7296467,10.223686,-1.9767333999999999,11.045583,6.374275,-6.6570616,-13.770901,-14.882431,-6.1174874,0.6325578000000001,-3.990509244117673e-05,0.6573984122816781,18.5903223767222,2868.862080396647,1873.3324020048276,14.448197667020027,9.693830600974517,12.857757675054653,17.77648240806974,19.986479731344804,18.56437509549798,22.71408538162447,0.0010856608999999999,3204.84375,0.0388330078125,1.0,0.0,0.0,0.05802447398503621,0.2903551042079925,0.006333358120173216,0.0002973959912196733,0.48820867737134294,0.13878269890944164,0.017595339814821878,0.00040293284303819134,0.0,True
00:22:13,5c41c28e896e090001c03bb0,158.47337820198788,0.9274535201671058,0.501523634854704,-19.38088204764928,-217.95525,167.26713999999998,-14.846167000000001,-7.918066499999999,8.68581,-2.3558583,-13.090562,-7.6702785,4.4787087,1.9107164,-7.072447,-15.7757,-29.61903,2.3181276,4.3711400000000005,7.2178674,-9.139234,-10.412481,-15.526955,-10.511707000000001,1.548003,-0.00021493481881463376,3.6391728894142368,11.700350829990734,1756.691925560766,1733.7682278547054,16.59898753605664,14.558907207545012,17.540096573798333,18.271051574969977,19.960802359166482,24.59447984709505,37.92492977062931,3.9238e-05,2935.546875,0.0447265625,0.0,0.0,0.0,0.03534234298526177,0.03784576284566096,0.010846552904695272,0.05091660824837163,0.4033140816858837,0.2583569091345583,0.1963903462248189,0.006987421224558992,0.0,True
00:22:14,59278c090220760001fda664,,0.7443778342596759,,-66.54114654353513,-496.80792,14.1066885,2.0795019,2.3811139999999997,1.3499676999999999,-0.41432804,-2.0796878,-2.9366014,-2.66906,-1.4451227,0.18989757,1.5566968,10.011718,4.58289,-0.60618854,-4.188753,-5.447014,-4.4978432999999995,-2.1679744999999997,0.3747888,0.23508689,-5.086672352087672e-07,0.008541117081113969,,4160.467553864299,2091.707308940205,15.004419424100444,8.071395447433371,11.498939999436866,21.772449713843105,15.096646230584954,14.584050241551779,16.492665860646287,0.0015929808,3034.921875,0.0279638671875,0.0,0.0,0.0,0.02936903859178225,0.12127024879058206,0.009338401444256305,0.00029586470239640527,0.7630426526069641,0.06388945976893108,0.012416537913183373,0.0003777759101164217,0.0,False
00:22:14,5c41c28e896e090001c03bb0,187.8095007417244,0.7626355074501169,0.9651900242983332,-18.987712888008772,-197.30019,155.72188,-15.062634,-11.704586,4.8337226,-5.957689,-11.270764,-7.0952907000000005,3.6844692,0.8059731,-4.88168,-10.050942,-42.6292,19.533520000000003,5.3980613,6.754328999999999,-3.9860587,-10.365211,-17.993309,-6.326421,1.6839433999999998,-0.00022282977197041141,3.8010547681026337,20.34429428716421,2008.3840483148285,2128.9353796270584,15.311258242892071,13.498421507512267,16.258571406795856,17.123236872615546,22.28075577997478,21.213820591328663,40.32242638736526,3.273924e-05,3776.25,0.0590234375,1.0,0.0,0.0,0.038904024857199855,0.009693072384430302,0.018133479584422376,0.013154589622798894,0.6709305412239499,0.060660891234874725,0.1779390817715062,0.01058433230759369,0.0,True
00:22:15,59278c090220760001fda664,,0.7569564922971083,,-59.004399434501465,-476.6065,39.196514,4.003316000000001,2.5010672,-0.4654697,-3.324654,-4.9681067,-5.0780473,-4.040303700000001,-2.58964,-1.4025997,-0.8251287,26.163120000000003,10.034399,-3.6295586,-11.068788,-11.600319,-7.299589599999999,-1.5341378,2.7252882,0.46275824,-1.3631854501556314e-06,0.022465864724123867,,2911.009754458424,1397.6508830469047,15.137184488121704,8.125030009197127,11.026467724772997,20.66362977108832,17.023258342384118,15.771882024957163,18.148123730740444,0.00042913848,1391.25,0.027177734375,0.0,0.0,0.0,0.03901825994253159,0.10249998619159063,0.012641727086156606,0.00042933567989772805,0.7670832991600036,0.06774895439545313,0.010033402405679228,0.000545021660703545,0.0,False
00:22:15,5c41c28e896e090001c03bb0,168.08329428396885,0.4824520962261294,0.4847992643772505,-32.72418178484917,-288.72452000000004,114.11843999999999,-11.52576,-8.111543,3.7201855000000004,-4.222084,-7.672796000000001,-6.171794,1.1413991,6.755383,-1.53777,-10.098180000000001,-48.879146999999996,16.77434,19.40981,9.508291,2.4829922000000004,-14.96534,-14.482256,-0.38194078,1.6224312,-0.00013639518434375362,2.3256449792080764,17.76343686473309,2558.633783597041,2816.31546795451,15.587507113930016,11.901710831160495,14.96497701639301,17.06258542051026,19.838684819883827,19.964150098185012,38.25585725721774,0.0033132709000000004,5170.078125,0.0668408203125,0.0,1.0,1.0,0.008031827199738472,0.009439663938246669,0.002577788889175281,0.008512970013543963,0.8638203203678131,0.019777231151238084,0.07818358112126589,0.009656607871875169,0.0,True
00:22:16,59278c090220760001fda664,,0.8659783432222705,,-56.70178920658246,-471.19308,46.156883,3.6235303999999995,1.4370889999999998,-1.9454723999999999,-4.865629,-6.34012,-6.2328987,-5.002776,-3.3165598,-1.7590583999999998,-0.7130659,31.3387,13.06986,-2.321078,-10.649025,-11.297625,-6.7706740000000005,-0.92516583,3.0053916000000003,0.531233,-1.9287833198185347e-06,0.03165869277067334,,2699.9095326915885,1287.2462917604794,13.385669833830955,8.47144837790584,10.77395441722046,19.663876954942623,16.483672181055315,15.520072919836908,19.17066940847586,0.0003273102,1255.078125,0.0255029296875,0.0,0.0,0.0,0.035060501843690875,0.1383946602543195,0.021840302894512813,0.0012824129778891801,0.7359487732251485,0.05624464849630992,0.00935671782741944,0.00187200796790421,0.0,False
00:22:16,5c41c28e896e090001c03bb0,132.20386153299998,0.916717865163124,2.335544628739466,-30.097561275143732,-322.9008,122.703896,-11.027225,-6.5187635,0.9796530999999999,-6.9753933,-9.718923,-2.3847785,2.5445827999999997,1.5767127,-5.1167903,-6.3212532999999995,-10.415154,20.298092,15.984058,-1.4894068,6.7258124000000015,-16.048513,-21.524082,-7.462587400000001,1.8460206000000001,-7.451767083471684e-05,1.2640655100611051,17.65822750597701,1687.6158365641168,1933.6597617969485,14.405320923417506,8.930003152747748,14.975635538550955,19.677415138167863,20.203587737584005,21.018434617804466,34.827652856570865,8.527915e-05,3090.0,0.0657861328125,0.0,1.0,0.0,0.051807265565730634,0.004112489358521997,0.005859691818477586,0.07623369423672557,0.19597954787313934,0.06255165140610189,0.6006857275962829,0.002769912692019716,0.0,True
00:22:17,59278c090220760001fda664,463.34734431648513,0.6949311567535946,8.361471643718955,-52.07018479550909,-447.13802999999996,59.19238299999999,6.363540599999999,2.5069997,-2.978913,-5.007928,-4.0315623,-0.57418436,1.1323959,-2.1195392999999996,-4.0573745,-0.5700495,15.990116,-0.19340220000000002,-1.7310618000000002,-8.350416000000001,-13.549278,-12.213942999999999,-6.6147375,1.8769692,0.77996564,-8.024158835751898e-06,0.13482933768415875,23.85491955859616,2429.8014091671453,1602.0460608216868,12.252846231021572,8.079016244072122,10.562204163223694,17.40340211765173,18.34800870891889,16.89554364472847,21.688076818923477,0.0003544419,2173.828125,0.0398291015625,0.0,0.0,0.0,0.07764208391308784,0.02987399188180765,0.020165266407032808,0.01329394451652964,0.7764009435971578,0.05195937578876813,0.015386092662811282,0.015278322777400412,0.0,True
00:22:17,5c41c28e896e090001c03bb0,227.4054675244357,0.6479840881586151,7.7669027803587545,-25.841275132489628,-269.4186,158.00838000000002,-17.503635,-6.0872589999999995,9.182725,-2.5058637000000004,-8.695679,-2.2276516,-1.1298287,-1.6094228000000002,-10.768783,-14.484635,-30.259359999999997,0.072166994,17.468683,0.5182376,3.2146142,-14.850323999999999,-19.748661,-11.282467,1.87254,-9.965064418174063e-05,1.6633914978556004,20.246635069547644,1629.736119484791,1973.2103242268915,15.920774522538116,10.088336698281877,13.848216796355016,16.509797716663922,19.14731944273706,21.6553220633502,36.330235504534784,6.119395000000001e-05,3391.875,0.071455078125,0.0,0.0,0.0,0.03773576362679402,0.01853299503111177,0.007033424684777856,0.0073981945687491045,0.4784848325782352,0.14742388990190294,0.3018058372868432,0.0015850591460346347,0.0,True
00:22:18,59278c090220760001fda664,200.4509485198616,0.7639631108132943,3.6149700423239888,-42.248221399810845,-417.69167999999996,94.08246,-1.3147402,7.2432137,7.3437405,2.3450391,-0.9715068000000001,-0.504127,-0.079932556,-2.3579395,-3.252997,0.14229125,29.606721999999998,-8.992578,-11.9847765,-5.787294999999999,-7.068075,-13.432789999999999,-17.067493,-12.420295,0.9566305,-4.43766053383058e-05,0.7245692338372173,21.47227020722889,1941.8434939212118,1326.1465037215735,11.364836260086038,8.372699504652568,14.508179339685643,17.593970693761374,23.270986844239363,18.15933315324465,22.791426440102533,0.00022141838,1789.921875,0.0347900390625,0.0,0.0,0.0,0.0948462481300036,0.06799835885564487,0.06333871309955914,0.02569889205818375,0.6237733284632365,0.08212820589542387,0.026588572934269902,0.01562765830506881,0.0,True
00:22:18,5c41c28e896e090001c03bb0,122.15929461680588,0.6802970683488351,1.627791902154211,-21.580792351296505,-253.84047999999999,178.85513,-1.1837448999999998,-4.1899843,5.168418,-3.085404,-15.741948,-3.6874585,8.744903,1.6657188000000003,-8.61476,-6.1419153,-19.695435,4.499235,17.906017000000002,-6.019006299999999,7.737799000000001,-8.561264,-25.801641,-6.0297804,1.4695858,-0.0001344560189253941,2.2534126953582585,18.781903007191325,1325.789569819293,1565.4586162439987,15.011787063179442,10.487286177630104,14.217345570468725,16.0431704850339,22.145750911033225,26.149869537144898,35.0591962030899,2.9933015e-06,2537.109375,0.052197265625,0.0,1.0,0.0,0.022164367139339447,0.0038720812881365423,0.007640466925555043,0.01350844488479197,0.8043637786592756,0.016540526296012104,0.12955285502331598,0.0023574979734673567,0.0,True
00:22:19,59278c090220760001fda664,307.4339882013087,0.7234564786272688,33.27135943901098,-55.70651609745922,-463.76794,51.774105,7.0357199999999995,4.8193903,-0.757193,-4.7933900000000005,-5.311015599999999,-3.9731596,-3.2232568,-3.606564,-3.4147102999999994,-1.5146785,28.490887,7.6967936,-3.979804,-9.209054,-11.15222,-9.613000999999999,-4.0012445,3.1982315,0.5684994000000001,-2.1830012769998056e-06,0.03617593391576653,122.51810833030964,2500.753035248417,1401.633776406498,13.024016007742548,8.671497524783508,11.367080106515186,17.81526721724287,19.779201647644864,16.76548453899906,19.922380057709614,0.00031558945,1880.390625,0.034326171875,0.0,0.0,0.0,0.061436718950668975,0.1107304220398267,0.10199219857652983,0.014628226434191068,0.596538766225179,0.08014796227216721,0.01905353267987569,0.015472157299518587,0.0,True
00:22:19,5c41c28e896e090001c03bb0,243.07741134966568,0.585741200865541,2.109043697010454,-61.5512769392471,-446.17812999999995,95.66568000000001,-6.1067165999999995,-15.159491000000001,-10.332653,-10.028345,-15.341844,-5.306904299999999,5.126489599999999,-3.5792559999999995,-11.955047,-6.745311999999999,6.670139999999999,2.2980106,14.538143,2.8718529999999998,-0.6103616999999999,0.84786886,0.23133895,1.9944293000000002,1.5770476999999998,-2.534879804288814e-05,0.4138884213677157,20.517171294049454,4083.0832760164026,4222.46456386812,10.843917301014269,11.129471269967734,12.964135531986013,14.67665743797525,19.166879859837852,20.422993448317836,20.986364449893557,0.03588296,8489.296875,0.076484375,0.0,0.0,0.0,0.015486659016460182,0.006375928292982279,0.004099388141185045,0.004552583777694963,0.8424823731184006,0.04040651436662301,0.08347503584809601,0.0031215052003972232,1.0,True
00:22:20,59278c090220760001fda664,152.94143800597377,0.5939354811288805,1.2012859802341012,-26.94464401136517,-324.5508,148.93257,-10.596867999999999,-2.1896709999999997,-3.0185914,-5.512626999999999,-8.395266000000001,-10.077919999999999,-3.0601158,-1.8043576000000001,-9.917819,-3.1434598,2.5112207000000004,1.0842986000000001,31.054997999999998,0.32767752,-25.573116,-17.533576999999998,-12.508539,-16.406292,1.4505478,-9.204707053880542e-05,1.521382805714463,29.6578235267948,1570.0365994220886,1366.8079134785605,15.446244950258508,12.350642378905786,15.046043007784126,16.57608689246504,22.77825499349932,26.941183098003968,30.14355942219645,9.3559465e-05,2227.734375,0.040322265625,1.0,0.0,0.0,0.11225941951076188,0.07487788212796052,0.04580384095509847,0.009483642363920807,0.6316600163777669,0.08716023862361907,0.03490280689050754,0.003852156309100489,0.0,True
00:22:20,5c41c28e896e090001c03bb0,293.12308533327234,0.9833592055736028,3.1861186725882966,-89.50156792148937,-491.33365,45.740864,-7.317916,-8.080205,-5.0261793,-10.812761,-16.716475,-8.775046000000001,-1.1786428999999998,-6.708667299999999,-11.630425,-8.211960000000001,5.693442,3.4728286,10.418363000000001,3.877714,-2.7325218,-3.7576987999999996,-2.0684028000000003,-2.2958581000000002,0.51434743,-6.86557272304701e-06,0.11246939773804923,20.43915433270989,4837.555559716212,4662.521602857963,9.260486422322527,10.758087884969605,9.527251389722108,12.920782926062367,13.516785863863278,14.579219077682344,16.388669543447303,0.46212545,9541.70866935484,0.034932120901639344,0.0,0.0,0.0,0.05388775924220681,0.025890719145536426,0.04220411805436016,0.006904922123067082,0.3846796544268728,0.11292523518204688,0.3696594178676605,0.003848193539306522,0.0,True
00:22:21,59278c090220760001fda664,187.03212039152837,0.3143716780157393,3.713110141648985,-41.73461021370199,-382.63593,92.160416,2.7884545,-5.1321224999999995,-2.2949498,0.5572953,-6.200740000000001,-3.2858237999999997,0.65062493,-5.053474,-3.6723397000000007,4.1697607,9.324436,13.822473,13.609676,6.233755599999999,-10.493946000000001,-20.069110000000002,-13.155785999999999,-0.5043689,1.3214755,-5.203497434652846e-05,0.8727150303304121,38.70073827210232,2325.4813720003617,1849.1494149106336,13.082117180711048,10.189397785533881,12.900051245444267,16.01844371742985,20.60290762933461,21.492959314165496,26.547851083408254,0.00034488426,3088.359375,0.05240234375,0.0,0.0,0.0,0.2266917157918215,0.04861404094068954,0.048608472710475324,0.03487626522158583,0.4142230771481991,0.1466553255915642,0.06972044991950194,0.010610625287517906,0.0,True
00:22:21,5c41c28e896e090001c03bb0,,0.5767795865066061,,-106.01881234450687,-507.33987,,,,,,,,,,,,,,,,,,,,,-1.4054095728547964e-08,0.0003124119539831142,,6464.864592332769,8275.461979164333,8.223382148626603,9.11944022825918,8.728895451709137,9.523806106753062,10.874977674540665,10.471195410246734,12.374891792567745,0.73489803,16569.315159574468,0.0234375,0.0,0.0,0.0,0.07756291585974395,0.02769884074223228,0.05001252720830962,0.010062147353892216,0.3843116462230681,0.2008755411952734,0.24453112948685884,0.00494525669637369,0.0,False
00:22:22,59278c090220760001fda664,159.67010826223787,0.5231934333175784,3.015643068410986,-30.34431586004269,-340.25064,138.18997,5.660807,8.5616045,2.8696968999999997,-2.6541712000000004,-5.4335856,-1.9003477,2.6509955,-3.67099,-10.998983,-2.927035,6.942522,0.7076418000000001,21.820111999999998,2.977093,-9.757344999999999,-12.510982,-17.61792,-9.371335,1.3622096000000001,-6.211833272893839e-05,1.029207328341925,27.05366655093016,1623.6751868085078,1361.6356030082245,14.62207039315649,11.546599056846574,13.10128319729736,16.020160741909315,20.455747857611858,24.24971814339673,28.73801688950421,8.963319e-05,2215.78125,0.036796875,1.0,0.0,0.0,0.08164572268724443,0.005461719981394708,0.004049040928172569,0.06690677612399061,0.668463001648585,0.07501267517606418,0.06636382788419723,0.03209720806529125,1.0,True
00:22:22,5c41c28e896e090001c03bb0,,0.0,,-109.46512580451794,-507.33987,,,,,,,,,,,,,,,,,,,,,,,,,,10.211688719812749,10.211688719812749,10.211688719812749,10.211688719812749,10.211688719812749,10.211688719812749,10.211688719812749,1.0000007,,,1.0,0.0,0.0,0.013340471539413557,0.0058600947144441294,0.008416436018887908,0.04060060167685151,0.6247714281082153,0.04376324340701103,0.258964279666543,0.004283441230654717,0.0,False
00:22:23,59278c090220760001fda664,193.8787246070419,0.6091775934916741,4.445330107970434,-37.710372298216036,-371.5608,121.97723,6.999732000000001,5.121746,-1.6035509,-2.4354463,-7.4641646999999995,-6.589829400000001,1.3853225,-3.6466917999999997,-11.739788,-4.1615167,17.587984,-2.508746,10.990309,2.4169369,-6.2476726,-13.386907999999998,-22.788473,-11.502847000000001,1.0793663999999998,-4.729724022396042e-05,0.7804144812628654,21.664655652212108,1765.6141004956437,1322.265079414435,13.89082285176834,8.873019202546148,12.582677226829611,16.48258079133318,22.49771589399889,24.97543531544708,23.833288505169822,0.000160041,2147.109375,0.0341162109375,1.0,0.0,0.0,0.06629793532192707,0.031203588036199405,0.017431499483063818,0.015586583044690391,0.6670115530490875,0.11378840481241545,0.08055828078649938,0.00812213927662621,1.0,True
00:22:23,5c41c28e896e090001c03bb0,226.99921111186683,0.6810604778415671,1.3658164714870356,-43.87730492687414,-259.8058,138.41861,-4.686548999999999,-9.953888000000001,-1.8672316999999998,-5.411279,-11.039296,-12.449937,-0.30718670000000003,-6.852740299999999,3.3319525999999997,-16.756266,-61.978607,24.046587,-17.03126,4.671257,-12.9019985,-6.64737,-21.548492,3.0852962,1.8958316000000002,-0.0003046689641474088,5.296368161641039,14.061406484972348,2705.0921258441062,2830.6214716018426,12.474291216007938,12.300874944120956,14.081006317090946,14.270487873176913,17.680533467516426,17.24468318751793,34.18679660257498,0.30312434,5209.486607142857,0.06642020089285715,0.0,0.0,0.0,0.016074881330132483,0.010958072729408741,0.015154464845545591,0.04252428906038404,0.6004549778997899,0.09222141578793526,0.20801168233156206,0.014600234129466115,0.0,True
00:22:24,59278c090220760001fda664,,0.7292898682650897,,-61.529868696241614,-485.2726,28.904182000000002,2.2534337000000004,2.6643622000000002,1.0755017,-1.4935336000000001,-3.832036,-5.063984,-4.9345574,-3.7860608,-2.2940035,-1.1202675,20.751907,9.999619000000001,-0.21852298,-7.2717314,-9.890765,-8.444792999999999,-4.580029,-0.4282426,0.38368565,-9.364086753223508e-07,0.015514933521672238,,3301.321390235604,1572.7100634292265,14.131911853011776,7.986995797784218,11.388620629657119,19.73852647875729,15.990675459910966,15.0645962154706,17.885657242531614,0.00064039556,1722.421875,0.0258935546875,0.0,0.0,0.0,0.029058246749142806,0.003711724917714794,0.004282497824169696,0.005830976879224181,0.9406636555989584,0.003923374197135369,0.0034566567551034197,0.009072829356106621,1.0,False
00:22:24,5c41c28e896e090001c03bb0,179.9764105844373,0.6574735504450884,1.0759729243035123,-37.80392232044787,-315.07974,119.69075,-14.875392000000002,-9.17212,2.8616562,-2.3967512,-5.000362,-6.213878599999999,-3.2099464,1.2848723999999998,-2.4134083,-8.430850999999999,-40.97141,17.379107,2.9237142000000005,-6.3952303,6.1699014000000005,-12.468595,-9.770861,-0.13018315,1.6616408,-0.0001065322457456114,1.8166242701458957,23.427511080702672,2621.0672465268235,3285.1762790308258,11.704190541541175,11.952219171204224,13.6733237534547,14.573838676089444,18.819607112049887,21.60381376705007,35.69752429518184,0.0074377309999999995,5255.625,0.111943359375,0.0,0.0,0.0,0.01152497436851263,0.005380650626466378,0.003935170127078891,0.1952528215944767,0.4579030280932784,0.05425243088975549,0.2566035993397236,0.015147296572104096,0.0,True
00:22:25,59278c090220760001fda664,,0.7136277666836875,,-57.22242294128909,-470.2177,47.101273,2.18663,1.6636933,-0.18340568,-2.5112576,-4.3753133,-5.128083999999999,-4.6121364,-3.0826097000000003,-1.0735837,0.6701868000000001,31.547468,13.292532000000001,-1.0498139,-8.223573,-8.884350999999999,-5.8564725,-1.9852409,0.946156,0.5221742,-1.6773436101450868e-06,0.027600343408203783,,2666.5345426328768,1290.2192354669226,14.114746797291913,8.458202628234742,10.91502713088983,18.37310713563914,19.186167671284625,15.77515381471028,19.623904283248393,0.00034119273,1455.9375,0.0262060546875,1.0,1.0,0.0,0.0174879925015072,0.04113849429413676,0.01827288352263471,0.0016298592614475635,0.8379167954126994,0.06502447058446706,0.015057468228042124,0.0034720383080032967,0.0,False
00:22:25,5c41c28e896e090001c03bb0,144.60255416016096,0.4663032355973268,0.8683024458897706,-31.13371537889573,-347.4306,123.89670600000001,-11.852754,-14.963382000000001,0.99095184,-0.030229554,-12.441072,-6.750989,0.5381713,-1.5970579,-4.807986,-11.945779,5.037755000000001,23.728853,21.486952,4.0268292,3.9698792000000003,-6.2110386,-5.394783,0.6795551,1.6076595,-7.864411191892546e-05,1.3102392802028624,12.078304189240663,1894.4528183092111,2112.9465650391026,18.6245794249578,15.697336544908199,16.146367912331662,16.616458223615936,20.99420498834357,23.990847796566786,29.380228636460746,0.0043003107,3557.109375,0.067421875,1.0,0.0,0.0,0.017737599962856617,0.005956121400231496,0.0029918841464677826,0.06678993391687983,0.4786701109260321,0.16917103854939342,0.2512949416413903,0.007388386147795245,0.0,True
00:22:26,59278c090220760001fda664,,0.7011060987177646,,-60.52895331410271,-481.82995999999997,33.089855,3.4828973,3.6509378,1.5702301,-1.4975273999999998,-4.185734,-5.564024,-5.387849299999999,-4.0385385000000005,-2.2540872000000003,-0.7942986999999999,23.170424,10.276552,-1.6547040000000002,-9.453869000000001,-11.778394,-9.350847,-4.368599,0.56519526,0.43014540000000007,-1.0334495122532944e-06,0.01711263096504109,,3145.365847011857,1493.5482909520751,14.250481216575348,8.548788246543442,10.861154559856583,21.248456637771273,15.412817820951652,14.950853793976275,18.37908522053717,0.00049458124,1458.984375,0.026826171875,0.0,0.0,0.0,0.02209007916972041,0.017548081604763864,0.002758043020730838,0.007199994951952248,0.9185726483662924,0.015119913499802353,0.008369891508482396,0.008341372494275372,0.0,False
00:22:26,5c41c28e896e090001c03bb0,131.90781880544347,0.904102912726261,0.8450525220318169,-19.623517158486628,-244.58032000000003,177.35542,-17.592735,-2.5981534,14.524301999999999,-1.7436182,-8.501194,5.7058824999999995,-1.758362,-10.452995,-5.317828700000001,-8.306473,-12.242174,17.129645999999997,1.2924653999999998,-26.862046999999997,-12.922526,-11.265322,-0.54525,-2.2502557999999997,1.5053855,-0.00014861928496899085,2.477737063652785,17.290296074107886,1551.5748042680207,1779.8445011839538,17.745113249229785,13.697014585689326,15.2361986120373,20.355165982151057,22.433387511622943,24.567202993177307,38.18966228656069,9.470846e-06,2865.0,0.06173828125,1.0,0.0,0.0,0.04216022158248557,0.008107315735994942,0.03952191162130071,0.10645549975257987,0.458858276406924,0.09027196673883332,0.2347850136251913,0.019839774985383786,0.0,True
00:22:27,59278c090220760001fda664,,0.7561819683946556,,-60.03604759549914,-480.70117,34.787403000000005,1.6897633,1.663044,-0.11807173,-2.6374570999999998,-4.7871966,-5.796556,-5.451267700000001,-4.069597,-2.2893999,-0.7766821,25.158339,12.675638000000001,1.1089532,-6.618119,-9.372072,-7.9022483999999995,-4.1877394,-0.4523607,0.43044840000000006,-1.1064945503666944e-06,0.018286864247609443,,3085.035527090276,1431.4588496007095,14.920842879781935,8.16620661857206,10.902372948583718,20.351290074164677,16.891482833111947,14.964813979895176,18.488180845160255,0.00045290464000000006,1383.75,0.0244580078125,0.0,0.0,0.0,0.003900036945318182,0.018807237222790717,0.00038132125434155276,0.0001879155776502254,0.9571625232696532,0.014083741046488287,0.005241010369112094,0.00023617620463483037,0.0,False
00:22:27,5c41c28e896e090001c03bb0,156.95576722207892,0.7680747737086263,1.280907729002838,-22.52433194081271,-256.329,147.9155,-1.8456693,-2.9960935,7.208628699999999,-0.15499504,-6.6778889999999995,-3.4854488,-2.5711807999999996,-3.2514706,-3.5122986000000003,-12.026465,-18.03269,28.455672999999997,14.909007,-8.933611,-13.528882999999999,-18.456367,-21.465899,-3.5250554,1.7095369999999999,-0.00016472488995275325,2.7705886022675035,16.769222952613802,1893.6822510335267,1888.3287653607101,17.016371989010423,12.349742101989007,14.804272515955924,18.907564469822205,20.580092795829266,22.711226527158367,37.58743357794607,0.00010027942,3048.984375,0.0560302734375,1.0,1.0,0.0,0.034377786330878735,0.006350606316118501,0.017608963185921308,0.2044651648029685,0.09993789572035894,0.11576036573387682,0.28763829823583364,0.23386093229055405,0.0,True
00:22:28,59278c090220760001fda664,329.74268119923516,0.8836760857284306,6.958197663380097,-46.44659759186701,-413.03732,82.88265,6.087859,4.690161,2.5472534,-2.6557589,-7.7062407,-2.28965,0.88103503,-6.2538314,-6.0430493,0.8194995,12.043047999999999,0.519686,3.113255,-7.670140299999999,-10.823591,-10.616242999999999,-10.381047,-1.2193902,1.0102568,-2.8974068811292406e-05,0.4836742148720655,28.84860294503244,2293.04950653481,1391.9583097558545,12.406704781991818,8.553933803589901,11.756551284706948,18.04800872558513,19.891145679191016,21.04858145625689,22.589114334960737,0.00022503223999999997,1788.28125,0.0326025390625,1.0,0.0,0.0,0.06917028810518483,0.021425008525451025,0.02726930414210073,0.026288526112330145,0.7445460329453151,0.05427884322901567,0.05292124717185895,0.004100710724014789,0.0,True
00:22:28,5c41c28e896e090001c03bb0,251.49824023906913,0.8203733416019489,3.3958664534116343,-64.60965745533022,-450.20972,75.95104,-6.711585,-10.334127,-2.9138854,-1.884724,-1.9588534,0.80139166,-0.62028426,-2.6974332000000003,-5.908128,-7.8516746,-3.8680877999999996,2.0826254,15.522467,2.7060013,-2.2283527999999997,-3.0263636000000003,-0.7391768,2.29448,1.25942,-2.1857238780073734e-05,0.3625669932544595,17.78095215602916,4016.7749390186323,4567.785431441525,10.245185280304012,11.854240365314936,11.35534270120768,13.762537845823438,16.376288932188814,20.19707417038389,24.073084642084197,0.03219638,8540.625,0.1084033203125,1.0,1.0,1.0,0.023123624513391405,0.00465745921828784,0.007743406316149048,0.16646207657177,0.3699745278572664,0.05576853646198288,0.2751186054199934,0.0971517551864963,0.0,True
00:22:29,59278c090220760001fda664,119.18371563154736,0.7270279896458893,1.3519605430911412,-44.69436191644335,-408.14886,107.7009,1.9027102999999999,1.2963343,-0.87978816,-3.8779726,-5.077319999999999,-3.4320982000000004,-2.0448703999999998,-2.7966653999999997,-2.8840325,-0.55630344,40.153976,-5.7787147,-13.04802,-4.2838497,-0.28409746,-1.3538011,-1.1291153,0.8342086,0.8618895000000001,-7.474882695400838e-06,0.12273364432460035,5.378673611911705,1621.0527332133802,1103.7882096432988,11.939592491312323,9.193946229824377,11.62119377709363,15.715836558353756,19.47546067157837,19.476355252202197,23.202814759908968,5.473121e-05,1711.171875,0.0293310546875,1.0,1.0,1.0,0.03770251978033533,0.004194428608752787,0.0032201633759541435,0.038127888573217215,0.8650304873784384,0.015180895073960225,0.025399022083729503,0.011144592592609116,1.0,True
00:22:29,5c41c28e896e090001c03bb0,,0.4748857263246224,,-52.610774420881604,-357.7458,101.41846,-30.965593,-30.177023,3.2671463,-7.437846,-10.098803,0.3559889,0.5440444999999999,7.83834,-2.7160811000000002,-13.677647,-92.1079,3.8918364000000003,19.682861,-10.310389,24.907907,-3.7634833,-16.776756,3.558214,1.4425455,-5.252980376275824e-05,0.9271150680432096,,3545.6818829675267,5521.36807595014,12.710232662651038,9.545164415782498,14.19071986249151,15.036927480399914,15.166139222576625,19.915955528705272,31.715479546922275,0.08101485,9868.828125,0.12956891741071427,0.0,0.0,0.0,0.012045705667696893,0.0057139974785968654,0.002680472272913903,0.0025494365429040047,0.9325944066047668,0.00774891137261875,0.036089320597238836,0.0005777514845249245,0.0,True
00:22:30,59278c090220760001fda664,,0.7432072189624026,,-45.445182928652095,-421.3393,99.190895,3.8965242,2.0255167000000003,-2.168924,-5.478396,-5.997338,-4.2630042999999995,-2.0098672,-0.8307421999999999,-0.80891377,-0.6686205,47.20061,1.1316448000000001,-18.467566,-15.9860525,-7.020892599999999,-1.4469602,0.79801387,2.7361917,0.8133054,-6.274972505934645e-06,0.10281073597642093,,1632.5438444693445,1028.3345098074465,10.83387176029416,8.585065704649784,11.847271538279106,17.47325452390353,20.971070196038244,18.60402472104511,22.166760748428864,5.0495502e-05,1341.09375,0.02955078125,1.0,1.0,0.0,0.010603077738778666,0.052489860681816936,0.002475700071954634,0.00026738507244772336,0.8838383356730143,0.03954419839040687,0.0104309922705094,0.00035044298048584704,0.0,True
00:22:30,5c41c28e896e090001c03bb0,121.51407723993731,0.7050323083259442,3.2048716778042388,-51.98558315318971,-458.41263,34.26782,-6.8265715,-6.809546000000001,-2.9959896,-7.028567,-7.553391499999999,2.9065466,4.023199,-8.553072,-12.1081505,-0.9212311,-22.36305,-10.378362,24.490667000000002,24.502257999999998,1.4653913,-13.473486,-10.236144,-4.0342116,0.6200366999999999,-7.248049866478485e-06,0.1229032941662056,2.957653063086995,2504.19030444573,2783.309689397047,11.375172740041439,13.46161938731692,18.49518669015572,20.724070767740614,25.408059116858663,22.037216504357144,21.26919439748478,0.0071480436999999996,4606.40625,0.08318359375,1.0,0.0,0.0,0.038023263463401236,0.012911745952442287,0.050054012952023184,0.01121699253562838,0.5248101517558098,0.09345763522433118,0.2658097518607974,0.003716462636657525,0.0,True
00:22:31,59278c090220760001fda664,118.23191838136705,0.7831873177953793,4.464787748671825,-41.4106510868576,-397.22922,109.60316499999999,8.881812,2.1320023999999997,-2.4956956000000003,-3.3173752,-3.9884197999999995,-0.33745549999999996,1.7497443,-3.8835883,-4.0292144,4.1572037,29.156971000000002,-4.8126655,0.52678156,5.2040205,0.24856576,-6.444197,-5.141219,5.0027094000000005,0.94509834,-1.0757933945300183e-05,0.17754558416077784,11.705461069310275,1742.4572947250574,1273.7276243474246,12.776559873256685,8.747833356973599,10.430977522895725,15.385963241517013,22.930217862129183,21.488226265085522,24.882858450673,6.276946e-05,1966.40625,0.0369287109375,1.0,0.0,0.0,0.006739923117371897,0.0039478952297940855,0.0005433851076910894,0.041698254619647435,0.8983467896779378,0.0075429390805463,0.02645467429732283,0.014726107101887462,1.0,True
00:22:31,5c41c28e896e090001c03bb0,276.59534745754365,0.6328039859954594,11.214819209569551,-49.999224030629165,-409.63837,84.23822,-9.587482000000001,-9.015601,0.77543247,-4.429398,-5.286313,1.5655974,0.35527770000000003,-2.744023,-5.883986,-4.177906,-23.611998,-12.075937,-2.4429436,-10.944742999999999,3.5971217,-0.001056682,-7.355316,-2.0578293999999997,1.6315635,-3.464879500864754e-05,0.5789566642769362,39.87041753075727,2985.402057079985,2839.977162316309,12.526352461444125,8.746375570526482,11.580636066569292,16.4459328450865,19.831694113955407,19.31185508047056,27.26696733677165,0.009799269000000001,5521.640625,0.072529296875,1.0,0.0,0.0,0.060169193521142014,0.014317515934817494,0.1547145988792181,0.03988611767999828,0.22140177423134447,0.09844653308391572,0.39020089879632003,0.02086338645312935,0.0,True
00:22:32,59278c090220760001fda664,,0.727024012303189,,-50.54588481149383,-443.22025,76.734634,3.6224697,2.4610182999999997,-1.0728785,-3.9211964999999998,-4.3197207,-3.1830935,-2.2061481,-1.6456785,-0.6410606,0.86569834,43.139015,11.753209,-4.351014,-7.259374,-5.6266165,-4.0341296,-1.8351994999999999,1.4647377000000001,0.69161254,-3.744303352123912e-06,0.06135509092602723,,2001.6325646512325,1069.5491039240978,11.483572023513865,8.605857119557719,11.217724880213016,16.97567727482148,20.181265234817786,16.474988127884426,21.358816345520808,0.00012249897,1396.875,0.0242626953125,0.0,0.0,0.0,0.005504785804077983,0.03189363676744203,0.0032001370297318013,0.0009550962204230018,0.9293811996777852,0.013387156246850888,0.014207333132314185,0.0014706393296364695,1.0,True
00:22:32,5c41c28e896e090001c03bb0,175.37481504916394,0.8581211921929803,3.3686902785377346,-32.894856181162346,-361.34286000000003,110.85727,-6.829212700000001,-4.3964233,10.444753,1.6250879999999999,-6.3872776,4.063994999999999,7.452394,1.418667,-2.5186796,-1.7266665,3.5398980000000004,17.771445999999997,25.330088,3.3005776,4.246608999999999,0.92587286,-0.26552793,4.53287,1.3135954,-6.213789029600615e-05,1.0219253604194756,37.8723156288734,1729.5351754848666,1348.4863346804766,14.973268450719573,10.44527868623012,13.459781929556884,16.555694115038513,18.734427863911094,21.123124996723558,29.77038332552073,7.742484e-05,2462.34375,0.0311865234375,0.0,0.0,0.0,0.1304663024842739,0.003099691472016275,0.07322893585078419,0.11329650292173027,0.007315036514773965,0.2063969276845455,0.4004340514540672,0.06576253613457084,0.0,True
00:22:33,59278c090220760001fda664,,0.7588977048474116,,-48.33092523107712,-430.26648,89.58758,0.28207627,0.9030169,0.59013367,-1.3332396999999998,-3.9028685,-5.068247,-4.1447716,-2.1336336,-0.10428685,1.2034502,44.149516999999996,3.4637644,-14.094089000000002,-11.84028,-3.866972,0.25128782,0.3309241,-0.13551053,0.76814973,-4.706498079875456e-06,0.07715601129362262,,1794.0448550665876,1048.1526924683158,11.783900039379539,8.542721043453382,11.127829105000794,16.33088024917819,21.443743457536065,17.45668470641755,21.34777605324229,8.1356404e-05,1406.484375,0.027421875,1.0,0.0,0.0,0.18505187352420766,0.014311423044030862,0.005874946510690885,0.10063889819042136,0.5290381540854772,0.0537954720435664,0.09210912780060122,0.019180059159407396,1.0,True
00:22:33,5c41c28e896e090001c03bb0,,0.9886603485323828,,-70.61957793008317,-494.91644,23.437878,5.007872,3.8293912000000003,1.1726291000000002,-0.41008446,-1.0657811000000001,-1.55972,-1.3991944,-0.61100143,-0.027682468,0.26471794,12.244539,7.9113646,7.9463177,7.68129,7.098643300000001,5.498908999999999,3.4911730000000003,3.776118,0.46344440000000003,-1.614588146130046e-06,0.026561620174689358,,4584.646613845343,3739.2503409053343,10.902247972738,9.940913533439133,11.95956633469558,15.076402803523452,19.10106262023098,18.658696368198463,17.081952279505405,0.029777689,8000.15625,0.0475341796875,0.0,0.0,0.0,0.0145875925793209,0.023571426268770464,0.00597671679376314,0.006271512790893515,0.5845047094755702,0.13237031551802325,0.2299708897868792,0.0027468562152029737,0.0,True
00:22:34,59278c090220760001fda664,268.77242579145235,0.5826314972294561,18.124686380686768,-34.411625899992764,-360.75653,138.29948000000002,11.680452,6.205147,-1.8646049999999998,-5.628515,-5.313808,-0.44911819999999997,2.3824002999999996,-3.1832683,-6.1204480000000006,1.111593,24.933552,-10.268999,7.4936466,9.562595,-4.4053226,-11.544769,-6.781677,5.180806,1.1270599,-3.38573186960211e-05,0.5579908299733568,32.54221700192381,1744.8905379964615,1240.6584517332276,13.02484450177526,9.079042025626695,11.631750945955124,15.707193768772367,21.443424825544703,20.478462242506076,27.560416346519304,5.4208613e-05,1961.484375,0.032060546875,0.0,0.0,0.0,0.07789943503836791,0.019692019559443,0.0045532250621666505,0.030573573817188542,0.617715589205424,0.05293696286777656,0.1926548826197783,0.0039743225749892495,1.0,True
00:22:34,5c41c28e896e090001c03bb0,,0.6190772851480337,,-75.79210949216747,-498.48514000000006,10.16147,10.078239,8.331804,-3.8432864999999996,-10.764000000000001,-1.4241395000000001,10.899629,7.1020656,-6.00929,-6.977034,3.6283635999999997,-14.545262,-12.783301,8.382563000000001,17.466368,6.113042,-7.5784693,-8.802342,0.7672545000000001,0.3636741,-1.3880012455946094e-06,0.023521427384097172,,4972.8348660412075,5117.781392745532,10.366025450122873,8.987013186693217,12.670033993510744,15.247084860391949,24.502802997172513,21.01998000442723,14.296826630808955,0.08143043,10648.910984848484,0.07352331912878787,0.0,0.0,0.0,0.0927581683266908,0.019426660356111826,0.39283024945179934,0.02440967162256129,0.2730721873231232,0.10498270229436456,0.05458406414836645,0.03793630373547785,0.0,False
00:22:35,59278c090220760001fda664,,0.7788661794326074,,-49.90031058878614,-443.43265,76.88018000000001,2.8217482999999994,1.938475,0.89507234,-0.2614781,-1.5705368999999998,-2.6146848,-2.5218960999999998,-0.8275403,1.7675662,3.7427495000000004,43.666714,11.271954,-6.447601000000001,-9.078883,-4.4443269999999995,0.32432880000000003,2.7190453999999997,3.2501051,0.68180263,-4.164017847536721e-06,0.0681232057032047,,1971.2130140356894,1011.7270750580623,12.499492112955346,7.695450417152562,11.15248560296093,16.91380067867065,20.6966160972542,16.882021497848868,20.66542344037202,8.765953000000002e-05,1304.296875,0.023662109375,1.0,0.0,0.0,0.025072186005612212,0.04088579397648573,0.002259117322197805,0.004965984382821868,0.8666292309761048,0.035379263727615275,0.02201913306489587,0.0027892952707285683,1.0,False
00:22:35,5c41c28e896e090001c03bb0,192.1305572419952,0.8293160479450201,0.36250861223051545,-65.46771807573815,-429.39627,109.8473,-5.851395,3.1699947999999996,7.109866,0.13883002,-0.27741927,0.9218943000000002,-2.4307604,-4.194629,-6.823415,-5.2398834,-25.842253,-21.792328,-9.005835000000001,-15.296689,-2.3901267,-1.7266066000000002,-6.9218364,-6.4388523,1.6255523,-5.6673083472239365e-05,0.933995851874582,4.126949072522773,4330.053028906649,4535.415273196778,13.692783659766496,10.128797958029793,15.18333182758943,13.812832633584607,16.914028179676016,18.45890382435251,21.95291398058412,0.12896580000000002,9005.315721649484,0.0592094089673913,0.0,0.0,0.0,0.17646338045597074,0.004391810369931839,0.2121324325827035,0.08383454890413718,0.00416635271077129,0.2438346188176762,0.20079169896515933,0.07438514584844763,0.0,True
00:22:36,59278c090220760001fda664,,0.7168663206572917,,-60.532333156075666,-480.6354,34.27622,3.2855377,2.5834095,0.5923938,-1.5598493999999998,-3.0490804,-3.5459049,-3.1550522,-2.240365,-1.2424747999999999,-0.53271097,23.22364,9.421625,-2.4757245,-9.233869,-10.143925,-6.82305,-2.0257676,1.769722,0.41527929999999996,-1.171372462017003e-06,0.019362299396237476,,3132.5883849213933,1547.4098197628346,12.758282155141721,8.190775841352005,11.131036813383567,19.514798158904593,16.824455958527764,15.21863510004996,18.447179587060962,0.00064007967,1858.59375,0.0280029296875,0.0,0.0,0.0,0.043518413137644534,0.04675902463495731,0.014099796473359068,0.012739457027055322,0.7324240545431773,0.027555407024919987,0.1202775257329146,0.002626375648348282,1.0,False
00:22:36,5c41c28e896e090001c03bb0,172.9280631757293,0.8860193321535331,4.549235285582606,-23.30062451240443,-270.17657,158.69812,-21.028332000000002,-12.742674000000001,6.038575,2.8684006,-6.611803,-3.225305,3.6636714999999995,-2.5523376,-11.407680000000001,-5.5834584000000005,-20.983366,8.61138,6.047076000000001,-10.288082000000001,8.775514,-10.853936000000001,-17.172611,-9.056714999999999,1.4285069,-0.00010128580434496237,1.6990541901086973,15.548943461599158,1478.865601614859,2101.61404264008,14.603410423290198,12.128444638369643,15.30164294778286,16.189749346866048,18.76215061633371,24.81283810413371,37.803674007158115,8.127856e-06,3318.984375,0.074326171875,0.0,0.0,0.0,0.1147273609207736,0.004337830365531975,0.12556260058449376,0.22017095838156006,0.007368615052352348,0.2273729898863369,0.2327169229586919,0.06774271672798528,0.0,True
00:22:37,59278c090220760001fda664,,0.7215520792309895,,-60.52310545735263,-481.35797,33.512543,2.376751,1.6144836999999999,-0.8803809000000001,-3.534588,-5.061412000000001,-4.9868736,-3.6780682000000002,-1.9682585,-0.6510024,-0.12163339999999999,22.997154000000002,9.493395,-2.7174084,-10.314903999999999,-12.096026,-9.147714,-4.05673,0.3895059,0.4314692,-1.0713230169281214e-06,0.017729176737936243,,3154.602532357789,1512.2567095150016,13.986344272895387,7.914800116692931,10.743266418519356,21.03643092348558,15.409849527549591,14.78181680268259,18.54307591785844,0.0005323207,1523.90625,0.0271435546875,1.0,0.0,0.0,0.00410068582277745,0.01003073190804571,0.0005251761244532342,0.0009439539743956024,0.9745018521944682,0.005767447097847859,0.0035344451821098725,0.000595734580322945,1.0,False
00:22:37,5c41c28e896e090001c03bb0,253.644907421083,0.9295826282137324,4.747959422862054,-17.34871404553611,-215.7325,145.38089,-8.925082000000002,-3.267788,7.313477000000001,-1.1885979,-3.2564075,0.35313892,1.823193,-0.3014516,-7.907883999999999,-13.434621,-53.15926999999999,19.072578,2.7190921,-7.273195299999999,-8.511364,-19.939844,-19.247,-8.402932,1.8161998,-0.00021152935838938692,3.57924729657129,14.18191070323169,1798.2207803339334,2190.3679648919187,12.831447713118182,11.533113874824448,16.419339738231134,17.2518704383823,20.865629678858514,21.933960844988928,41.144199033259575,2.020751e-05,3495.9375,0.0625244140625,0.0,0.0,0.0,0.11256533823907376,0.0025101768696913496,0.08609171397984028,0.2813162885606289,0.0059458099189214405,0.11511601228266954,0.3761600188910961,0.02029463634826243,0.0,True
00:22:38,59278c090220760001fda664,,0.7416115065777856,,-59.56058676691865,-478.62127999999996,37.013126,2.8594612999999995,2.3743713,-0.061813604,-3.0010304,-5.0486383,-5.428733,-4.2241144,-2.2195096000000003,-0.4402707,0.37319693,25.569023,10.994006,-2.0501459,-10.102571000000001,-12.052514,-9.140265,-4.009836,0.5918906999999999,0.46489695,-1.1764476063026448e-06,0.01942499533228256,,2986.920851121132,1399.859657299438,14.139115412790195,8.637124733515531,11.067069496045587,20.538618410448226,15.817739117949364,15.25703800962908,18.5318964922727,0.00040410596,1286.015625,0.0271630859375,1.0,0.0,0.0,0.016228610184043646,0.01908136658991377,0.002098851241559411,0.0016860693858082715,0.9215886791547141,0.019552360040446123,0.018959632391730943,0.0008044144332719344,0.0,False
00:22:38,5c41c28e896e090001c03bb0,190.37967237065487,0.9643996474918576,0.8045565942658285,-21.518283651493824,-265.83582,137.44225,-13.818516,-9.478480000000001,1.2860287000000001,-1.2424108,-4.2490559999999995,0.089967474,-1.5846434,-1.8765678,-8.568002,-15.317404000000002,-36.439323,26.091263,16.406172,-13.774853,-3.8105492999999995,-16.503567,-22.599817,-14.33465,1.9905238,-0.000128767796076102,2.1595487304102683,15.33877795713152,1786.4292305335393,2333.9110502895755,14.098277852957757,13.656025127292835,18.913149597671676,16.027091923868543,23.82284738736756,22.75851650838402,39.28778146772572,1.9880837e-05,3792.1875,0.0752001953125,0.0,0.0,0.0,0.07978217713534833,0.001423171002534218,0.04001965820789337,0.18413759171962735,0.003406549489591271,0.11959637254476548,0.5283139988780021,0.04332046511117369,0.0,True
00:22:39,59278c090220760001fda664,,0.7398920115075693,,-59.65133052118907,-477.82156,38.088584999999995,3.1347797,1.5758241000000002,-1.3361716000000001,-4.021755000000001,-5.2899723,-4.7695537,-2.9215708,-0.709482,0.88666683,1.2917646999999999,26.557432000000002,12.042900999999999,-0.65505254,-8.111577,-9.460572,-6.2931566,-1.5159378000000001,2.125652,0.44808304,-1.2289474920233977e-06,0.020274205404825576,,2962.6461068967246,1381.7602937598504,14.459629436752422,7.877235169856608,10.829611623043359,19.502108499799107,16.747410972978702,15.118060632959207,18.48896766029205,0.00043254712,1350.0,0.02578125,0.0,0.0,0.0,0.0191337803301091,0.02373644858598709,0.002328489169788857,0.0012355811079032722,0.8904652714729309,0.04459758441274365,0.017118311207741498,0.0013845567397462824,1.0,False
00:22:39,5c41c28e896e090001c03bb0,260.82757389539415,0.9805546764926938,2.1933596782200446,-21.38913308827973,-220.01645,128.57509,-2.3450933,-15.902047,-8.348951,-7.365605,1.2957785,0.9924629999999999,-3.8102303,-8.164792,-2.6232743,-8.086067,-47.065407,30.607028999999997,17.900446,9.941072,-8.948948,-15.542751999999998,-29.62143,-2.3982417999999996,1.6821947,-0.00019559888314889083,3.3607597322867173,19.01359254706108,2330.943887577448,2423.182874938942,13.182253560603984,13.973228303740422,16.17279006056573,15.757475303857978,21.86711360045004,23.62131965385825,38.99527943194004,7.0633956e-05,4489.21875,0.06009765625,0.0,0.0,0.0,0.0182278300000524,0.000302386694040086,0.004226899166083472,0.29002376002344216,0.004493272987681186,0.008735171148807487,0.6722210320559415,0.0017696383636741136,0.0,True
00:22:40,59278c090220760001fda664,336.25291465279395,0.7149269778831028,14.435780242204627,-55.32440790890635,-459.8747,53.41061,4.628875700000001,4.5101629999999995,-0.34779352,-4.1249437,-4.547978,-3.8724613,-3.8759546,-3.5792975,-2.095782,-0.4438903,23.494970000000002,2.0789285,-2.8219847999999996,-1.8390143,-5.1222615,-10.167411,-9.279753,-1.911044,0.6034499,-4.214409514412702e-06,0.0697543411154982,10.611462276378957,2754.9426922754187,1501.3143387336072,13.756827994012413,7.667496424366156,11.084677158401243,19.11798164780538,19.974356762520934,16.011286532496115,19.67702535957996,0.0005058161,1816.875,0.0325244140625,0.0,0.0,0.0,0.014361872252387303,0.026494857358435788,0.0012996469740755856,0.0007181801833212375,0.9136205037434896,0.036873662425205116,0.00533016297655801,0.0013010954794784387,1.0,True
00:22:40,5c41c28e896e090001c03bb0,353.8139315367302,0.5573050918863245,12.526182101472775,-42.76285874423477,-363.0954,61.885493999999994,-4.278468,2.5024330000000004,9.030018,-11.15011,-5.004497,9.117869,6.961311299999999,-1.6295812,-5.548358400000001,-0.2762914,-80.56916,1.8040083999999998,7.1044292,-7.5696864,0.36666468,-26.31253,-38.73891,-7.3005320000000005,1.344077,-7.459153319984374e-05,1.3526353616077855,68.82880261134103,2625.964014614745,3858.69506694809,10.00576217715061,8.997384110238034,14.767902925861367,17.033448599671402,21.122086125880386,21.872935448303267,33.519986743662464,0.0094631165,6030.46875,0.133525390625,0.0,0.0,0.0,0.002980052816888524,0.001376282688902898,0.0005287416214640768,0.021869303671539657,0.8204065826204088,0.004534936044365168,0.14663351554837492,0.0016706010145652625,0.0,True
00:22:41,59278c090220760001fda664,292.9100254189983,0.9800346990555708,5.661440864077783,-51.821696721661816,-455.01154,64.53571,3.0113919,2.051172,-0.0941039,-1.7691028000000002,-2.4035501,-2.3609161,-2.0303256999999997,-1.5444034,-1.10774,-0.9911709000000001,39.85711,13.376503,-5.069326,-13.038418,-13.09804,-8.823128,-3.2110257,1.2670482,0.63661134,-4.257167609438011e-06,0.06979977679631627,48.5054089146863,2315.3400068496867,1229.4871354528054,12.178755474133535,7.966190257423762,11.667071580854358,17.572999180497707,17.3478521151001,16.217888234381224,21.339596605825708,0.00022587526000000002,1589.53125,0.0272265625,1.0,0.0,0.0,0.02096902163078388,0.02741265917817752,0.0018672865019955984,0.0006574363656303223,0.9055669347445171,0.030109236482530832,0.013002984994091093,0.00041441529756411913,1.0,True
00:22:41,5c41c28e896e090001c03bb0,193.28177114924233,0.7312225756798371,0.4664256865044594,-54.071506589408074,-348.61188,118.62240600000001,-3.3334004999999998,5.1703563,6.8970532,-4.0421059999999995,-2.4223056,-0.82838666,-0.21091022,-3.0236402,-1.0266787,-2.4679794,-47.276146000000004,0.4858719,-9.311658999999999,-5.275173000000001,-2.130925,-1.7299301999999999,-11.448909,-6.524548,1.7856537000000001,-0.00011726518284012151,1.9761923705571736,12.426245652382688,3803.593382304505,4055.347484913071,10.889433486385704,9.549466722996184,12.155027890952175,15.029891555629876,17.766008845339567,17.03629098445309,29.997739887496447,0.084719904,7991.477272727273,0.06424104324494949,0.0,0.0,0.0,0.0014198972031325948,0.002532456535845995,0.0003931096792009405,0.0020154215599177405,0.9679318774830212,0.0037718891451897275,0.021032169757580214,0.0009031924366188996,0.0,True
00:22:42,59278c090220760001fda664,,0.7328258562335642,,-59.199313871533306,-476.228,40.007656,0.40147188,-0.72511166,-2.5380792999999997,-4.0498023000000005,-4.5885553,-4.020702,-2.7304378,-1.3504838,-0.39103046,-0.014158097,27.768356,12.776301,0.16367632,-6.914060000000001,-8.232145,-5.818162999999999,-2.4048488,-0.060398667999999996,0.46428433,-1.38012157900504e-06,0.022734283818885075,,2930.045141354237,1382.6518329652515,15.272156123142347,8.234518610729149,11.143355935905397,18.555365334867858,16.84912062618674,15.6260681173452,18.63065020638145,0.00046238477999999996,1496.953125,0.0242236328125,1.0,0.0,0.0,0.015852333628572524,0.01399159866074721,0.001785153229138814,0.002794948932569241,0.9508132020632426,0.008378326939418913,0.004407690139487386,0.001976727471143628,1.0,False
00:22:42,5c41c28e896e090001c03bb0,201.5951559742879,0.9688046564656404,3.503163248351464,-21.821080284009767,-237.47578,165.54486,-14.118794,-1.6959886999999998,4.161706,-13.991432000000001,-5.955392400000001,2.5342027999999996,-6.6760755000000005,-4.629330599999999,-1.656196,-2.6032069,-40.0297,4.790598999999999,0.08801071,-19.844856,-0.40267432,-17.09082,-19.320086,-6.639403999999999,1.5690118999999998,-0.0001416614284818087,2.3593633346074427,14.388718168622065,1806.2770463242248,2072.0245433317687,13.179933198152591,12.624884834024241,15.700693917127909,16.585380031717428,21.527176372827626,25.135183609131865,41.00028282213592,2.1893883999999997e-05,3750.9375,0.0661962890625,1.0,1.0,1.0,0.02687876687074701,0.0037228495348244905,0.007958082267173773,0.044084079654162965,0.38623393451174104,0.12118313037272956,0.39677951857447613,0.013159637501101114,0.0,True
00:22:43,59278c090220760001fda664,,0.7623213663669641,,-59.817014554572026,-479.101,36.5986,1.9813428,1.9789894000000001,0.30285817,-1.8294343000000002,-3.3437947999999995,-3.7147956,-3.0267975,-1.7701732,-0.53820175,0.22350144,25.788612,11.849210000000001,-0.90337026,-9.137915,-11.627216,-9.364261,-4.7576575,-0.40009218,0.45954642,-1.1718267561396141e-06,0.01935276327965377,,3014.6270756424506,1415.802993576007,14.359039458397081,8.180222033349935,10.421558839131453,20.391128579531028,15.716372730677787,15.219640731381615,18.58356337750802,0.0004543334,1371.5625,0.0268798828125,1.0,0.0,1.0,0.016820414845521253,0.022266076318919657,0.0008212894841562957,0.0008962024876382203,0.9199369033177692,0.02726318708931406,0.011632778278241556,0.0003631419443991035,0.0,False
00:22:43,5c41c28e896e090001c03bb0,215.80086188957569,0.9259655147435588,5.99248736002607,-21.887967447006744,-260.21722,163.75708,-7.734752,-14.262158,-5.5051913,-3.0179167000000002,2.4783757,0.19770958,-6.640385,1.3507909,0.15592235,-8.760523,-25.74446,11.559173,14.995610000000001,-7.077493700000001,9.033431,-21.81317,-34.425613,-5.197181700000001,1.8366470000000001,-0.00011964568256126372,1.9875534764588485,18.003918574859746,1734.2707751582916,1837.2124824777507,12.634450410595935,13.064154726445956,17.373442905342248,15.52782325598619,23.293023057711924,23.4279998853156,37.824623227154994,1.7476601e-05,3410.859375,0.0527880859375,1.0,1.0,0.0,0.07884209370240569,0.004606129659805447,0.02191553276497871,0.029561629751697183,0.18268221872858706,0.21659737778827548,0.458099851384759,0.007695172185776754,0.0,True
00:22:44,59278c090220760001fda664,,0.740872718099736,,-61.16258582711234,-483.60537999999997,31.088808,0.7265204000000001,1.532254,0.31726938,-1.9359392,-4.0052204,-4.9783883,-4.572182,-3.1321647,-1.3731761,-0.016960949,22.44187,10.947828,-0.14089055,-8.047469,-11.358293,-10.336215,-6.588667,-2.2842581,0.39799958,-9.555017543957658e-07,0.01583607247195825,,3236.08047542661,1525.9463476762505,13.562030407331564,7.903082998941772,10.268375060939672,20.346165567193086,15.08553633803968,14.899067367923491,18.36993977700552,0.00055392017,1526.25,0.0253759765625,0.0,0.0,0.0,0.011384047047855951,0.03247366274396578,0.001427849013513575,0.0007084206871998806,0.9188902934392292,0.02233917952204744,0.01232524560764432,0.00045130749058444055,0.0,False
00:22:44,5c41c28e896e090001c03bb0,171.1552577762267,0.8986453001328485,0.6437238396609837,-29.938544824637194,-292.47977000000003,110.72731,-7.419565700000001,-3.3977687000000008,2.5526332999999997,-8.619225,-4.2341166,4.264334,1.9097238999999997,-1.885989,-0.9429863000000002,-2.6049201,-44.57673,16.467468,8.619669,-3.9232714,4.428391,-14.068148,-18.532857999999997,-2.411939,1.5187579,-0.00011747911470604123,1.984034482923012,12.09453483083182,2210.8408019662706,2885.0771261664095,13.072917960272619,13.444196417122347,17.59368463116413,16.857521615257813,22.96558928210116,24.086632598520872,39.85113349869432,0.0010974972,4713.046875,0.1017138671875,1.0,1.0,0.0,0.09937455422348446,0.0043136113478491715,0.03129150283833345,0.050214625067181065,0.08383695201741324,0.321144269572364,0.3880298303233253,0.02179462467837665,0.0,True
00:22:45,59278c090220760001fda664,,0.6317704876005549,,-56.751718616090564,-472.42175,44.912727000000004,2.907012,2.6023366,-0.25112125,-3.6189207999999997,-5.4639077,-5.0086889999999995,-2.9301457,-0.5293814,1.2050815000000001,1.9053468,31.451275,14.855297,0.3963124,-8.702622999999999,-11.72958,-9.790483,-5.020434,-0.010037205,0.48088264,-1.5971622276989002e-06,0.026276453690259632,,2708.567672092518,1250.6590531018185,14.606988296529636,8.02029829675978,11.144705416071236,20.28309958539747,17.792361654587552,15.060502656761448,18.58980086424114,0.00029019162,1193.90625,0.0244287109375,0.0,0.0,0.0,0.008515441262473663,0.042390648399790135,0.0021423972366998592,0.00036678207882990437,0.9268428842226664,0.015096708821753659,0.004000873165205121,0.0006442653771955519,0.0,True
00:22:45,5c41c28e896e090001c03bb0,,0.5788858909320507,,-56.76359586028596,-423.27252000000004,28.406221000000002,-6.767456,-0.8800209999999999,0.83090436,-0.8921247999999999,4.156172799999999,0.8700365,-1.1074858,-0.016677411,1.4848643999999998,1.4918892,-57.164787,5.840137,-19.2019,-17.967195999999998,16.123962,-3.6481707,10.180113,15.716306,0.92139673,-2.009769136281458e-05,0.38034749439184096,,3671.3779401344564,5071.762166851001,11.347089027470858,11.189552913755662,12.94579855396722,16.872220999769606,19.52474323705529,20.359452895754647,33.92044680282747,0.026184167999999997,8638.359375,0.168876953125,0.0,1.0,1.0,0.06218089386820792,0.008597503311466425,0.020189173007383945,0.07757605626247824,0.06621900941245258,0.4712610155344009,0.2710316389799118,0.022944684280082586,0.0,True
00:22:46,59278c090220760001fda664,137.9441189268473,0.5934732732558029,0.5013719996753284,-26.93829829009448,-296.39975,180.37811000000002,11.825617,17.626991,4.2405453,-10.334727,-16.417595000000002,-5.825707,4.010555999999999,-4.09825,-9.123075,-0.26430106,3.6614614000000003,-32.15968,-2.6976322999999995,2.1588836,7.097136999999999,3.1131594,-18.898737,-14.610998,1.1647100000000001,-0.00011567809190197637,1.9027670162058383,14.427388118545425,1326.8573785340832,1290.4513165745175,16.622428649883695,12.092789153112856,13.884931274447172,17.052532775453045,29.454455140021373,24.80647208476559,28.543972428795605,3.4582516999999996e-05,1871.71875,0.04224609375,1.0,0.0,0.0,0.01901859119534493,0.06413193518916765,0.009128344586739938,0.0006978300768726816,0.8618955532709758,0.037243494267265004,0.006707108998671174,0.0011771249390828114,0.0,True
00:22:46,5c41c28e896e090001c03bb0,,0.9653534984533092,,-74.3941214683264,-500.06534000000005,6.1300397,0.6278268,3.8747373,3.8594084000000004,-1.1553601,-1.1211083999999998,2.6531432,2.7226654999999997,1.5512228000000001,1.9061550999999999,1.9575756000000002,-3.150012,5.2572207,7.368539299999999,3.1769238,3.6871883999999997,2.8767674,0.87354946,0.28373072,0.4217951,-8.047368253755891e-07,0.014335799000126971,,4984.689735044716,4905.141720984075,12.041072301523675,9.929566040297056,16.798803715893303,20.800806570900395,21.30560159876356,19.255536673047047,18.991774288746353,0.031323574,9673.125,0.090234375,0.0,1.0,0.0,0.02478389998432249,0.011294198856921869,0.002569423516979441,0.08405239388812333,0.4490009802859277,0.2744841491803527,0.1179619312286377,0.035853017354384065,0.0,False
00:22:47,59278c090220760001fda664,139.89685691758197,0.6222066035083771,1.6307445023645546,-45.35045716213502,-416.58655,94.72085,3.3084379999999998,2.6964169,-1.6590373999999999,-5.334522,-4.1920485,-0.4048426,0.5268084,-2.6555836,-4.592439,-1.4189129999999999,32.828990000000005,2.5422251,2.2385623,-0.053086645999999994,-8.31167,-9.638948,-4.381064,0.55853957,0.91520524,-1.7375825346718733e-05,0.2846812951140059,9.230888085072863,1866.6908734498065,1118.5650780288622,14.787984811829553,8.654459977749442,12.441388048334488,16.59586719849175,21.69786531162679,19.673297983650173,21.910428582086496,9.825499e-05,1573.59375,0.0307568359375,0.0,0.0,0.0,0.01288043917156756,0.02729219840839505,0.005044053879100829,0.00491574206680525,0.9186484336853028,0.017064977996051313,0.004256676766090095,0.009897455497412009,1.0,True
00:22:47,5c41c28e896e090001c03bb0,,0.9305697548918348,,-86.65396782071151,-506.33667,2.5754813999999997,-0.69422793,-0.48255859999999995,0.30279067,0.33681765,0.11689931,0.080493785,-0.53494817,-1.4992346,-1.0441175,1.0754786,-0.16961995,-1.7318738,-1.9689922,-1.5919758999999998,-0.27378184,1.6550918999999997,2.229806,0.7539543000000001,0.09931147,-6.886873869587732e-08,0.001304110047873616,,6501.16620426854,6371.128228558089,11.800495218973367,8.434816523661269,13.555139833820146,20.080653361387178,17.552218136224223,16.78897323028883,14.534217436214476,0.07733081,14190.0,0.0427392578125,0.0,0.0,0.0,0.04501895839348435,0.001227606340762577,0.012947766768047587,0.4171594448387623,0.0034467435558326537,0.13745308397337794,0.28536591678857803,0.0973804771900177,0.0,False
00:22:48,59278c090220760001fda664,129.95192570288862,0.8505612065212604,0.775135378842563,-20.370417941853546,-273.08963,171.61308,2.949016,-2.5325851000000004,-8.336596499999999,1.6487415,5.743392500000001,3.1310751,2.1959857999999994,2.3156726,-2.0614244999999998,-3.5905980000000004,-13.399393,5.32439,33.731159999999996,4.627317,-8.311428,-13.375043,-24.59522,-15.657810999999999,1.6104848,-0.00013338701981337517,2.213917631783236,26.258583874080852,1508.3428261920658,1768.497049345299,16.138043561320004,11.476753799707424,17.50147306637937,15.565271473753135,22.119332517595744,25.434358536984377,31.640378930986184,7.051103e-05,2840.859375,0.0521826171875,1.0,0.0,0.0,0.021932571846991777,0.0229862907435745,0.015176913700997831,0.003803189989412203,0.905024528503418,0.018236664496362208,0.008977619255892933,0.0038622143736574796,0.0,True
00:22:48,5c41c28e896e090001c03bb0,,0.931668368320473,,-90.4583129178475,-506.2701,3.6293526,-2.7198903999999997,-2.082459,-0.70068485,0.7263377,1.9538422,2.4415035,1.3644538,-1.199837,-3.4803915,-3.190255,-1.9916314,-5.632795,-4.408125,0.13558368,3.8835873999999997,4.07262,1.3513513000000001,-1.574753,0.0911902,-8.273894574556771e-08,0.0014967757890593635,,6465.317241572306,6484.585734022323,8.365093878171837,9.339665157155515,9.574942823339,19.082680058995088,18.771671169626764,12.921599280252021,13.932318324920018,0.17812085,14383.394281914894,0.03167317708333333,0.0,0.0,0.0,0.18925013095140455,0.003123732353560627,0.027359372563660143,0.0457932559773326,0.0024328101193532353,0.3444647669792175,0.3553513884544373,0.0322245464194566,0.0,False
00:22:49,59278c090220760001fda664,128.02055334048612,0.785455082693789,1.8605897178370459,-27.27351631978989,-307.94272,169.60564,4.500822,5.4602010000000005,0.3959136,0.69999766,-3.0791216,-4.968592,1.0982505,-1.0643908000000002,-8.183676,-2.1611217999999996,8.927013,-6.330650299999999,27.593973,6.7161465,-14.909317999999999,-12.083089,-14.086807,-9.680043,1.3163393,-8.873804921243333e-05,1.4624123876540935,26.228143754044627,1500.1167265962213,1331.7546397394667,15.23111831118606,10.817522628783,13.747647691850764,16.220829222668748,19.52640873828863,26.120807584048038,27.473829269907952,0.00010622754,2357.109375,0.0346337890625,0.0,0.0,0.0,0.0098093471955508,0.04825060535222292,0.004485620488412678,0.0009681885654572399,0.9051250219345092,0.025265592010691763,0.00412529039895162,0.001970330829499289,0.0,True
00:22:49,5c41c28e896e090001c03bb0,,0.664012405442768,,-102.63239963796605,-507.3338,0.09944055,0.29675782,-0.23469168,-0.40521264,0.047436327,0.42713374,0.14994912,-0.35784245,-0.31531268,0.21212870000000003,0.41334084,-0.38441727,-0.27708596,0.25637129999999997,0.39555934,-0.07357689999999999,-0.42956042,-0.124931395,0.37182826,0.015338748999999999,-1.8025355272622985e-08,0.0004032894122992797,,6800.192057675136,7299.396392964626,9.377139226781587,9.724317006034504,10.211512750815183,10.867608008200438,14.727026935067244,11.984112988872175,12.574575949447965,0.55970806,16176.739386792451,0.031638632015306124,0.0,0.0,0.0,0.13592880070209504,0.005682073207572103,0.019557043351233004,0.034289771877229216,0.00901652874890715,0.4244355738162994,0.31369538605213165,0.0573948260396719,0.0,False
00:22:50,59278c090220760001fda664,129.21759913939732,0.4940032452648034,2.4811519630401397,-27.94688543249734,-321.16916000000003,157.29437,7.1304784,13.108376000000002,1.789361,-2.9299082999999997,-2.7646132000000003,-2.8440592000000002,0.45374259999999994,2.0936968,-1.8005958,-2.7684007,5.690563,-13.910951999999998,16.721415,12.387604,0.18091881,-11.539936,-26.478174,-18.410284,1.6193151000000001,-8.696703303638745e-05,1.4348694649652445,31.850734773017248,1520.916954386321,1426.715124712791,15.2736959670716,10.492684591628347,14.477706227310376,16.13787660382609,24.761723193752893,23.983384803478145,28.08420781899668,0.00011030953000000001,2287.734375,0.0418896484375,0.0,0.0,0.0,0.05077141746878624,0.1426919735968113,0.02087810048833489,0.0007909532432677223,0.6547764748334884,0.1185468427836895,0.010052127670496704,0.0014921086258254945,0.0,True
00:22:50,5c41c28e896e090001c03bb0,170.74688795061022,0.8320162001935565,0.19085949138279565,-72.79257250869723,-405.09128,104.38271999999999,-7.6579533,-0.4439103,4.2160387,-8.033311,-9.103355,-3.1390123,-2.7452012999999997,-0.10033990400000001,5.0479484,-8.769160000000001,-59.220074,-2.6054527999999997,-15.038765,-8.011409,5.117776999999999,1.1396003000000001,-7.471943,-7.081716,2.6000257,-0.00011549640627475786,1.951534661689128,7.037348370440303,3433.1957338095986,4426.477010340999,11.550045200396148,9.622004437470697,10.386808036109334,13.454520860884488,13.91813916737572,14.196833666473264,24.613691551331662,0.46457785,7825.051229508197,0.09278971354166668,0.0,0.0,0.0,0.10173651603981852,0.002421711108763702,0.014015561423730106,0.2038428544998169,0.0037378682987764477,0.2828511193394661,0.13895821813493967,0.252436189353466,0.0,True
00:22:51,59278c090220760001fda664,121.17774138242615,0.6019250216054579,0.6174177887688682,-51.56988821470722,-441.02752999999996,65.92426,4.175701,3.7594504,-0.6596989000000001,-3.7599187000000005,-6.070000599999999,-2.6014892999999994,-0.40523583,-2.4312923,-3.8694916,-2.0766792,23.140596,6.550721,5.9071693,7.9153733,2.717905,-7.308096400000001,-12.979498,-6.689888000000001,0.63703245,-1.7573011763560933e-05,0.2887045240929307,11.127897578385294,2923.1958987334115,1769.5418253108312,13.713931230900036,9.682110247810217,12.65084756885107,18.12763318439906,20.236115207721753,18.58006638862837,22.672746839803928,0.0008136171,2819.765625,0.0389013671875,0.0,0.0,0.0,0.2745716616511345,0.1864257276058197,0.1029407486319542,0.0022362108458764854,0.2422060564160347,0.14815774112939833,0.042047027498483665,0.0014148497371934351,0.0,True
00:22:51,5c41c28e896e090001c03bb0,182.12471290209749,0.8891593149748585,2.181700805238975,-25.470090233037453,-294.45302999999996,149.07695,-4.260967,-1.2785705,-2.6028952999999997,-11.67056,-8.079288499999999,3.3309889999999998,1.4743342,-3.103897,-0.34290168,-4.468124400000001,9.165269,25.765488,9.772147,-18.224525,-9.614524000000001,0.16611314,-16.16416,-13.620726999999999,1.1071383,-0.00012228450353714922,2.0282858710231806,11.725202544524992,1649.6921023231075,1403.0309921217279,16.489335416141408,13.704123027450235,16.881844414174488,22.18253372325062,23.701709821375925,23.338455914593233,34.821156642800425,0.00012775246,2374.453125,0.0351806640625,0.0,0.0,0.0,0.02341398540884256,0.009587035595905036,0.005890099285170436,0.08824143949896097,0.1500017280690372,0.11919478625059128,0.5160595405846834,0.08761134259402753,0.0,True
00:22:52,59278c090220760001fda664,,0.7342824125931704,,-60.82862206879528,-483.5935,30.712383000000003,3.4929379999999997,3.1612720000000003,0.7867286,-2.357081,-4.790457,-5.493871700000001,-4.349162000000001,-2.1150919999999998,0.043915324000000006,1.1800731000000002,21.222494,9.189427,-1.5265125,-8.114596,-9.691602,-7.233275,-2.8229842,1.2972021999999999,0.41371122,-1.0179878107371665e-06,0.016847420549435964,,3244.8740847949052,1558.9699744252896,15.122005270150185,7.987840712713788,11.203680227711187,20.51521015681676,16.198339256075105,14.857678133404946,17.901719450546327,0.0006655647,1701.5625,0.02662109375,0.0,0.0,0.0,0.16812634989619255,0.16339603140950204,0.09140424504876137,0.0017556025879457591,0.3990239709615707,0.13751444593071938,0.037731672637164586,0.0010476985829882325,0.0,False
00:22:52,5c41c28e896e090001c03bb0,138.50658562628655,0.6343821512694855,1.1044836541638798,-23.591052857741474,-271.09985,166.63291999999998,-6.3564053,-4.9943557,1.9371756000000002,-3.3444803,-3.7631099999999997,0.29312557,-2.2112734,-3.3317354,-8.01556,-9.245269,-19.258976,5.529429400000001,19.15746,-1.1551993,1.846904,-7.424914,-9.949814,-1.6283034,1.8572526999999999,-0.0001306247917376649,2.1648205687927926,16.69146755722228,1599.5839091775229,1500.2541946725821,15.929769254781759,13.373987379511535,16.085371652780918,15.979410815975205,19.390395927547164,20.872929596394755,34.98179501624555,0.00038157857000000004,2618.4375,0.0398828125,0.0,0.0,0.0,0.025191443134099246,0.012246671435423195,0.0060264770174399025,0.01540830081794411,0.4380307361483574,0.15092205330729486,0.3376138731837273,0.014560446050018072,0.0,True
00:22:53,59278c090220760001fda664,,0.6778951038124965,,-56.959391183886474,-469.1904,46.135498,5.276928,2.9473443,-0.59882,-3.914133,-5.899960500000001,-5.6753029999999995,-4.0038843,-1.5810456,0.29038423,0.40495378,28.163921000000002,10.950614999999999,-2.73241,-10.608164,-12.058471,-9.725233,-4.055189,2.8009708,0.58306634,-1.867664985387392e-06,0.03092052304223307,,2698.302325951073,1370.7622195799306,13.196117386271641,8.328772888120318,10.867727409333503,20.277440265914354,17.68456286649986,15.95440081672343,19.255191495217932,0.00034346187000000003,1501.875,0.02921875,0.0,0.0,0.0,0.12704059332609174,0.062132724002003675,0.050689016655087474,0.02814409580314532,0.4788227543234826,0.14974379688501355,0.032717285118997096,0.07070974002126604,0.0,True
00:22:53,5c41c28e896e090001c03bb0,188.68169926690686,0.6235911790681568,1.0187630328018915,-25.06349288769341,-263.6944,106.26535,-4.069481,5.3033133,6.440363,-10.174468,-5.175625,-0.27633965,-1.2357433999999998,1.3870999,-2.7171772,-8.288607,-71.6972,11.67873,-6.100226999999999,-7.016378,23.997768,-8.043495,-15.973660999999998,3.427725,1.7582301,-0.0001437127827051378,2.466230491107437,16.96291597434376,2015.396923984614,3218.8594550892767,13.385693746509574,13.485066025399925,17.373080752644032,18.52970624791304,19.926643350379514,19.90939888104374,44.8105795416609,0.00035030589999999996,4926.796875,0.1214599609375,0.0,0.0,0.0,0.046362587437033656,0.0050301771378144615,0.00765951108187437,0.0265165263786912,0.21519690491259094,0.19615351408720014,0.4786885678768158,0.02439221888780594,0.0,True
00:22:54,59278c090220760001fda664,,0.7175141988746453,,-59.430071567072666,-476.79375999999996,39.15081,3.6548722000000002,2.105328,-0.83779603,-3.5199222999999997,-4.8338339999999995,-4.569302599999999,-3.2984623999999996,-1.9370474999999998,-1.1974878,-1.2413586,26.682383,11.188441000000001,-2.1381152,-9.751458999999999,-10.839797,-7.121442999999999,-1.7038941000000003,2.4300401000000003,0.4629096,-1.2981617678383884e-06,0.02147189881572789,,2920.0634227455107,1451.879409491036,14.254461649075287,7.97858387397916,10.964099083905204,19.665722260879235,15.970883120307073,15.156237637606376,18.988051522305568,0.00044836974000000003,1661.25,0.0282470703125,1.0,0.0,0.0,0.11888221297413112,0.048954208567738536,0.04602198845241219,0.008871846704278142,0.5270249158143997,0.20009408034384246,0.04185397159308195,0.008296778869407717,0.0,True
00:22:54,5c41c28e896e090001c03bb0,156.56766584431514,0.9210805998552484,0.7461573194426446,-18.395680417741712,-183.30671999999998,175.00606000000002,1.626158,-5.080561,1.1345123,-0.8289681999999999,-3.168541,-0.36160153,0.74070096,-4.1039267,-4.485448,-1.5063668,-55.125774,14.872187,3.3760839999999996,-13.789639000000001,-3.0566096000000003,-6.066473,-11.536114,-0.06232248,1.867415,-0.00021853462194770638,3.6857684332311353,24.12465203521307,1884.123810588307,2043.9207282232114,14.114762479656804,11.824143870934913,15.21099666180052,16.436730727343782,19.80537610167004,21.26093304412797,41.26953710543998,1.5174396999999998e-05,3766.875,0.0530810546875,0.0,0.0,0.0,0.05475912690162658,0.009747350076213478,0.00840926495147869,0.033930900506675236,0.0854205078445375,0.14745203405618668,0.654837217926979,0.005443576781544834,0.0,True
00:22:55,59278c090220760001fda664,,0.7490371527046524,,-59.998052137713486,-479.49785999999995,36.112408,1.4731703,0.79957634,-1.3396114,-3.5969407999999996,-4.930175,-4.997566,-4.1122227,-2.8970127,-1.8977807,-1.3647325000000001,25.509392000000002,11.863298,-0.56538564,-8.503426,-10.790331,-8.499179,-4.1118239999999995,-0.23939084,0.44750200000000007,-1.1264505955406996e-06,0.018622178356380883,,3058.384751447181,1436.8153143464554,15.338365535732395,7.654858084716879,10.748109492318143,20.42558675045332,15.178181211262677,15.332883590911827,18.71278626468913,0.0004658550599999999,1362.421875,0.0256982421875,0.0,0.0,0.0,0.11135584563016893,0.08702149484306572,0.046960761025547984,0.002188116451725364,0.5051567405462265,0.1892409846186638,0.05705185290426016,0.0010241800846415572,0.0,False
00:22:55,5c41c28e896e090001c03bb0,147.29410590446645,0.8721122427690304,1.5708067752555894,-36.91122624996643,-326.68176,114.255806,2.0924869,3.18791,0.5857759,-11.733079,-7.6320133000000006,1.1516829,1.8266316999999999,-2.185253,-6.488165,-9.507188000000001,-20.518053,6.8361135,8.599785,4.819791,3.9676256000000003,-5.3908496,-9.873536,0.72024995,1.4468206000000001,-0.00011270845040494765,1.8974760903273349,22.04405382781925,2490.0468174605085,2213.7829977104666,13.714793153170474,12.778324004456438,13.252657891868596,14.269507253321144,19.29332194668985,19.592580952378388,31.417281160036346,0.0025616996,3826.171875,0.0543798828125,0.0,0.0,1.0,0.01813848246820271,0.004422695868925075,0.004745390266180039,0.4527782648801804,0.02917513740248978,0.02827443124260753,0.3032362777739763,0.15922936610877514,0.0,True
00:22:56,59278c090220760001fda664,98.63835811503895,0.7431790246118418,13.809443901556987,-52.41122517488881,-453.69205,64.37906,3.5904538999999995,2.9091294,0.5307850000000001,-1.8669156999999998,-3.4341102,-3.9800446000000003,-3.3177383000000003,-1.6768421000000002,-0.109097265,0.45561692,36.230940000000004,9.355573,-5.478857499999999,-9.276748,-8.106264,-5.534212999999999,-2.062727,1.595487,0.66837573,-3.5385518363175523e-06,0.057950762395707275,25.041583440073566,2285.503174117431,1192.9787642158665,12.066439290837064,8.829346409879461,11.510711850231527,17.293767890492106,18.680943928648134,16.738848380575252,20.459161618391647,0.00022285947999999995,1478.203125,0.0255712890625,0.0,0.0,0.0,0.06167808752506972,0.12631657123565673,0.01920510148629546,0.0011624055390711875,0.5467950373888015,0.2110283009707928,0.032031925115734335,0.0017825851682573555,0.0,True
00:22:56,5c41c28e896e090001c03bb0,153.14576657280287,0.4057401479826372,0.88068125689425,-28.09631888783716,-283.78656,126.77263,0.72296435,-4.894818,-3.3560114000000003,-7.9479027,-4.0879083,7.6528406,-1.8159745999999999,-4.1265817,5.5813117,-2.8031437,-47.711433,19.923588,20.113827,-7.051317699999999,3.4824412000000002,-16.3933,-25.758298999999997,-4.957408,2.080924,-0.00012000782674255173,2.0453183330048694,20.326243421231663,1930.6843859429327,2507.606146624355,14.25356684960396,10.785633353982554,15.392028019404385,14.688570064712607,19.224257702002028,20.074853363511508,37.44838496583295,0.0016033745999999998,4151.25,0.08046875,0.0,0.0,0.0,0.040073501178994775,0.010813817745656706,0.005291344670695253,0.06043472792953253,0.04923654347658157,0.10777463717386128,0.6932903081178665,0.03308509475027677,0.0,True
00:22:57,59278c090220760001fda664,,0.7413701017744339,,-55.443981370735656,-466.07794,51.172173,2.1600704,0.952941,-0.8483026,-2.15085,-2.6373644,-2.601496,-2.490207,-2.5261047000000003,-2.6510844,-2.7104042,31.120323,7.766714,-9.992188,-17.59744,-15.968217000000001,-9.470429,-2.7831976000000003,1.265216,0.5498732,-1.9900809256069605e-06,0.03271119881322735,,2413.198277872249,1223.9563249124915,13.82165215313154,8.621444566596129,11.644996660915739,18.88079675739924,17.927012281677637,15.978523320238454,19.31220716468032,0.0001960837,1248.984375,0.0287255859375,1.0,0.0,0.0,0.08083698935806752,0.08871310241520405,0.029888036847114562,0.002049657749012113,0.5822170346975326,0.17001331076025966,0.04395022988319397,0.0023316363920457663,0.0,False
00:22:57,5c41c28e896e090001c03bb0,136.68101009657354,0.584975623371419,2.0876250917508865,-22.993917144396683,-241.94266000000002,182.34592,-1.7103256999999998,-8.449816,3.6315836999999997,-1.0043287,-8.060263,1.667619,2.4273968,1.6345999,0.46537159999999994,-9.351626,-28.843649,-7.8575087,4.492553,-13.035783,8.530292,-2.1618857000000005,-21.527685,-3.8234482000000005,1.8099358,-0.00012743706176737707,2.1165249784563183,21.854213152170683,1539.5307524039074,1623.8231800359201,15.228175798670351,11.281279514750285,14.566687828666131,14.86354957225327,20.966458887451104,19.331931422209102,35.30952809555095,1.5562744e-05,2778.984375,0.0496630859375,0.0,0.0,0.0,0.05724551770836115,0.008475826994981617,0.041439571348018935,0.08304695105180145,0.06161763174459337,0.2735890544950962,0.4107591465115547,0.06382630234584212,0.0,True
00:22:58,59278c090220760001fda664,,0.7177143130238752,,-55.59087364839307,-463.6592,51.485138,3.9675910000000005,3.3699186,-0.33713746,-2.9119039,-2.5766966,-1.5037114999999999,-1.0170555000000001,-0.3987599,0.10572862599999999,-0.54060566,27.602154,5.641625,-8.868361,-15.530838000000001,-14.240155999999999,-8.569906,-3.2583706,0.9771658000000001,0.6266106,-2.399446884018573e-06,0.039646908953364236,,2509.0017650524114,1358.8849785297016,12.85762046355998,8.172681716411068,10.964314720745444,19.21807899409786,16.608172814915406,16.944901183093826,19.537545257457573,0.00027099752,1599.609375,0.0306640625,0.0,0.0,0.0,0.09579941891133784,0.0983574703335762,0.0457584585994482,0.0037241351325064897,0.527662205696106,0.18665365874767306,0.03783491402864456,0.0042097648605704295,0.0,False
00:22:58,5c41c28e896e090001c03bb0,156.33469089683788,0.9350492186475468,0.4690886596651565,-29.067688261879876,-269.42562999999996,111.81608600000001,-8.266862,-9.718879,6.552021,-2.9617082999999997,-5.7840447,-0.4167696,-6.965902000000001,-1.8415848000000001,7.520963,-8.288867999999999,-64.56685,1.9948506000000001,-3.4403849,-13.800164,14.695063000000001,13.917785,-4.4643755,2.3854594,1.6535845,-0.00012575701422926669,2.144324737332519,17.229090103094993,2008.5016417630152,2796.5709345566765,15.412534096604018,11.119816481752343,14.545525586389351,17.024254136796216,20.5392122643219,18.305547232579293,40.838115338339136,6.864952e-05,4645.78125,0.103486328125,0.0,1.0,0.0,0.015496826704798471,0.009289995744539838,0.009358511164060071,0.2556661210126347,0.2344975039983789,0.1007451781640864,0.2046104504002465,0.17033541854470968,0.0,True
00:22:59,59278c090220760001fda664,,0.6916702535089196,,-52.39442870635203,-448.26977999999997,66.26966999999999,-0.8480204,1.1602708000000002,0.64756626,-2.1784952,-4.823181,-5.2577724,-3.3495623999999995,-0.92943466,-0.44717592,-2.0259197,29.087496,1.1202302,-8.755498,-9.127892999999998,-7.5543685,-5.895784,-4.5807199999999995,-3.1712002999999997,0.765363,-4.499488142335751e-06,0.07440150916761666,,2338.9450398343697,1395.0142241500225,12.517608680187035,8.128383158781862,11.40764146243901,16.830113857453984,17.875661866984323,16.927907351477725,21.691669297302013,0.00029042794,1862.578125,0.03267578125,1.0,0.0,0.0,0.4889161825180054,0.019590870838146656,0.11923722298815845,0.1090955089777708,0.07885871566832066,0.09880004227161407,0.057115627266466615,0.02838585348799825,0.0,False
00:22:59,5c41c28e896e090001c03bb0,155.16669389466205,0.8217214360752879,2.1859378571956083,-31.116384155241853,-326.3233,124.18338,-7.052815400000001,-9.822033,2.1284862,2.055034,-5.4260254,-3.443571,-2.6934025000000004,-4.6491940000000005,-5.490497,-8.081182499999999,-9.936906,11.231542999999999,20.647676,2.7266443,2.4088051,1.0278216999999998,-5.565944,-2.916144,1.3522966,-0.0001007619930612274,1.6766699745457212,14.755516804109227,1960.566159301573,1377.4591765645794,16.825185616597913,12.854640787825026,15.703971911696767,14.483240272114505,16.692809949578507,20.885453855658948,28.229463323018717,0.0001558197,2373.046875,0.02748046875,0.0,1.0,1.0,0.056229170784354215,0.008994052563139121,0.017638490197714414,0.2892285607755184,0.12453444357961416,0.2899598811287433,0.18383858799934388,0.02957681454718113,0.0,True
00:23:00,59278c090220760001fda664,,0.7224822763969911,,-56.261263342452395,-466.94864,50.388943,0.49555140000000003,0.91580254,-0.8323451999999999,-3.4452293,-5.0339613,-4.607382299999999,-2.7335677000000005,-0.7935955,0.26279253,0.4174599,31.796473,10.792982,-4.7586455,-11.917327,-12.409897,-9.54198,-5.679327,-2.0139544,0.561075,-1.968031315417593e-06,0.0323474302831064,,2521.96414268348,1256.1210285292916,11.906458779360028,8.051803504288513,11.12702578598372,17.0941037769835,17.604115040706905,16.100291248536802,19.087112299731558,0.00027137194,1370.625,0.0268994140625,1.0,0.0,0.0,0.3812852531671524,0.037608624622225764,0.2449443869292736,0.03808270022273064,0.07563211359083652,0.0902314193546772,0.12068356461822985,0.011531903222203255,0.0,False
00:23:00,5c41c28e896e090001c03bb0,143.216975287531,0.8781342842876608,0.493958738962229,-18.68050329107203,-220.11853,142.4763,-8.969192,-10.458697,0.5681602,-1.1265581,-9.135335000000001,1.4559753,2.5958688,3.9739416,2.590477,-20.345821,-51.620495,37.480328,1.4290159,-14.130507999999999,20.933054000000002,-5.393382,-20.713682000000002,-8.767408,1.7825008999999998,-0.00016071711430416447,2.774328107992392,12.733720039619415,1799.177335003897,2956.1892652985907,17.170952345050797,13.521425077643324,17.595883237623227,15.244320554464482,21.41191874170939,22.637770673064278,44.28773292804132,1.4615052e-05,4442.109375,0.111533203125,0.0,0.0,0.0,0.1896047238260508,0.01091738292016089,0.12402718625962734,0.17598145427182316,0.10207193866372108,0.1918174959719181,0.13974504321813586,0.06583476908272133,0.0,True
00:23:01,59278c090220760001fda664,,0.6849777426076925,,-60.88187774686327,-482.33832,32.260937,1.7504392,1.5168589,-0.61547965,-3.2063591000000002,-4.9214473,-5.101537,-3.9211197,-2.1416470000000003,-0.6459676999999999,-0.008969494,22.078684,8.928616,-3.0998273,-10.787037,-12.876351,-10.265889,-5.318489,-0.6924130000000001,0.41387060000000003,-1.015919410451958e-06,0.016836302982749258,,3202.8809365142406,1544.8979855360606,15.079957661816088,7.965236239305796,10.745929237936853,20.43157109333362,14.877501191654133,14.97596613612505,18.441743647321577,0.00054651423,1533.28125,0.0274755859375,1.0,0.0,0.0,0.3769906051456928,0.043505690153688194,0.14133879877626895,0.028794359508901836,0.1557958803139627,0.15867190286517144,0.07776864096522333,0.017134123854339118,0.0,False
00:23:01,5c41c28e896e090001c03bb0,243.74834165592446,0.9600318951479124,7.0184616047401445,-27.232852897740372,-305.60876,146.49956,-13.747872000000001,-3.4192536000000002,9.116543,5.167856,-4.1771507,-3.8152583,-1.1537523,1.8526808000000001,-0.58692604,-11.355246000000001,-12.610776,-12.512499,-8.355179,-14.332548000000001,1.4633938999999998,5.427236,4.339192,-4.790286,1.5071136,-8.433204328998414e-05,1.4097550266546266,23.92907310420578,1395.6949676821896,1982.900013395183,14.659187437332456,9.839146292220734,13.98894958702762,18.289996763472303,21.46766112744985,23.394716281119013,32.2930822134772,0.0001956522,2859.84375,0.075107421875,0.0,1.0,1.0,0.04135606568306685,0.011416376504348593,0.06928321823943406,0.10430673874216154,0.4587816387414933,0.10068552754819393,0.18533429875969887,0.02883610801072791,0.0,True
00:23:02,59278c090220760001fda664,289.43085855257715,0.5841270511297598,10.037124773237265,-47.972351137319926,-406.6683,76.38608,7.2503633,-1.1719598,-1.8573843,0.057911444000000006,-8.777605,-10.544393,-1.2675436000000002,0.18596074,-3.0155036,-0.020731185,-3.9748477999999996,2.535772,10.134588,-11.842578999999999,-13.645651,-8.978328,-10.511107,0.75066346,0.8724484,-5.3161105450238705e-05,0.8890448280173808,19.917711947146774,2765.092154234465,1655.6084762854507,15.452389555778112,9.129103427667141,12.064076332228453,21.20727998643102,17.172908477998327,20.63509253115893,22.018403083027692,0.00046260255999999993,2145.234375,0.035341796875,1.0,0.0,0.0,0.2295463938266039,0.059692972153425214,0.11401727562770247,0.011721869569737465,0.3960128158330917,0.13691377379000186,0.034712259843945506,0.017382650845684113,0.0,True
00:23:02,5c41c28e896e090001c03bb0,,0.4381092147217337,,-59.09838185980282,-462.5397,17.333508,1.3549349,5.214346,5.583088,-3.7781154999999997,-2.5626,4.397518,1.4669787,-0.3594541,-0.20480543,-4.541739,-20.912382,6.980983999999999,0.34088352,-2.7763267000000003,9.842461,-0.03447795,0.27143022,5.8391137,0.9013828000000002,-6.770061014956387e-06,0.1249522224838299,,3469.5247877377437,4112.495457959014,11.304925023466033,9.824706448241756,10.858444975226128,16.008157480995678,20.267628341467372,18.468799918290006,28.613908491000732,0.011899881000000001,7126.40625,0.11103515625,0.0,1.0,0.0,0.0461906524724327,0.004847684188280255,0.054672661505173886,0.020911100716330108,0.7582978338003159,0.02000566803617403,0.08556941947899759,0.009505019581411034,1.0,True
00:23:03,59278c090220760001fda664,154.03379274598268,0.8288597096028473,1.7391157250875957,-20.44983336640169,-260.71088,189.02213999999998,0.65509486,14.051836999999999,3.9341047,-2.4441943,-7.673558,-7.02062,3.2246032000000002,2.2992557999999996,-8.461495,-8.088252,-23.8108,-24.216473,24.025554999999997,-1.9343128,-11.304203999999999,-4.5743093,-28.961053999999997,-32.429295,1.5215374,-0.00016165781080198108,2.6813535674303868,32.42067987821817,1282.4260065499334,1411.5887012055566,15.40007480252698,11.875312937758329,13.926418124773793,17.306405847529312,23.973226914493626,30.059932379015336,29.12549227387407,2.6904348e-05,2446.640625,0.0418359375,1.0,0.0,0.0,0.34145388901233675,0.037383572594262664,0.04595199197065085,0.10958213615231216,0.2606013923883438,0.1298587062396109,0.04975525811314583,0.02541305251652375,0.0,True
00:23:03,5c41c28e896e090001c03bb0,,0.9310646979845848,,-94.96430896052743,-507.32995999999997,0.060277592000000005,-0.11476102,-0.044467594000000006,0.09194815,0.0023939603,-0.171573,-0.10390724,0.08738054,0.04405787,-0.16001555,-0.15149197,-0.10292659,-0.00014736888999999998,0.15880646,0.07514116,-0.08359319,-0.027834293,0.09991741,0.024658985,0.012335801499999998,-2.1818509526137292e-08,0.0004960600555169894,,6768.630564243821,7759.0309563768615,8.399852645774878,9.4179527785053,9.414906961244077,11.801343273804926,19.530942546293648,14.791823899556114,14.641156970970233,0.18662114,16559.326171875,0.04606119791666666,0.0,0.0,0.0,0.002474525669822469,0.008076491625979542,0.0012523310782853515,0.0063348283234518025,0.9204623043537141,0.02076736488379538,0.02766201973427087,0.01297012997092679,0.0,False
00:23:04,59278c090220760001fda664,102.85574861452456,0.5898521730515472,0.4934452764304353,-24.55206502956093,-302.85443,164.2371,0.5842255000000001,4.226603,-2.3767755,3.5290767999999995,1.6696419999999998,-3.2708892999999994,1.8460611,2.2346592,-6.185783,-6.042248000000001,3.3750336,2.2733004,29.397474,9.633376,0.64044553,-8.268824,-33.349224,-28.623520000000003,1.4293464,-9.041996520126776e-05,1.4930622916992518,20.350164904537607,1578.0303056493537,1533.3103664487162,15.116197889123411,9.35232448931748,16.777754355440855,16.955786210263742,25.04098996840053,29.043821992637014,29.3652463206741,0.00011588879999999999,2679.140625,0.0476318359375,1.0,0.0,1.0,0.2069118982180953,0.033843410573899745,0.10425930311903356,0.02714755567139946,0.4980154054239392,0.08361459579318761,0.034252969082444906,0.011954902822617441,0.0,True
00:23:04,5c41c28e896e090001c03bb0,,0.6414483342650057,,-100.76325150033877,-507.33157,0.15097897,-0.048868343,0.30933693,0.279413,-0.0063484902,-0.23888342,-0.27400088,-0.044283297,0.29625207,0.32311872,-0.056994345,-0.23742527,-0.31205370000000004,-0.09115137,0.17659555,0.30997804,0.14511164,-0.23683529,-0.37396409999999997,0.04288949,-1.650994240238344e-08,0.000385586592255805,,6748.8061674937435,8304.780587318664,8.225809679577234,8.168016647388173,9.33762012380376,13.740136675309081,15.68956285370749,14.415270765696425,13.069945926038208,0.40452662,16969.90740740741,0.03880615234375,0.0,0.0,0.0,0.005485392609261908,0.01709390161558986,0.002833470556652173,0.002400527066492941,0.8380177587270736,0.07338661907706409,0.05847394526936114,0.0023083572363248096,0.0,False
00:23:05,59278c090220760001fda664,95.75990863067284,0.9052270633906564,0.8232640945002118,-44.569677248212614,-400.55124,88.90697,4.5172167000000005,7.6540318,4.2418385,2.2649605,-5.487973,-9.011669,-2.1917967999999997,3.2413125,-1.9490039000000001,-2.4381692000000004,16.744919,5.0833635,-3.3686597000000003,-7.007935499999999,-3.8333347,-1.4775782,-8.353717,-10.068759,0.8412681999999999,-3.4198057263208505e-05,0.5718361102730953,26.088925314677557,2742.2068121216475,2365.7039533406696,13.847233385786538,9.017370008665573,10.887878412860156,17.303140053244118,19.995361577863136,20.83508848260547,26.157831460844804,0.0009378514,4120.078125,0.065,0.0,0.0,0.0,0.011412727902643385,0.04895449616014957,0.0035547453269828117,0.0004208882397506386,0.8996213316917421,0.027589557552710173,0.007750055950600655,0.0006961999839404598,0.0,True
00:23:05,5c41c28e896e090001c03bb0,147.02542117507318,0.7362528128963345,1.4364522251120468,-87.7021772906592,-474.2738,87.70101,-3.1754279999999997,-14.880145,-3.6968956,0.85893214,-6.552212,-2.0096583,3.4769726000000003,4.6737294,4.6187797,-7.696957,-6.707634,-0.19879761,10.528299,0.26297307,6.6599520000000005,-1.8178966,-12.189034,0.49640793,2.468966,-4.459551524507797e-05,0.7343588857766055,11.329098835037934,5444.420731908005,4676.702919573788,13.280681139107045,12.757962000405163,10.636191928190843,11.33974176937159,13.453234303833671,13.227826202673393,14.982506503064638,0.43992555,11147.02868852459,0.013253348214285714,0.0,0.0,0.0,0.003062834480078891,0.012990976695436984,0.0016207068634685126,0.006308964730123989,0.8744462251663208,0.041211881488561634,0.049671560106799004,0.010686848033219577,0.0,True
00:23:06,59278c090220760001fda664,108.16650447393948,0.757329692854219,0.4095922380214633,-35.913355535958466,-352.1649,125.2612,7.221449400000001,10.775414,3.0502717,-3.3175150999999996,-13.046401,-14.126948,-2.7896628,-0.5237041,-7.152252000000001,-4.083203299999999,-1.4099903999999999,-8.286586999999999,9.509641,-6.3942695,-3.2122989,2.8309724,-13.750352,-12.913691499999999,1.2600151000000002,-8.183994037196826e-05,1.359513830076603,15.407981582579641,1972.16486118855,1559.6624797024767,13.937560689923155,10.600809245647756,12.746880811954306,17.993475234170564,21.23204202287241,24.14367661091923,25.37763302854795,0.00036267182,2721.09375,0.039677734375,0.0,0.0,0.0,0.01952239674412542,0.060044135070509375,0.002248380456068036,0.0003858636531125133,0.8378376563390096,0.0701233268611961,0.009349033909125459,0.0004891859134659171,0.0,True
00:23:06,5c41c28e896e090001c03bb0,160.57236888667273,0.8804316622316795,2.8898733958214087,-70.916815025561,-424.1679,158.49756000000002,-3.9002619,-24.69304,-7.040225,-1.1349870000000002,-15.701895,-4.221603400000001,8.176587,6.0381083,3.8130328999999996,-13.524804000000001,-11.025271,4.8094754,26.6167,2.639563,10.316113,-2.7426434,-22.139622,-0.24269387,0.8061746,-6.0571975678526415e-05,0.9957226845816574,16.111967437428028,4398.143321113405,4462.525195251234,11.872962234730576,10.863359471030678,12.014128317694723,11.996791644734198,15.866353918842144,16.089039426652448,18.70566959386469,0.20749338,9457.795516304348,0.043961771418539325,0.0,0.0,0.0,0.003934968204703182,0.011245457688346505,0.004338670003926381,0.002466284463298507,0.9130143821239473,0.027051083277910948,0.033980879746377465,0.003968270594486967,0.0,True
00:23:07,59278c090220760001fda664,108.64708377536543,0.8640698465844959,0.4815503731937744,-26.65943457115568,-307.77932999999996,145.46066000000002,-4.7272196,-4.5136414,-3.7813892,2.0961046000000003,-4.843493,-6.870481,5.3079224,7.504608599999999,-6.4248905,-9.123044,-2.5460575,19.320265,42.486571999999995,13.191891,-12.498642,-10.041603,-9.320821,-13.261911999999999,1.5728583,-8.906874688186787e-05,1.4798615541838365,19.9591486045948,2025.5258426526761,2024.706338490932,14.904835735302004,11.715850797029765,16.11893792662444,14.637693944035714,20.534897295549158,26.323106271641933,32.491363699339274,0.0002465991,3772.265625,0.0591650390625,1.0,0.0,0.0,0.05332750603556633,0.029897004668600857,0.0029112579533830283,0.021756767845363355,0.7772726833820343,0.07548712557181718,0.033916033897548915,0.005431622374453582,1.0,True
00:23:07,5c41c28e896e090001c03bb0,,0.9303192979863624,,-69.27456819013075,-502.4117,7.1551614,3.3379065999999997,3.9540873,2.0079715,-0.85378015,-1.9523881999999997,-0.7161029000000001,0.731585,0.14477623,-2.227507,-4.038407299999999,4.462157,3.5295672,5.1676779999999995,7.0671477,6.5559080000000005,3.7440157,1.3603404,1.5333784,0.11455719,-3.372419366837705e-07,0.005684617166722316,,5157.538445359224,3251.890597923644,22.138704390306906,19.526565852781726,11.613539855159367,17.621839896020912,22.301792701948656,13.961081845920596,14.134467896698437,0.006144669,6716.484375,0.0239453125,0.0,0.0,0.0,0.00204165221657604,0.04516972927376628,0.0036537844687700273,0.00023373660078505055,0.9119013011455536,0.023529900005087256,0.01277482616715133,0.0006950659560970963,0.0,False
00:23:08,59278c090220760001fda664,104.47659604604324,0.5781631943871359,1.4853729412522572,-23.45012373772962,-280.50347999999997,170.46187,8.008517,-0.091815434,-5.175537599999999,7.4069476,-1.9367641,-11.830556,2.9016201,4.697875,-10.52289,-6.576353,-18.197771,-0.0042607104,41.576355,-0.5831430999999999,-14.417410999999998,-7.846842999999999,-27.368453999999996,-18.294560999999998,1.4915736000000002,-0.0001288829121632413,2.1382203213219846,20.432923301202077,1554.5673514906591,1583.4051760102075,13.694756830880305,10.367009430402844,16.20669523064212,16.37117117961678,21.28261938798084,30.105828505504373,28.62895234817495,7.905864999999999e-05,2837.578125,0.0463037109375,1.0,0.0,0.0,0.01973899820586666,0.1131775926798582,0.005167666685883888,0.003942171860762757,0.7627136111259459,0.043225311022251835,0.05073179821483791,0.0013028571098402607,1.0,True
00:23:08,5c41c28e896e090001c03bb0,,0.8813858696782078,,-99.00356385864643,-507.0814,3.0315552,1.7079898999999998,1.4604232,1.2017440000000001,0.9348780000000001,0.66281915,0.3885847,0.11518082,-0.15444154,-0.41741425,-0.67099726,2.9874454,2.9145076000000003,2.813604,2.6859189999999997,2.5329563999999998,2.356506,2.1586285,1.9416193,0.077884816,-3.8601481286970435e-08,0.0007230005735829541,,6574.487106656594,5799.956559054685,12.742673800566426,12.264860636225158,9.935968521032514,11.263540016435234,12.29283133536318,12.073128427622835,12.734152782212455,0.47590196,13802.220394736842,0.01092529296875,0.0,0.0,0.0,0.0013362001569475976,0.04156506732106209,0.0011398251517675815,0.00014486466461676172,0.9073705732822418,0.0403283316642046,0.007327170926146209,0.0007879639655584469,0.0,False
00:23:09,59278c090220760001fda664,136.63464737659646,0.5199793262673746,3.47020194830174,-24.318529944595472,-293.803,160.00139,3.6413646,1.3426576000000001,-0.31163847,5.529794,-8.233348,-12.087594000000001,5.0645514,-0.70365834,-16.710094,-4.8066735000000005,-6.151932700000001,11.727691,27.31338,-16.286402,-14.057910999999999,0.8710781999999999,-17.955402,-17.008454999999998,1.6800121,-9.611608036623774e-05,1.6011543621388606,22.920888280607,1718.3083303030826,1765.834122359987,13.70634135576648,10.293586946133008,15.1381864967195,17.002359050344168,21.61538373678329,30.105265568528115,30.751720728675767,0.0001418836,3181.40625,0.0539599609375,0.0,0.0,0.0,0.026437699701637028,0.1016222856938839,0.011581036727875471,0.00042769945721374817,0.7911012649536133,0.043084417283535,0.02536651659756899,0.0003790776303503662,0.0,True
00:23:09,5c41c28e896e090001c03bb0,,0.4570538995132913,,-82.10054573165516,-497.5146,5.6920557,1.4010084999999999,0.8426366,1.5232302,-3.4281251000000004,-3.0262902,3.1868052000000002,6.5120515999999995,5.6861153,-2.4457586,-7.1048827,-19.909956,-4.246451400000001,2.6339326,0.108724214,3.6809277999999996,-3.0580713999999998,-6.512133,0.89141726,0.64687073,-1.2807839339371451e-06,0.02305311339044321,,5338.368808839399,5786.514199192978,11.993997055478976,9.998506023821504,11.805783571420202,16.16866652956903,20.81340196511625,14.866281437774628,17.344209030040176,0.17531182,11629.213483146066,0.0702466643258427,0.0,0.0,1.0,0.03440432250499725,0.051835825480520716,0.01860865099588409,0.00456195678561926,0.4615602008998394,0.2801978595554829,0.14465743824839591,0.004173726815497503,0.0,False
00:23:10,59278c090220760001fda664,134.68886786202273,0.8817991026024283,3.8878191253600938,-49.803295155757176,-415.86533,75.894424,9.584947999999999,6.412441,0.19566812,-3.3912508000000003,-7.015869599999999,-8.506472,-2.4860208,0.72439146,-4.0724849999999995,-1.5790339,6.3761206,1.1097298999999998,3.0991187,-8.299511,-8.330373,-7.7720613,-7.6947885,2.0749583,0.5900565999999999,-4.478542488834797e-05,0.7511589483228265,29.55259830612137,2579.111424476892,1620.1912755901535,13.303486145069785,8.600433536034922,12.985548673511195,18.796988268223018,18.450631460525816,18.823073582456807,23.99069938753154,0.0004037018,2376.796875,0.034189453125,0.0,0.0,0.0,0.01986049097031355,0.06494490755721928,0.003777694038581103,0.0011310939560644328,0.8635197877883911,0.02671295152977109,0.0196746236179024,0.0003784541280765552,0.0,True
00:23:10,5c41c28e896e090001c03bb0,178.7894115490133,0.3054757921238625,2.2638680225846834,-40.566535622313,-353.15674,126.2057,-9.063239,-18.881258,-2.525769,3.1914706,-6.158343,-0.18630397,6.842817,1.8831896000000001,-5.681591,-8.138993,-14.887210000000001,16.823523,27.78221,-0.39748037,2.5144591,-4.377596,-13.1494665,-2.6533713,1.4919496,-8.414677884814049e-05,1.4037812910020622,15.16118768075876,2645.817748439676,2638.244411717068,17.55424394028617,13.048619063196735,16.914946142211445,16.63713559606257,19.435465343662575,21.672832902391924,28.99957092037274,0.010208405,4741.171875,0.0639892578125,0.0,0.0,1.0,0.07589057683944703,0.023819848283892497,0.058914099750109014,0.0794736790121533,0.14009993579238653,0.2688931800425053,0.31521054059267045,0.03769814728293568,0.0,True
00:23:11,59278c090220760001fda664,392.8969992985202,0.7121535177312942,1.3193717644508445,-58.74987467138907,-474.12307999999996,38.245693,2.7704864,5.4196862999999995,2.9486293999999997,-2.6715693,-6.754048299999999,-6.705404,-3.9613354,-1.474115,-0.6611135,-1.0134859,17.379438,-0.20026313,-6.6996080000000005,-5.6138650000000005,-4.180508000000001,-4.9661064,-5.246613,-2.2371075,0.5310592,-3.397927428965325e-06,0.05634956672266421,23.810235578498073,3119.534189166152,1722.9421351930064,14.447832945956149,7.778193235039418,11.534581688501667,18.52460952680756,18.893659321867357,15.884242880430648,19.397130995392818,0.0007965519,2280.46875,0.0323291015625,1.0,0.0,0.0,0.007234445423819125,0.056623265147209174,0.0018225963576696813,0.00032715431952965444,0.8847808957099914,0.04231774350628257,0.005248298589140177,0.001645593881403329,0.0,True
00:23:11,5c41c28e896e090001c03bb0,125.30071135503977,0.8825378686343728,0.6139478421601916,-22.757230541006127,-284.11005,170.35956000000002,-14.075088000000001,-18.345879999999998,0.66902083,-2.1140470000000002,-13.44227,-1.5315052,7.8932457,2.2906141,-5.1695404,-8.834306,0.45081067,12.801007,22.570248,-10.802932,-2.7282944,1.4019761999999998,-5.6490345,-1.430107,1.4728028999999998,-0.00011069910845529312,1.8244536631682344,10.178935702942448,1462.2197730696435,1264.3314283369073,17.272496852891862,13.485999645449386,17.205274691961186,17.20837341780023,19.572240285112574,24.848652397894448,30.357656513316094,2.9096700000000002e-05,2247.65625,0.032744140625,0.0,0.0,0.0,0.0959540855139494,0.003832875611260533,0.05593623025342822,0.07389725307002662,0.017409199749818072,0.16273956447839738,0.5774088472127914,0.012821957655251024,0.0,True
00:23:12,59278c090220760001fda664,,0.740882715871991,,-61.897283742108364,-486.5244,27.539415,1.4233886,2.7843866000000004,2.0820394,-0.070656896,-2.6158127999999996,-4.5197363,-5.157615,-4.4830966,-2.952986,-1.2746876,20.400799,10.765827999999999,1.22147,-5.914603700000001,-9.300442,-8.894888,-5.8133492,-1.8053296000000003,0.3791634,-8.47438907495072e-07,0.01405918887721538,,3425.315158004061,1588.9601651372104,14.422113377793801,7.835408859786977,10.74214163486444,21.545351425183945,14.217907127607555,14.424710152464405,17.990536497297786,0.00063803594,1584.84375,0.0245751953125,1.0,0.0,0.0,0.012036727461963893,0.026863016095012425,0.006427192757837474,0.0007881668134359643,0.9121181249618532,0.031689951196312904,0.008591545606032014,0.0014852706604870035,1.0,False
00:23:12,5c41c28e896e090001c03bb0,121.82054154474217,0.7808293957734826,1.1036474404684649,-42.65017234138455,-350.0161,143.57056,-2.9342701,-0.54961824,11.513081,-2.484607,-12.41046,2.4661875,6.7447443,4.107621,0.6974581999999999,-11.515166,-16.03932,-13.738098,12.8712435,1.3273525,0.5631665,-6.771177000000001,-11.266849,-0.19752675,1.0853405,-7.131079513786231e-05,1.1782773382163614,16.93208596567884,2508.739376193017,2434.536592293017,15.416793532585087,11.684077822503516,13.43703820196401,15.59192523085852,22.5833613371824,20.26062875565469,25.14433810078916,0.014145717,4481.71875,0.054853515625,0.0,0.0,1.0,0.0564640510827303,0.012117429956560954,0.03323465241119265,0.05658898581750691,0.1387829978018999,0.14704127460718155,0.535129913687706,0.020640681707300247,0.0,True
00:23:13,59278c090220760001fda664,120.9685150326542,0.5678255633543078,1.3276202524698535,-26.179313472797322,-307.38277999999997,158.48485,7.5597305,6.386565,-0.7022779,-0.65038043,-1.8116863999999997,-4.927933,-0.34322825,-1.1890557,-11.418672,-6.431572,-8.397205,-6.512382499999999,36.875656,8.838809,-18.969307,-14.116628,-9.653964,-3.3231924,1.5574848999999997,-0.00010304809662218431,1.707343656591133,28.59543979402376,1569.6002674640106,1406.3066715644006,15.313713140163731,10.185108214393898,14.809175954136355,16.47238141632996,18.827837795003045,27.01090524001596,28.531514795022797,5.653098000000001e-05,2338.828125,0.037099609375,1.0,0.0,0.0,0.00797075154259801,0.07758222948759794,0.003429300058633089,0.0002634228636452463,0.8776554405689241,0.02110434751957655,0.011617780989035964,0.0003767319503822364,1.0,True
00:23:13,5c41c28e896e090001c03bb0,,0.5972134962277864,,-81.05246291256884,-504.33365,5.2037787,0.45437706,-2.2967002,-0.6715451,1.2289458999999998,1.7880386000000001,2.5300607999999998,3.3182720000000003,3.2023447,-0.6102554,-3.8644779000000002,1.0776925,4.836466000000001,0.28743172,-2.4611611,3.2648056,2.2988720000000002,-1.1786113,1.1761583999999998,0.36875004,-3.0026166301183693e-07,0.0055411568303543575,,5556.0531549099915,6065.070255358446,12.323207179549813,12.13324644607806,11.91978188252992,18.592881088759015,21.783507833622675,17.269287006817628,17.313270628619716,0.07656167,12009.375,0.0808056640625,0.0,0.0,0.0,0.02962238962451617,0.0425712155799071,0.007661042502149939,0.00874754939124816,0.3984716087579727,0.2493340435127417,0.2495446374846829,0.014047506420562664,0.0,False
00:23:14,59278c090220760001fda664,115.75655146398728,0.8071863961558416,1.77077323981205,-24.25641475499216,-284.56113,139.37947,-4.120346,-8.821242999999999,-3.5722343999999997,7.2804117,-7.862806,-11.2776575,6.199707,6.1424346,-10.532694000000001,-10.903279,-13.789448000000002,37.266838,49.946278,9.813221,-22.737545,-13.201528,-9.086107,-14.141397,1.6850195,-0.00010243057375224192,1.7295689764395612,30.645051284540774,2039.0452214798554,2384.8254608407487,14.850497942580061,10.487520100897592,15.557139825102556,14.558892475385347,22.201808747582035,28.593177509279066,34.96264604462649,0.00012147286,4222.5,0.077421875,0.0,0.0,0.0,0.00546981911174953,0.13283644318580629,0.0012369223521091046,8.736077215871772e-05,0.8323264956474304,0.02368168886750937,0.0038852171739563344,0.00047602521663065995,1.0,True
00:23:14,5c41c28e896e090001c03bb0,,0.5615447522151761,,-91.80207588368893,-505.43835,3.0170047,-3.3131828000000003,6.581956,7.138928,-3.7041692999999998,-8.471867999999999,-0.5507696,6.5030823,3.1598203,-2.9237912,-2.9466927000000003,-13.817216,-6.640204400000001,7.080941999999999,5.033837,-1.414682,0.391855,0.28534043,-5.416538200000001,0.36796108,-2.2796761405643264e-07,0.0040528310507596775,,5991.3617555405235,6750.915076200004,8.831560161210804,8.058045659754566,9.635768137595484,15.17239375414689,17.845352256777627,18.897451381778986,13.774583712283807,0.23737848,13749.828296703296,0.06494140625,0.0,0.0,0.0,0.06911614015698432,0.035096820723265414,0.04685320630669594,0.02725434028543532,0.1870323188602924,0.3891553923487664,0.16075725480914116,0.0847345321904868,0.0,False
00:23:15,59278c090220760001fda664,129.0672214931247,0.7895634788151363,2.7894853920536185,-27.26661300057384,-308.44748,134.84949,-1.4271635,3.288266,-2.6789336,-4.423889,-10.105979,-8.877224,3.1736012000000002,4.4777894,-8.981236,-9.008536,-7.247546000000001,24.075165,32.556984,8.281706,-1.8429582999999998,-4.156567,-13.320965,-17.726157999999998,1.8080296999999999,-6.929449269746314e-05,1.161931637273092,23.579002137480394,2188.541939734901,2373.627613051589,15.302783162080093,10.606243378822484,14.818685635507155,16.240081708671287,23.50667170815105,27.155069464196405,34.3635569441521,0.0004197028,4419.140625,0.07568359375,1.0,0.0,0.0,0.013467944436706602,0.09691254049539566,0.0024861003272235393,0.00033372182078892363,0.8295446038246155,0.044357382506132116,0.012396653438918293,0.0005010557506466284,1.0,True
00:23:15,5c41c28e896e090001c03bb0,,0.6738908489613695,,-91.3862147747967,-506.61133,2.6771986,1.6572441999999998,2.2147930000000002,3.6267986000000003,2.9432878,1.2866048,1.8948988000000002,3.4566972000000002,2.5299275000000003,0.8872251,2.0539017,0.829475,3.2435037999999996,4.241706,2.438013,1.8272796999999998,2.8568877999999995,3.545756,2.8362415000000003,0.13612776,-8.561727945676469e-08,0.0016402643055025328,,6208.876160858868,7361.956403518306,9.402865297989404,8.014360130280101,8.834930745768967,13.827477458718025,16.61164901520924,17.795391295327196,16.093605068427483,0.20994572,14776.865433673467,0.06805098684210527,0.0,0.0,0.0,0.054888069037009365,0.043217564848336304,0.03408716119487177,0.005009521211666817,0.3621609048409896,0.3560517084869472,0.1287935230542313,0.015791531472297556,0.0,False
00:23:16,59278c090220760001fda664,95.85470115073278,0.43967945989620505,0.5439315146043071,-27.568162482459318,-309.83162999999996,130.54266,1.0161303,-4.941579,-2.1708442999999997,4.9214497,-10.103548,-17.538082,-0.94603777,1.9975839,-12.712839,-6.545195,-5.5007033,24.918747,25.58073,1.2211059,-6.576739999999999,-1.2117176,-9.357955,-11.106368,1.5012902,-6.441035682873228e-05,1.0878555881948189,17.294320764127956,2038.16727014,2534.839193736269,14.19729896283933,10.230184637250897,14.072634919034979,15.22487813125344,21.471724932014023,27.49890670513513,33.87286904776393,0.0002479636,4297.265625,0.0866552734375,1.0,0.0,1.0,0.026556958537548785,0.005680693208705634,0.0035569564490288033,0.02687580833444372,0.8680715143680573,0.01211704001761973,0.038768488191999496,0.01837257886072621,1.0,True
00:23:16,5c41c28e896e090001c03bb0,,0.6967754965816704,,-100.81837551798957,-494.78247000000005,119.11555,-24.911945000000003,-32.582446999999995,3.4675922,2.2873104,-7.999848399999999,1.688189,7.622619599999999,11.956563000000001,2.2401955,-15.745338,-18.991413,11.173589,12.833344,-10.435737,4.099078700000001,-7.8372602,-3.4012604,11.880277,5.7198153,-8.42950968779971e-06,0.14120686611817065,,6058.377545912554,7714.096284109341,7.209200513659141,7.277032202607514,8.334404660336123,8.998938742806224,10.352073681655117,10.725781082876491,13.489919428803985,0.7212031999999999,15396.5625,0.027604166666666662,0.0,0.0,0.0,0.03899658561891152,0.04800186896075805,0.013357461507742604,0.0011851224311006565,0.6046968185239368,0.22044445760548115,0.06990544477270709,0.0034122291383230025,0.0,True
00:23:17,59278c090220760001fda664,168.75462288870688,0.5929814089488076,2.7185321347359124,-28.71121705838915,-311.46227999999996,141.24193,7.1209955,2.1768172000000003,-6.9779353,0.7454161,-3.3127913,-15.870604,-5.101535299999999,7.2454796,-5.728511,-9.798311,-23.647327,-10.216126,17.963247,-8.022869,-8.333525,-3.8069246,-19.824092999999998,-13.65741,1.4784207,-8.925223084340497e-05,1.4935211249873317,20.90626818288653,1617.8965607015125,1989.0020864888106,10.628948882344757,10.36750919562028,13.643640198896327,15.603520097433163,22.20849565570697,28.52856694497101,31.321691116332232,0.00010844678,3405.0,0.0673291015625,1.0,0.0,0.0,0.021508588641881942,0.014287767029600218,0.0039838907599914816,0.019148906256305054,0.8906732439994812,0.012073771469295023,0.02259520879015326,0.015728588405181654,1.0,True
00:23:17,5c41c28e896e090001c03bb0,196.155272034434,0.9708132913264872,2.030421153101688,-28.028260106454287,-306.916,142.86636000000001,-7.2748265,-13.538397,2.7190790000000002,-3.252911,-13.724482,-1.0727342,7.315726299999999,2.8381537999999997,-5.6147456,-12.989681,-10.031526,6.648506599999999,17.11059,-2.1104274,-1.9726708999999998,-9.935075999999999,-8.06516,5.331562,1.1934919,-9.813652870055986e-05,1.6270235704929092,14.577118398122401,1493.1597608865645,1457.3634685930758,14.700723529370912,12.064884153000015,14.893472793027422,15.939033312625414,21.19509525909745,20.705430961562453,31.72687037288092,6.2969404e-05,2389.921875,0.042080078125,0.0,0.0,0.0,0.05609183795750141,0.033790079830214384,0.011242987052537502,0.11418038543779405,0.09689662789460272,0.3861836493015289,0.16037293914705514,0.14124150509014727,0.0,True
00:23:18,59278c090220760001fda664,,0.8520549414759646,,-55.43034611407016,-464.79735999999997,52.985434999999995,2.8437579,1.4939015,-0.6679374,-2.9451110000000003,-4.537555,-4.432542,-2.86158,-1.3216047,-0.5532848000000001,-0.06359540000000001,34.23065,14.247703,-0.80548245,-9.26121,-11.074613000000001,-7.519394999999999,-1.9289979,2.014037,0.5754646999999999,-2.1824122660748424e-06,0.036095816533758915,,2571.416995336081,1401.2400164369885,13.102163616298046,8.701609023780838,10.507659811741783,18.515344280732588,15.9754617127531,16.02922745575931,20.9135751030942,0.00041324730000000004,1938.515625,0.03009765625,0.0,0.0,0.0,0.01289596208371222,0.02294244507793337,0.009060473839053885,0.0075643580450559965,0.9202019810676576,0.008258679683785885,0.011776676363660955,0.007299389876425266,1.0,True
00:23:18,5c41c28e896e090001c03bb0,149.44108345623414,0.6796889587444774,1.3415606203097672,-27.48899451592455,-274.48633,150.28256000000002,-1.6410209999999998,-9.699565,0.45910186,-4.608148,-12.214238,-2.1778338,7.748817999999999,2.3265436,-7.423174,-13.266835,-19.29598,0.55227304,12.542556,8.955425,-4.1581564,-15.328475,-16.552242,-0.13702269,1.8181198,-0.00012760002859694102,2.139525988034137,23.17205795280076,1833.0932830949732,1684.4717898418164,14.519899253516915,10.972155686264648,13.802008480189269,14.828135046196849,21.579060191186233,23.244903959144164,33.820128706180434,0.00013852771,3071.015625,0.0463232421875,0.0,0.0,1.0,0.01595083448337391,0.02027695496508386,0.002480358642060309,0.15460681560798548,0.4862765207886696,0.0544102140236646,0.2463249576278031,0.019673315066029318,0.0,True
00:23:19,59278c090220760001fda664,,0.7386906842035293,,-59.404888313299544,-477.88004000000006,37.88978,4.5385027000000004,3.4053904999999998,0.30727506,-2.9529307,-4.8783026,-4.865051,-3.2785912000000006,-1.0937401000000002,0.6505604,1.3036136999999999,25.991516,10.858209,-2.5860775,-10.633098,-12.083487,-8.344932,-2.4369686,2.51071,0.46377122,-1.2214078003442558e-06,0.020169038351318797,,2916.652496249116,1381.1588465258535,13.234256945706012,8.873699672571497,10.42934107872345,20.71176231104819,16.67475733240909,15.314425761781735,18.409526198985386,0.00039879055,1313.90625,0.027431640625,0.0,0.0,0.0,0.07173009277321399,0.03651661239564419,0.014040409337030723,0.014685239550453843,0.6594043225049973,0.06180293704383075,0.12867356254719198,0.01314684058452258,1.0,False
00:23:19,5c41c28e896e090001c03bb0,113.75873099553048,0.31389305773459497,0.8636986596426584,-24.93123582203065,-263.78558,148.32288,-13.083131,-4.7359157,15.591825,-3.4442800000000005,-9.269519,5.6426044,1.2051929,-1.7988206999999998,1.387359,-7.62402,-28.235421999999996,23.359037,13.689898000000001,-6.247370200000001,17.306143,-6.949402,-15.057751999999999,2.2108072999999995,2.0689104,-0.00010110531456556933,1.7217849578923328,16.20901941902094,1909.9650549092294,2295.2434675950053,14.403942715148823,10.576878520170697,13.722583476675535,13.998683859740009,18.596520168979346,20.759244453367554,39.99751870698551,6.804761e-05,4100.625,0.070712890625,1.0,0.0,0.0,0.033825773195448244,0.049612423701381136,0.009917051997035742,0.053659318501807066,0.4722260781987147,0.2498767006803643,0.11252480423585937,0.01835785662247376,0.0,True
00:23:20,59278c090220760001fda664,,0.7525073308328059,,-60.455105619561074,-481.1019,34.084717,3.8294487,2.8518636,0.19818416,-2.7601327999999996,-4.8214684000000005,-5.3905435,-4.565151999999999,-2.9367224999999997,-1.2602948999999999,-0.14884114,24.14968,11.448587,0.034646183,-7.0210524,-8.689001,-6.066155999999999,-1.5713271999999998,2.2658467,0.43544203,-1.0869535112127899e-06,0.0179714885843582,,3124.141369467372,1466.4029931988491,13.586404807151276,8.099128186247702,10.85088092754978,20.484695167252887,15.639283801746194,14.957978461061973,18.438165866368585,0.0005145659999999999,1444.21875,0.0253125,0.0,0.0,0.0,0.10902829430997373,0.022415971476584674,0.007061721946229227,0.04197999603202333,0.7371163666248322,0.02582191457040608,0.04196772440336645,0.01460799641208723,1.0,False
00:23:20,5c41c28e896e090001c03bb0,113.64715983254631,0.3899702861367504,1.7978674616486008,-24.308557604296325,-277.46255,132.77185,1.3790616000000002,4.091633,3.6710398,-8.393449,2.4896991,10.759929,-1.9603462999999999,-2.0858483,4.250851,-4.722746400000001,-34.081173,18.440409,-0.80751157,-6.4274106,20.049875,-25.39004,-23.694733,8.831002999999999,1.7954881,-9.225707208808566e-05,1.6068608101032928,24.851272013028154,1615.6446219677289,2778.851574880574,13.296547917852585,9.831095635853734,13.97379369459748,16.914807861565134,24.984671719809604,22.30800701173813,41.59736438598826,1.4317818999999999e-05,4158.75,0.11169921875,0.0,0.0,1.0,0.015451305649346775,0.01670715668135219,0.005285929021839466,0.012309497377524773,0.3885335839456982,0.1897377976112896,0.3545787599351671,0.017395972442399297,0.0,True
00:23:21,59278c090220760001fda664,378.65381805233733,0.8307327699806547,6.824155559381357,-49.82417074759584,-442.16345,68.188515,2.188077,3.3706486000000004,2.2010052000000004,-4.018383999999999,-8.520983,-5.6975303,-1.2975179,-2.2488291,-4.6325574000000005,-2.168691,24.070322,2.5564197999999996,0.021772442000000003,-6.5992894,-14.911072,-11.766866,-2.2621458,1.9826839,0.82968736,-1.4092054963825964e-05,0.23255560623659616,29.342325290856067,2415.888522219115,1559.117079361979,12.910976956236992,8.217905322131237,11.3347940769431,18.383566481041157,16.99483839075068,18.33796603544237,22.231282734040818,0.00051301677,2302.96875,0.037041015625,1.0,0.0,0.0,0.13748499751091006,0.02759351034183055,0.028353011098806745,0.05008781247306615,0.6764515399932861,0.021190032456070186,0.04565131170675159,0.013187754755199422,1.0,True
00:23:21,5c41c28e896e090001c03bb0,226.81360832757653,0.6781770573533927,3.6796363237413545,-29.60567964778183,-325.2234,121.867805,10.030905,2.3195238,0.9761958000000001,-2.5718157,0.6197127,8.785639999999999,0.070271365,-7.6498137,0.16428502,-3.3416464,-12.709178,19.808329,24.829762,5.91708,6.951678,-21.556051,-26.925141999999997,3.269034,1.405656,-8.16387191442226e-05,1.3737532333114932,21.38741099775185,1610.0249352429612,2095.1850812634398,13.889074160424766,8.986615179342873,14.882995196126535,18.115741570582205,25.64746678363192,23.172127891493826,32.485391350183995,5.102705e-05,3340.078125,0.0741162109375,0.0,0.0,0.0,0.0155653553083539,0.020628543570637703,0.00207386165857315,0.014061483554542065,0.27966341376304626,0.2025875449180603,0.4584489464759826,0.006970858667045832,0.0,True
00:23:22,59278c090220760001fda664,121.40462724789295,0.8684309659010095,0.3784075207054384,-27.457329295173288,-317.6341,159.33675,-1.3180199,-0.5480383000000001,-3.0410156,3.4860659,1.3724809999999998,-10.156946000000001,-5.4105754,4.196827,-4.58155,-9.613752999999999,10.254544000000001,-1.4553338,19.271202,-3.7974238,-11.786185000000001,-2.9181106,-9.22095,-11.243862,1.2520496,-0.00012813958633160034,2.114278795618633,22.621640023993844,1576.063104240165,1384.756619344193,16.335960510028052,11.873202364549119,15.308467948637702,15.720906234371538,19.21037415593546,24.229457157548108,29.069877161385037,0.00035145282,2512.734375,0.03748046875,0.0,1.0,0.0,0.0842226006090641,0.03160835950402543,0.019913431175518786,0.0221139136236161,0.7745174586772918,0.015629682806320492,0.04576880689710379,0.0062257493729703135,1.0,True
00:23:22,5c41c28e896e090001c03bb0,,0.5011049435192937,,-52.0956935306794,-371.95333999999997,81.58592,-11.027842999999999,-6.561430499999999,11.241760000000001,-3.1729574,-7.4303300000000005,6.326084,5.6004796,3.9725676,-1.1723278999999998,-10.527739,-60.53464,16.490513,10.514398,-6.504002,20.89366,1.6258133999999997,-10.271653,1.8275439999999998,1.3198708000000001,-4.8298781172168656e-05,0.8471109622051659,,3347.702156670238,4196.3942338530715,12.582074570112868,8.882072739419108,11.455171872744536,12.98944430178019,18.12639684894714,16.34414014782365,33.32927584570409,0.022987407,7566.796875,0.131015625,0.0,0.0,1.0,0.08473812136799097,0.0384061336517334,0.00963976897764951,0.011713139712810516,0.4835697561502457,0.14536969736218452,0.21907736361026764,0.0074860056993202315,0.0,True
00:23:23,59278c090220760001fda664,109.27322979206244,0.5485824180931419,0.3834956457524383,-19.102415879872773,-258.92545,195.3507,5.771984,5.9344897,1.7853047999999998,12.581332000000002,1.0418531,-13.767423,1.1044173000000002,9.4429655,-8.023133,-9.260501,-5.980206,-7.9895644,19.93378,-10.440714,-7.1107190000000005,1.8694638,-26.534933000000002,-25.190258,1.5119363000000001,-0.0001679446207825986,2.7773673909631644,22.363372499464038,1453.194355698731,1389.0902327754648,16.618175499667128,11.32582602783046,15.579739378058932,17.143657835848355,21.033987146263282,28.380651897370356,30.083886421033487,0.000115503084,2621.25,0.037529296875,0.0,0.0,0.0,0.11801816485822199,0.039616584847681234,0.012062105437507851,0.022172402730211614,0.7479697167873383,0.02821434522047639,0.019851947482675315,0.012094745223294012,1.0,True
00:23:23,5c41c28e896e090001c03bb0,,0.7872837227029019,,-91.65558850422138,-506.94568,2.838766,1.6205716000000001,1.5105947,1.2492789,1.1626205,1.1340184,0.96443236,0.92539793,1.0256132,0.93534744,0.85549974,2.617569,2.8068020000000002,2.762151,2.3477705,2.206383,2.259215,1.991828,1.6685828999999999,0.09655777,-4.832109918041137e-08,0.0009552058142058353,,6583.017086913672,7208.25072878205,9.827917663897578,9.12327691721914,11.121978753747328,13.641249297241783,19.510249325347413,17.63432685971007,14.151156931987842,0.18016787,15384.033203125,0.05844149025537634,0.0,0.0,0.0,0.009333188154010307,0.022035278793838292,0.003937906533893611,0.005969090261108552,0.7671290371153091,0.08878515867723359,0.09335678008695444,0.009453596446999451,0.0,False
00:23:24,59278c090220760001fda664,143.1731784123509,0.8597817639025698,5.248009082804903,-25.490062210910736,-296.11453,154.81278999999998,3.318492,3.2100441,0.37398574,5.098419,-0.20660095,-7.706078999999999,7.4828477,13.493301,-8.441786,-9.483392,-7.7938643,4.5633316,26.489094,0.52880555,-8.249595,-4.8176627,-23.607635000000002,-19.021342999999998,1.5613195,-9.010797322259932e-05,1.4978327781702387,22.27860095822486,1856.1459599415487,2088.6283146835653,14.412438705533507,10.079082550224848,15.583531768630511,15.997024055206495,21.3123308215264,28.7702990204697,32.55293016603484,0.00028168240000000003,3615.234375,0.063154296875,1.0,0.0,0.0,0.04021151913329959,0.030286647286266087,0.007892401213757694,0.0010028844211774411,0.8505216419696808,0.058793912967666985,0.010330134682590142,0.000960846320958808,1.0,True
00:23:24,5c41c28e896e090001c03bb0,,0.8985814662525592,,-94.82061398138036,-506.90552,2.7690099999999997,1.1451801000000001,0.9429921999999998,0.76607484,0.6203850000000001,0.51037407,0.43880920000000007,0.40667173,0.41313627,0.45563206,0.5299804,2.70023,2.5887074,2.4389662999999997,2.2570507999999996,2.0502634,1.8268348,1.5955633999999999,1.3654249,0.09123027,-3.997604193113048e-08,0.0007294649186462925,,6425.443745005741,5659.564462233748,10.42527031208974,9.060730723836208,9.280646390631679,10.684350708776703,11.65331105749439,11.489000414183087,13.520243362875116,0.33807242,13296.155427631576,0.007090393926056338,0.0,0.0,0.0,0.005895348219200969,0.07187057808041572,0.0032960182521492238,0.000690727520850487,0.7404010415077209,0.1434873104095459,0.031649951450526716,0.002709050488192588,0.0,False
00:23:25,59278c090220760001fda664,204.64251981696682,0.9567557110776168,6.899505315182634,-39.50038501307365,-376.3723,77.164925,1.6667186,0.27579877,-0.16597365,0.5563041,-9.788684,-6.1430489999999995,7.6882467000000005,3.2470654999999997,-7.469227,-3.2443017999999997,7.145797999999999,29.477957,1.5807528,1.4154015,-1.4346823999999998,-12.953522,-17.402811,-13.101899000000001,1.3610036,-2.628420693557017e-05,0.4631104343711167,16.373352098319415,2776.93856448364,3558.3951924273833,12.613924851766573,8.195499596437575,13.02307283594416,15.211173203684835,21.48318786008155,22.226993260892172,35.502426290552656,0.0012083325999999999,5959.6875,0.1241650390625,0.0,0.0,0.0,0.03406520711723715,0.036517146881669765,0.014773578685708343,0.0019164748213370327,0.8244289636611939,0.07551652248948812,0.009919806162361057,0.0028623145655728875,0.0,True
00:23:25,5c41c28e896e090001c03bb0,228.8257231039625,0.8287077656121534,2.4395812374847137,-39.6762095256488,-327.12994,102.45121999999999,-4.870468,-14.802087,-7.3970012999999994,-7.972663400000001,-6.8809147,2.15942,1.0690808,1.1447537,-1.3722502,-13.0518,-50.744076,1.8158352,12.377034,2.0024507,2.1655349999999998,-10.748635,-19.033777,-2.114595,1.5404731000000003,-0.00010803127671422668,1.8354847937948795,28.009099134422986,2463.861634088489,2728.438797084565,12.139705687853985,12.560029465670988,15.633758346867786,15.082091930326824,19.025993869106923,19.639392247451244,34.22090067850997,0.0034647884000000005,4742.578125,0.0783447265625,0.0,0.0,0.0,0.016123187431896276,0.0592417020732021,0.0041954935983416035,0.08439318727786567,0.2960806425332769,0.21769436882724136,0.3186721154911952,0.0035993016724453564,0.0,True
00:23:26,59278c090220760001fda664,101.25381592974722,0.4553498296612952,0.8923368830271291,-44.55346512880981,-421.92007,91.644615,2.4768562000000003,-0.35422626,-1.6606047,-2.1089287,-5.425973,-6.215718700000001,-3.0345116,-2.6762973999999997,-4.362321,-2.7289639,39.712193,12.595969,3.3959339,-4.281651999999999,-7.077868,-5.682544,-3.565497,0.6412285,0.8737843000000001,-1.747539808458703e-05,0.28707026883647835,9.905246579777444,1927.8607452416422,1113.1600895778956,13.067045443861167,8.907590909198193,12.03491781299686,16.643264099196347,19.042924382272687,18.27003689042524,23.36200382563694,0.00014583629999999998,1545.234375,0.0263916015625,1.0,0.0,0.0,0.04634055099450052,0.042953213676810265,0.028613377432338893,0.004221623357443605,0.8108149528503418,0.051691343169659384,0.00617688064230606,0.009188039368018508,0.0,True
00:23:26,5c41c28e896e090001c03bb0,289.1854096394364,0.7069405602528361,7.065552630507003,-51.60541294015014,-384.65442,95.71988,-14.299854000000002,-16.913248,0.5030571,-3.5516047,-10.073895,-0.20633422,4.8489294,6.768783999999999,3.888786,-7.1670245999999995,-60.764132999999994,16.373472,24.838646,-7.721493,-10.508533,-23.254698,-22.7056,-5.1773357,2.2607322,-5.896196754696615e-05,1.0096702431293425,23.362588323971785,3431.584556897846,4377.494117073281,10.27380715010986,10.813958154657783,14.441520499526115,13.914925957691016,19.77527223336109,19.400687411366533,29.56838617851157,0.018692344,7540.3125,0.1178662109375,0.0,0.0,0.0,0.04137580841779709,0.0016505517880432306,0.01079831188544631,0.03821732634678483,0.6947874963283539,0.005700643733143806,0.20573336258530614,0.001736489764880389,1.0,True
00:23:27,59278c090220760001fda664,,0.7438699509099332,,-58.31755353058137,-473.42102,43.042812,2.0315762,1.8371878000000001,-0.19792877,-2.6275383999999997,-4.142044,-4.3409815,-3.6616282,-2.6909263,-1.6860678,-0.73161125,28.6001,11.379381,-2.6504842999999996,-10.330494,-11.759701,-8.967257,-4.415171599999999,-0.24155527,0.48577535,-1.4876581656565638e-06,0.024502392293529195,,2793.348963987042,1345.6186178475716,13.76341144217974,8.210897732719786,10.311639109952393,19.991900100210152,17.573859830751633,15.513108023077937,18.964116521241483,0.00036788152999999997,1372.03125,0.025751953125,1.0,0.0,0.0,0.06875088589731604,0.0120888221077621,0.0076950106769800184,0.019943225308816183,0.8303250879049301,0.028268438205122943,0.01614450473571196,0.016784016345627602,1.0,True
00:23:27,5c41c28e896e090001c03bb0,195.5275280917318,0.9386399616898368,2.075074918780233,-16.858912694292773,-188.58316000000002,141.19325,-13.905389000000001,-11.899675,-4.1631540000000005,-6.212097,-0.18971735,-6.387004,1.5256616000000003,2.7177303,-2.9740279999999997,-13.390846,-54.220634,36.43331,5.60163,-4.505692,-3.2240279,-6.3688297,-17.964779,-5.3344073,1.8524525,-0.00022529093829278524,3.909217883671067,21.655865418577267,2068.7403193248488,2515.4267572782896,12.455672410756069,12.081762336975398,16.177277803705856,15.90585945034,20.58395718586784,21.78667118298636,43.49129135002328,2.6416974e-05,4108.125,0.078876953125,0.0,0.0,0.0,0.005914253194350749,0.0014743654901394618,0.002734061886440031,0.006170741317328064,0.9549711048603058,0.003615892690140754,0.021805243426933886,0.0033143228385597466,1.0,True
00:23:28,59278c090220760001fda664,,0.7508796538465446,,-59.66038156538128,-478.62457,37.238304,3.1306515,3.106909,1.1174241000000003,-1.4533645,-3.3238745,-3.8403117999999994,-3.0976362,-1.7036673999999998,-0.38334417,0.35716042,26.312283,12.159305,-0.8707085999999999,-9.340152999999999,-11.883013,-9.408936,-4.373094999999999,0.45546657,0.45744136,-1.1914971555157949e-06,0.019680975827150917,,3011.886678945577,1421.8054193690743,12.807058663626306,8.09098872033101,10.38827040760136,20.448646367467546,15.43650115795289,15.307653586785754,18.646344306693734,0.00044155892,1380.46875,0.02603515625,1.0,1.0,0.0,0.1000595698133111,0.015476723085157571,0.016337701573502273,0.03046941681532189,0.6773041807115078,0.03480485088657588,0.12043077247217295,0.00511679952032864,1.0,False
00:23:28,5c41c28e896e090001c03bb0,138.95799630109548,0.8440151637235989,0.5972011169729438,-17.994838117409433,-222.15797,172.83476000000002,-14.354514000000002,-2.2921134999999997,11.080831,0.7347473000000001,-4.390344,-6.3487453,-7.3299394,-0.6818368,1.1870544,-11.821973,-29.060315999999997,2.7791127999999996,-16.662615,-17.608994,9.522586,3.5213199,-5.4891987,-4.436583000000001,1.863923,-0.00018271010934872681,3.1096365904691536,17.571224009693008,1523.9909162563556,2113.648997951702,15.299504346112279,13.903618877962927,15.137492646807187,17.264981311591004,22.531890969143664,23.095248600636626,38.942463235980355,1.6298913e-05,3257.578125,0.076005859375,0.0,0.0,0.0,0.03518946403637528,0.004128662939183414,0.028090914397034795,0.28998299697414043,0.32497043292969463,0.07225214960053564,0.14419658686965706,0.10118879303336144,0.0,True
00:23:29,59278c090220760001fda664,,0.759880732496692,,-60.660646668804375,-482.2377,32.835377,2.4677860000000003,2.308091,0.22640601,-2.551109,-4.756857,-5.622363,-5.085017,-3.6423745000000003,-1.9997351000000003,-0.7208644000000001,23.742673999999997,11.828729,0.63366586,-6.9429064,-9.609008,-7.9394,-3.8852036,0.1858405,0.41943187,-1.0221738949158572e-06,0.016923737106723055,,3151.221680906709,1485.9200278521032,14.48647421001573,7.9181921883503215,11.439969927366755,20.247435203323874,15.323419633535126,14.971988919929546,18.806397141118165,0.0005172624400000001,1513.359375,0.0249658203125,1.0,1.0,0.0,0.14496719874441624,0.0361658905283548,0.09631458297371864,0.112899820250459,0.4241144865751266,0.07044139420613646,0.08058937396854163,0.034507248224690555,1.0,False
00:23:29,5c41c28e896e090001c03bb0,137.90490411595948,0.9463323715253056,0.352046833658467,-17.271445940135404,-222.31132999999997,200.61472,-7.541053999999999,-5.12523,7.6932697,-1.6090109,-15.159691,-5.4189534,2.8851142000000003,0.015222525,-2.1552498,-10.358791,-21.452773999999998,-5.8369017,10.136999000000001,-14.154016500000001,-5.8328266,-0.8245309000000001,-10.626623,-5.906094,1.337682,-0.0001767578639143618,2.9332235022448474,11.678867561172721,1357.4263777928645,1479.0469679006485,16.041497259714074,15.619224613794458,17.287851103526467,19.61177173699028,24.295404070610477,30.68896727367005,33.07053750730215,5.195895e-06,2579.296875,0.0440869140625,0.0,0.0,0.0,0.019760564621537927,0.0041913574561476714,0.010420751199126244,0.3134502861648798,0.3151495479047298,0.062231573089957234,0.056026001740247015,0.2187699280679226,0.0,True
00:23:30,59278c090220760001fda664,,0.7734713468182165,,-58.9616666140262,-478.55258,36.7333,3.0689572999999997,2.5875772999999995,-0.075993866,-3.1433935,-4.93119,-4.7243166,-2.9712617000000003,-0.7675688,0.8865072,1.5213113999999999,24.445904000000002,9.158308,-4.078247,-11.865036,-13.389610000000001,-10.071679,-4.5320797,0.49898112,0.46208364,-1.2323563086006522e-06,0.02036572918043555,,3004.7949958781264,1461.8325106295047,13.321440147249687,8.474181011159574,11.150722846821168,20.66944320350579,16.508514913016242,15.233046198131511,18.769764126133065,0.00042255712,1438.828125,0.0272021484375,0.0,1.0,0.0,0.03777942643500865,0.0581207375973463,0.0210920415003784,0.006912030628882349,0.7611840784549713,0.058663412276655426,0.04854918858036399,0.007699113839771598,1.0,False
00:23:30,5c41c28e896e090001c03bb0,139.25407792835756,0.8555677987375825,0.5128409809870347,-32.88249360034301,-316.6446,118.13436000000002,-11.777144,-5.487305,-2.6282477,-8.404231,-0.5078875,1.1215118,2.27486,10.042304,-0.04684966,-17.04595,-16.480892,34.10945,9.887788,1.7388921999999998,14.9050255,-11.635106,-11.272442999999999,0.57729083,1.5055293,-0.00010485387557949082,1.849965278589236,13.477883368462999,2557.9187060593945,2830.499583338961,14.397160437558494,12.143019192629831,15.803507357604813,16.957605804863366,21.70085896701184,23.214297738008128,36.120116359059075,0.0039673040000000005,4749.609375,0.0893603515625,0.0,0.0,0.0,0.010582643654197454,0.0038887057919055217,0.003591089148540049,0.10473402207717301,0.7004347115755081,0.0368365135975182,0.0873471594415605,0.05258514415472746,0.0,True
00:23:31,59278c090220760001fda664,,0.7462964259872182,,-56.15245629742152,-466.49057,50.996838000000004,3.1751475,1.7187563999999997,-1.0228714,-3.5622349,-4.808122,-4.535258,-3.3591127,-2.212523,-1.7212459,-1.9206273999999997,32.012547,9.938507000000001,-6.926971000000001,-14.4626465,-13.548267000000001,-8.01928,-1.9286342,2.1027427000000003,0.5343973000000001,-1.9188278905081655e-06,0.031525203956442316,,2508.117230351884,1234.9368627447855,12.222744201027027,8.440494096669356,10.802396461948453,19.78957665014823,18.650420353645817,15.551297315074024,19.167329752216467,0.00024723803,1228.828125,0.027470703125,1.0,1.0,0.0,0.031485092360526316,0.05968621163628995,0.03719139944878407,0.0037566072904155596,0.8098155617713928,0.02693377765826881,0.026518335484433917,0.004613034141948446,1.0,False
00:23:31,5c41c28e896e090001c03bb0,130.17096729212554,0.8841140236437711,0.8118825667779741,-21.04258201512136,-251.6398,173.35155,-14.875349,-7.844413,6.4529440000000005,5.9223045999999995,-2.020078,-3.7513050000000003,1.0291735999999998,5.7262797,-1.1078725,-10.522891,-22.777998,4.430287,6.313248000000001,-12.303869,7.794314,-3.6244167999999997,-15.749248499999998,-11.557509,1.7209855,-0.0001341048516303262,2.242417705545796,19.763313738783435,1450.852124907047,1872.9594288351907,16.105153127190846,12.08209109318965,16.54395606062999,16.15308518363063,22.788414143386134,25.051530863418275,35.287005381914355,9.318302e-06,3082.5,0.064990234375,0.0,0.0,0.0,0.005554877761328085,0.0038819497408853335,0.008526890676214614,0.010192579272287812,0.9167967005209491,0.014887786597352138,0.019405003975738182,0.020754232050173658,0.0,True
00:23:32,59278c090220760001fda664,,0.7054310126142846,,-53.70290784495801,-462.2805,56.20284300000001,6.5092278,3.4961975,-1.1042341999999998,-4.4815190000000005,-5.3470379999999995,-4.1754236,-2.297543,-0.90587616,-0.57185346,-1.16723,35.274376000000004,10.717011,-8.511712,-17.637041,-16.837545000000002,-9.645138000000001,-0.8588886999999998,5.2601523,0.5687733,-2.237296357730825e-06,0.03672067666873171,,2258.5144571946994,1142.0593826358966,13.499022843109815,8.778628857371354,12.45302726847046,20.492866941757647,18.923298585819992,16.590466992655347,18.870589751306635,0.00014345799999999998,1173.515625,0.028515625,0.0,0.0,0.0,0.016947453981265424,0.04528674026951194,0.005939346901141107,0.0010017374399467374,0.8768020451068879,0.023387090675532816,0.030096208024770026,0.0005394164065364749,1.0,True
00:23:32,5c41c28e896e090001c03bb0,138.7548351645058,0.9235976017082193,0.23007034361276635,-29.22335786110109,-318.06622000000004,118.4665,-10.02937,-18.835398,-0.14467983,3.4538839999999995,-8.111914,-1.3955163000000002,3.8503397000000006,-2.6535978,-7.046850999999999,-12.129563000000001,-40.206177000000004,4.4318247,32.904896,-3.4020662000000006,-13.063165,-1.7921630000000002,-0.795183,1.5785848,1.3841231,-0.00010539649174202598,1.7522704966465958,9.338541450210126,1566.7499282332044,2131.144523264067,16.832957246349036,13.870607532517376,15.78309565595419,17.894546780939,21.84790884911697,24.89507314474718,30.7949888484024,0.0007680383000000001,3173.4375,0.0710400390625,0.0,0.0,0.0,0.0728339007538226,0.020677609912430246,0.037936492435013264,0.06416109390556812,0.3038938153121207,0.10596745502617624,0.3471052671472232,0.04742436116147372,0.0,True
00:23:33,59278c090220760001fda664,,0.7415392903211458,,-50.52225603963989,-439.85925,70.32776,2.4093397000000003,2.9357599999999997,1.7217952,-2.1164248,-5.2034574000000005,-5.4587417,-3.6619415,-0.6611463000000001,0.012155841,-2.0013928,29.744804,3.4884467000000003,-12.30459,-13.193539999999999,-7.661946,-6.5788044999999995,-6.0558643,-1.0763308999999999,0.83615357,-6.1538383976849664e-06,0.10381944333844308,,2136.643907787361,1263.852886359301,12.854086275105455,8.51120644140485,10.822339616335547,17.827430069948853,20.40024143274033,17.125676795185324,21.392875666840204,0.00014188181,1547.34375,0.0329248046875,0.0,0.0,0.0,0.027395458053797485,0.10081091187894343,0.01565128955990076,0.0005552952032303436,0.784682822227478,0.046305878832936284,0.02364661302417517,0.0009517568862065672,1.0,True
00:23:33,5c41c28e896e090001c03bb0,158.3986080578161,0.8110589477885997,0.7637382996772273,-32.51970931679018,-281.18112,119.38096000000002,-12.797699,-11.338412,1.3169646000000002,-0.17221709,-5.7420707,-1.6042553999999998,2.0031505000000003,0.557056,-1.7374942999999998,-11.120883000000001,-56.447575,26.751396000000003,21.370329,0.19927603,2.9715414,-13.355742999999999,-14.224706,-5.02221,1.686076,-0.00011885321008400703,2.03910672734839,23.377032821197705,2452.2949733978353,3088.023571163333,14.624232285892775,11.218348451415489,15.379675630473326,14.232343146785517,18.70643291827791,19.202516569228422,38.513215223160316,0.007095988399999999,5343.28125,0.101513671875,0.0,0.0,0.0,0.004615173413185403,0.008757837745361029,0.0016100350068882108,0.06864764858037234,0.741174504160881,0.013701833435334263,0.11980526335537435,0.04168774993158877,0.0,True
00:23:34,59278c090220760001fda664,,0.7388758758936136,,-51.27069384928297,-438.62454,70.15029,3.3785309999999997,0.55825067,-2.7289814999999997,-6.4140787,-7.2340326,-4.860603299999999,-2.5586457,-0.53272873,0.28618899999999997,-0.8146314,29.38552,6.9781685,-8.955063,-13.937201000000002,-8.369116,-3.7784731,-1.1457386999999999,3.0724838,0.6774104000000001,-5.549987643808642e-06,0.0939339353954431,,2450.2371092534718,1489.1807717569372,11.578064563417499,8.426976430452326,12.363005208055444,19.089143237559565,18.30286273232362,15.823488518769784,22.986889564473934,0.00028750568,2174.765625,0.0354833984375,1.0,0.0,0.0,0.12499529290944338,0.10562803882639857,0.037728576175868514,0.043385007756296536,0.5081768490374088,0.08536361735314131,0.08674098011106253,0.007981634663883597,1.0,True
00:23:34,5c41c28e896e090001c03bb0,199.5780771412757,0.6235757396152878,0.8949069827214435,-27.358937874544118,-239.17195,127.49183000000001,-9.945273,-4.9545527,0.46261582,-4.835875,-1.9111906000000003,-9.65661,-5.2545724,1.0234416,2.5204852000000004,-11.426387,-58.975483,29.522114000000002,9.340694000000001,6.388207,-2.2198532,-10.723113,-23.641384,-9.864175,1.8483245,-0.00019001619069791367,3.298871655749689,16.975986386299528,2645.940478053699,3247.952678917913,13.876252132220682,11.995429136048347,15.792186002847812,16.737242644758457,17.781526304036664,24.889232941888213,38.829670779741726,0.013190384,5761.640625,0.094619140625,1.0,1.0,1.0,0.009625636086275336,0.004012387536931783,0.0060867503103509074,0.0821636596636381,0.7496120259165764,0.047880009395885284,0.063765092426911,0.0368544016731903,0.0,True
00:23:35,59278c090220760001fda664,,0.7736058131748799,,-56.92780544745169,-470.09583,47.226345,3.0085566000000004,1.6542720000000002,-1.161437,-3.7219934,-4.850718,-4.415482,-3.1089709,-1.7991618999999999,-1.0090799000000001,-0.8156551999999999,31.361016999999997,12.260155000000001,-3.3688202000000005,-11.638917999999999,-12.425427,-8.290694,-2.6680848999999998,1.5936983,0.5074361,-1.6700625698397298e-06,0.02745738459234734,,2578.2760730223667,1231.1266012924482,13.216387880919369,8.708903288176433,11.111835262708205,19.529307725078773,16.883578815980087,15.617107866391766,18.986586058245422,0.00024941235000000003,1229.0625,0.0264501953125,1.0,0.0,0.0,0.4509975105524063,0.009991845514741726,0.02812144998461008,0.17561107892543076,0.1683117517270148,0.024301093257963657,0.12843044102191925,0.014234822010621428,1.0,True
00:23:35,5c41c28e896e090001c03bb0,156.15137777908632,0.9004617066615379,0.6698942843959628,-17.790739152587854,-186.87376,151.24158,-1.1488254,-6.1258106,-2.6665394,-4.9724639999999996,-3.4290087,-7.8136125,3.9253411,2.7282941000000003,-7.672228,-14.018664999999999,-55.824569999999994,20.943588000000002,15.805143,10.997478,-3.9748642,-9.924697,-27.112965000000003,-5.4552474,2.0219104,-0.00024262242710385734,4.146307065534652,19.83633035252791,2053.4711569462092,2309.368376082235,16.678387154187206,13.85947326417933,16.050802862732834,19.28089783427914,23.116777768373733,23.678887616209305,40.481267252751934,2.8473978000000002e-05,3941.953125,0.0644970703125,0.0,1.0,1.0,0.0965022623538971,0.010270974703598768,0.013354597054421902,0.3525651192292571,0.29389114836230873,0.07794093247503042,0.028920749202370644,0.12655420564115047,0.0,True
00:23:36,59278c090220760001fda664,,0.8603612466191171,,-56.0043740698459,-468.83258,48.608913,2.2418968999999995,0.56636083,-1.7981526999999997,-3.506302,-4.0360756,-3.7183247,-3.1582253,-2.6481223,-2.094835,-1.3846833,31.8954,12.248924,-3.1685243,-10.658631,-10.708748,-6.4330606,-1.4187424,1.7796348000000002,0.5493186,-2.0076054594302344e-06,0.03298374759551071,,2642.974249273104,1283.7290606637073,12.809791501688109,8.274646781993948,10.999883124366283,19.49001335883705,16.308064426359373,15.365519453119767,19.799452371285764,0.00029395014,1339.453125,0.0263671875,1.0,0.0,0.0,0.13521376438438892,0.037721455132123084,0.060417758882977075,0.03957424466498196,0.5742930412292481,0.02696025660261512,0.1157902730628848,0.01002917205914855,1.0,True
00:23:36,5c41c28e896e090001c03bb0,149.81452526380104,0.9073108442007118,0.6488927682073942,-18.55579221154625,-212.84866,160.22682,-10.456373,-14.665681,4.4678364,1.4320651000000002,-10.869615,-7.2715244000000006,10.1688,1.0287861999999999,-7.7438583,-12.734778,-30.341578000000002,20.062782000000002,15.955135999999998,1.7814113999999999,-16.68423,-15.859805999999999,-22.101882999999997,-1.0849472,1.7178692999999998,-0.00019948705160658192,3.4156585144429688,17.78398658225515,1917.4329862409254,2034.800159601557,16.899563936022403,14.7240487912259,16.939882444803132,18.43971669017601,23.59514360259534,24.344165027878017,38.75978733164978,3.4057182e-05,3665.15625,0.0557080078125,0.0,0.0,1.0,0.017353697110795308,0.018960216341333252,0.0030253792905973066,0.011314651618401207,0.8508865237236023,0.03928650574137768,0.03866408775664038,0.020508940228157573,0.0,True
00:23:37,59278c090220760001fda664,,0.7457043716781177,,-55.4699017763984,-465.93057000000005,52.098248,3.3641921999999997,0.6779414,-2.4857602,-4.443366,-4.6156387,-3.5015702000000006,-2.1322558,-1.3873149,-1.5560216,-2.329278,33.625565,11.527773,-6.0347040000000005,-14.259369,-13.279497000000001,-6.9805207,-0.2599407,3.4720552000000002,0.5597291,-1.919970431301682e-06,0.03152290594290142,,2429.901846064649,1172.0495258316796,11.97634415970469,8.952880509119613,11.038076517514082,19.597369823032192,18.302277921174763,15.918015303821877,19.0546166907738,0.00019448141,1152.421875,0.0274072265625,0.0,1.0,0.0,0.09899821579456328,0.0785157912177965,0.054191664326936013,0.03358882069005631,0.583033736050129,0.05201701950281858,0.08234188444912434,0.01731290172319859,1.0,True
00:23:37,5c41c28e896e090001c03bb0,233.0151889090709,0.8580493375194129,2.607022091892597,-19.063833546418856,-221.61674,140.03023000000002,-7.643422599999999,-4.529622,2.690243,-8.702919999999999,-7.1802526,-4.1638703,-3.2154697999999997,-2.9413017999999997,-4.946529,-8.183821,-56.88823000000001,17.751099,3.9971273000000003,-12.583651,-4.8369089999999995,-13.894119,-18.745394,-0.7894091,1.9870917000000001,-0.00017064054433934043,2.9309878449486337,18.04952197374761,1947.8657941789734,2341.770538091745,12.763795950130756,13.627959382292564,16.84068019335892,20.642799240076656,22.136447249140787,22.911028311562802,41.14111554618813,2.2027060999999998e-05,4058.4375,0.070849609375,0.0,0.0,1.0,0.06793499148140351,0.013309288252558973,0.02659473914860024,0.06721712757846238,0.3696708434985744,0.26608048131068546,0.1306529011991289,0.05853964940049789,0.0,True
00:23:38,59278c090220760001fda664,,0.7560427681317321,,-53.700963112699185,-460.05725,59.047718,1.6362277,0.68596405,-0.58428633,-1.3958329,-1.7218746999999999,-1.9125819,-2.2390814,-2.6539392000000004,-2.8787615,-2.6958342,37.283443,11.702636,-8.087758000000001,-17.007978,-15.922595999999999,-9.559198,-3.0018227000000004,0.8284736999999999,0.60026765,-2.3978764115949424e-06,0.03932809971174471,,2228.145189854901,1110.057283081456,13.618793249347036,8.580292098346153,10.77142156480231,18.487314215277493,18.608199392261575,16.41817303192705,19.152845388005346,0.00014221169,1155.0,0.0275048828125,1.0,0.0,0.0,0.033400328626157716,0.009169174431008287,0.001353983354056254,0.035598153436149006,0.8800547450780869,0.009284437366295606,0.008403945216559804,0.02273524436168373,1.0,True
00:23:38,5c41c28e896e090001c03bb0,264.9533523570314,0.8558506612243449,4.818237034504071,-23.015971605325607,-281.24643,100.38023000000001,-15.6427,-6.186962,-0.063884385,-6.7232037,-4.8526664,-6.7202682000000005,-5.082677400000001,0.14484587,-5.051097400000001,-7.414516000000001,-50.376118,37.9967,13.906585,5.26198,18.066925,-21.184158,-15.592932999999999,-2.0318625,1.9135232,-0.00011280007704788292,1.9695636347087524,17.90620526548969,1865.1437061749668,2922.410289782659,9.804493979556273,13.08174560789182,15.770150718464794,17.884160856491402,21.595489153278876,24.240618445256782,43.10333480320149,1.3576840500000001e-05,4649.296875,0.1031201171875,0.0,1.0,1.0,0.010599721799371764,0.0031121546169742944,0.008511594904121011,0.13506777081638574,0.5492749691009522,0.0967556000687182,0.14974520346149806,0.046932951919734484,0.0,True
00:23:39,59278c090220760001fda664,,0.7222289240076523,,-52.8595071484429,-455.58682000000005,62.577175,1.1157262,-1.1218288,-2.2351872999999998,-3.2141855,-3.1098225,-2.5055417999999996,-2.9589226,-2.4803342999999995,-1.4390683000000002,-1.8697830000000002,37.123074,10.193408999999999,-10.483014,-17.699415,-12.8286915,-5.559466400000001,-0.20638542,2.4027886,0.6519431,-2.692102081817691e-06,0.04444104950536897,,2255.3135206474885,1301.29194602773,12.94408104166332,8.826926993388039,11.450554980390713,18.83611606060553,18.63095108864834,17.35980912700511,20.554820545857297,0.00019299466,1825.078125,0.03400390625,1.0,1.0,0.0,0.0035144883673638105,0.009752211498562249,0.0008750771259656175,0.002404207043582573,0.9724047601222991,0.002874180392245762,0.006044682732317596,0.002130382246105,1.0,True
00:23:39,5c41c28e896e090001c03bb0,206.3909644875943,0.9350973295915688,3.2375854194333686,-23.266488968370126,-278.43567,113.59603,-12.005879,-11.929724,-5.170040599999999,-6.65275,-4.9964004,-4.877373,-2.7425314999999997,4.1272316,0.7805241,-8.283666,-43.189278,32.678207,7.843779,-9.956217,10.78655,-20.504986,-27.38697,-7.728516,1.7201741000000002,-0.00012030286319490427,2.0742723248187005,20.39387788742906,1716.9467218624868,2838.742361143697,11.910700957908466,12.157741452637444,17.737976559907253,18.41173322318752,23.792045681347727,25.42493672789921,40.697094224353364,1.1912085e-05,4192.734375,0.1065625,0.0,0.0,0.0,0.016009332476338994,0.0018055364877606435,0.006824372103437781,0.07952797226607801,0.7423323839902878,0.02537954521055023,0.1203364240936935,0.007784426251115899,0.0,True
00:23:40,59278c090220760001fda664,,0.7183302874032959,,-53.72595508901233,-457.6205,61.03315,1.5615873,1.5153377000000001,-0.5508323,-3.6054516000000003,-5.684599400000001,-5.560343,-3.7705379999999997,-1.9621488,-1.3332760000000001,-1.762709,36.705036,10.782221,-6.175765,-11.641963,-9.75278,-5.817293,-2.4867008,-0.0147862,0.6138963000000001,-3.0430873220157693e-06,0.0498906390593664,,2324.414944221427,1191.4935747448842,12.226359851586645,8.004471016607614,11.224738549565311,18.435027330157087,18.995798223283266,15.504715368937562,20.256914238394792,0.00021303295,1328.90625,0.0278759765625,1.0,1.0,0.0,0.002039982844144106,0.009410107624717057,0.0004914706267300061,0.00038942434548516763,0.9822285532951356,0.002157014908152633,0.002897052321350202,0.0003864245612930972,1.0,True
00:23:40,5c41c28e896e090001c03bb0,209.1681515423523,0.434318789434676,0.8568874752195665,-30.774204718125873,-275.70453,100.44485,-12.458611,-7.928058999999999,6.199986,-6.995639,-7.077192,0.7696305999999999,1.0305050999999998,-2.9525337000000005,-2.8563516,-9.411789,-66.3928,20.946291,6.914382000000001,-10.56971,9.598972,1.3221576000000002,-12.92172,2.9222426,1.8888544999999999,-0.0001450280725509181,2.5005669261552885,10.434720311944522,2244.566593275708,3323.3749495566467,11.728291088009243,10.269265801272624,13.17965306548925,16.238350420222798,20.298858362580805,19.906431644288798,40.51139520378789,0.001641261,5329.453125,0.1261083984375,0.0,0.0,0.0,0.02323045022785664,0.0011080188924097456,0.0034788892371580005,0.10647068498656154,0.3504603784531355,0.13337225560098884,0.3732962608337401,0.008583094691857696,0.0,True
00:23:41,59278c090220760001fda664,,0.6966246546021193,,-54.93450631601429,-452.53894,52.778976,7.600486999999999,3.8905309999999997,-1.5352351999999998,-4.376713,-4.211119999999999,-3.752039,-2.4006032999999998,1.1705515,-0.24104940000000002,-4.165900700000001,18.182417,8.478168,0.34578702,-7.2416863,-5.8118315,-8.884915,-9.918994,0.8330389000000001,0.6786708,-3.6933223700226106e-06,0.06294805357817969,,2684.2877450095,1790.8695594404364,12.267638798372388,8.135925570009539,11.423941328143759,18.735680059018804,17.750997187214026,17.022880308398285,22.467529249993447,0.00042601084,2721.5625,0.0496630859375,0.0,0.0,0.0,0.024007727066054942,0.09481783099472522,0.00754096396267414,0.00032294589254888706,0.8011447131633759,0.049653766211122274,0.022286394308321182,0.0002256452520668972,0.0,True
00:23:41,5c41c28e896e090001c03bb0,203.35889623082187,0.9406831225060088,1.2852611189155934,-16.79401963614072,-172.97537,156.56038,-15.722578,-9.297027,0.62196594,-5.830701,-2.8764079,-4.847411,0.50216025,0.8616214,-1.7425233,-15.351560000000001,-60.247395,20.491901000000002,-2.5013647,-5.9623227,0.60582215,-5.037928,-15.00716,-2.5751793,1.8015740000000002,-0.0002446558957896435,4.174113130454424,21.119162122504694,2178.2830781111747,2310.804423915129,12.992044138935526,14.426952899856428,17.611968604404797,17.370220797316982,21.867709746883826,21.570130208621325,44.53925187183131,2.1082942e-05,4250.15625,0.061123046875,0.0,1.0,1.0,0.04967980596702546,0.004852443374693394,0.008575823437422516,0.06742751454003157,0.4371608778834343,0.20176479294896127,0.22165498547255996,0.008883768925443292,0.0,True
00:23:42,59278c090220760001fda664,,0.6952181695084779,,-59.67121636946048,-479.9204,35.56758,3.333211,3.221477,0.56169873,-3.0443897,-5.871871,-6.8302274,-5.820317299999999,-3.6008725,-1.3041321000000001,0.12596251,25.018755,11.212465,-1.7034357,-10.299042,-13.013034,-10.501175,-5.1050724999999995,0.2665515,0.4399413,-1.1126345303071562e-06,0.01839965041245266,,3034.945113064477,1425.2551031869596,13.476213280637259,8.253215405706616,10.808247198957117,22.092239758290273,15.278931343348127,15.329381926415827,18.692409016906236,0.00039585988,1259.296875,0.0267919921875,1.0,0.0,0.0,0.0078181566670537,0.09656930277124047,0.0036796032974962148,0.0001880624740806525,0.8553638041019441,0.02346334734465927,0.012696211563888938,0.0002215256139606936,0.0,False
00:23:42,5c41c28e896e090001c03bb0,184.6431533050381,0.7750477195130734,0.5619130216219721,-17.840733674066588,-198.25189,162.41574,-15.805878,-9.267433,3.1853087,3.6310534,-2.151095,-8.266380999999999,-3.1361547,2.9029965,-3.3490539,-14.517858499999999,-52.911793,16.561674,-0.28665042,-13.728995999999999,-5.305047,-8.882677000000001,-8.497933999999999,-8.99216,1.9028745999999999,-0.00020675530503246818,3.4825028796856623,19.385220339124448,1889.5832054596133,2158.4114005397173,15.141572886651707,14.12617831526725,16.610188201903465,19.176767545063697,20.46461920266101,23.58885554701078,42.4282330643155,1.4192136000000001e-05,3714.375,0.0638330078125,0.0,0.0,1.0,0.039912797665844366,0.005299336975440383,0.0076314484467729935,0.0756780303393801,0.5833043257395426,0.11385065192977588,0.15253857771555582,0.02178485117231806,0.0,True
00:23:43,59278c090220760001fda664,,0.7306516778359815,,-58.91415475720541,-477.17657,38.69853,2.3396559,1.3213888,-1.3736209,-4.237444,-6.0225945,-6.1857157,-4.9231963,-2.8921492000000004,-0.8447412000000001,0.62684095,26.388214,10.918629,-2.6099598,-10.598874,-12.137997,-8.835326,-3.634096,0.6411691999999999,0.46554446,-1.293772991549524e-06,0.021347747985141444,,2920.329044964713,1401.2854676389898,13.354624415284176,8.182272831139684,10.932798436250833,20.469097793358475,16.105496745223945,15.19915551308894,18.772917922215623,0.0004101808,1380.703125,0.02732421875,0.0,0.0,0.0,0.011656715720891952,0.13416150249540806,0.003595767519436777,0.0002049664552032482,0.7751384735107422,0.05065011717379093,0.02429244527593255,0.00030000503902556376,0.0,False
00:23:43,5c41c28e896e090001c03bb0,166.67700417941285,0.926828444494132,0.3995156423658566,-25.461786290396553,-316.98352,129.25676,-12.112233,-10.454889,2.6343029,-1.3357389,-7.085659,-7.694413000000001,-1.4121057,6.866874,-2.7523127,-13.127911,-11.084055000000001,21.815936999999998,20.83659,-1.771828,-0.8133653000000001,-26.857756,-23.04523,-1.6169972,1.5650608999999998,-8.644204402502669e-05,1.4484005267671858,11.5096296674682,1684.3965398008831,2061.074121387945,16.956394663670356,14.641799112459555,19.027567328563197,19.884761190074933,24.458163139004764,26.57512593749904,36.70092107970549,0.00040299966,3373.359375,0.0720068359375,,,,,,,,,,,,,True
00:23:44,59278c090220760001fda664,,0.7226804366842923,,-57.265871943934314,-473.29445999999996,43.21982,2.6590302,1.5380631999999999,-0.9149726,-3.6209339999999997,-5.6167154,-6.080157,-4.8784160000000005,-2.7330952,-0.6538423000000001,0.6672323,29.121233,12.572764,-1.5718164,-10.578673,-13.0604,-9.644219999999999,-3.599504,1.1261104,0.49068663,-1.6689259377972763e-06,0.027486047226722828,,2744.93464917639,1311.825123141737,12.52073915993077,8.940024941023026,10.646882347438806,20.18238767521184,16.96917962057443,15.685874492418316,18.85028926668948,0.00033043997000000005,1294.453125,0.0258447265625,1.0,0.0,0.0,0.00743028735741973,0.10992041751742362,0.0013920716883148998,7.283323211595417e-05,0.8465198457241059,0.02913364730775356,0.005394964176230132,0.0001359268448140938,1.0,True
00:23:44,5c41c28e896e090001c03bb0,153.81983265462796,0.6772667039806147,2.2244230998968537,-23.07652331562479,-275.0705,147.9132,-5.75298,-11.143105,-0.18944666,1.8680013,-2.851458,1.3561083999999999,3.884264,4.4125476,-4.105365,-16.731610999999997,-22.019121,14.779015,8.981683,-5.901425,12.431975,-13.908142999999999,-30.300224,-7.215201400000001,1.9627237000000002,-0.00011365731410757827,1.9220323634288896,20.437013526148114,1595.6700604150344,2340.861938995958,15.612313319222286,11.292894170667394,16.454459608504244,15.656301086520289,24.03546284964674,28.31898851449609,37.26738618271408,2.4543953000000002e-05,3606.796875,0.0813134765625,0.0,0.0,1.0,0.08688563853502274,0.004010564007330686,0.009793666424229741,0.07610668102279305,0.2235648483037949,0.242789164185524,0.3497269004583359,0.007122582639567555,0.0,True
00:23:45,59278c090220760001fda664,,0.7608030904081053,,-57.83425574124461,-467.6056,45.882545,1.9870835999999998,0.9185214,-0.21479678,-1.8895476000000002,-3.6575413,-3.9869394000000002,-2.651105,-0.7205735,0.732342,0.9508718,23.691422,6.437355,-4.022494999999999,-11.75868,-14.728013,-10.472793,-3.0833151,1.4944913,0.58777004,-3.258203528744834e-06,0.05405225827880149,,2921.417863079574,1602.8634995269913,14.527566403303222,7.826360206015968,10.706082495952828,18.70911420489149,15.676531034322464,15.874276161577034,20.70898420379145,0.0005271955999999999,2102.34375,0.03103515625,1.0,0.0,0.0,0.007593226106837392,0.08321767449378968,0.002980853558983654,0.0002177104412112385,0.8676079332828521,0.022772107273340225,0.0154107877984643,0.00019967180851381268,0.0,True
00:23:45,5c41c28e896e090001c03bb0,212.23487546700446,0.9486729561671374,2.7265061496327494,-38.323050734607406,-360.49832000000004,132.58188,-15.618312,-9.646533,7.9891505,-4.106708,-5.0189238,12.004042,6.177219,-5.561766,-3.599591,-6.245174,11.976447,3.3774877,-8.69479,-19.037828,-2.7348687999999997,6.8101444,5.366492299999999,0.89649063,1.6447247,-5.9019493528492506e-05,0.97739998401084,13.785216009868336,2309.397528124182,2100.583622496068,10.300251383437583,10.434164764097373,13.912415871322606,18.472565781895646,24.169684030053336,24.179058206772734,27.582038038265036,0.0049566129999999995,4104.609375,0.049267578125,0.0,0.0,1.0,0.06568571516416137,0.012491210266792526,0.015614436098581387,0.0934860332765513,0.42328641646438175,0.1604520616432031,0.19265004578563905,0.03633405335454477,0.0,True
00:23:46,59278c090220760001fda664,96.92905625551998,0.9585221186788936,11.151025724373737,-50.668653888292866,-449.9557,69.802734,0.6990193,-0.47509295,-2.071309,-3.2578092,-3.8805089999999995,-4.0910025,-3.8337152000000003,-2.8837447,-1.2420307,0.5580908,41.203503000000005,12.280408999999999,-5.214929,-10.217761999999999,-8.2727165,-4.574289299999999,-1.4052653,0.48014350000000006,0.7142887,-5.296394607660427e-06,0.08643068362378138,53.02104217387296,2252.1742102328644,1242.008697556457,12.295830871546926,8.507750192262987,11.444434295368145,16.84592972218239,19.02085874438415,16.47735735342032,21.661096013784267,0.00028253565,1769.296875,0.02681640625,1.0,0.0,0.0,0.007070332905277609,0.058891620580106975,0.001827299199067056,0.0002651952101587085,0.9004915952682495,0.023072712135035544,0.008093947404995559,0.00028734970437653833,0.0,False
00:23:46,5c41c28e896e090001c03bb0,270.1145561252425,0.9665637149980916,2.355150994566109,-63.122707024017934,-437.63104000000004,77.34119,-10.147881,-9.987373,0.37729895,-5.8731837,-7.854025,-1.6013811000000002,-0.75742215,0.36560017,-3.7200265,-10.1981,-1.0418416,11.169324000000001,7.4569472999999995,-2.2075934,8.966121000000001,0.46273652,-4.4640846,0.7797681,0.9863146999999999,-2.343037619124778e-05,0.3897206047864713,23.165560349989857,4304.426944198654,3621.396357685896,12.206156334205932,12.087045467578518,12.334744371944547,13.574796428975056,17.341137653793737,17.284867438651496,23.261841919511173,0.03786497,7967.34375,0.04357421875,0.0,0.0,0.0,0.00551532650788431,0.0012865743483416734,0.002377946866363345,0.15131568491924555,0.5525247514247894,0.02462325894739479,0.24620372746139765,0.016152744437567892,0.0,True
00:23:47,59278c090220760001fda664,,0.7164820739055094,,-51.075677374117994,-445.02438,74.61887,1.2816341,0.8905249,-0.29710790000000004,-1.9984974999999998,-3.3832662000000004,-3.8806347999999997,-3.487507,-2.5091987000000002,-1.2922003999999998,-0.20990078,40.993393,7.6508937,-10.556914,-12.403205999999999,-6.4151635,-1.0225079,1.0759698999999998,1.3360729,0.71750975,-3.4073227365385464e-06,0.05581143120519692,,1911.9363158953515,1045.7649444349156,12.554594786803547,8.298228795340886,11.80927107230447,16.520414600089747,21.810228149423423,17.744624602581574,19.24960702810662,9.673924999999999e-05,1359.609375,0.0271826171875,0.0,0.0,0.0,0.0009986902819946407,0.003970940259750933,0.0003435847000218928,0.0001890544288471574,0.9923688232898712,0.001041985188930994,0.0007931960004498251,0.000293707380478736,1.0,True
00:23:47,5c41c28e896e090001c03bb0,427.6361087670034,0.4600453150652201,18.283823126153727,-43.740667145946034,-319.13644,108.80407,-17.926668,-14.720351,4.2897419999999995,-4.907248,-3.7531765,6.506801,7.641779400000001,11.980286999999999,-4.3192344,-18.243,-94.901886,-4.960424400000001,22.49844,-12.853223,3.4716432,-23.769167000000003,-34.396834999999996,-7.5515428,1.5106715,-8.563760428326501e-05,1.5015528751384717,21.568948591268096,2050.4029734147666,3201.7725739424227,13.036540096088993,9.85405920464252,14.330747923843026,15.014044759032965,16.04024957979012,19.547372128898807,34.50422051026419,0.13955677,5363.991477272727,0.10706676136363637,0.0,0.0,1.0,0.0021735087531851607,0.0028147213262855074,0.000726681752166769,0.0017466962541220707,0.9703584492206574,0.006084208033280447,0.014653236151207238,0.0014424668624997141,0.0,True
00:23:48,59278c090220760001fda664,,0.7988013836333334,,-54.50180018521282,-462.11273,56.9606,4.838481400000001,2.685197,-0.11993729,-2.3630752999999998,-3.5576769999999995,-3.3992655,-2.0793166000000003,-0.6815032,-0.2811491,-0.6545789000000001,37.5991,15.289882,-2.0672352,-10.767716,-11.153675,-6.1099086,0.28354862,4.4004364,0.5826451,-2.2977634005499358e-06,0.0376627396399634,,2359.371494494329,1131.8903372846687,11.44137247655233,7.990286033645719,11.187357167608885,19.25727636525927,17.896275919696354,15.929618031083312,19.500851814985413,0.00019826418,1222.03125,0.025498046875,1.0,0.0,0.0,0.003218386863591149,0.06945023815787862,0.001284246639261255,0.00018408685286885884,0.9133867561817168,0.009810660453513264,0.0023938830447150393,0.0002717374089115765,1.0,False
00:23:48,5c41c28e896e090001c03bb0,143.6487561460545,0.5915297960731531,0.947120587592888,-21.297824515320478,-229.22863999999998,177.65616,0.36366752,-6.5489440000000005,-1.2315694,3.0971754000000002,-3.1015382000000002,-4.1813264,2.4745833999999998,-2.5990539,-10.603095,-13.211275,-36.257805,-0.2777365,9.291443,1.6044626,0.9732122999999999,-10.177863,-24.994022,-10.295917999999999,1.8520036,-0.00018691776345748447,3.125662047147361,15.313678364527876,1859.7236270688595,1756.9306342998361,16.16416912540429,13.864782996355796,15.182710724319765,16.349217847690255,21.665294496417975,24.21195784569627,35.39375867445469,0.0014313177,3045.703125,0.042587890625,0.0,0.0,0.0,0.010126722860150041,0.0039386842632666225,0.0023930487863253803,0.16403283529798499,0.6818479970097542,0.011481748521327972,0.09236053200438618,0.03381842795643024,1.0,True
00:23:49,59278c090220760001fda664,,0.7355322367188197,,-56.466076954672424,-468.96243,48.809753,4.183153,2.5442264,-0.29432625,-2.631264,-3.6101522000000004,-3.3902523999999996,-2.6599712,-1.9848762999999998,-1.5104669,-1.1315798000000001,32.733234,13.020142,-3.4685163,-12.310476,-12.941475,-8.037668,-1.6176063999999999,2.955382,0.54182714,-1.6841160569631109e-06,0.027684705551371057,,2566.0458187443296,1211.6184055142578,12.254583704619934,8.004179609025663,11.185455729425314,19.57264955496328,18.14653367744533,15.674355796192172,18.98120247666758,0.0002393248,1150.3125,0.0255517578125,0.0,0.0,0.0,0.009657126571983098,0.08988876827061176,0.007872238242998719,0.00014466416323557496,0.860981798171997,0.02352736629545689,0.007592714740894734,0.00033534806643729096,1.0,False
00:23:49,5c41c28e896e090001c03bb0,137.8467368790563,0.90993637376404,1.1572001343502372,-20.677969879947,-235.34923999999998,166.78026,-10.11881,-9.38295,5.6042523,8.570867999999999,1.3456780000000002,-5.494477,-4.741177599999999,2.0819628,-2.2159379,-15.312316000000001,-31.693401,12.668433,14.371151999999999,4.344568700000001,11.46458,-6.582875,-13.233672,-4.441072,1.7753156000000003,-0.00015533515127101212,2.608374396919939,16.960741384735616,1643.1755703195727,1810.1249924805481,15.837423785756178,13.362611760272387,15.965809333125154,16.690913471121885,21.168170033442266,22.146167267058296,37.28478641729303,9.030521e-06,3174.375,0.0540576171875,0.0,0.0,0.0,0.07279460055287927,0.03289439872605726,0.029041726235300307,0.019172421272378413,0.4332277149893343,0.2569474140182137,0.11738179121166467,0.038539936067536466,0.0,True
00:23:50,59278c090220760001fda664,,0.7113490834344783,,-57.813762180937694,-472.9392,44.074566,4.4989095,2.8370225,-0.40936103,-3.4643222999999996,-5.1135269999999995,-5.04935,-3.7206013,-1.9296602999999999,-0.4421102,0.25334194,30.156431,12.719447,-2.372835,-10.968055,-12.079141,-7.741391999999999,-1.5706476,3.0892537,0.5049558,-1.4853046747208778e-06,0.02445962071481829,,2735.9415798746422,1287.454372852518,14.658196774519027,8.01174142476517,11.508074679703146,20.431925428811894,16.594407365375258,15.517647494882949,18.601485642209823,0.00030739515,1205.625,0.0262841796875,1.0,0.0,0.0,0.01910218046978116,0.07660505250096321,0.014011154603213071,0.000443897872173693,0.8209965884685516,0.04341644709929824,0.024733135104179384,0.0006915561971254648,1.0,False
00:23:50,5c41c28e896e090001c03bb0,127.38550045564232,0.7055487090062379,0.4699778638715758,-21.788694117585067,-255.25911000000002,149.3369,-8.046000999999999,-7.3483872,2.5965784,2.2156184,2.6626084,4.765751,-0.22456954,-1.1908364,-1.6508465,-9.585004,-40.281079999999996,6.355967,9.244836,3.0305645,11.636136,-13.912785000000001,-13.09056,0.87044084,1.8519659,-0.00013745324763555228,2.304641156309037,16.401362256124493,1613.6318167284858,2388.7037090256813,14.686939540832698,12.62770091803388,16.197363677462207,17.598259679183766,20.39074073167778,21.60599647736576,39.00612288907152,2.0270154e-05,3730.546875,0.087978515625,0.0,0.0,0.0,0.10930194817483424,0.026963833440095186,0.0864123659208417,0.05196864497847855,0.15667602680623532,0.29195835441350937,0.215199575573206,0.06151924133300781,0.0,True
00:23:51,59278c090220760001fda664,,0.7601731825697797,,-58.941587327918995,-476.9013,39.537094,3.341796,2.570781,-0.24095315,-3.4546232000000003,-5.5788255,-5.8874807,-4.5705514,-2.4512273999999996,-0.4919523,0.64128214,28.243076000000002,13.616375,0.16226493,-8.558017999999999,-11.1443405,-8.586442,-3.506094,1.1504908999999999,0.46406797,-1.2665472837144784e-06,0.020887221254506063,,2908.5933936737542,1346.2699838261094,14.349579601253286,8.397544575459325,11.320015230137534,21.353708513532396,15.444090873808902,15.200647442825993,18.76762199388854,0.0003615375,1211.71875,0.024462890625,0.0,0.0,0.0,0.01754742078483105,0.10644273087382317,0.006686428538523614,0.00029121437110006814,0.8070971965789795,0.05194568149745464,0.009095000755041835,0.0008943271212046967,1.0,True
00:23:51,5c41c28e896e090001c03bb0,173.9646776896214,0.9828404893029664,1.1092028342857831,-25.05551359915714,-272.52194,149.42853,-9.54852,-16.183735000000002,2.8727725,6.9633307,0.7611998999999999,5.132681,0.12713115,-7.6797333,-4.9512,-9.613760000000001,-35.692387,-12.448086,1.0650859,-11.222914999999999,-1.4674198999999999,2.1970055,-6.8209550000000005,-1.9673467,1.453366,-0.00013140142993171708,2.1804302435177725,14.35693913950422,1639.9430910680094,1928.318134296171,13.968873559567914,12.957728840401025,16.168404712248506,18.45557242369777,21.643112854466896,23.483962916279772,35.107374788339484,2.8675922e-05,3131.484375,0.059150390625,0.0,0.0,0.0,0.047624867130070934,0.0627163490280509,0.017270522215403615,0.008395998820196838,0.5176471956074238,0.2618256226181984,0.058401799853891136,0.02611762429587543,0.0,True
00:23:52,59278c090220760001fda664,227.08713476147113,0.8049827524224178,6.029165848990673,-34.622560662452095,-355.30838,128.32495,1.9291092,2.3183599999999998,2.4546726000000003,1.0728918,-8.389116,-8.4256,0.65488464,-0.42534120000000003,-5.840634,-3.3498485000000002,11.055242,-2.8355273999999997,8.492297,-5.605915,-12.089222,-9.277041,-12.507183,-8.248629,1.22462,-7.002913519136158e-05,1.163220601258353,24.14675079911705,2132.338970267782,1757.1644082846494,13.480780228080251,8.920283370976922,12.812992291512757,16.914910997350212,19.719278673807388,23.383224162473642,28.34524530374373,0.00045903123,3272.578125,0.0445263671875,1.0,0.0,0.0,0.013088456587865949,0.13462694063782693,0.003229845594614744,0.00022950298880459747,0.7775291085243226,0.062113531306385986,0.008439737628214063,0.0007428438344504683,0.0,True
00:23:52,5c41c28e896e090001c03bb0,288.27301728212984,0.9800419557559436,6.969196365037184,-86.27686724730954,-489.6352,55.952152000000005,-3.9047,-8.598514,-3.6224928,-3.7453272000000006,-7.933978,-4.58683,-3.3979967,-5.4817047,-4.260651599999999,-6.7808447,2.1052635,2.1872380000000002,3.233335,-6.215882,-1.7585781999999999,-2.407711,-7.1320744000000005,-2.1348624,0.43928320000000004,-7.205038617741316e-06,0.11890562223018936,26.968002239608108,5666.009980891403,6353.137994913215,8.328087358384561,11.583134339270556,10.890103979185193,12.694782976495295,16.025577700794205,15.835102077470093,16.062836476490016,0.26703092,12969.029017857143,0.08547247023809522,0.0,0.0,0.0,0.0048711568815633655,0.026011826656758785,0.001861121048568748,0.0013389163752435707,0.8547816574573517,0.08242783476598561,0.02500876265112311,0.003698765134322457,0.0,True
00:23:53,59278c090220760001fda664,,0.5693034637409242,,-53.72909334857602,-451.6566,61.614655000000006,3.3300127999999996,2.8869572,1.0852832000000001,-1.5751374,-3.204612,-2.0519154,-1.5533115,0.045080844,2.2946147999999997,1.3158294,34.011585,12.550647,-5.35766,-8.813787,-5.8021874,-4.6745014000000005,-2.2529175,1.0782098999999998,0.7270664000000001,-3.181722747003945e-06,0.054495449494027966,,2623.425685130422,1741.8835281642926,12.388515219622247,8.288849630535902,10.862051278847975,16.338131296206114,18.1067550898414,15.947673974340795,23.25248394928585,0.00055933505,3128.203125,0.038623046875,0.0,0.0,0.0,0.009324098587967455,0.01235274758655578,0.001810093771200627,0.0012526754660939332,0.9672055840492249,0.004256923240609467,0.002693318109959364,0.0011045621475204825,1.0,True
00:23:53,5c41c28e896e090001c03bb0,170.98965925005425,0.4615645470648195,6.0085707229197585,-53.31082036633715,-365.6138,146.69942,-7.475461,-7.471754,18.273193,-2.9265392000000006,-21.304619,-2.2082887,-2.6012623,-2.6403034,3.7368699999999997,-13.765787,-41.423435,-7.781017299999999,8.427486,-2.4010053,2.8225447999999997,-12.1429405,-12.999376,5.3937945,1.3914267,-7.357835161605105e-05,1.2387628990566315,16.131405737261268,3666.072228413074,4162.53597099358,11.32706056451017,9.280946902844052,11.636079300912193,13.014739586526408,18.835242291299707,19.955529147685517,28.005568512700638,0.063654386,7754.296875,0.0688330078125,0.0,0.0,0.0,0.0117478865548037,0.006596005244500702,0.007822710323671345,0.08937224868568591,0.42659010889474297,0.04328601149609312,0.4105222427751869,0.0040627970549394375,0.0,True
00:23:54,59278c090220760001fda664,104.87859916508623,0.6944650300112327,0.7310199629106492,-53.55287297057105,-445.7534,52.97619,4.033982,4.659166,2.5350053,-1.2155138,-6.460056,-6.5292010000000005,-1.6172663,-0.8269534,-3.0721908,-0.47680688,6.119585,2.4385052000000003,6.9354863,-3.1104133,-7.643561,-5.939886,-5.882766,-1.79682,0.83803856,-2.902269663351512e-05,0.4868948877851967,14.100308143630135,2894.31932718377,1753.2268160616659,14.339167494424991,8.972307556297112,11.90304130998018,19.42460943380001,18.33957614161867,17.190573665407463,20.724247477085004,0.00058520766,2439.609375,0.0387646484375,0.0,0.0,0.0,0.015377963869832456,0.0030961260315962138,0.002102110505802557,0.0025115875963820145,0.9700137376785278,0.002353374066296965,0.0018298372917342925,0.002715264935977757,1.0,True
00:23:54,5c41c28e896e090001c03bb0,,0.7954768394852161,,-74.70838254130742,-500.56137,1.4891608,4.264284,4.476138,4.37589,0.17328508,2.2430347999999998,5.09039,1.6743583999999998,1.2121899999999999,1.8438693,1.0350004000000002,-7.4159493,12.5609865,8.78611,-1.5730567,6.7926273,6.4243865,1.1580191,4.1481075,0.33635688,-7.977682323066656e-07,0.014686743202200288,,4686.500118135605,5695.840520286026,11.660534464854779,12.852650755809524,11.739139266081024,15.026754501219822,19.85345842435837,19.923183528386442,22.831946151751946,0.049668547,10157.34375,0.1361669921875,0.0,0.0,1.0,0.022778766695410013,0.01658269488689257,0.015609662196948194,0.06356789539568126,0.24889344265684485,0.15265840841457248,0.4690551802515984,0.010853980691172185,0.0,False
00:23:55,59278c090220760001fda664,122.34006973874205,0.8174795394078059,0.44731918364040857,-26.219382695476227,-296.8223,162.46788,9.210751,9.971893,1.3264649,0.70337886,-3.2902612999999996,-8.653192,-1.9101983,0.20713638,-8.63935,-5.627545400000001,-9.772677,-9.062547,27.602209999999996,8.063785000000001,-12.140185,-9.358199,-9.44324,-5.5947485,1.2566508,-0.00010992266321301896,1.8307206569755539,21.4322716432232,1545.9415662283054,1554.6363035543316,16.460944806881454,11.25720148662804,14.462987307221267,16.81360962768301,18.855843819927273,25.90918387032946,30.98710033507648,0.00013995558999999998,2639.0625,0.03947265625,0.0,0.0,0.0,0.0024197723367251453,0.002900020079687238,0.0010114875040017068,0.0005230673006735744,0.9891434192657472,0.0012721448845695706,0.0018499611644074321,0.0008801268064416945,1.0,True
00:23:55,5c41c28e896e090001c03bb0,,0.9279201242011816,,-75.28803333319273,-498.325,4.4726386,-0.30222259999999995,2.3271707999999998,2.4821560000000003,-4.8690443,-6.7106276,0.5352741,4.4375290000000005,0.63389415,-3.5592403,-2.3250701,-15.618678,-1.6156583999999998,9.200229,4.018147,-0.23991749,-2.2104642000000005,-1.5793097,0.06574936,0.48151990000000006,-1.2968342302057294e-06,0.022817241606236518,,4961.406576747303,5388.526805045008,11.90915902352199,10.035476857973608,12.757078222321574,16.12734903502688,24.12724675470561,19.215056099290614,20.01885977720034,0.055218792999999995,10402.265625,0.101025390625,0.0,0.0,0.0,0.04661238007247448,0.04052487928420305,0.029594892449676988,0.0036153245950117712,0.32394695952534674,0.2773207865655422,0.2741313025355339,0.00425349116558209,0.0,False
00:23:56,59278c090220760001fda664,136.79895340623332,0.5286325477577873,1.8368385126503768,-26.606830263313064,-333.26096,139.19225,-8.003906,0.5562786,1.0798873,5.509789,6.181621,3.3253453,5.501204,4.514398,-4.9802737,-8.102775999999999,28.371359,17.092712,3.143843,-6.2738605000000005,-8.819566,-6.3860497,-22.317992999999998,-28.261044000000002,1.4483773000000002,-7.867804726599016e-05,1.310043076954146,21.946977204718042,1729.9815214870798,1892.2840538379544,13.326458162240426,8.931282385643934,16.77709108104139,16.299969708252338,21.507574527340736,25.729540532300916,30.183204646572875,0.00016356357,2787.890625,0.0629150390625,0.0,0.0,0.0,0.007784848008304835,0.07508223531767726,0.003588000161107629,0.0005174180354515557,0.8773146569728851,0.02142508337274194,0.013746615452691912,0.0005411346617620439,1.0,True
00:23:56,5c41c28e896e090001c03bb0,,0.5367118496174128,,-99.9072284324655,-507.25125,0.7754929,0.8750709999999999,0.59781396,0.6159763,0.924925,0.759352,0.46291304,0.6770174,0.8248056,0.57991713,0.5392114,0.6044102,0.8878245000000001,0.9189296999999998,0.706596,0.7760451999999999,0.8214117,0.69517523,0.81059706,0.04918684,-3.680758608661921e-08,0.0007783813096105183,,6579.487391694454,7585.508748126525,10.943997868246687,9.81366318494462,9.493028182631145,9.974002439255292,14.621097069160685,13.967708202868245,12.025542455831554,0.5599407,15677.517361111111,0.06496218417553191,0.0,0.0,0.0,0.07194650638848543,0.07834246759302914,0.042947312840260564,0.008923203172162173,0.11327574048191308,0.5117767661809921,0.14411984905600547,0.028668162133544683,0.0,False
00:23:57,59278c090220760001fda664,97.44354534821336,0.5843375882942587,0.5309214302144728,-37.214534872647654,-357.2415,102.22184,7.7754054,11.0023985,8.959983,2.5754797000000003,-11.30551,-12.230702,-0.58172065,2.85656,-2.7114662999999997,-1.3809491000000003,-0.13636389999999998,6.442473400000001,-7.044498,-14.176893,-3.3969544999999997,2.6996024,-11.959424,-12.358802,1.1668687,-6.0969682386791806e-05,1.034156574686132,13.848157418721387,2224.273986250574,2671.907124895068,13.735125088387553,8.725334581008742,12.72318764428617,17.893615689720406,20.195594661599053,24.48664078708473,29.786933258935395,0.0005050033000000001,4454.0625,0.0924365234375,0.0,0.0,0.0,0.0770759079605341,0.15240307673811912,0.04838595949113369,0.0011201758548850193,0.5153157979249954,0.16219208277761935,0.04243534924462437,0.0010716409829910844,1.0,True
00:23:57,5c41c28e896e090001c03bb0,,0.5197850982626487,,-65.8094067555662,-444.22015,53.594578000000006,-11.447591000000001,-16.334682,-0.28339002,2.9008462,-10.591948,-8.834846,2.1161779999999997,7.445564,7.1525106,-0.8328120000000001,-41.54528,-11.679965,24.205182999999998,15.362417,10.899980000000001,-2.2316935,-15.462064999999999,-8.144332,1.0371591999999998,-7.777686596439648e-06,0.13282982352373598,,3266.4870695026625,4160.339990689688,10.76308193618672,9.833231677716043,14.34671498111664,17.138407156062158,17.968249469864066,17.232673840466624,20.420550350128355,0.20021549,7433.11095505618,0.07874386809593023,0.0,0.0,0.0,0.14761969223618507,0.007163832057267426,0.08851084541529416,0.06448769271373749,0.006891410634852946,0.3993273586034775,0.1868471920490265,0.09915198162198066,0.0,True
00:23:58,59278c090220760001fda664,124.19914828759882,0.8720020780205415,1.4056362346228863,-23.10765357159482,-281.46988,142.05643999999998,-11.036008,1.7170553,2.2649944,0.7150346,0.34811783,-4.000284,1.3985921000000001,3.7081193999999997,-1.9020035,-8.234888,-2.2484189999999997,18.554296,11.532653,14.300042000000001,4.816156400000001,-0.6155555,-20.272976,-28.232231,1.8300898,-0.00011589396480411824,1.938480684668615,28.117825585204574,2204.1256837446804,2847.071493005625,16.026857756083903,11.209592341965434,15.8956469439838,17.414807052083045,21.856502884537726,26.21581850643843,36.926423221528275,0.00049297215,4878.515625,0.1031201171875,0.0,0.0,0.0,0.02712050430709496,0.03874294464476406,0.011083224773756228,0.0015688126230088528,0.8597298860549927,0.04292699750512839,0.01699326148373075,0.0018343630130402747,1.0,True
00:23:58,5c41c28e896e090001c03bb0,,0.7660684398560677,,-76.98252704334514,-503.53455,4.4025492999999996,0.18186769,2.2809315,2.5615046,0.6143371999999999,-1.3303307,-0.48417687,2.375465,3.1629197999999996,0.14750428,-2.9537517999999996,-4.4131956,-6.5577635999999995,-0.7033938,5.2585690000000005,5.285792400000001,1.2199038,-1.8957907999999999,-1.8884162,0.18447453,-3.078697338695294e-07,0.005321354236343907,,5752.308153453941,4966.038971510332,13.751553634811106,7.488125245965817,11.036216540430361,17.568055067123428,24.843573907370114,16.713748987821724,14.124301577467554,0.022818062000000004,11159.0625,0.0563671875,1.0,0.0,1.0,0.03770208764924771,0.019023731945910387,0.0073771259566355095,0.03441373729664418,0.4107675899803225,0.3490778207778931,0.06345198867428634,0.07818589752746953,0.0,False
00:23:59,59278c090220760001fda664,97.14473941399622,0.7921241588262786,0.42440605461463976,-25.398994229179248,-293.75812,134.39674,-2.9247509999999997,-1.0228257,2.5657382,3.1761912999999997,-7.3419027,-10.830247,1.4851147,4.78383,-9.005583,-10.028210000000001,-11.517267,16.750401999999998,15.783959,1.4337486000000002,-6.9603720000000004,-4.262553,-18.709170999999998,-20.595499,1.4155772,-8.806623433581736e-05,1.490933357429726,14.101027684767107,2093.1381530880976,2899.227923192041,14.117430971977742,9.763182331824932,14.745535340871667,16.084328535426295,23.25965782435591,28.83559152468604,35.422541050154315,0.00030859029999999996,4943.90625,0.104150390625,0.0,0.0,0.0,0.006496253702789545,0.0770381416194141,0.0015245552727719768,9.377942169521702e-05,0.8892353355884552,0.02115957490168512,0.00428601888124831,0.000166368049394805,1.0,True
00:23:59,5c41c28e896e090001c03bb0,252.76109254150376,0.9041636429600484,1.3597374207083726,-72.5760903108972,-465.15848,53.39435,-1.8076648999999998,-3.190157,1.0354388,0.63882387,0.8909720999999999,-0.35953012,-3.4269855000000002,-0.9308555000000001,-1.1543404,-3.9054154999999997,-16.511591,-2.3582077,9.332379,-3.4731902999999997,-8.116342999999999,-12.3607435,-8.145804,1.3139657,1.7051669999999999,-1.3783009334981283e-05,0.2295113913638889,2.146127959932,4824.066519284193,4874.144458739493,11.219271273916886,9.594914564669343,12.87044306413625,14.716031501796515,21.39226590783112,17.251081676043086,20.52230092112547,0.076211765,9905.390625,0.0532568359375,0.0,0.0,1.0,0.015321515500545503,0.0415389412548393,0.010049159487243742,0.001767308250418864,0.7165215879678726,0.1662353351712227,0.04096632096916437,0.007599844783544541,0.0,True
00:24:00,59278c090220760001fda664,146.20937297226197,0.8801480813470467,0.7293113022355608,-53.70308798505779,-457.22745,54.105247,0.2866458,0.8537761,-0.06846863,-3.1957562000000004,-5.3534055,-4.1159514999999995,-1.608589,0.33337447,0.32831225,-0.7567941999999999,29.976202,13.074715,-1.6937324,-5.153639,-5.503858,-6.7076397,-5.339674,-2.1081324,0.6408522,-6.928907786228372e-06,0.11547010164353162,33.655506550458355,3030.409199643857,2005.6094390444946,12.84603227540231,8.638561790871652,12.08629512122592,16.930557004709197,19.34778671246227,15.054380186640149,23.68276243073009,0.0009669033500000001,3566.015625,0.045048828125,1.0,0.0,0.0,0.08187465001828967,0.04813591446727514,0.01319148789625615,0.005543353287430363,0.7455199897289276,0.05631757900118828,0.04879890247248113,0.0006181288394145668,0.0,True
00:24:00,5c41c28e896e090001c03bb0,167.45005666642794,0.963611146417642,0.8318941843691012,-21.04124704248461,-263.4679,154.54144,-18.8427,-9.117281,2.2581282000000003,-4.659047,-2.7969873,6.0802307,1.4742362,0.7605353,3.3897564,-16.239285,-9.554680000000001,19.449274,-5.407708,-23.116854,2.2004919999999997,8.055088,-6.7717543000000004,-11.99122,1.3670505,-0.0001314219777428474,2.248216169911753,12.68721853434884,1568.594051625281,1934.5785589932639,14.962570996074614,14.092169468890129,17.33951334706995,18.15683481733628,21.71173517446135,26.51016970684033,39.925960322625215,2.3013845e-05,2832.65625,0.0664208984375,0.0,0.0,0.0,0.01999971557719012,0.031205216953013506,0.020638575790346496,0.021096318216425262,0.5643304615385003,0.08590179495513439,0.2532209782964653,0.003606938847547604,0.0,True
00:24:01,59278c090220760001fda664,131.49455364423213,0.6340589352136308,0.28595003757395004,-51.87662065572069,-436.57727,58.067913,-0.13518082,-3.0992342999999996,0.80166996,2.8762773999999998,-3.1631207000000003,-5.3016033,-3.0996742000000004,-1.8186223999999998,-2.6561947,-2.6585376,10.559635,13.447657000000001,13.599857,0.34670895,-6.8592257,-5.9876094,-1.9648421999999999,0.90469253,0.7577391,-3.273173557666079e-05,0.5467250721864307,13.47457037161122,3190.587798976333,1759.2530562171728,14.816465259429547,9.862884872836595,11.828966936668222,16.934993869730942,16.842581451436807,17.315628545824953,21.910285882626628,0.0009288591999999999,2887.734375,0.027138671875,1.0,0.0,0.0,0.02868020082823932,0.04684391766786576,0.006055251427460461,0.0006776305330276955,0.8728085100650788,0.031173484865576032,0.013394379371311516,0.00036659183278970887,0.0,True
00:24:01,5c41c28e896e090001c03bb0,140.29061673492643,0.9695213920858364,1.7471418225842117,-75.48937273304739,-484.57642000000004,26.320452000000003,-1.0379369,-1.285061,2.8573298,2.8511314,1.8031932000000002,0.58954257,1.2868068000000001,5.1229463,3.1397517,-0.6419523,-1.7386549,10.03163,12.702399,1.9012156000000002,0.28065009999999996,-0.396966,0.7068732,2.9543395,1.0026852,-1.098370043257857e-05,0.18338025855424248,5.794794241329429,5520.32483305125,4142.204191405112,16.376978952738508,9.525591407637624,10.316630652364152,11.89425877787555,15.06629282651786,15.127940268421161,17.56144641549782,0.083300784,9467.253989361701,0.01981670673076923,0.0,0.0,0.0,0.06048877655782482,0.02050759499384598,0.035193950276483185,0.04156438320536505,0.21668957783417267,0.219171097332781,0.3880800686099313,0.018304563593119383,0.0,True
00:24:02,59278c090220760001fda664,144.2021851815209,0.6161672524718539,1.987256769616216,-32.08091200738544,-343.28665,112.975296,-10.955527,-3.7997099999999997,-2.9562842999999996,-2.6903033,-7.122779400000001,-11.817121,-3.6216292,4.3298755,-2.088345,-9.478858,0.7898151999999999,32.99082,40.52587,11.6580925,-9.327938,-8.536277,-0.7436896,-9.96017,1.217827,-8.138658852870153e-05,1.3557202815286726,23.79890625593602,2227.1990492396167,1754.0410945665164,15.586046782680011,11.714782460195742,15.986648996032972,15.457588805103226,20.809175650739093,23.270119771416642,33.13204294355933,0.00031249473,3295.3125,0.0388623046875,0.0,0.0,0.0,0.02242952450178564,0.12064066529273987,0.008424884174019098,0.000568116053182166,0.8029737949371338,0.032428739406168465,0.012064895872026684,0.0004694127361290157,0.0,True
00:24:02,5c41c28e896e090001c03bb0,182.43459335444942,0.9115174445723788,4.842589691226954,-36.68675273830319,-332.0979,132.6271,-6.492643,-8.40664,6.1747937,3.823178,-6.803012,-5.946561,-1.2577575,3.455915,1.8291802,-7.7658224,-25.069601000000002,-10.376032,10.628664,4.608585,14.442779000000002,1.8154398,-11.286916,-2.048028,1.1819111999999998,-8.63140680152008e-05,1.4335149947711634,13.18272979062441,2235.153397943283,2010.1502946331907,14.669523813191974,11.949852172731664,13.113171992747507,17.00470514114661,21.92865047823243,23.972900276804427,29.799548378100962,0.0030813366,3684.609375,0.0460595703125,0.0,0.0,0.0,0.01413042050553486,0.018166801566258068,0.008499983936781063,0.008728760236408561,0.7555170178413391,0.0985712633933872,0.0822230122052133,0.014162732171826063,0.0,True
00:24:03,59278c090220760001fda664,,0.7336327992987682,,-62.46444025432474,-485.91382000000004,27.407404,1.5957118000000001,2.1213889999999997,0.83918613,-1.3659173,-3.062432,-3.2994453999999998,-2.4232228,-1.4365282,-0.76203716,-0.14421798,18.57024,8.599416999999999,0.28740588,-5.4396443,-8.118741,-7.4904947,-4.426668599999999,-0.8350950999999999,0.37315765,-9.42443497819854e-07,0.01564104648873589,,3375.4267635157344,1668.0160366985876,14.76018084170656,8.22822538640383,10.986905759989488,19.368480199621924,16.2297876626125,15.768021481744807,17.855092429593398,0.0007717319500000001,2148.75,0.0285400390625,1.0,0.0,0.0,0.010146964062005279,0.12081861346960067,0.003822182188741863,0.0001618957416212652,0.8118619203567505,0.043859598226845264,0.008868436305783689,0.0004603541805408895,0.0,False
00:24:03,5c41c28e896e090001c03bb0,204.06512490847692,0.9537827074985996,0.959712237355904,-18.030510974825308,-218.27794,157.19554,-18.569712,-20.693464000000002,-3.825912,-3.9431655,-8.233163000000001,-10.306458000000001,-3.375167,4.379616,-5.1753035,-15.588916000000001,-51.654312,14.028697,20.345292999999998,7.804032,2.35575,-8.510557,-8.836369,-4.820436,1.5398484,-0.00016932089366449493,2.835385007831956,9.48512210162022,1945.5422358904952,1808.93093191175,13.433935576214841,17.856952922574298,20.39923001451127,18.730535996029023,21.813065216989173,25.35642909989119,41.45804720215444,1.2383269e-05,3359.765625,0.0394189453125,0.0,0.0,0.0,0.008050547447055578,0.021716866509190632,0.005024431921940829,0.0022176459897309537,0.7371906893593925,0.11593539214559966,0.10658079305929798,0.0032836040814540213,0.0,True
00:24:04,59278c090220760001fda664,,0.9203279471713272,,-58.5490149369054,-477.80242999999996,37.423176,-0.34637845,1.0604287000000001,0.80776083,-1.1348151000000002,-3.3521525999999997,-3.8440309,-3.2679284,-2.6380844,-1.7032236,-1.0761048999999998,25.549656,12.006474,-0.19259627,-8.079127,-10.803087,-10.509266,-8.029053,-3.8061073,0.47121949999999996,-1.4025923230420653e-06,0.023234889296739784,,3013.024379199676,1467.4418029048595,15.66957710815469,8.781421708375369,10.837145008702814,18.877418305580736,16.31839395746795,16.494371239648032,19.085576969425226,0.00039258006,1612.03125,0.0267333984375,1.0,0.0,0.0,0.02278000400401652,0.10251112729310988,0.00984794847900048,0.0007580802834127098,0.7938929021358492,0.056036001816391935,0.012971019418910145,0.0012029187229927632,0.0,True
00:24:04,5c41c28e896e090001c03bb0,171.3148410865507,0.8921758480083526,0.4858257138165159,-24.115776889481346,-220.24075,160.27348,-8.499,-7.829758999999999,1.5082886999999998,-2.6016421000000003,-7.3462863,-10.381325,-1.9137814999999998,6.275212000000001,-0.93003094,-16.561552,-45.778313,5.4287667,1.3286803999999999,-0.015071250500000001,1.0115244,0.68254703,-12.56023,-6.9612007,1.2410767,-0.0001949876037317304,3.2913723494311493,14.833093288601965,2221.812475550655,2051.7972521694155,15.48868889560216,14.374033773995096,17.439550834660807,17.2212249289868,22.2706736209943,23.741561395490127,38.527871547953616,0.0012860112,3776.953125,0.0496923828125,0.0,1.0,1.0,0.009926646579212198,0.00624777992359466,0.0051408312283456326,0.011495154299255874,0.7355289475785362,0.05988740843410292,0.14438873218993345,0.027384523431667026,0.0,True
00:24:05,59278c090220760001fda664,,0.7203926249529903,,-57.83625776318722,-474.10045999999994,42.78593,3.5590427000000004,2.5131109,-0.45077910000000004,-3.6467266000000005,-5.680988,-5.9470444,-4.678394,-2.6560377999999996,-0.7746013,0.32822514,29.711788000000002,13.095238,-1.6920061000000002,-10.672880000000001,-12.630633999999999,-9.123656,-3.3348057,1.5383286,0.48005348,-1.433490592611399e-06,0.023588681670462897,,2771.1954865078246,1287.2225076360166,13.823205950970525,8.411499785101197,11.084120105158027,21.18381960519015,16.557910739001535,14.758007734631569,18.33488534214452,0.00032184832000000003,1218.28125,0.026044921875,1.0,0.0,0.0,0.28314179647713894,0.043622446141671385,0.10281685264781118,0.07885496146045626,0.33565272338455543,0.07575558051466942,0.061188952531665564,0.018966703698970376,0.0,False
00:24:05,5c41c28e896e090001c03bb0,169.02898753165536,0.5821517505197116,1.2687207606671993,-30.157913297943374,-296.8361,92.18806,-6.7261367,-15.275813000000001,-3.901412,5.542368,6.905753,-3.9236321000000003,-5.140736599999999,3.1862202,2.8954527000000003,-9.877052,-49.19195,16.225573,3.6135618999999997,-7.419583,1.8795741000000001,-1.125189,-10.244328999999999,1.8239769000000001,1.7863435,-0.00013938423083602528,2.377767533433744,21.200419741881188,2096.0961399259218,2965.6940715202795,13.979408947997234,11.075837266157208,15.46142459101808,19.526168982908686,21.480053661441005,23.579353381841198,39.06483677667549,0.00035191802000000003,4707.1875,0.0970166015625,0.0,0.0,0.0,0.059641196646473625,0.011752790506844494,0.02589933955195275,0.17243881625207988,0.08771491863510826,0.2717793128368529,0.2597223655744033,0.1110512406819246,0.0,True
00:24:06,59278c090220760001fda664,,0.7628111159835831,,-60.51595444754753,-481.22585999999995,33.60219,5.9323120000000005,5.3855815,2.305828,-1.4867073999999998,-4.2241635,-4.950887000000001,-3.7929209999999998,-1.6959574,0.16025218,0.9457495000000001,22.81595,8.939364999999999,-3.6083193,-11.313016000000001,-12.781949000000001,-9.016595,-2.7138052000000004,3.0178967,0.41138178,-1.0573017108858765e-06,0.017493698291774426,,3120.169833249295,1483.1998307688611,15.448957651704154,7.977631279398381,10.904833507155432,22.373644177352578,15.708443515665612,14.406100875273955,18.22699086771893,0.00047018457999999997,1352.34375,0.0277587890625,1.0,0.0,1.0,0.0569900032132864,0.0769386641914025,0.00702559466008097,0.00844264971819939,0.6542845621705056,0.1118638095445931,0.08095060326159001,0.0035041125156567428,1.0,False
00:24:06,5c41c28e896e090001c03bb0,155.6473976562345,0.915343567415919,0.472482634631385,-18.326195075503684,-219.32681000000002,177.6618,-15.665939999999999,-14.689785,-1.1809641000000002,3.994611,-0.6863387,-10.422145,-4.70863,12.354614999999999,2.3936203,-16.251356,-34.486709999999995,16.026846,6.989016499999999,-8.17365,18.733435,-5.509049,-22.051376,-11.400876,1.7326216,-0.0001628699198537889,2.73487213488147,15.055272136869087,1709.5098087922204,1959.626858887052,18.120638036882394,15.177413758120458,18.879816810883213,18.51527788263053,22.340033652246852,24.980802767117066,40.27970933714714,6.4779706e-06,3410.625,0.0584716796875,0.0,0.0,1.0,0.17165072593424055,0.00673295645457175,0.0604786736269792,0.07885237079527642,0.0653191220222248,0.24768467247486115,0.3158108509249157,0.05347064489291774,0.0,True
00:24:07,59278c090220760001fda664,,0.7794210225060646,,-55.383131546517,-467.40714,50.434086,2.1558347,1.3591453000000002,-0.5185962000000001,-2.3860132999999997,-3.6150293,-4.0110397,-3.6889787000000003,-2.966911,-2.2421145,-1.8190943,32.94133,11.700689,-5.7462935,-14.772763000000001,-15.152915,-10.084072,-3.7946906000000005,0.6333774999999999,0.5543599,-2.0644639684803253e-06,0.033856950757984165,,2532.590318374549,1216.614104764015,13.634371721417107,8.309823791163465,11.095536680228172,21.02540503326954,16.18195679294037,15.584727426326587,18.87566662626317,0.00025645430000000003,1200.9375,0.0258642578125,0.0,0.0,0.0,0.04092765755485743,0.06521100434474647,0.017532292305259038,0.00930880445994262,0.7651578962802887,0.06298679048195481,0.025149873527698215,0.013725683937809662,1.0,True
00:24:07,5c41c28e896e090001c03bb0,138.47210125118534,0.9090509071866604,0.3899798992742387,-23.42446245467768,-282.59317000000004,159.7398,-14.647910999999999,-8.696163,2.8681697999999995,0.46276867,-2.374931,-4.079317,-1.5118651,6.546297,-0.8529008,-14.528588000000001,-8.176667,15.790749,17.911455,-4.1874223,12.126825,-0.24634239,-14.014826999999999,-9.384984,1.599014,-0.00012085199938558423,2.009016011425557,13.469626008920514,1524.4205737953696,1676.1364768819822,15.463838530903963,13.800113328161794,17.709755273447755,17.80995861948194,23.68645604522057,24.77823307765173,36.08123757406042,9.748308000000001e-05,2812.5,0.048359375,0.0,0.0,0.0,0.1164742186665535,0.022457937836985697,0.08781344985420053,0.024317859545011408,0.13860057141970505,0.35047420723871753,0.2317601137540557,0.028101625005629932,0.0,True
00:24:08,59278c090220760001fda664,,0.7533866259242767,,-57.014921881195534,-471.5376,44.580859999999994,3.0303712000000003,2.8365524,0.94187427,-1.2889632,-2.7950675,-3.2719183,-2.9710195,-2.2129612,-1.219957,-0.30006605,27.443921999999997,7.5032190000000005,-7.9187460000000005,-15.230275,-15.026128,-10.271669000000001,-4.2369285,0.63123024,0.52064914,-1.6977523290343074e-06,0.02795072195576517,,2623.909953230649,1304.6534636311465,12.217062882814243,8.27838613984714,11.320960143489327,18.94854672021096,17.69189099455652,15.840746170136812,18.483614218775973,0.00027770002,1326.796875,0.0282177734375,1.0,0.0,0.0,0.11780994259752335,0.05512869907252025,0.015330232196720316,0.10007209273098852,0.6428013175725937,0.01890427472535521,0.03106247803661972,0.01889096777085797,1.0,False
00:24:08,5c41c28e896e090001c03bb0,157.0876007119339,0.43378501533396135,1.7001054015935568,-22.645165082030157,-276.57385,132.1456,-8.255405999999999,0.9483651,6.199463400000001,-1.2869008999999998,-3.137094,-6.1134143,-0.9353144,10.340803,-4.066008,-19.932144,-41.375766999999996,16.909720999999998,7.8492417,-9.249796,17.872177,-10.102085,-17.39101,-2.9222136,1.6044855,-0.0001289384143306042,2.1721396512041378,10.877789924064635,1541.6157879879795,2871.411252941368,15.790380090246993,12.885658651086038,14.748396006836586,19.253931291393425,23.510625714466624,28.063222317009267,42.89987237712899,6.124348e-05,4109.765625,0.108203125,0.0,0.0,0.0,0.14316117101245454,0.00906613463949826,0.12747303893168768,0.07062498402471344,0.022699229781412412,0.2286650596393479,0.3575449022981856,0.04076548934810691,0.0,True
00:24:09,59278c090220760001fda664,,0.706000699123715,,-54.0944856547366,-462.53725999999995,56.282078000000006,1.1194038,0.06337687,-2.0788599999999997,-3.9918497000000004,-4.6972985000000005,-4.036384,-2.6466152999999997,-1.3984193,-0.7857948,-0.7776451999999999,36.452934,13.19399,-4.9410844,-13.640198999999999,-13.728822000000001,-9.06073,-3.6495504,0.010595563,0.58144796,-2.3101101245097766e-06,0.037841740030759435,,2303.251982588305,1113.3748029889402,13.647696668788686,8.74838888797587,11.338067730591742,19.246412590975755,19.02872055633413,15.914135810247958,18.76673544323588,0.00017459031000000003,1163.4375,0.0252294921875,1.0,0.0,0.0,0.013006406114436686,0.04843490198254585,0.003878235368756577,0.002274981306982227,0.8926711440086365,0.03185356317553669,0.00346355140209198,0.0044172210487886335,1.0,False
00:24:09,5c41c28e896e090001c03bb0,179.2968624198339,0.8446954555463299,0.6929226370492784,-19.61818537288147,-225.10754,150.26764,-2.8185108,-3.7489684000000003,-5.190221,-9.331302,0.5307911999999999,-4.8172874000000006,-7.574319,6.876095299999999,-0.29449937,-16.520887,-60.339237,11.5486355,6.7997155,-1.2361469999999999,20.439737,-17.833569,-26.078989,1.1613639999999998,1.9402918999999998,-0.00015754701712777946,2.6869999160044635,20.732105053528997,1729.3131113114828,2478.036487681461,13.962954867188332,13.2700316846826,16.061686835095728,17.525747622704788,23.07625737727077,22.20175195679345,44.53705153402298,1.4387533000000001e-05,3915.0,0.08900390625,0.0,0.0,0.0,0.16825616111358008,0.008578332943013973,0.0818861031697856,0.10374427328093183,0.018494261170013085,0.2204323559999466,0.3381457229455312,0.060462805494252175,0.0,True
00:24:10,59278c090220760001fda664,176.1217841653939,0.8164342241617774,1.4325973176366558,-50.520918781894466,-445.7704,68.86159,2.8260088,3.6761315000000003,0.18376966,-3.1383834,-5.0844693,-5.646391400000001,-4.751579799999999,-3.7378669,-3.2522535,-2.6513619999999998,33.988495,10.070421000000001,-5.177078,-14.934403,-13.531007999999998,-7.4141808000000005,-5.0454483,-2.1457193,0.77140677,-1.4570383163265586e-05,0.2385899587429984,32.93452272816112,2224.122581410656,1134.0384122987837,13.089943488152807,8.576805948173249,11.706785877442092,20.01118051352694,19.55237790438208,17.645596730507318,19.49458124331347,0.00016586191000000003,1128.28125,0.0282763671875,1.0,0.0,0.0,0.010368754959199578,0.04117154935374856,0.0036498200875939796,0.001346846975502558,0.9038281261920929,0.03055700717959553,0.003540852983132936,0.005537040354101919,1.0,True
00:24:10,5c41c28e896e090001c03bb0,198.5919971742374,0.7986464434326063,0.8092645224582705,-35.53838275746004,-350.9142,82.47118,-2.8398147000000002,-2.0520604,-4.5036059999999996,-5.6651015,-2.4839968999999997,-6.6008606,-3.8700589999999995,10.649322999999999,4.1447425,-12.986587,-39.45046,10.2595005,15.008675,-1.2228992,7.313865,-1.8147628,-17.365896,-11.249536500000001,1.2398136,-7.918551420650498e-05,1.3657027969399775,17.975478288215832,1896.5363877210607,2657.7244784597865,12.130028767437716,11.874783590864663,16.593052279750463,21.869208228773452,23.53205606632082,27.63447091073025,33.07403809150465,0.00092355284,3890.625,0.097529296875,0.0,0.0,0.0,0.20567462646535464,0.005698904228795852,0.05422641922320638,0.0653935493901372,0.00925502094573208,0.2167304434946605,0.2420592371906553,0.20096177208636487,0.0,True
00:24:11,59278c090220760001fda664,152.2158949154423,0.6868719174818078,2.194982066429501,-47.698765387865464,-421.0186,87.20364000000001,2.1135653999999997,1.2015474,-0.25485749999999996,-0.16583519,-2.931893,-6.905537,-5.908892,-3.046358,-2.6058517000000005,-0.9981571,28.555859,6.1670256,4.900501,-4.2960277,-11.365675999999999,-7.465271,-2.5848315,0.06479019,0.78694224,-2.0207604998121525e-05,0.3327897491455424,8.275925222345103,2206.9531586521484,1337.4819930668714,13.690901999527904,8.335974738671498,11.528313889482465,16.795288339428243,17.14097787968984,18.375084500538346,23.175242514044093,0.00024471333,2053.125,0.030244140625,0.0,0.0,0.0,0.006150705774780362,0.0243774900212884,0.002602993708569557,0.001288843849033583,0.947320920228958,0.008889818529132754,0.003928273718338459,0.005440965219167993,1.0,True
00:24:11,5c41c28e896e090001c03bb0,163.69598386926756,0.4440943003156297,0.7249535834007962,-34.07271217848282,-300.2645,107.40836999999999,-21.315912,-9.302814,1.2571013999999998,-3.9205341000000002,4.700278,-4.594246,-5.827728700000001,7.7784867,-3.9840174,-19.483967,-42.198,46.931217,11.673707,4.146082,14.569170999999999,-25.222239000000002,-11.855176,4.994779599999999,1.7048884999999998,-0.00011812301570890294,2.041967478490163,22.04071737019488,2756.511732981844,4015.3215744056315,13.880341498676467,10.549393734900624,15.944297209496382,16.036015581422287,17.913597669442073,24.52392096070476,43.08879335153603,0.010825258,6631.171875,0.137265625,0.0,0.0,0.0,0.07092289036760728,0.011503454938065259,0.060678391717374325,0.08044497296214104,0.07607959868619217,0.2835021056234837,0.19539741799235344,0.22147117865582308,0.0,True
00:24:12,59278c090220760001fda664,,0.7111955394262502,,-59.99551773509895,-479.39175,35.96051,3.8077083,2.712743,-0.0076316082999999995,-2.900434,-4.8619523000000004,-5.466929400000001,-4.893347,-3.6283057,-2.1823514,-0.94138515,24.644861,10.337955000000001,-2.2441025000000003,-9.640044999999999,-10.857934,-7.375864,-2.0840735,2.1867382999999996,0.44099966,-1.171271690812248e-06,0.01934332155898404,,3024.905381345949,1446.0081605431344,14.028796410898266,8.108897319215261,11.330114905956291,20.77761453096711,16.54247645521448,15.553696236606836,18.131663883732678,0.0004921052999999999,1485.234375,0.027041015625,1.0,0.0,0.0,0.013203100324608386,0.030884737649466844,0.008192964733461849,0.0021636470351950265,0.8945590019226074,0.0264980384032242,0.01833605170249939,0.0061624730442417786,1.0,False
00:24:12,5c41c28e896e090001c03bb0,159.9141014968813,0.6989722862674226,1.796567445694401,-43.324756840942364,-361.7956,111.226234,-8.751457,-9.82265,-0.9453950000000001,4.2943316,2.0030394,-3.987398,-2.1211731,5.595585,-1.5208237,-10.776864,-20.947615,-1.5065030000000001,13.142739,3.5582101,7.00208,-7.108967,-22.854042,-13.472103,1.6354486000000001,-6.503044819441044e-05,1.0842621610428926,21.840987377927366,2670.520514559047,2463.6439777954506,12.288786343511774,10.699408870018912,14.579049885503707,17.349128560997645,19.92422296172071,21.740596695031968,30.20770021866397,0.0060010524,4395.0,0.063203125,0.0,0.0,0.0,0.14221634045243264,0.007534544426016509,0.05067679416388273,0.09523229524493218,0.019522991869598626,0.4162480354309082,0.15450057685375213,0.11406844556331636,0.0,True
00:24:13,59278c090220760001fda664,,0.7464262362208137,,-60.27108111726868,-480.58862,34.525658,4.443325,4.0410676,1.6491824000000002,-1.3851386,-3.756245,-4.6782699999999995,-4.0723275999999995,-2.4666705,-0.7005722,0.43801296,23.859047,10.280307,-1.8364351000000003,-9.216575,-10.786404,-7.7116485,-2.5256803,2.1131263,0.42140429999999995,-1.1576097495049058e-06,0.01912003887484079,,3109.875941509527,1491.1371715261043,14.349109649986243,8.714305821383162,11.218563618645703,20.88317630044748,16.419550617454266,14.795640834693424,18.371715677451157,0.000529266,1573.59375,0.0277880859375,0.0,0.0,0.0,0.004779645358212292,0.01900332998484373,0.0010442267579492182,0.002391740775783546,0.9494793295860292,0.008889083843678236,0.008401777828112245,0.006010878994129598,1.0,False
00:24:13,5c41c28e896e090001c03bb0,145.48201826259458,0.9245644565690686,0.5520347250936329,-18.538769061878213,-214.97023,165.22063,-5.7453127,-4.4847302,-0.13475911,-6.811640299999999,-6.494067,0.19685765,-3.7590422999999995,0.45214412,4.5642614,-14.274123000000001,-43.57739,16.284874,7.22993,3.0377917,16.750220000000002,-16.551292,-31.501309999999997,-12.32283,1.7336874,-0.0001661758881182155,2.8091191118027647,15.73438237869786,1770.1292287021552,2243.849498602324,17.31271242106992,15.099493584245785,16.876150934836268,16.73551818585026,23.559212744402238,19.71367212376788,42.05445731326135,1.1731843e-05,3608.4375,0.0755908203125,0.0,0.0,0.0,0.16672824695706367,0.010679202538449315,0.07910939417779446,0.03550430291797966,0.01807022176217288,0.36251777708530425,0.24321488067507746,0.08417597012594343,0.0,True
00:24:14,59278c090220760001fda664,,0.7286928557150111,,-63.01575440520689,-488.38904,24.715746,2.8312256000000002,2.6856299999999997,0.7703701000000001,-1.7849011000000001,-3.8167419999999996,-4.62052,-4.143726,-2.8561419999999997,-1.4248478,-0.38593748,17.195877,7.4128419999999995,-1.6351485000000001,-7.507257000000001,-9.148322,-7.110792,-3.1300929,0.7096611999999999,0.38054037,-7.854408782171035e-07,0.0130829170876299,,3519.3918599444282,1743.0187549365803,13.365486882647412,8.01123077475717,10.594561714969577,21.27731101541079,15.278168867782266,14.902457782744355,18.319356841672192,0.0008700819500000001,2160.234375,0.027666015625,0.0,1.0,0.0,0.04533271649852395,0.04508012253791094,0.0194048413191922,0.015113101204042325,0.7760806322097779,0.03298661531880498,0.060617763781920075,0.005384214254445396,1.0,False
00:24:14,5c41c28e896e090001c03bb0,138.39070056578672,0.8398334097583494,1.7611487534283023,-23.3246731665472,-292.2245,177.21469,-9.523246,-4.51472,4.884578,3.5081160000000002,-6.948303999999999,-0.9732569,9.865132000000001,4.8741355,-6.0757365,-12.895399000000001,9.894487,-2.5723875,12.837208,-7.387910400000001,-3.5000962999999996,-2.120991,-20.011784,-19.29034,1.554,-0.00010911677378210832,1.791196529996259,21.056582402260037,1255.9353133239927,1125.8191063654685,17.652822375745938,12.830708375875206,16.959186227124786,19.695785256520946,25.404273844294767,26.101296561287647,29.499821758732786,1.0429299000000001e-05,1863.984375,0.03119140625,0.0,0.0,0.0,0.1960622764059476,0.02170517651497253,0.17883500456809998,0.028634324303961223,0.09084545940692937,0.27410271231617245,0.13935193871813162,0.07046308587970478,0.0,True
00:24:15,59278c090220760001fda664,,0.7092728520081587,,-59.00845795830281,-476.72842,39.547059999999995,2.614505,1.8467209999999998,-0.6063141,-3.3639943999999997,-5.2899970000000005,-5.859845,-5.1673894,-3.6970769999999997,-2.0394200000000002,-0.6776496,27.71732,12.633996,-0.8823222,-9.245472,-11.328965,-8.484537,-3.5161576,0.7546390000000001,0.45187593,-1.2776259082022459e-06,0.021053827367019454,,2927.296894390348,1350.6291393433487,13.635962769121546,8.011421305475414,10.722682043254403,21.072793929542218,15.746569799060914,14.594240485178124,18.225835561013856,0.00038904297999999997,1297.96875,0.025107421875,1.0,1.0,0.0,0.14130820659920573,0.07487437156960368,0.0497137023601681,0.05335452549043111,0.5953704074025155,0.03491737572476268,0.041390955727547404,0.00907047124346718,1.0,False
00:24:15,5c41c28e896e090001c03bb0,186.05000881465503,0.7796280538135496,0.6022667176044854,-32.45008110833522,-326.53394,93.16503,0.27791765,-4.246181,-2.8827665000000002,-2.9765474999999997,-2.6495755,-4.492787,-3.234018,6.4327545,3.4122398,-15.405038000000001,-47.72437,13.106471,17.256923999999998,6.3474817,7.947845500000001,-12.16974,-21.014471,-4.040269,1.6294742,-9.674018079758136e-05,1.6354046426821476,11.013864928447962,2193.267889577,2705.625035618059,15.757219055033936,12.605214665068546,15.619824894618466,20.65653083326921,21.501051743582355,21.75484049249334,36.537705545893886,0.0016673356,4540.078125,0.079169921875,0.0,0.0,0.0,0.17553821429610253,0.007970516756176948,0.06468755938112736,0.0487056810176,0.0126421261113137,0.3899038761854172,0.23823995143175125,0.06231205519288777,0.0,True
00:24:16,59278c090220760001fda664,,0.7572802437093521,,-59.42199800675717,-478.02612,37.4606,4.7196794,3.0524926,-0.42167340000000003,-3.7933147000000003,-5.632114,-5.4899282,-3.8586158999999998,-1.7371488000000002,-0.08971608,0.5504804,25.035746,9.41107,-4.1542354,-11.820874,-12.54065,-8.065209,-1.7510723999999998,3.1276843999999997,0.46059259999999996,-1.2181394373196906e-06,0.02010914740650861,,2962.5328813952337,1409.5506731038688,14.12802301811051,8.149834001954746,11.264556652352367,21.115609011768484,15.89333271030276,15.017846050286307,18.328101997279013,0.00040905,1288.359375,0.0275732421875,0.0,1.0,0.0,0.046201758173992864,0.02803702186793089,0.012832869813428259,0.021638985646131915,0.841231369972229,0.00954432194121182,0.03625632298644632,0.004257331060216529,1.0,False
00:24:16,5c41c28e896e090001c03bb0,154.1745003718767,0.9133366933273128,1.3512004355020155,-19.109030728175927,-213.86347999999998,168.52095,-13.037536,-9.818138000000001,2.1653637999999997,-1.1641489,1.7226411,-2.2926533,-2.221078,6.923613499999999,-2.5671232,-19.461899,-41.540718,9.572106,7.6719003,3.7431858,12.842366,-10.817225,-24.20187,-7.636216,1.8629946,-0.00018045609239532062,3.0525315980863583,18.846887633816586,1818.73700398513,2175.0417822170293,15.725788332455409,12.865209000540695,16.055413278314926,16.844751227569972,22.8401783863339,23.53022032359395,42.27219468302507,1.4560698e-05,3758.671875,0.0705224609375,0.0,0.0,0.0,0.09475614585810238,0.01137248059320781,0.020240669656131003,0.12557337950501174,0.034563361460136034,0.2412011441257265,0.4038570473591487,0.06843580160703924,0.0,True
00:24:17,59278c090220760001fda664,,0.7678993688799497,,-59.45354832679189,-478.68712999999997,36.99135,5.190335,4.7768903,1.8701084,-1.9056596999999997,-4.90594,-6.129638,-5.4932365,-3.6778796000000002,-1.6909047,-0.37900170000000005,25.67447,11.109933,-2.1147137000000003,-10.403925,-12.374832000000001,-9.063279,-3.1517633999999997,2.32524,0.4393478,-1.1905122061745306e-06,0.019645446228523763,,2984.537748162092,1390.329360367034,15.739835869642045,8.568516540199184,11.534471260316401,22.384499476860995,15.89858986378495,15.068235290530374,18.704307448667603,0.00039170522000000005,1245.46875,0.027197265625,1.0,1.0,1.0,0.01828058777556924,0.008788351371715014,0.0009039115175255574,0.0027405861791604284,0.9415232647549022,0.01925419459902597,0.007801658434221859,0.0007074603212954985,1.0,False
00:24:17,5c41c28e896e090001c03bb0,135.96891759335608,0.9118148144959576,0.7040304984862055,-19.408888650932077,-265.88522,155.25946000000002,-21.62902,-11.616994,5.4216204,3.2859279999999997,-1.8630756999999998,-7.261767,-0.88412064,7.054697,-9.239053,-19.177823999999998,-21.48299,19.930098,13.746775,-5.6052246,5.106701999999999,-13.672548,-4.2195625,0.5087014,1.8112181,-0.00013060006104163602,2.205902982645377,19.190803521583906,1449.3528162062746,2120.802026082642,15.225270932492135,13.299803816608305,17.31266687334633,18.08229702965513,23.06153939879356,24.25251850007949,41.46054999584413,5.637218e-06,3377.109375,0.0738525390625,0.0,1.0,0.0,0.13890048721805215,0.012953013356309384,0.03535950009245425,0.028824053297284987,0.03708944364916533,0.20374012924730775,0.5304847285151482,0.012648664851440115,0.0,True
00:24:18,59278c090220760001fda664,,0.7572773728640425,,-57.468238863666066,-472.25128,44.45825,3.4742197999999997,1.9490291000000002,-0.74663705,-3.184365,-4.549537,-4.760218,-4.225365,-3.4675540000000002,-2.8289695,-2.3844967,29.181702,10.532524,-4.886004,-12.864097000000001,-12.994166,-8.019053999999999,-1.8605186999999999,2.3806772,0.5094285,-1.6179422831837832e-06,0.026602361831933298,,2719.3470737168946,1299.1937887171987,14.148904292055645,8.554087786216215,11.301111208002654,19.851426463982747,16.573359028377663,15.48411431142714,18.382710965743907,0.00031947123,1222.5,0.026748046875,1.0,0.0,0.0,0.030712774582207208,0.0342572483792901,0.002899978300556541,0.0018393502215621996,0.90035001039505,0.015450875982642175,0.013830258990637959,0.0006595053302589803,0.0,False
00:24:18,5c41c28e896e090001c03bb0,174.09407030133713,0.863117594800822,2.3042341119837904,-22.75560550476598,-227.96889,156.55057,-8.761498,-7.6303587,-0.69076425,0.63515943,3.3581260000000004,-6.59426,-3.253775,7.033348599999999,0.48056614,-14.087213,-36.497566,13.009152,10.06273,5.1939845,1.0773416999999998,-14.322218,-19.304907,-4.826683999999999,1.8292178,-0.00017017592316022088,2.868948586530617,18.615911683228745,2059.4394088873973,2062.5192583933485,15.203120431518194,11.536131828415348,16.463955098030475,15.82006223927593,20.76220923948565,22.727274755426368,39.4796345417014,0.00012878989,3796.171875,0.054717092803030304,0.0,1.0,1.0,0.1006855346262455,0.006977899896446616,0.02662312239408493,0.16523740189149974,0.0351589310914278,0.15834516137838364,0.4326208770275116,0.07435107924975455,0.0,True
00:24:19,59278c090220760001fda664,,0.7392912984351045,,-59.17432155189579,-476.6037,38.991436,3.16379,1.5851138,-1.230876,-3.6326945,-4.6061535000000005,-4.063811,-2.6258297,-1.1243911,-0.14981642,0.14431445,25.442211,8.756789999999999,-5.24139,-12.674053,-12.9294405,-8.278036,-2.2823903999999997,2.001195,0.48577005,-1.2908689491030764e-06,0.021298733578917803,,2900.485412353979,1393.4550675782834,13.898653529271511,8.422481916544028,11.161468373745553,20.62654887179168,16.68453720769535,15.423143872485445,18.274132887937824,0.00039615284,1316.25,0.0272119140625,0.0,0.0,0.0,0.002562691856874153,0.03871021457016468,0.0005651550355833024,6.112342180131236e-05,0.95207453250885,0.004583505289629103,0.0012963341129943727,0.0001464190958358813,1.0,False
00:24:19,5c41c28e896e090001c03bb0,156.15139419493062,0.8982827518143417,0.5874174598513718,-17.836745357605842,-203.12381000000002,169.14903,-12.804847,-4.527729,5.4555454,-1.2844318000000001,-2.110954,-6.766653999999999,0.69441426,7.963790400000001,-6.4356313,-19.00694,-45.82508,14.034345000000002,-3.4273862999999998,-13.069874,11.300085000000001,-5.5301914000000005,-14.191096,-1.7478335999999999,1.774514,-0.0001922608221816007,3.250667562278201,18.01478038115767,1720.6663047906243,2289.026604452493,15.352070744706163,12.164869995458126,14.937123473874301,16.626737733744804,23.085329378909613,23.00859006525002,43.90026113101375,1.076588e-05,3749.296875,0.076787109375,0.0,0.0,0.0,0.07836548052728176,0.008684613660443574,0.05333629231899977,0.2571102444082499,0.026759994449093938,0.13307127077132466,0.22588784359395506,0.21678426740691065,0.0,True
00:24:20,59278c090220760001fda664,,0.6903482065391605,,-58.752428538587246,-475.57108,39.887943,3.6558,1.6231447,-1.4767389,-3.8408002999999997,-4.490037,-3.5658345000000002,-1.945787,-0.52638894,0.2847413,0.5723782,25.039092999999998,7.186811,-7.150377799999999,-14.015342,-13.258351000000001,-7.729577000000001,-1.3260076,2.87995,0.48410246,-1.4244727446094691e-06,0.02347374654593367,,2882.907512357057,1417.7306706561453,13.78976064607261,8.549440349048238,10.549620664792556,20.753478142225468,17.464122906452356,15.586190005469453,18.505603178182444,0.00042457832,1372.03125,0.0288427734375,0.0,0.0,0.0,0.0024669988173991442,0.036285410374403,0.0007539725012611597,9.904852799081707e-05,0.9519848775863649,0.0057852968387305725,0.00248459788504988,0.00013980937146698124,1.0,False
00:24:20,5c41c28e896e090001c03bb0,172.15395615696136,0.8779053180053306,1.742896224010654,-28.897632681774866,-310.09157999999996,78.59371999999999,-9.831491999999999,-9.154914999999999,-0.7986482,-4.5140004000000005,-2.3101494,-5.340289599999999,-4.9968114,4.8989519999999995,1.1794964,-14.718116,-47.289486,46.3468,18.27923,-10.081405,14.624523000000002,-3.261118,-16.848760000000002,3.7771583,1.6442801,-0.00012701986950380522,2.31282105125328,16.874686672233867,2041.995149404527,3573.360350506457,11.07957776214648,12.667892206303994,15.123543671000952,16.48808429892198,20.950257886864215,24.04956394372219,41.69768113413897,0.0010410864,5054.765625,0.1405126953125,0.0,1.0,0.0,0.03738540867343545,0.009014611205202527,0.025526731670834125,0.2992465525865555,0.07072612633928657,0.1078859875909984,0.13312725475989282,0.3170873120427132,0.0,True
00:24:21,59278c090220760001fda664,,0.6995243429280185,,-60.09293910407185,-479.5175,35.866271999999995,4.568203,3.4081998,0.205823,-3.4108129000000003,-5.936980999999999,-6.567875,-5.382837,-3.1413919999999997,-0.8548405000000001,0.6464451999999999,24.761827,10.688486,-1.7623008000000002,-9.196041000000001,-10.566061999999999,-7.191603,-1.8178734,2.713551,0.44375859999999995,-1.1599349869766406e-06,0.019164187981010446,,3069.5972936784838,1459.0079195041,13.962605049718823,7.95731438565111,11.004702667028011,20.37718924039761,17.164308697212586,14.88612882084352,18.047265862042302,0.00050043437,1493.90625,0.027392578125,0.0,0.0,0.0,0.004921914413571358,0.05579078070819378,0.0011306737293489278,0.00017658844750258142,0.9225051641464234,0.010490925144404173,0.004709048746153712,0.0002748735446948558,0.0,False
00:24:21,5c41c28e896e090001c03bb0,156.9750809352124,0.6113632709359661,0.8691444526494427,-45.69196723500182,-374.40054,139.89534,-6.930428999999999,-11.631416999999999,-4.969638,1.7931409,-1.8517008999999998,-3.2022583,4.9242654,4.8664765,-7.611009599999999,-8.607419,1.802259,-3.003229,17.171103,4.812378400000001,-2.2246572999999996,-10.54681,-15.854207,-7.608620599999999,1.4782886999999998,-6.465678229596309e-05,1.0667911553324598,18.234751147835873,2846.6213924008034,2907.3482673730687,12.929157549132373,10.686044582987137,15.35575551524238,13.777666879847365,20.897236270139558,25.094746247076664,22.905466153160962,0.017667146,5446.40625,0.064697265625,0.0,1.0,0.0,0.041318648308515546,0.0035958242195192726,0.016554984997492285,0.23589805737137795,0.11233098157681523,0.07084823530167343,0.4882001757621765,0.031253094982821486,0.0,True
00:24:22,59278c090220760001fda664,121.8844000208951,0.7297584646470884,0.11558989988411895,-55.49491510561805,-465.4635,51.127365000000005,5.4979195999999995,3.2959557,-0.8123659000000001,-3.848874,-4.7646523,-4.4269989999999995,-3.5041504,-1.9060526999999998,-0.15205593,0.5626538000000001,30.514471,9.730117,-3.9648318,-10.181144999999999,-10.945632000000002,-7.611284700000001,-1.7870488000000002,3.57496,0.6325134,-2.5023183587310988e-06,0.04111531868511095,4.992980469091783,2544.6907799803407,1346.2126750075004,12.434057279881024,8.327010504143217,11.454268167037322,18.196628947213814,19.13682940402509,16.569650074483963,19.729169043344008,0.00034977347,1693.828125,0.0286474609375,0.0,0.0,0.0,0.015122311580926182,0.03726349681615829,0.0029012052912730725,0.0006312100298964652,0.8984301257133483,0.02724014429375529,0.018009513351134956,0.0004019691306166351,1.0,False
00:24:22,5c41c28e896e090001c03bb0,159.76712283399868,0.89550626215362,1.6040488348564703,-25.69562105271085,-287.45772999999997,143.44775,-4.4357047,-8.960279,-5.634626,-5.626386599999999,-8.767895,-8.291523,-1.4032468,4.861668,-6.981051,-17.374228,-18.420313,13.55451,29.451769,15.310747000000001,1.3640018,-13.156176,-17.46654,-8.447776,1.4015864,-0.00011638506232825686,1.9461942634706944,17.982111287829966,1571.1220756580533,1493.107753404686,18.45882912108664,12.849954557596655,16.84348366345445,16.673182011701066,21.013634408382146,23.150343904249254,34.460616412338055,1.8127506000000002e-05,2547.421875,0.0423974609375,0.0,0.0,0.0,0.01825921572744846,0.004974646179471165,0.006635209918022156,0.3709455907344818,0.04791207201778889,0.04312715642154217,0.4787745028734207,0.029371626116335387,0.0,True
00:24:23,59278c090220760001fda664,,0.8254312676563018,,-57.796115755597135,-474.6384,41.542248,2.7013979999999997,1.7880023,-1.0038725,-3.6753144,-4.8811406999999996,-4.468457,-3.0920084,-1.4634715,0.014313516,1.0151216,27.67857,11.04519,-2.9151914,-11.173666,-13.19776,-10.21371,-4.6813593000000004,0.39004058,0.49610075,-1.6723471331547775e-06,0.02755154903744993,,2820.617104826585,1403.9236221727624,12.345303441306047,8.157401967509253,10.97486619366817,20.256942142699497,17.894912884054516,15.648192397192965,19.073436459199904,0.00040848992999999997,1586.71875,0.029072265625,0.0,0.0,0.0,0.005015443325974047,0.15101061642169952,0.0012631999026052653,6.50794144894462e-05,0.8145638251304627,0.02403981324285269,0.0038077996671199797,0.00023425626917742198,1.0,False
00:24:23,5c41c28e896e090001c03bb0,170.31010197670045,0.6640008933703384,1.0059231489032348,-18.70340832963621,-215.06221000000002,152.09358,-10.6723995,-10.775864,-3.4260068,-9.464592,-2.1781094,-2.4850687999999996,0.5299749,12.148337,-1.2882773,-16.585995,-54.954792000000005,25.968733,25.706438000000002,-1.6808892,0.90208894,-9.040887,-20.114206,-6.116029,2.1196442,-0.00017848691597119646,3.0208776678773592,17.395568562171217,1895.5231179270927,2148.077867839082,15.687761351476018,12.263562905033364,18.254557848964122,15.942097539130405,21.212562940939435,24.000023568836202,41.893331584566006,1.8697363e-05,3843.515625,0.060849609375,0.0,0.0,0.0,0.017406851029954852,0.013128378783585505,0.010037672356702387,0.15334479697048664,0.23238848596811296,0.09005784667097033,0.4584588468074798,0.02517710691317916,0.0,True
00:24:24,59278c090220760001fda664,,0.7657493675370152,,-60.645251984763654,-482.34827,32.51528,1.3362808000000002,2.0779166,0.9137898999999999,-1.1186242,-2.9016035,-3.7106084999999998,-3.4069445,-2.3440702,-1.1020097,-0.20283726,22.984528,10.492114,-1.2675766000000002,-9.276046000000001,-12.177524,-10.520033,-6.236458,-1.6783758000000002,0.42268017,-1.0121883541663042e-06,0.016756808148935484,,3171.2085183146887,1490.8086625788135,15.229400411676528,8.037358477088965,10.748593803847509,21.292997770439282,16.075639545764794,14.834423533981244,18.365056983901557,0.0004998019999999999,1410.703125,0.02607421875,1.0,0.0,0.0,0.017970493985339998,0.04674598351120949,0.01280097096809186,0.013957166375075759,0.8328953242301941,0.02793040863238275,0.03332038852153346,0.014379299852298572,1.0,False
00:24:24,5c41c28e896e090001c03bb0,133.51536902300316,0.3989596907013217,0.8758007810573338,-24.878460586488185,-268.96332,137.13069,-1.5279878,5.250049,8.641096000000001,-4.284400499999999,-8.959192,-3.6248405,4.300733999999999,4.777678,-7.2572713,-11.541505,-43.907127,8.460172,6.8877619999999995,-9.104861,12.772803,-2.7649922,-14.618491,-3.4610453000000003,1.9524088,-0.00012510084046362028,2.1311375958960785,18.896825979614423,1694.9028702740554,2339.2269112044755,14.447954481415268,12.186469950795662,16.126800511020473,17.27879809059549,24.433822122975698,25.72111820203249,37.50878992148404,5.1095354e-05,3592.734375,0.08330078125,0.0,0.0,0.0,0.07170092994347214,0.0041899421368725605,0.06106067867949605,0.1951284602284432,0.04900724533945322,0.14538149908185005,0.4456103056669235,0.027920951298438013,0.0,True
00:24:25,59278c090220760001fda664,,0.7238479361148058,,-58.82509303552077,-478.7251,36.992924,4.9808807,4.8243504,1.9966921000000002,-1.8902323,-5.044333999999999,-6.289116,-5.460616,-3.2782023000000002,-0.84918225,0.8773035,25.835257000000002,11.485732,-1.5889833,-9.934053,-12.202359,-9.288176,-3.6365151,1.8664805,0.44712618,-1.2674739966318208e-06,0.020895354602942957,,2963.118145483269,1406.4547034162604,14.050898683622444,8.22463707727203,11.8011112533505,21.560178751777133,16.617655252325793,15.349504819717698,18.399550504754483,0.0004209869,1417.265625,0.0270166015625,0.0,0.0,0.0,0.002544533683685586,0.12259754985570907,0.0005259289563400671,3.908619935828028e-05,0.8580517268180847,0.013372620344161987,0.002759556910023093,0.00010897242202190684,1.0,False
00:24:25,5c41c28e896e090001c03bb0,158.77307763223226,0.6757191970841986,3.9220880802935785,-25.289159391453143,-321.482,92.19258,-9.205987,-0.096670635,4.724029499999999,-12.133438,-9.433389,0.59903604,7.476697,11.060824,-3.6490774,-16.667915,-29.1353,37.237545000000004,8.833571000000001,-3.4823532,28.236082,-2.5257874,-15.997542000000001,-0.7226828000000001,1.4550724,-9.933074225630605e-05,1.7548630235774192,11.475118097786927,1501.868813397374,3188.7153230479075,13.598218641803172,11.074952959163776,15.48383603725215,18.739948472958886,26.614698098600165,28.01009528743053,40.985899846286564,7.905736e-05,4357.96875,0.1285546875,0.0,1.0,0.0,0.09593537785112856,0.006439959199633449,0.04784113522619009,0.047061217576265336,0.03582413806580007,0.2132991433143616,0.5479789406061173,0.005620065797120333,0.0,True
00:24:26,59278c090220760001fda664,,0.674973804824643,,-54.83981797053525,-461.4419,56.047787,3.5676620000000003,1.7334106,-1.5750678,-4.344101,-5.466842,-5.025352,-3.5489193999999995,-1.5667254,0.18048371,0.7935696,32.767807,7.923447599999999,-8.588884,-14.262573000000001,-12.315626,-7.084886599999999,-1.5345412,2.4479625,0.5948654999999999,-2.373051114922538e-06,0.0389492176660722,,2406.5431887742393,1204.287967915004,13.385465468005776,8.506431193456955,11.080869178497503,19.285574982674,18.63306004118569,16.259522561355027,18.829280845190848,0.00021464637999999998,1214.765625,0.028310546875,0.0,0.0,0.0,0.016676334384828802,0.18926647156476972,0.004248126465827225,0.00011598797071201263,0.728633816242218,0.05439712405204773,0.006259904960170389,0.00040225037664640687,0.0,False
00:24:26,5c41c28e896e090001c03bb0,144.89607778659925,0.9372335431157778,0.6247141160948627,-44.44140640728032,-407.0193,55.37705,3.4134559999999996,3.6086156000000003,-3.4242160000000004,-12.758874,-6.4390507,-1.8116626,-1.2853806,7.6814632,3.8738042999999998,-9.583202,-35.056057,-6.3035903,7.4876084,-2.057309,6.0094285,1.6577836,-4.8700557,1.0736841000000001,1.0504521,-2.777331092375266e-05,0.4722128419363731,13.758834773874154,2199.930712310109,2797.3897930059693,11.9801186138626,11.729573981617104,14.391913093549613,20.56940555499874,21.126897185332155,23.088517675531968,31.04510221617275,0.001970058,4492.265625,0.0870751953125,0.0,0.0,0.0,0.0298859229311347,0.030701248487457637,0.016925760707817972,0.014483566931448874,0.17825681380927566,0.1521866202354431,0.5756054818630219,0.0019545777526218445,0.0,True
00:24:27,59278c090220760001fda664,,0.7627299198017456,,-54.026425884670466,-461.4223,57.778690000000005,3.8781172999999995,1.365582,-1.8621644,-4.277201,-5.2175117,-4.786875,-3.449389,-1.7373996999999999,-0.16517267,0.8301347,37.697379999999995,14.052759,-4.384496700000001,-12.930332,-12.172339,-6.215301,0.18736896,3.8356204,0.5758028000000001,-2.273643941958415e-06,0.03724499776522823,,2250.946087886954,1072.8476949736294,13.656729939557714,8.13274318197032,12.075743838529732,19.49274881738277,18.37996018798313,16.395184556198494,18.63266654581184,0.00014761662,1128.515625,0.02544921875,0.0,0.0,0.0,0.007864283621311188,0.5596841108798981,0.0011896067135967314,3.949341655243188e-05,0.3821165227890015,0.0449501982331276,0.0037427484896034,0.0004130383115261793,0.0,False
00:24:27,5c41c28e896e090001c03bb0,142.63013829874367,0.4597792079682713,1.3411915166677288,-21.39609520100321,-271.64797999999996,104.49378,-1.6018639,-5.085033999999999,-3.561568,-6.157482,-9.130379,-1.7427546000000003,0.84485257,7.806329700000001,3.4344265,-15.528447,-61.15421,35.963264,21.225471,-3.088362,13.119995000000001,-13.038203999999999,-21.322086,-4.9937935,1.9977237,-0.00012584321700849998,2.2167804638670243,25.065185997274,1610.0250735441534,3046.8353986592747,14.922510573812644,9.438933186427995,14.587914309059475,16.752203654205605,21.09567388350237,22.806102674654216,41.72514182867863,3.6000518000000005e-05,4454.296875,0.1139892578125,0.0,0.0,0.0,0.023003868339583282,0.035454875000868934,0.007136826729401946,0.18439084796700628,0.3025459989905357,0.1378026851452887,0.2976011157035828,0.012063802883494646,0.0,True
00:24:28,59278c090220760001fda664,,0.7519097844094651,,-59.134749169897354,-478.36972000000003,37.60478,2.0598798,2.1211019,-0.014739017,-2.8727252,-4.9380326,-5.3200199999999995,-4.0323043,-1.8340926,0.22765833,1.3279983,26.655018,12.356847,-1.0018271,-9.947604,-12.975424,-10.821954,-5.8404202000000005,-0.8411460999999999,0.44397762,-1.231558391673877e-06,0.02031168733777489,,2957.3440435929388,1370.4095170697906,12.101062756066913,8.681667781281384,11.162718390931046,20.606411502508195,16.367576437463807,14.992779450244573,18.415015456892817,0.00038107572,1234.453125,0.0262109375,0.0,0.0,0.0,0.007833199519664049,0.6083636796474456,0.001255790088325739,3.342713986057788e-05,0.33908157229423525,0.03903478600084782,0.00404998698271811,0.00034755477390717714,0.0,False
00:24:28,5c41c28e896e090001c03bb0,147.9987567644057,0.4868897480525074,0.9543630875963784,-24.287939170342394,-282.12557999999996,118.68158999999999,-7.191203999999999,-5.719904,-0.26517454,-6.155885700000001,-12.125210000000001,-2.2284172000000004,-2.2547379000000003,2.9053266,4.302604,-11.954988,-40.286457,39.11602,4.0628724,-11.680828,17.494131,-10.634208000000001,-10.862596,-0.40266368,1.7150162,-0.00012757879189399357,2.2114126315723444,16.595447160723324,1871.3722460712106,3051.0708800963025,16.329611608222038,12.169829694084351,15.059436904864278,15.941142765961493,21.434727460571608,23.514977727076282,41.722969829395254,0.0017381372,4471.640625,0.103388671875,0.0,0.0,0.0,0.016356593137606974,0.009641679854030373,0.023865159627166576,0.2354672819375992,0.13136236171703786,0.07751569064566866,0.4591884478926659,0.04660282474942505,0.0,True
00:24:29,59278c090220760001fda664,,0.7478289590136469,,-57.323204349919116,-472.5231,44.70134,4.61075,3.5976547999999995,0.28485715,-3.3468757000000005,-5.6276007,-5.864865,-4.4271746,-2.3212109,-0.5646404,0.29608837,30.775834999999997,13.029717,-2.816825,-12.453476,-14.45977,-10.405047999999999,-3.7093345999999996,2.0557024,0.4736165,-1.4947921194859038e-06,0.024586946215808026,,2677.241542539473,1239.8367847263953,12.930170236447251,8.147817057638543,11.38209108548566,19.90254507335511,16.514170801603935,15.050840206137217,18.313011136130086,0.00025726485,1113.515625,0.0272021484375,0.0,0.0,0.0,0.00801009651273489,0.4409626463055611,0.0020633528218604626,8.876779145793989e-05,0.4987819302082062,0.045426673293113715,0.0041843087738379844,0.00048223428893834347,0.0,False
00:24:29,5c41c28e896e090001c03bb0,135.62819218953058,0.6050236528279798,0.6191685827949269,-18.50095962986268,-226.11737000000002,197.0755,2.6925647,-6.3089356,-7.633135,-2.2646900000000003,-6.8396993,-7.248341,2.9352381000000003,7.701349700000001,-3.8130846,-12.060061,-27.775095,-6.0050483,15.726635,-8.721009,3.0328612,-3.5687947,-27.272211,-13.973431,1.6287987,-0.00016111244995084642,2.6701270887565878,13.653182272952723,1409.3866894130326,1439.608961799131,18.918382570534643,13.107772835972321,17.372143767769412,16.825103053694935,23.69034144669415,25.952666531841416,35.91358757159558,4.7207780000000004e-06,2527.96875,0.0390234375,0.0,1.0,1.0,0.014742367590467138,0.016293101931094296,0.012597076646569704,0.23030950956874424,0.22170249621073404,0.07211997939480676,0.19010220198995534,0.2421333011653688,0.0,True
00:24:30,59278c090220760001fda664,,0.7661031791660747,,-59.76246163752814,-479.58792,35.774887,3.126778,2.7140806,0.20756038,-2.765314,-4.737838,-5.0112166,-3.7903402,-1.8904006000000002,-0.240735,0.54655385,24.600113,10.1915,-2.9335932999999996,-11.220403,-13.298795000000002,-10.204496,-4.6051774000000005,0.52240175,0.43670010000000004,-1.1113466049604574e-06,0.018368663621980072,,3011.0345969222963,1404.3812991219959,14.235994497874891,8.432765594419378,10.750048540826747,21.800229226123623,15.067593990582182,14.842794925406508,18.584011811091575,0.00038582366,1186.40625,0.026845703125,1.0,0.0,0.0,0.017074106168001892,0.3520159196853638,0.005796911288052797,0.00024270564157632182,0.553927081823349,0.06408386126160621,0.005871756197884679,0.0009876500180689618,0.0,False
00:24:30,5c41c28e896e090001c03bb0,133.686558261589,0.8129404877132758,0.8931084172597954,-22.933464305132603,-291.8662,130.69597,-14.689932,-20.282736,-6.602950999999999,0.19528697,-1.8258758000000002,-4.8110833,-4.960748000000001,3.8902410000000005,0.45212242,-11.644658999999999,-25.452263000000002,39.421093,38.5903,-6.404093,1.365933,-7.6417174,-10.645305,-1.5654514,1.7130055,-0.00010623737874357625,1.7935094297941347,16.54014999331542,1622.9450783580387,2256.361799407016,17.128263080749033,13.323150139101678,18.64415093294687,17.350913690283054,23.216810941785816,25.01651707714189,38.3816653624004,4.371206e-05,3699.140625,0.07431640625,0.0,1.0,0.0,0.04362674206495285,0.0075255224481225015,0.04403381469892338,0.3226917039602995,0.05111639224924147,0.15626372870756314,0.18394436948001386,0.19079772122204305,0.0,True
00:24:31,59278c090220760001fda664,,0.7331318096102587,,-59.144182068294974,-477.9222,37.84023,3.6073606,3.0676396,0.59403586,-2.2079777999999997,-3.9973614,-4.2082534,-3.097717,-1.4315497,-0.039331246,0.5390688,25.94315,10.736701,-2.9073849,-11.27703,-13.102102,-9.675642999999999,-3.89911,1.1783836,0.45943955,-1.2343723899378068e-06,0.020369227610384868,,2948.084962537765,1397.1865032374462,14.693058596108596,8.593191346249883,11.412885542695346,21.257484418510852,15.950307629522474,15.26500093483046,18.1671707208247,0.00041982300000000005,1353.984375,0.0272412109375,0.0,0.0,0.0,0.008219491112977267,0.2182050895690918,0.002276171543635428,0.00018172649608459325,0.7111659526824952,0.05014473624527455,0.008234192207455636,0.0015725989150814712,0.0,False
00:24:31,5c41c28e896e090001c03bb0,171.31366236456233,0.5084619066193513,5.557444632570476,-34.197152818838376,-306.16943,140.98903,-5.8183875,0.59618354,2.9615897999999996,-3.946646,-3.2598119999999997,-6.213280999999999,-6.481753,10.396514,4.681303,-16.710487,-36.360820000000004,10.6617365,3.2287414,-7.215820299999999,10.169789999999999,-2.6619194,-8.878408,-4.4462209999999995,1.8940659,-0.00010056700705992396,1.7145868939382114,26.92126131460337,2318.747530881748,2891.5452351086305,14.194946738169,9.886563352221456,14.171041044093233,15.6264763180724,21.674913788584266,23.490397612377638,37.865938390012595,0.0074464288,4587.421875,0.098095703125,1.0,0.0,1.0,0.0781433330848813,0.003020017989911139,0.09007473215460778,0.2419560896232724,0.011774253426119685,0.10876708626747132,0.3421153366565705,0.12414914774708448,0.0,True
00:24:32,59278c090220760001fda664,,0.7507313590223146,,-60.048461221358366,-479.25018,36.349734999999995,3.1921742,2.526586,0.022500033,-2.7455838,-4.4072260000000005,-4.362006,-2.8948902999999997,-0.8804504000000001,0.7157359000000001,1.2821797,25.447989,11.426872,-1.3044806,-9.328598,-11.393964,-8.578472,-3.4841589999999996,1.0650113,0.45955002,-1.1446217149878306e-06,0.018899562309769014,,2998.806612537536,1405.3884261384894,13.706242355327074,8.395778274177044,10.636567706476477,20.853632226293236,16.883705246276396,14.806941019976831,18.593060387717053,0.00045520373,1341.5625,0.0261181640625,1.0,0.0,0.0,0.019120792094618082,0.20634755909442898,0.0033022663788869976,0.00028239150648005305,0.5945491409301757,0.1548394191265106,0.01925083694979549,0.0023076141253113745,0.0,False
00:24:32,5c41c28e896e090001c03bb0,116.0130339041984,0.35267611133029714,0.9374106841018568,-28.66927698796641,-294.95257999999995,138.7821,2.2645857000000005,1.6951839,10.67206,-0.5938696,-7.096734,-3.0064845,0.21349101,9.096657,2.0921106,-13.740193,-34.90789,-10.271326,3.213494,-2.6125328999999997,19.338013,1.0363965,-8.254119000000001,9.02084,1.4149218000000001,-8.303399435902434e-05,1.3834403399393707,17.710208155413504,1591.7380639755265,2134.985290283793,15.353598111743386,11.711964158753311,12.637784330638304,16.714123981530165,21.90088827226784,19.98304461475982,38.20800046900799,5.5211767e-05,3474.609375,0.07591796875,1.0,0.0,1.0,0.04053792140136162,0.010661960307819148,0.027203598473634984,0.2165457039243645,0.08647530505226718,0.14284518961277273,0.2702626428670353,0.20546768253876105,0.0,True
00:24:33,59278c090220760001fda664,120.06608981384251,0.7766034547397974,0.9976604973053751,-52.02464320424141,-455.43497,62.529312,3.8269870000000004,3.7389687999999994,0.7957135000000001,-2.7818832000000002,-4.81877,-4.723850700000001,-3.317725,-1.7228256000000002,-0.56210196,0.030567437000000003,35.60819,9.629213,-4.7707458,-8.353022,-7.378369,-5.584683999999999,-2.8662727,0.91725725,0.65865093,-3.5239805030441628e-06,0.05771445163876526,10.270343647273807,2364.644956541108,1196.5734710676593,13.098372511957328,8.28672624573079,10.787113560187725,18.392266791497164,18.8566336304,15.68537353949818,20.81789606029522,0.00020131737000000002,1322.8125,0.0247314453125,1.0,0.0,0.0,0.025370834469795225,0.3053833398222923,0.004589093197137117,0.00024090732520562597,0.5226694524288178,0.12434505835175515,0.016999225392937658,0.0004020781430881471,0.0,False
00:24:33,5c41c28e896e090001c03bb0,,0.2263987986157144,,-51.81884872274147,-474.60092000000003,27.367939,9.631024,5.994351,8.026537,3.346742,0.45284495,4.8715067,2.3325527000000004,-0.7539196,4.3686857,4.7468333,9.269156,13.821143,9.679364999999999,3.5609010000000003,7.244966000000001,4.2009735,3.7699453999999997,11.543008,0.740636,-4.218766310290208e-06,0.07137512481505835,,2654.5755948546257,2753.1067446240972,15.06886605608649,9.715564681373763,10.940658790042178,18.81681765243801,19.75536085787254,23.783562565103125,21.95224816403728,0.0009093605300000002,4032.890625,0.0910595703125,0.0,0.0,1.0,0.04680487389365832,0.0038746425371856373,0.02398538575895752,0.3136029260026084,0.04240798083547917,0.2477784190947811,0.2803692619005839,0.041176505386829376,0.0,True
00:24:34,59278c090220760001fda664,,0.6779302912166252,,-51.87256695485739,-447.00507000000005,67.57739000000001,3.2555822999999995,1.8886005000000001,0.13146149,-1.2473453,-2.2853227,-1.1152028999999999,-0.38620967,-1.3760163,0.0152239585,2.5819072999999997,33.54714,9.256635000000001,-4.820481299999999,-10.143338,-8.073015,-4.888733,-2.1250782000000004,1.4274113000000002,0.7869141,-3.5065809511353987e-06,0.05837040433340245,,2159.830064993669,1285.9301984777755,12.190630309852313,8.391469377963304,11.65897429487458,16.585019005496743,20.348811051387674,16.896934787614885,20.801627109773136,0.00017188536,1844.296875,0.032548828125,1.0,0.0,0.0,0.030296330973505974,0.2209127560257912,0.005440853340551257,0.0003664193133590743,0.5776236784458161,0.14017554342746735,0.02440491240471601,0.0007795067771803588,0.0,True
00:24:34,5c41c28e896e090001c03bb0,100.65562949904184,0.9338957854778156,3.107331145050456,-41.77276820233258,-391.3194,90.037704,2.0835638,0.19287187,4.4620967,-0.18785502,-3.4595792000000003,1.0217799,1.847664,1.5703584,0.37190878,-6.9469686,0.41769147,4.787354,16.706757,6.9380692999999996,8.383244,3.6532934,-1.2583969,4.5700235000000005,0.97575045,-5.936929248597846e-05,0.9786713118357284,14.527281411457356,2434.313069463402,1839.5567848723374,13.637827117589461,11.883172450651646,11.111017799416938,15.701962021443968,20.904792259978727,25.00006189833118,24.231731532657214,0.0006625129,3154.921875,0.04646484375,0.0,0.0,1.0,0.09894126299768688,0.015397039300296456,0.15213231593370438,0.10298570929444396,0.10144114075228572,0.2856242474168539,0.1772079231683165,0.06627035562414678,0.0,True
00:24:35,59278c090220760001fda664,151.9609616166525,0.8351070669176851,5.127993637198887,-33.84396869904014,-359.52643,126.97907,3.630442,5.0634822999999995,-2.5931346,-8.315539999999999,-7.189136,-2.0419366,-1.6172818000000002,-8.6285715,-11.486889,-1.8917694999999999,14.80476,-0.48103613,14.518532,7.634860499999999,-7.6592649999999995,-15.047096,-12.181668,-5.1844325,1.3568612,-6.377361706458377e-05,1.0606517813026457,24.8867688274108,1834.235789547638,1702.1081762303866,13.741704751225456,10.256074787127252,13.00892390663369,15.547298516511967,21.045428520144924,23.431209746218876,29.88088745006584,0.00022626150000000002,2970.9375,0.0544287109375,1.0,0.0,0.0,0.01298411243595183,0.08091508451849222,0.004571127896197139,0.0006119775399565697,0.8354714250564576,0.05216052368283272,0.012157630128785969,0.0011280993081163614,1.0,True
00:24:35,5c41c28e896e090001c03bb0,192.7999272113224,0.8265115041970997,3.2563335401982703,-31.5046807307376,-298.69107,125.05742,-12.569527,-11.427100999999999,5.933109,-2.6263928,-9.133774,1.1595328,0.53732514,-0.54659474,-2.7629718999999997,-12.994933999999999,-43.53555,7.830982700000001,9.141935,1.4136156000000002,14.358575,-9.136130999999999,-5.9875355,5.9751905999999995,1.6324447,-0.00010036898527475512,1.6909734119077584,28.983714346858655,2148.8347116846357,2645.8304232146115,14.259438228461509,11.463207095811214,12.67604782577703,15.632363496340563,19.20383098508004,19.77574727836754,38.3503051818872,0.0030481436,4469.0625,0.0876416015625,1.0,0.0,0.0,0.08266860200092196,0.028434505368667568,0.060501317504200736,0.020766578413630752,0.5973654399541292,0.058086216365071865,0.14240350752052935,0.009773828461633952,0.0,True
00:24:36,59278c090220760001fda664,,0.7316533121397477,,-54.29202162762051,-458.84314000000006,59.597595,3.2192022999999996,1.7340784,-0.35131744,-2.2152452,-3.4278705,-3.9202343999999996,-3.6659080000000004,-2.5704036,-0.8265953000000001,0.76632816,35.702909999999996,9.631219,-7.985064,-13.611760999999998,-10.513524,-4.371557,0.6799161,3.143256,0.62996584,-2.318931820232432e-06,0.0381963038565997,,2327.5444193901235,1255.6226150919865,12.557062416276649,8.748252004346549,10.857853636182943,17.71114340043703,19.319393612723502,16.47087397503901,19.8780492265216,0.00026580205,1665.46875,0.029775390625,1.0,0.0,0.0,0.00168950573541224,0.0012894648499786855,0.000728686068323441,0.00032823816043674013,0.9941531109809876,0.0004997643333626912,0.0005199759121751413,0.0007912466418929397,1.0,True
00:24:36,5c41c28e896e090001c03bb0,83.80163476115207,0.5356892095957412,0.30083524692788266,-59.71365871943245,-399.33218,123.79888000000001,-1.3734674,3.2214575,7.8087883,-1.8644066000000004,-5.8090043,1.0905354,-0.25447378,-0.37648448,-2.9549003,-8.735384,-28.316544,-9.302061,10.385192,0.10293953,1.5478067,-2.5466137000000004,-4.687523400000001,-1.8353596999999997,1.3433899999999999,-5.43472267982669e-05,0.9056547307771752,91.86191748386615,3738.446375161103,3988.486378758148,11.100146373363819,8.564870663925372,10.670422183264897,12.187457447419247,16.08472652901601,16.94121847863009,24.5902102120897,0.11865487,7784.149484536081,0.056810238486842114,0.0,0.0,0.0,0.015209221901992956,0.10309592820703983,0.002171114416948209,0.0017852526022276531,0.5858022173245748,0.06090175950278839,0.23032224054137865,0.0007122486398050872,0.0,True
00:24:37,59278c090220760001fda664,,0.7415013746366923,,-55.53334461547672,-464.62102999999996,53.407078000000006,4.0541716,1.2308226999999998,-1.9599707999999998,-4.1048164,-4.750808999999999,-4.161159,-2.8817953999999997,-1.428059,-0.1866233,0.5506677,33.669785,10.417209,-7.4814334,-15.106692,-13.078915,-5.9573684,0.99226505,4.482958999999999,0.5449451,-2.022329028601736e-06,0.033211230029905434,,2458.260572063541,1208.858744445988,13.256201342134911,7.9977134330534865,11.473085682027536,21.0163984894486,18.059810973335427,16.047251217547597,18.666223652468066,0.00024050422999999998,1237.96875,0.028896484375,0.0,0.0,0.0,0.0049343202682212,0.04106461639981717,0.0008517314854543656,0.00015799142900505106,0.9315966248512269,0.015397696471773088,0.00572402151999995,0.0002730458020232618,1.0,False
00:24:37,5c41c28e896e090001c03bb0,,0.7431302587818819,,-71.62528632411845,-481.2484,46.183209999999995,3.1598642000000003,5.575686,6.741288000000001,2.1093592999999995,-1.0585072,1.3459783,3.3229966,2.3186042000000002,0.80386966,0.66240054,12.785047,3.8244114000000002,6.69897,7.6102433000000005,9.25826,9.699835,7.370644599999999,4.4710293,1.3658249,-4.254376691050425e-06,0.06993425069272101,,4771.309477438831,4003.73939746088,12.177701741593745,10.579035586310527,12.308461787107385,14.698877610729358,15.511436512417088,15.638099311351386,18.564798422317807,0.044117033,8655.703125,0.0365869140625,0.0,0.0,0.0,0.023327976185828447,0.02850617049261928,0.005261949496343732,0.013464205153286456,0.5691706031560898,0.04916380317881704,0.3091702044010162,0.0019350724149262528,0.0,True
00:24:38,59278c090220760001fda664,,0.7352584952781829,,-53.18353966756319,-459.27935999999994,60.122566000000006,2.6520739,1.5641907,-0.86429906,-3.4772366999999997,-5.048929,-4.96101,-3.5682635,-1.8320749,-0.5591286999999999,0.038904488,38.564217,13.834766,-4.655486,-12.708317999999998,-11.948313,-6.9166419999999995,-1.6835928,1.6654555,0.6002852,-2.4434400891220158e-06,0.04001928961508045,,2172.626182100736,1053.664506537104,11.65333580447636,8.980080867441501,12.20364276828206,18.37963782957514,19.750302584211987,16.408896592091452,18.90424212280855,0.0001280758,1188.046875,0.0247119140625,0.0,0.0,0.0,0.0051601652055978785,0.14132392898201945,0.0012381868902593852,6.261485592403913e-05,0.8154095554351807,0.03105729032307863,0.0055663676420226686,0.00018189195776358247,0.0,False
00:24:38,5c41c28e896e090001c03bb0,84.03437894243093,0.714285368013409,17.73844375229709,-31.53163068557879,-269.1434,104.11691,-9.0371,-7.6901693,7.4248433,-4.350088599999999,-6.234785,7.067176299999999,5.522306400000001,-0.08862433,2.1519442000000004,-11.194617,-64.436226,17.345222,9.131589,-1.4949511,13.4776125,-2.4444609,-10.585057,6.2645617,1.7686130000000002,-0.00012387298799985055,2.188517477916672,50.907550780937754,2305.258990348801,2938.1347481598877,12.159703571055033,9.957757792867099,12.624380284103152,14.352832430671162,16.191048012450118,17.425569782724025,39.24696246339849,0.0007793425,5082.421875,0.108173828125,0.0,0.0,0.0,0.03621028239528338,0.013324758581196269,0.006549099951775539,0.008742491533565853,0.4845687051614125,0.06786531913611624,0.3808551265133752,0.001884217160598685,0.0,True
00:24:39,59278c090220760001fda664,,0.7603857099940156,,-54.17952059361321,-462.26877,56.541527,2.7845104,2.7069614,0.6034673,-2.24097,-4.350068599999999,-4.8358245,-3.7953648999999996,-2.065697,-0.62448514,-0.08266135,36.46391,13.012015,-5.253591,-14.1805935,-14.633049,-10.1804905,-4.4142485,0.30439255,0.5774039000000001,-2.3454890323992217e-06,0.038447448173195405,,2284.2752139127315,1119.364272381924,11.589561630641295,8.787447954179344,10.900659108576741,19.27771565130061,18.653808372420922,16.60609125261585,18.928207388311225,0.00016681734,1164.84375,0.02650390625,1.0,0.0,0.0,0.006010362319648265,0.10030961200594904,0.0008421629481017589,0.0001684113029477885,0.8647513175010682,0.023923421949148174,0.0037980897026136523,0.00019660436577396468,0.0,False
00:24:39,5c41c28e896e090001c03bb0,274.34203639757243,0.8358613013884599,1.6137189710552955,-26.48308120151001,-224.57277000000002,99.7283,-12.906932000000001,-3.3529625,1.8971596000000002,-13.14202,-0.06124593,2.2715657000000005,2.440323,-0.5575998999999999,-2.5725422000000004,-10.674785,-79.21422,18.447248000000002,-21.282510000000002,-9.994636,4.624329599999999,-19.278025,-21.370426000000002,4.900284,1.678205,-0.0001848799203921445,3.3127770156540755,23.255986434754934,2459.1284961796537,3790.6783254356587,10.623919871424548,10.654789258536248,14.577182872366086,15.095790198607675,18.426913203322773,22.15360632586267,46.195762348865394,0.0008069815,5831.25,0.1473291015625,1.0,0.0,0.0,0.06516984637294497,0.02569696406135336,0.02747596820284213,0.12023220648656464,0.42188914785427706,0.05415915671203818,0.2612206600606441,0.0241560558954786,0.0,True
00:24:40,59278c090220760001fda664,,0.7321070203149134,,-56.80536561893139,-470.4975,47.206055,3.6432061,2.9008743999999997,0.7273309,-1.8436236000000001,-3.8428972000000003,-4.617132,-3.9872878,-2.2580728999999997,-0.06940302,1.8367409,32.63185,14.812284,-0.11593858,-8.371327,-9.644419000000001,-6.2861233,-1.5055388,2.1894186,0.49459076,-1.7533502215012603e-06,0.028775884672735837,,2641.628380913909,1225.277775255059,12.187043125417011,7.783948627746464,11.44003015809326,20.85495309498028,17.59561646514411,15.885045116976675,18.542657984748974,0.00029771987,1234.6875,0.0254052734375,1.0,0.0,0.0,0.004397117388434708,0.03435942333191633,0.002448533466085792,0.00024089186219498522,0.9454092025756836,0.009006318137980997,0.003474457277916372,0.0006640331880771555,1.0,True
00:24:40,5c41c28e896e090001c03bb0,182.09021390531208,0.6662180609976879,1.4024056218909076,-23.64772847593945,-239.44733,140.86188,-8.032651,-1.3806286,2.6987464,-17.241121,-4.7127624,6.263493,-1.3058201,-0.038610402,-6.144211,-10.350338,-63.739596999999996,21.55301,22.36371,-6.3897777,6.674607300000001,-24.865202,-14.96527,10.869635,1.6990488000000001,-0.00012377038600897117,2.102591696314734,14.072339948447931,1901.7033323933508,2596.943542268775,13.14005685999306,12.799251790953267,15.529108629995847,16.49631538084006,19.22528352064643,21.380626285892575,44.57213760222619,2.1598415e-05,4387.5,0.08767578125,1.0,0.0,0.0,0.04064332684502005,0.0010687028407119217,0.02499395720660686,0.265353162586689,0.01167908131610602,0.034891539998352525,0.5850762307643891,0.03629397586919368,0.0,True
00:24:41,59278c090220760001fda664,,0.7303275750287638,,-60.20543566737667,-480.35077,34.89317,4.282150700000001,3.3895546999999997,0.3098078,-3.2844024,-5.8100963,-6.4145575,-5.189181,-2.9521005000000002,-0.7739729000000001,0.50672823,24.254482,10.573414999999999,-1.8224226000000003,-9.546577000000001,-11.323564,-8.192982,-2.7615032000000004,2.0673018,0.43664622,-1.122781046836069e-06,0.018547311892415243,,3083.4412661052843,1452.1276250225555,14.460575043683322,8.26600768456414,11.145615456428326,21.27202003043793,15.5396181614987,15.17237181108174,18.268126371675663,0.00047829055,1370.859375,0.02716796875,0.0,0.0,0.0,0.006076051509007811,0.1605146725475788,0.0017969889240339399,0.00010312264173990116,0.7971867728233337,0.024694653041660783,0.009319208464585244,0.0003084974683588371,1.0,False
00:24:41,5c41c28e896e090001c03bb0,186.46573719917237,0.7848419417074411,0.5518286227947817,-18.448637878531446,-241.38441,178.38255,-7.389122,-5.465498,1.5160235,-9.794003,-10.618361,-7.8426056,-3.6682388999999995,4.5486336,-7.615524300000001,-13.936289000000002,-23.935183,11.768022,10.703348,-8.739038,17.323746,-8.299959,-19.723763,0.7340996,1.6523734,-0.00013449609579027966,2.2482112919762742,13.509387969402963,1572.7027002769735,1759.6014890889844,13.382866833276475,17.292988209031734,17.184692317480938,17.915226952615022,26.324868976678772,26.201556446089445,40.99245753845685,2.4710197999999995e-06,3081.328125,0.04748046875,0.0,1.0,0.0,0.03702844586223364,0.006785787874832749,0.009493698133155705,0.05455712601542473,0.0552608473226428,0.20721598714590075,0.5943214297294617,0.03533665742725134,0.0,True
00:24:42,59278c090220760001fda664,,0.779431902937683,,-59.940953927677796,-479.8695,35.599270000000004,3.2306752,2.774952,0.19529395,-2.98705,-5.2407107,-5.691708,-4.419313400000001,-2.2871189999999997,-0.42866084,0.3339467,25.017641,11.365694,-1.1189405000000001,-9.12824,-11.388555,-8.824685,-3.8450134,0.82593894,0.42374268,-1.1219889692533886e-06,0.01853772626591781,,3045.9658264487052,1422.8326585308398,15.5492718436864,8.285869458287584,10.308261854148952,21.69564248084548,15.682477952175727,14.953841123977696,18.51299047746943,0.0004378099,1317.1875,0.02640625,0.0,0.0,0.0,0.0030331836408004163,0.17386839181184768,0.0007771636045072228,6.202098436915549e-05,0.7982570552825927,0.018612892441451548,0.005138145985547453,0.0002511780068743974,1.0,False
00:24:42,5c41c28e896e090001c03bb0,253.88822742887496,0.9469327493216712,3.0489246807654617,-33.62547986612802,-319.80606,104.28739,-18.756348000000003,-22.651985,-6.283326000000001,-5.9028816,-5.5864387,-5.556971,-6.5782666,1.2719373,1.1690365,-8.256639999999999,-31.152298,11.779613000000001,12.905369,3.963979,4.269529299999999,-11.010866,-5.535508999999999,4.069475700000001,1.6234775,-9.364691383810125e-05,1.5823935437564414,23.79661526406408,2297.549899327579,2448.803085001149,12.065117604510979,13.58774366392119,16.940884027781273,17.691398810049073,21.19413177361998,22.168337170067957,38.04291519910735,0.00054924266,4204.6875,0.08140625,1.0,1.0,0.0,0.049712926925470434,0.01501743970826889,0.04550471746673187,0.07974087633192539,0.30805160974462825,0.1008297900358836,0.3780939566592376,0.023048656138901908,0.0,True
00:24:43,59278c090220760001fda664,410.9363139445759,0.6694347113630437,7.037219012426003,-45.59757269177635,-408.27542,77.77764,-0.79935426,-2.5643518,0.6988795,3.5384733999999995,-4.3667945999999995,-9.284682,-4.334175599999999,-2.7331367,-5.983921,-2.1117337000000003,18.909262,7.4945974,-13.138988000000001,-12.432673,-5.219014,-4.0958023,-10.063932000000001,-7.681501400000001,1.0412089,-2.4090025735708545e-05,0.4113822531483624,19.63582609482543,2717.9577814133554,1957.3421738701982,13.899657470095455,8.422815809929013,11.384102262293212,18.791379822218488,17.569824798812057,19.956909450617076,25.897581323318597,0.0003599861,2678.203125,0.0521484375,1.0,0.0,0.0,0.0037005105474963774,0.1033163857460022,0.0012845220055896786,9.061238717549711e-05,0.8714860057830811,0.014218260906636715,0.005640979337040335,0.0002626988952397369,1.0,True
00:24:43,5c41c28e896e090001c03bb0,,0.6368631494566427,,-82.83898928257365,-503.07227,15.490857,0.07124234,-2.8747568,-7.3202925,-8.566638000000001,-3.8198545,0.3341519,-1.4142232,-3.2544034,-0.9174700000000001,0.4746212,-1.1559362,-4.888948,-0.9481685,0.6917399000000001,1.2955248,2.7219002,2.910864,1.6633634999999998,0.6161033,-3.4862067597474256e-07,0.00609129203715728,,5527.295720358077,5866.396135436761,10.452247526221946,8.267011873688595,12.31230135934952,13.154420680586984,19.221128234744306,19.730234647444302,16.299679278539006,0.07499764,11875.78125,0.0954833984375,0.0,0.0,0.0,0.01643253260408528,0.0056241313577629634,0.005866520165000111,0.021204448596108705,0.4731733836233616,0.044520438532345,0.4274897668510675,0.005688740602636244,0.0,False
00:24:44,59278c090220760001fda664,,0.8033348948780091,,-53.37364517102602,-455.7769,63.418743000000006,2.5367534,0.6475816,-1.9838846999999997,-4.009601,-4.7492642,-4.21697,-2.9299977000000004,-1.5340075,-0.3498314,0.59658444,38.858376,12.963799,-4.456646,-11.244947,-10.331061,-5.745652,-0.8090484,2.2431014,0.5930008000000001,-2.6594148125660046e-06,0.043710667730575886,,2233.7752015470296,1126.2775722564274,13.532462704984045,8.092529728771629,11.259328415831142,17.4824949801588,18.882323019973878,16.377631284179653,19.729989428615927,0.00015335555,1354.6875,0.0253125,0.0,0.0,0.0,0.012117201406508684,0.13334019988775253,0.003494097618386149,0.00013217524014180526,0.8074788928031922,0.0328818316757679,0.010289324056357144,0.0002662765205604956,0.0,True
00:24:44,5c41c28e896e090001c03bb0,132.42544505407741,0.502460452641833,2.321896004202234,-55.029544162554686,-358.41528,133.28346000000002,-0.43972,-1.7165339,1.7283353,-8.291006,-7.7162619999999995,-1.4976901000000002,-5.57677,-0.3089024,-1.4047967,-11.529805,-46.221428,-2.2146742,4.729947599999999,-0.4540189,1.8087299,-3.467622,-0.80496544,2.4141228,1.3632753,-9.41061910035979e-05,1.5884524656783199,28.356900284130663,3619.5703430254134,4266.673539380937,11.050429795774292,10.232639039923168,11.692974870777256,12.515186128428084,18.309658460415058,18.571399850129158,28.72011077670829,0.10633809,8024.169921875,0.0556488037109375,0.0,0.0,0.0,0.019211591396015137,0.02932494482956827,0.026844631583662702,0.00402412184048444,0.6143287688493728,0.13370430348441004,0.16579479053616525,0.0067668755538761605,0.0,True
00:24:45,59278c090220760001fda664,,0.7396066994092024,,-55.675345981296275,-467.13058,51.225359999999995,2.8976276000000003,1.8496175,-0.82680154,-3.709347,-5.582402,-5.858032700000001,-4.67356,-2.6772517999999996,-0.67397386,0.6738436999999999,34.769627,14.737376000000001,-1.9481515,-11.0985565,-12.415947000000001,-8.519688,-2.9891255,1.2916222,0.53793687,-1.9124944342733712e-06,0.03139573271858796,,2536.6655341144487,1204.734949261307,12.559644864500832,8.6465501455422,11.28409427593791,19.661890793349663,17.86479241485118,15.336841020589798,19.087201313934298,0.000253584,1213.125,0.025419921875,1.0,0.0,0.0,0.004843612369149923,0.12481950432062147,0.0021924883127212524,6.72279330319725e-05,0.8361659502983093,0.028937949091196062,0.002628395562060177,0.00034484616888221355,0.0,False
00:24:45,5c41c28e896e090001c03bb0,,0.8042411856299685,,-63.63215807866909,-489.23135,13.304977,0.8742285,-4.4612756,-6.351217,-3.5411352999999997,-1.9913539,-3.1670554,-1.7419124,1.0870306,-1.8452694,-6.351807599999999,-4.429744,-2.118449,5.4704485,5.182876599999999,2.637346,1.2231225000000001,1.4012133,2.8562605,0.37965503,-2.1184473039873144e-06,0.036110180456163085,,4030.883420647203,3688.2816815998012,12.656194512453615,17.76368639356762,13.290710588566851,19.027005690519573,19.613121772415614,24.13404988440007,19.644857541095387,0.0047291643,6403.125,0.0743359375,0.0,0.0,0.0,0.004955149505985901,0.00850486911367625,0.009296001779148357,0.00342559470955166,0.8882296800613403,0.01144592865020968,0.07175211678259075,0.0023906315545900725,1.0,True
00:24:46,59278c090220760001fda664,,0.6890999501597987,,-52.37454911410011,-451.96518,67.61288,2.1310387000000004,1.9141511999999998,0.6093321999999999,-1.7877720000000001,-4.2206554,-5.3095407,-4.4806614,-2.3135277999999997,0.023268322,1.5004965000000001,39.872085999999996,10.5221195,-8.03725,-12.741349000000001,-8.746642999999999,-3.1033783,0.39418477,1.7344277,0.6149685,-2.889941982699653e-06,0.04732696975972552,,2054.8079195142213,1050.1020501837454,12.673599708246634,8.125872999360693,11.870859957955368,18.69065802225477,21.64283110835689,16.750727258143947,19.244777242804265,0.00011311716999999999,1209.84375,0.0263232421875,1.0,0.0,0.0,0.02372155014425516,0.054984264075756066,0.009870706014335156,0.0007234673987841232,0.8620900774002075,0.03527706243097782,0.012041173931211234,0.0012917207158170642,1.0,False
00:24:46,5c41c28e896e090001c03bb0,,0.6056434055328357,,-37.92725813487403,-323.97722999999996,85.36313,-5.783283,-13.5733385,0.74830294,-10.800713,-3.8106375,10.745592,-0.65920776,12.882849,16.462374,-13.605243,-85.32141999999999,-2.3268645,21.25759,-1.1365944,22.699151999999998,0.04511161,-8.767481,13.959232,1.0324208000000001,-5.9468658016905504e-05,1.0430945614841591,,2101.128199305752,3366.613051769561,12.590896966070964,10.48213102953467,14.308281751709249,16.675457392135282,18.279709513030202,21.79336731780843,38.891803168063156,0.0011752101,5521.875,0.1375927734375,0.0,0.0,0.0,0.017079098103567957,0.017700288165360692,0.02508578831329942,0.008343969396082684,0.6774845376610756,0.07081288602203131,0.17582792397588493,0.007665466342587023,0.0,True
00:24:47,59278c090220760001fda664,,0.7478751723282147,,-52.13913042324475,-454.10492,66.14911,2.6743490000000003,0.05870513,-2.3971272,-3.7343322999999997,-3.7284038,-2.7362447,-1.3988843,-0.2741487,0.40368283,0.68292534,41.474365,13.58995,-6.4033394,-13.731495,-10.83216,-3.8494332,1.8102281999999998,3.8274839999999997,0.6276308,-2.7638360608649202e-06,0.045237442913750016,,2042.6343515973208,1008.5429514890633,12.242896502063987,8.485397327665499,11.689512012522854,19.30800032976999,19.431376975766987,16.311489247022884,18.81338510999029,9.659444e-05,1130.625,0.026279296875,1.0,0.0,0.0,0.01693018777295947,0.0938464006781578,0.010877827168442308,0.0005175718505051919,0.8305057430267334,0.033571340590715405,0.012442413531243802,0.0013084900357353034,1.0,True
00:24:47,5c41c28e896e090001c03bb0,212.53603387393972,0.7347863184841721,2.0684935728406284,-41.82225616745543,-310.70218,135.43549,-3.8987955999999997,-5.673722,6.868638000000001,-14.718975,-10.977260000000001,2.5019777000000003,-6.5637193,3.4995220000000002,1.6706965,-19.484072,-69.43592,-11.583569,9.047642999999999,-11.09994,16.597588000000002,-5.5850800000000005,-13.326584,13.812716,1.4010755,-0.00010274876310985364,1.7440697487698076,25.48098481299479,3180.751337132433,3572.972008084537,12.071865393311446,11.369777090584526,11.494868620743446,16.685699034481587,19.019188438480448,20.712195571654714,34.61372854248302,0.014656995,7345.3125,0.086005859375,0.0,0.0,0.0,0.06749234236776827,0.012480915826745329,0.04346835929900408,0.05298569090664386,0.05978202447295189,0.17097567692399024,0.5661111623048782,0.02670385949313641,0.0,True
00:24:48,59278c090220760001fda664,,0.7142736854238673,,-56.69910145445456,-469.61887,48.213359999999994,3.0236810000000003,1.8195023999999997,-0.3390497,-2.3178349999999996,-3.3870949999999995,-3.3592532,-2.4301232999999995,-0.95934796,0.6133295,1.7644561999999997,33.13214,14.941842000000001,0.029240921,-7.913226,-8.870878999999999,-5.4466743,-0.93582773,2.214168,0.50709486,-1.7585195528238968e-06,0.028862125817997138,,2626.2227178440853,1206.6147411944064,12.41256500060241,7.947740944852684,11.815144395911545,19.954525985051944,17.143844148463366,15.205796592461875,18.372716164801293,0.00026866008,1174.21875,0.0241357421875,1.0,0.0,0.0,0.00423531745094806,0.012789217727258802,0.0011196875246241688,0.0031171066865499602,0.9502445769309996,0.010810720808804035,0.014670876599848271,0.003012500384356827,1.0,True
00:24:48,5c41c28e896e090001c03bb0,210.125857894308,0.8092063633574912,1.3095089860474658,-39.64194452633453,-370.56,93.05078,-13.434706,-9.536875,6.1211634,-6.459492,-11.224853,-3.5962994,-1.424828,6.252622,0.71517104,-17.65371,-16.703716,-2.111487,11.010486,7.3517656,8.652721000000001,-7.193314,-0.6764286,7.578137400000001,1.3282208,-4.1428143970984654e-05,0.6989330590606859,23.500368046316176,1990.7876715287946,2007.5441631605668,12.142525861960525,12.196386543784909,12.654972698815662,18.048736905636762,21.996348246240135,24.47021950602459,31.714058784130014,0.00016574386000000002,3470.390625,0.0597998046875,1.0,0.0,0.0,0.029308999632485205,0.028218392375856636,0.004577189723204356,0.009086197501164859,0.5535458013415336,0.10768033005297184,0.2595559474080801,0.008027148811379448,0.0,True
00:24:49,59278c090220760001fda664,,0.7532280594279201,,-57.98238197696205,-474.24844,42.326836,5.581654,4.5244007,1.0893303,-2.8855505,-5.7318525000000005,-6.6420946,-5.741372599999999,-3.7114305,-1.3874829,0.45283260000000003,28.779166999999998,11.999424000000001,-2.3955740000000003,-10.670095,-12.010771,-8.1186,-2.0169637,3.2373279999999998,0.47734314,-1.4547825730075678e-06,0.023946361477729425,,2743.8480770717238,1293.3571525975533,14.592493415302627,9.398433487754396,11.40416897101589,20.975502386791423,16.591616783664673,15.423035740405982,18.605055430117872,0.00030849874,1238.203125,0.0270703125,0.0,0.0,0.0,0.007508933334611357,0.009148726239800451,0.0018340582633391024,0.0051795254822354754,0.9550183725357057,0.0044541368447244154,0.00969741220586002,0.00715885237324983,1.0,False
00:24:49,5c41c28e896e090001c03bb0,162.65545781688542,0.6547035660900765,2.4131877987861983,-20.316066330191983,-222.29467999999997,173.79362,-13.6729145,-6.11585,4.0866546999999995,-4.1645994,-3.4397387999999998,0.58994204,0.8358530000000001,6.9507685,-2.6276991,-17.86125,-48.259407,13.349207999999999,8.507427,-12.185756,3.2138133,-17.448732,-16.322994,-4.1463647,2.0961084,-0.00017425365783952894,2.9298508100492398,17.491748426061775,1857.7092921922765,2255.7660517960057,15.100853967993816,11.348621189442694,14.94235479378976,14.285621219819536,19.675395760380052,20.356478253031412,41.30905029367121,0.0013520659,3697.03125,0.0750341796875,0.0,0.0,0.0,0.013991714589064942,0.02004713376518339,0.00974343218258582,0.03973780058731791,0.5299884733743966,0.08126080054789782,0.2975360944867134,0.0076945618377067156,0.0,True
00:24:50,59278c090220760001fda664,104.11331963894709,0.9473965933503526,0.20748240127397405,-58.743250244815165,-475.9316,38.491985,3.9754202000000003,3.4996994,0.13441338,-3.8139852999999997,-6.0206423,-6.2262626,-5.3320727,-3.6822536,-1.5007615,0.26307747,23.092775,7.622207,-3.003101,-8.533933,-9.801513,-7.515874,-3.1404273999999996,1.3137268999999998,0.56405807,-3.318980158960108e-06,0.05438409807922191,10.623810915974476,3109.9113570961285,1489.7935694657351,13.38028382203406,8.245663736190174,11.216228999027818,20.969525439583773,16.189394822677386,15.184119918459976,18.543617626245844,0.00049131096,1404.609375,0.0273046875,0.0,0.0,0.0,0.016604586262255906,0.06734276499599218,0.0022231940482743085,0.0011062239897728433,0.8629948925971985,0.030180115364491937,0.019032565066590904,0.0005156880067079329,1.0,True
00:24:50,5c41c28e896e090001c03bb0,247.57910755729594,0.8518976068054003,3.3430878729141544,-48.581356493483725,-347.3663,88.67464,-8.724624,-8.061639,3.3434334000000003,-7.0978330000000005,-9.856832,0.2961895,6.7633350000000005,0.16792302,-0.8847526,-11.35075,-41.105391999999995,16.946867,5.6443615,-3.251019,-18.840569,-6.202056,-9.239180000000001,-1.2864854,1.3260851,-0.00011331778599697828,1.964802221543126,24.695936126119427,3460.4060274829853,3760.1287634160053,9.599959743417855,11.423772623227412,13.653676702124908,16.033702960573784,20.72452986657147,20.3038990248114,30.829625178697967,0.021717636000000002,6957.1875,0.097177734375,0.0,0.0,0.0,0.007351492531597614,0.01088533769361675,0.010219911765307187,0.06616364205256105,0.6733564421534538,0.05835007536225021,0.10209626336582003,0.07157682427205145,1.0,True
00:24:51,59278c090220760001fda664,118.45965857630016,0.9051436694864216,0.4500809508531356,-47.51509655699929,-424.50015,86.60008,4.4362288,4.502365,-1.9667296000000003,-6.057272,-3.3847099999999997,-1.3187925,-3.5233312000000003,-4.36934,-0.60718757,3.2759642999999996,29.924412,0.2487493,-3.0322986000000003,-4.061557,-6.165693,-4.5238943,-2.1725445,0.31052306,0.8264751,-1.3572317999556544e-05,0.2230703781971184,20.111646953075134,2025.905027007545,1353.7754703853484,12.908992180616453,8.220120550880292,11.679701838981345,16.360138956706678,21.081648546470465,22.05555227022627,22.970270462146214,0.00016043213,1948.359375,0.038134765625,0.0,0.0,0.0,0.007344296742230655,0.1216023251414299,0.0016734555107541385,9.815624493057841e-05,0.8179694724082947,0.04430036351084709,0.006686368016526103,0.00032558722159592435,1.0,True
00:24:51,5c41c28e896e090001c03bb0,,0.5006967295843764,,-63.280373928277825,-435.37234000000007,70.026276,-10.287613,-5.995737,-2.2792306,-18.145767000000003,-16.167456,4.987847299999999,12.092407000000001,5.9461656,-1.1732978,-4.3521066,-48.954334,-24.014614,14.262529,12.957885000000001,8.546375999999999,1.1643188999999998,4.353008999999999,3.5557168,1.3702995,-1.3886767058730344e-05,0.24264704729068445,,3769.6020579975775,4466.33780883408,10.731212557585945,10.484424558560734,11.977483108937275,14.83503661034648,18.345344213229925,23.144097566789828,21.25990742179205,0.07845483,8548.359375,0.08794921875,0.0,0.0,1.0,0.0022320099058561033,0.0034362664679065346,0.0012517590163042768,0.00209905277879443,0.968795335292816,0.004947699955664575,0.014344609482213857,0.002893232689530123,1.0,True
00:24:52,59278c090220760001fda664,137.97381922318266,0.6250176513711753,0.8178633380529859,-28.15616778628032,-356.24887,133.77,-2.9416075,-4.0533886,-10.497010000000001,-9.819221,-8.533616,-5.035355,-1.442856,-6.4603667,-9.67825,-0.9809157,26.384421999999997,17.958054,34.027359999999994,13.229056,-13.16104,-14.743232,-8.718193,-8.072366,1.3524085,-6.95076299206114e-05,1.1456538105797134,21.108715007056922,1476.3415675767635,1150.4972052458659,15.292373040131695,12.153564446426142,16.386349716641718,16.748270339042605,19.256936234977022,23.762546362949344,28.567406231005048,8.82648e-05,1959.609375,0.0301416015625,1.0,0.0,0.0,0.004482378326356411,0.17755992770195006,0.0012006955919787287,5.504452798049897e-05,0.7749367570877075,0.0353486717492342,0.006246022563427687,0.0001704668329330161,0.0,True
00:24:52,5c41c28e896e090001c03bb0,,0.6608793746932718,,-58.96609768146576,-436.8303,44.836365,-5.15648,-6.765013000000001,-1.3239416000000002,-6.849278999999999,-3.031882,1.820081,-1.7143551,0.76287687,-0.6120434,-7.266839999999999,-28.391679999999997,-0.7311307,8.596853999999999,1.617901,13.008144,5.625395,2.7986007,7.505221000000001,0.95522463,-1.5942054966046374e-05,0.2800257619157776,,3511.417811559353,3357.458014347179,11.737250847890644,11.902655603858369,10.905043719904802,15.56932377728972,17.023862562074903,16.78807743733254,27.277473553572026,0.010257364,6212.109375,0.0854833984375,0.0,1.0,0.0,0.011784794926643373,0.02754399161785841,0.02432347143185325,0.006160577957052739,0.6931398570537567,0.11295392494648696,0.11442755348980428,0.009665828570723534,1.0,True
00:24:53,59278c090220760001fda664,155.0676954964319,0.4389656535439319,2.3458825427034826,-21.358763750736784,-292.10992000000005,169.3808,-2.424707,1.9213639999999998,-4.184112,-3.3670542,-3.7927475,-7.1617823000000005,3.106807,8.115609,-9.201157,-9.76269,-2.3642309,2.6061585,43.782265,20.617147,-12.671177,-20.437835999999997,-18.90541,-15.018293,1.7336531000000002,-0.00011250911371517205,1.861272608864776,27.32581791481018,1527.2432289754386,1352.8055812798575,16.349672278096822,11.503088089682395,16.633546743577245,16.306843776522232,21.827007431141887,28.680521386007484,32.62914259209881,1.6556609e-05,2571.328125,0.0324169921875,0.0,0.0,0.0,0.00773969119414687,0.25284209549427034,0.001570937705691904,8.40175557823386e-05,0.673283326625824,0.05859835162758827,0.005596869606524706,0.0002846800698898733,0.0,True
00:24:53,5c41c28e896e090001c03bb0,,0.6383721856007126,,-95.95552652787659,-506.972,2.8544087000000005,0.03180278,-0.4000683,-0.8156956999999999,-1.204416,-1.5564512,-1.8631741999999998,-2.1173396,-2.3132745999999997,-2.4470047999999998,-2.5163493,2.747371,2.5722412999999995,2.3338192,2.0386224,1.6946961999999999,1.3113757,0.89901155,0.46866876,0.07334001,-4.5229540382162453e-08,0.0008430847057337318,,6586.568560160802,5887.208256252508,11.259138215930026,12.79716672735474,10.261078423657944,12.288132203072223,14.590219122103289,12.581162116359572,13.456458074598045,0.33225694,13887.668918918918,0.014839790962837838,0.0,0.0,0.0,0.013004591129720213,0.014979442022740841,0.01440392076037824,0.0068729672988411036,0.8059880971908571,0.069182831607759,0.06286863582208753,0.012699538690503687,0.0,False
00:24:54,59278c090220760001fda664,106.80538460213972,0.7903116837100485,0.21903701376970072,-45.75363431403492,-399.30865,92.05149,8.376432000000001,7.937810400000001,2.362058,-0.6044613,-5.500204,-1.9071026000000002,6.363946,-0.02882074,-9.110156,-2.2462602,9.1813545,4.025747,14.1270685,-3.6697683,-12.023143,-11.115674,-15.402201000000002,-6.660113000000001,0.717144,-5.44017748397278e-05,0.901132064244344,17.81333291935566,2298.854172248149,1497.387013902474,13.924147584773063,8.835446231427724,13.100399149772832,17.06410348953625,20.198704636158837,20.9916599899563,23.21372148016136,0.0003105278,2403.515625,0.03263671875,0.0,0.0,0.0,0.022977782599627967,0.18001285284757615,0.004507501763291657,0.0002395316789625213,0.6678241634368897,0.10863594204187392,0.015221088379621503,0.0005811174551490693,0.0,True
00:24:54,5c41c28e896e090001c03bb0,155.29184909394095,0.269473903907867,1.0650300358308027,-42.58342699664391,-251.53867000000002,141.54388,-2.0089599999999996,1.3257651000000001,10.002175,-7.340331599999999,-11.383121000000001,-9.524042999999999,1.0848191,-3.5318315,1.6967212999999999,-18.223894,-77.8267,7.929939999999999,-8.1031885,10.191505000000001,-19.653563000000002,-3.2925067,-18.578644,-4.3933954,2.1317049999999997,-0.0002750359030123038,4.794529011728558,23.505424939050517,2899.108946384523,3471.899753707545,14.329210604721172,10.43116798769649,13.42149179930239,14.771501825981831,18.740256095457354,18.62646411708268,34.217344570656444,0.24871366,6227.764423076923,0.07539563301282051,0.0,0.0,0.0,0.00884314018767327,0.0180407396517694,0.014234238723292946,0.00272242947248742,0.8454104721546173,0.051304584834724665,0.054398530162870884,0.005045829061418772,0.0,True
00:24:55,59278c090220760001fda664,,0.7525821588640021,,-67.45635725847711,-497.44174000000004,13.424605999999999,0.12389917,0.47521573,-0.17698231,-1.4387324,-2.7102466,-3.44752,-3.3705165,-2.5443597000000002,-1.317083,-0.15474035,9.883548,5.116899500000001,0.4165387,-3.0712992999999997,-4.7017856,-4.490052700000001,-3.0282967,-1.2097248999999999,0.20945102,-5.130544711525375e-07,0.008613199846501279,,4335.117431434068,2278.34487132712,13.128503033585439,8.676138996339068,10.276329025785179,20.432475684567034,15.248275786215197,14.21867861583276,16.738546644915072,0.0021624495,3973.125,0.0276806640625,1.0,0.0,0.0,0.055073164999485016,0.32471021384000776,0.013472035303711893,0.0005160729272756726,0.4396723449230194,0.14029905021190645,0.02522159952670336,0.0010355261014774444,0.0,False
00:24:55,5c41c28e896e090001c03bb0,186.49182063110638,0.7547059145648011,0.8710249115846325,-17.028452706307252,-163.41132,157.13557,-10.275905999999999,-9.350695,2.3677227000000003,-5.880286,2.129077,2.5592775000000003,0.28577474,-6.0804815,-6.200705999999999,-10.240597,-63.31443,24.60015,2.704511,-1.7824967,-3.2253472999999997,-13.69765,-20.717745,3.500554,1.8171113,-0.00025104405524132797,4.284259732213614,19.486607886665325,2253.9588946402105,2466.34769484844,13.16394258784825,12.576776907703692,15.009101746042347,16.697008912315276,19.512000436327515,21.082937948568414,45.38928760163309,2.8088883e-05,4518.28125,0.072099609375,1.0,1.0,1.0,0.036892707971856,0.06663022795692086,0.005263197049498558,0.008706831329618579,0.6569029003381729,0.13743670992553236,0.0793028799816966,0.00886452398262918,0.0,True
00:24:56,59278c090220760001fda664,183.0596483705873,0.9187768515659626,3.3835266439737732,-48.4077985705374,-439.5386,72.25404,-1.635373,3.4021428,2.564006,-0.6781535,-3.2830446,-2.9489042999999997,0.020881338,1.0771959999999998,-1.8462744999999998,-4.354299,24.314812,-6.058228,-9.568119,-4.491747,-5.547154,-12.215353,-15.811797,-10.795641,0.82299966,-1.652230482810338e-05,0.27256016641444125,16.85467517574745,2455.808738831969,1624.8609125702897,11.753757915712324,7.857470104370805,12.058265534861242,18.2065375529384,19.54490281490536,16.84736469561091,23.564758838216576,0.00043880339999999995,2353.359375,0.0386083984375,1.0,0.0,0.0,0.019055322594940662,0.32278766147792337,0.0055913761537522075,0.0010611256788251922,0.5664275741577148,0.07078705757856367,0.01298657886683941,0.0013033164711669088,1.0,True
00:24:56,5c41c28e896e090001c03bb0,180.29248758943177,0.9320634198065756,1.1264882192404893,-12.729944275987888,-112.98105,155.69781,-11.317203,-4.8936470000000005,7.148119,-5.043206700000001,0.0077025136,-4.289946,-0.13216087,-3.2496169999999998,0.31080836,-12.796702,-71.93309,27.260687,-19.443134,5.3257117,-2.3591877999999995,-4.606574,-16.358807000000002,-1.5322065,1.9430596000000002,-0.00033715039048418344,5.81766019419276,22.38791584733821,2443.43703477282,2769.208732366945,13.557127480747347,12.186126713117124,16.28390857579907,16.204790113168713,20.075893781214702,20.948295518972273,48.17079585705925,3.18404e-05,4776.796875,0.0793505859375,1.0,1.0,0.0,0.08306174073368311,0.018285202172895268,0.007875437576634189,0.07847156034161648,0.5580272016425928,0.1328900403653582,0.06244684864456455,0.058941916252175965,0.0,True
00:24:57,59278c090220760001fda664,253.337856487048,0.922087350038168,11.36319821374074,-56.29891158527769,-468.96494,48.056637,0.2689893,-0.9013581,-3.1446145,-5.3832045,-6.6815023,-6.533723,-5.088158,-3.1576207000000003,-1.7711378,-1.4744422,30.793053000000004,11.316177,-3.160962,-9.862798,-10.125903,-6.9657089999999995,-3.1311316000000002,-0.44094940000000005,0.5445241999999999,-2.5239241990320406e-06,0.04150150160485383,7.787663648593923,2789.9984614957957,1437.4689600349427,12.914386252665722,8.211201518974582,10.472742569410178,18.651483854521068,16.958080059901427,15.315216862975163,20.61503373860408,0.00041124902999999997,1757.34375,0.02830078125,1.0,1.0,0.0,0.004507544906809925,0.015128590371459725,0.0010173765919171275,0.0018957302399212493,0.953327569961548,0.01405978832859546,0.006569174551405013,0.00349420307087712,1.0,True
00:24:57,5c41c28e896e090001c03bb0,307.0451184618996,0.9541341803284829,3.007109672276328,-37.66055629658392,-263.6411,134.03581,-12.510297,-6.2882733,-0.9153833,-16.25921,-8.143434,-2.8876476,2.7641322999999995,2.6544137,-3.054974,-25.669317000000003,-59.23716999999999,18.001362,-9.183712,-2.1066487,-7.9289575,-10.895122,-24.234657000000002,-8.139747999999999,1.664766,-0.00020233703538734705,3.4597246723686403,23.38045496838902,3419.709891970169,3330.1067045011314,9.739286577678953,13.652439048339765,14.472835511572432,15.512160013484626,18.711323021472282,20.53900215369366,36.8654933687842,0.019229677,6692.109375,0.0668701171875,0.0,1.0,1.0,0.032262124895351005,0.005302599427523091,0.005221115939093579,0.007236810064205202,0.7478993564844132,0.11475828441325575,0.08312191225995776,0.004197816911619157,0.0,True
00:24:58,59278c090220760001fda664,218.0116219419783,0.6477946476088361,9.759617472505587,-49.853079879662715,-434.95493,75.799355,0.79343605,6.991703,3.6785730000000005,-3.6634860000000002,-6.4945955,-5.3282857,-4.025263,-2.9623616000000004,-1.4257941,-0.42138287,26.218487,0.68714404,-0.7142335999999999,-0.18507175,-2.3377592999999997,-4.0316358,-6.713222999999999,-6.5001783,0.7578104999999999,-8.057844123842464e-06,0.13298323373772078,5.087425922808074,2296.199345327564,1316.5845120941499,13.783805038033746,9.010979639077851,10.791864891924236,18.651802415396343,20.48332506604905,18.044782801826862,21.415889520189047,0.00023033077,1583.203125,0.032197265625,0.0,0.0,1.0,0.009257828125264496,0.0414934092015028,0.0012689964147284624,0.0005455469887601794,0.8933266401290894,0.0301780086196959,0.02359928729245439,0.0003302991899545304,1.0,True
00:24:58,5c41c28e896e090001c03bb0,265.7738360688153,0.5866181952028499,7.047840754240826,-50.4620960641445,-342.0873,95.172035,-13.765522,-5.959931,9.481278999999999,-4.995097,0.7227713000000001,5.815752,-2.6791046,4.787447,-2.0929222,-14.936707,-95.08285,15.634939000000001,5.987281299999999,-25.353413,8.051167999999999,-15.923843,-37.36591,-8.987889,1.7817793000000002,-0.0001107518240605282,1.9674903555696648,17.176696771207922,3977.173156352455,5166.513751011607,13.716791060275163,9.347897093425557,11.712832452257745,14.003090597423576,18.58008766975487,20.31275652399703,34.212993970820214,0.041497517000000005,9648.984375,0.11810546875,0.0,0.0,1.0,0.010827599582262338,0.003869421128183603,0.0011180039960891008,0.004612279095454142,0.9101373314857484,0.006964494567364454,0.061626243777573114,0.0008445942949037999,0.0,False
00:24:59,59278c090220760001fda664,,0.6617390011577735,,-59.252271405117575,-475.23093,39.259632,3.4721477,4.389882,1.2800639,-2.4624099999999998,-3.8701453000000003,-3.5945410000000004,-3.5814989,-3.5999392999999995,-2.3687037999999996,-0.36343896,23.724722,9.027877,-0.23589909,-5.4401470000000005,-8.551907,-9.231253,-6.52712,-1.2665826,0.45780292,-1.4303556317453526e-06,0.023667330376223344,,2920.545409768469,1462.9846399286907,13.345965847043738,9.144439606815745,10.816572492778812,19.400565570556747,16.861810102963506,17.44736858830044,18.68949054682356,0.0004604781,1621.640625,0.02890625,0.0,0.0,0.0,0.001985796061344445,0.05530458100140095,0.0007627149671316148,7.066426129313185e-05,0.9310451340675354,0.006225525299087167,0.00445279389154166,0.00015280749677913264,1.0,False
00:24:59,5c41c28e896e090001c03bb0,183.5592455645999,0.4976669827718295,0.29074673484444497,-28.895362211656238,-250.85683999999998,123.8942,-10.326604,-0.7206015,7.5517163,-12.312368,-6.219385,1.2796450000000001,-1.2625947,0.57056177,-3.1400912,-16.130434,-69.55901999999999,-3.3308214999999994,0.64403945,-6.676725,-7.2063426999999995,-16.993166,-28.443277000000002,-8.068985000000001,1.6289837,-0.00015856864304870482,2.7276158792863243,23.352179285247274,2244.1331987669096,2693.7712691701104,15.007630926433187,11.106586531820831,13.912154611335929,15.847294107615056,20.032499568111415,20.41224826364528,40.2091507042942,0.0017780670000000001,4565.390625,0.080703125,0.0,0.0,1.0,0.014429361035581678,0.006487816444132478,0.0038062898849602787,0.005155392771121115,0.8890083074569702,0.02253058423520997,0.05582365300506354,0.002758588487631641,0.0,True
00:25:00,59278c090220760001fda664,,0.7278987402213744,,-60.767338594442556,-482.0264,33.07132,0.13542897,0.46580252,-0.6093731,-2.3472254,-3.8915748999999997,-4.5924463,-4.221616,-3.0216743999999998,-1.5617784,-0.45516485,23.881320000000002,12.006791,1.0289675999999999,-6.3504434000000005,-9.158615,-8.142329,-5.080104,-1.875574,0.41188842,-1.0791843523136414e-06,0.017838819396774914,,3202.788243523736,1510.2436168808715,13.809194551555615,8.34550488192862,10.517610931336199,18.76020001610707,16.122986201264148,14.853305349971,18.366920594050068,0.000565126,1661.953125,0.0244482421875,0.0,0.0,0.0,0.004928602846339346,0.0731909504532814,0.0019386319001205266,0.00020810503345273905,0.895623619556427,0.016067670993506908,0.007487065787427126,0.000555388251086697,1.0,False
00:25:00,5c41c28e896e090001c03bb0,162.34686630553352,0.7480670677454687,1.7431525609362903,-16.76166141216336,-208.58015,141.47406,-12.804093,-0.6738831000000001,4.0229244,-6.868415400000001,0.12281375,4.5537834,3.7474802000000005,1.5816629,-8.065487,-14.301064499999999,-54.936969999999995,45.75954,12.726958999999999,-7.064603,5.6094584,-26.686553999999997,-22.992073,-5.009803,1.7641466000000001,-0.00019678143280407232,3.34912653183778,13.581952738434953,1963.830022112113,2710.0923840261553,15.03107808894089,12.215133580227857,17.421154025217653,16.013811292527453,20.18282222587139,22.071469998771587,46.32644385971066,1.3341396999999999e-05,4382.109375,0.0917431640625,1.0,0.0,0.0,0.014976705878507347,0.007069802551995963,0.010104959312593564,0.0377565449103713,0.7381110161542892,0.023187567899003624,0.1576832914724946,0.011110104469116778,0.0,True
00:25:01,59278c090220760001fda664,,0.7255998907417371,,-59.157283426675264,-478.69064000000003,37.332912,0.8133121999999999,0.42749757,-1.5225563999999998,-3.8546227999999996,-5.506139,-5.9255233,-5.1441317,-3.6083717000000006,-1.9232354999999999,-0.63010913,26.907633,13.391112,0.88569826,-7.41575,-10.298803,-8.658324,-4.7540207,-1.0459723,0.45825002,-1.2710014067385242e-06,0.020942869703656188,,3010.4950708854217,1396.0964614716445,15.30907164820844,8.458558471632957,10.800256448347369,20.4445564968128,16.18705056118552,15.413453366395194,18.191214814878823,0.00046100715,1456.640625,0.023525390625,1.0,0.0,0.0,0.005426681451499462,0.12566051840782164,0.0026822606241330505,0.00011754556733649224,0.8407063269615174,0.020038072429597382,0.004973645955324173,0.00039497809251770377,0.0,False
00:25:01,5c41c28e896e090001c03bb0,136.9778200631477,0.8899783424838159,0.7664530237254595,-23.07705541854309,-299.2262,140.58572,-17.284392999999998,-14.743974,9.354544,6.175549,-3.0412142,-0.119256556,-2.928588,-3.9494398,-2.1375804,-7.692197999999999,-0.9965905999999999,33.935790000000004,18.549416,3.142257,23.044826999999998,-7.388016,-18.37593,-2.4372409999999998,1.7503064999999998,-0.0001015821421777288,1.700756411509713,12.332252302715704,1601.9272295003475,1926.5567775318234,15.858142099628527,13.33357524404124,16.626281554019428,21.05554361294452,23.447321293760876,26.16996752548289,38.32198756629532,9.364573e-06,3206.25,0.0619873046875,1.0,0.0,0.0,0.007582878228276969,0.00332701695151627,0.0004404181963764131,0.009137790650129318,0.6998004317283629,0.002856263890862465,0.2760361135005951,0.000819091044832021,0.0,True
00:25:02,59278c090220760001fda664,,0.7248141637109575,,-57.884449074032624,-472.27572999999995,44.127309999999994,0.8853965,1.5323619,0.30368385,-1.6557778000000003,-2.9614347999999997,-3.1709158,-2.843677,-2.5692522999999996,-2.2711482000000003,-1.602119,28.731792,11.356461,-1.6431808,-8.037998,-9.231418,-7.610118400000001,-4.7431626,-1.5544782,0.5021834,-1.6160762204318496e-06,0.02658862657802869,,2753.382998911753,1316.44827720553,12.824214854982948,8.590068421572017,10.361005114203893,17.485097869298315,19.07822700514605,15.566865419598322,18.36782427186081,0.00036530667999999997,1377.1875,0.0262744140625,0.0,0.0,0.0,0.00652754196897149,0.17798179358243946,0.0015742788184434176,8.435336785623802e-05,0.7726462483406067,0.03439958218485117,0.006540656955912709,0.00024556183139793573,1.0,True
00:25:02,5c41c28e896e090001c03bb0,214.94320730315704,0.8104338105603794,7.445845477164769,-44.789444937066726,-321.81955,124.51089499999999,-13.479617999999999,-9.299114999999999,6.535517700000001,1.8518436999999999,-0.46993425,0.25502396,3.0440092,0.6901851,-3.244336,-8.560137,-51.35078,6.492703,5.239463300000001,-0.6648361999999999,-5.0725574,-15.811985,-23.983929,-10.839195,1.4064927,-0.00013246306948827487,2.266071797974269,37.62364064934327,3394.4470782877165,3500.8526244836003,12.017401900440866,8.62571268246775,13.43067465095752,13.265190694750595,19.309211862221165,18.649948968708944,31.65565905858828,0.021608215,7055.15625,0.0749658203125,1.0,1.0,0.0,0.009168873861199243,0.014946318609872831,0.0026709129888331518,0.009477205958319246,0.8002410139888525,0.046016873035114265,0.11303102038800715,0.004447769149919623,1.0,True
00:25:03,59278c090220760001fda664,95.3518770253784,0.6900693767579451,0.4772567651831204,-43.85429148821118,-414.99637,99.002045,4.487461,5.548669,1.0057325000000001,-2.7093165,-3.3209622000000003,-2.2711973,-0.6194558000000001,-1.1381983,-2.9451709999999998,-0.97950095,40.53671,9.033401,2.8673493999999997,-0.19489738,-1.5372821,0.005501458000000001,-0.59813684,-0.005962372,0.84949505,-1.2767510404392193e-05,0.2088459734367213,3.7881514593109946,1953.928538139076,1079.9110156008735,14.10757539027961,9.918857186180707,12.238646821596706,16.410039629976144,19.65500521792403,18.64346933953536,22.84035675149474,0.0001245366,1499.765625,0.02392578125,0.0,0.0,0.0,0.004952068366110325,0.1735330656170845,0.0013973819790408016,7.059616094920785e-05,0.7872119760513305,0.030592796988785267,0.00182370729977265,0.000418407937977463,0.0,True
00:25:03,5c41c28e896e090001c03bb0,,0.7407489362771195,,-108.0150595154745,-507.33987,,,,,,,,,,,,,,,,,,,,,-1.0281733483030213e-08,0.00023586326899045507,,6688.506869164164,8636.364207538603,9.289625120435009,8.777744514044944,9.243848379946863,9.48851515163608,10.125447107787043,9.937961809447398,10.97669228885885,0.8461644,17013.020833333332,0.016456886574074073,0.0,1.0,0.0,0.03119158900808543,0.006058622011914849,0.008885221974924206,0.0044037678802851575,0.9008586764335632,0.009003571036737412,0.03770848831627518,0.0018900667259003968,1.0,False
00:25:04,59278c090220760001fda664,,0.7513659885209281,,-46.92216834349879,-423.0928,96.56534599999999,0.068147905,-0.24781153,-1.3286836000000002,-2.1310333999999997,-2.303986,-2.1920922000000003,-1.9713870999999998,-1.3408528999999998,-0.04851130000000001,1.4119339,45.232659999999996,2.3426785,-12.4468975,-7.350669,-0.24744347,1.0647004,-0.28433204,-0.48456988,0.8142222,-5.523682419948786e-06,0.09040667759532617,,1663.6145972272611,993.5347588764984,10.939680063623149,9.544101267827546,11.740145631033268,15.601678616162221,23.41041661326852,19.396725441812638,20.48857090774613,6.166100999999999e-05,1437.1875,0.02716796875,1.0,0.0,0.0,0.04485596219077706,0.04117955703288317,0.034070567539893085,0.011360534448176623,0.7462808012962341,0.04660899875685573,0.06562268545851113,0.010020878454670309,1.0,True
00:25:04,5c41c28e896e090001c03bb0,,0.6381784116976023,,-91.31736267013042,-506.34945999999997,-0.5687058,2.1296225,-2.7121327,0.39119673,1.8694495,-2.7533867,-0.8807844000000001,1.8307836,-2.2181938,-2.3182175,1.2509053999999997,-2.5023737,5.406823,1.4701452,-3.1762322999999997,3.3495239999999997,2.3344057,-2.900563,1.5799278,0.24213111,-1.4394305381837278e-07,0.0027830022572633843,,5951.104060735499,7102.521336135699,10.828987062242069,12.796238057936769,10.728968769452887,11.387427993871784,16.00837142335903,16.49243779114985,14.350172259339285,0.22469488,14017.917798913044,0.07740367542613638,0.0,0.0,0.0,0.01777710248198774,0.007420088035157984,0.012755722790542576,0.0058529844132459,0.8262803496585952,0.022351608508163028,0.10559185780584812,0.001970269439172828,0.0,False
00:25:05,59278c090220760001fda664,,0.7210265171241542,,-48.32959866094513,-432.97943,87.21056,-0.69364744,-1.2847248,-2.1571536,-3.1586702,-3.6675766000000003,-3.1372364,-1.8120253000000002,-0.58917224,-0.023389075,0.1271382,44.53467,5.2665844,-12.978387,-12.38406,-5.3538456,-0.72167224,0.30216682,-0.14507335,0.77415854,-4.531415854856739e-06,0.07415266563175531,,1699.5518339210962,997.2632312547487,11.746489102460428,8.807835808195382,11.542892807141016,16.71292004188355,21.581737542328987,18.36316172732875,20.003533299733714,6.392841999999999e-05,1364.53125,0.0272802734375,1.0,0.0,0.0,0.00894724139245227,0.002744503700523637,0.0006883809575811028,0.017158595696091652,0.9311694216728209,0.0024924824427580467,0.0026410073760780505,0.03415836910717189,1.0,True
00:25:05,5c41c28e896e090001c03bb0,231.445947585937,0.4269886680603529,17.949903473404905,-45.178782820394964,-384.00388,67.25213000000001,-6.573730499999999,1.6720897000000001,7.435627,-12.309057000000001,-9.637921,7.484381699999999,6.890401400000001,6.192684,-0.6936958000000001,-11.362388000000001,-82.36816,-25.54016,9.569619,3.3459557999999996,18.34318,-0.43082348,-13.525768,-2.6622574,1.642712,-2.9776610327791765e-05,0.5189200438769795,1.629162178411107,2444.1413427205666,3414.654408283513,12.310293748102591,9.967090888194123,13.577630615214172,18.129097879932647,19.789993951298626,23.156863144002262,32.40623747124546,0.016426982,5455.3125,0.10759765625,0.0,0.0,0.0,0.06427297946065665,0.03339296886697411,0.13096194863319394,0.00720097729936242,0.3744597375392914,0.18317611813545226,0.19971283823251726,0.006822400423698127,0.0,False
00:25:06,59278c090220760001fda664,,0.7600231531385226,,-48.52781018513375,-438.33267,83.503654,2.61755,1.5483993,-0.20362628,-2.3682394,-3.9248347000000003,-3.8448644,-2.3311443,-0.7139313,0.07035763,0.34435695,48.251490000000004,12.41708,-8.83502,-13.374397,-8.445715,-2.102895,1.7353735000000001,2.9220493,0.7288199000000001,-4.32330496972916e-06,0.07062402907789278,,1732.055247906296,924.7058224048947,12.354928456839676,8.513687283340332,11.247683022987669,18.860313429892983,20.6598784525818,17.953033951079387,19.72211710995261,5.524946e-05,1146.09375,0.025244140625,1.0,0.0,0.0,0.0013448862938093952,0.001699045342975296,0.00019218318644561805,0.0012223552021896466,0.984957766532898,0.001079320542194182,0.0006584935363935074,0.00884599172277376,1.0,False
00:25:06,5c41c28e896e090001c03bb0,187.41956289597672,0.6738700573163586,4.327994719282279,-41.94674932142582,-376.12683,108.34611000000001,-16.206549,-11.508208999999999,3.1744654,-1.8687418999999998,-2.8832655,4.6898026,4.253111,1.6119769,-6.442950700000001,-12.348785000000001,-4.4831543,-6.1155653,-7.240272,-12.949568,7.045113000000001,0.7581342,-10.505202,-7.4416356,1.2460791000000002,-6.81564007048032e-05,1.1192546823314116,18.128806720943906,2546.257966447664,2308.788651493416,15.100771838076325,10.534397162177104,12.550950459567714,18.319501045951235,20.448522325382925,20.316850676169675,31.146782596542373,0.005433197,3984.84375,0.0640478515625,0.0,0.0,0.0,0.17033638432621956,0.009459797374438495,0.18762154504656792,0.14690654277801513,0.0432257752167061,0.1783701904118061,0.21406615599989887,0.050013634562492366,0.0,True
00:25:07,59278c090220760001fda664,,0.7424482212309205,,-56.6458770647835,-467.26385,49.766453000000006,1.5300401000000001,-0.8967189,-4.3089857,-6.636164,-6.666188000000001,-4.824460500000001,-2.5881608,-1.1912871999999999,-0.8515290000000001,-1.0344715,30.919970000000003,10.086289,-4.6755510000000005,-10.603348,-9.696155000000001,-5.5859528,-1.2358723999999999,1.4688568000000002,0.5437823,-1.8452156936561725e-06,0.030320290169774607,,2539.9142885221045,1240.8935041493733,12.769524132987206,8.65550410264868,10.66618866091167,19.08330293598803,18.596197846262413,15.833129644115278,18.457755114639014,0.00028016042999999996,1354.453125,0.0264013671875,0.0,1.0,0.0,0.0005173074555037041,0.007139988138358324,0.000387408191342659,0.0003321012305745032,0.9855963198038248,0.0017657791087493445,0.0007926334197131487,0.003468491660896689,1.0,False
00:25:07,5c41c28e896e090001c03bb0,131.2613132730635,0.9256658585191806,1.6757673777276028,-21.112636089121477,-245.25152999999997,153.41386,-18.380032,-3.6667006,10.576713999999999,-5.875149700000001,-5.74055,8.161644,0.35764697,-1.0205275,-5.542441999999999,-16.778710999999998,-36.28541,22.364437,4.0253544,-7.8363833,15.907559,-21.416191,-19.554035,-4.315563,1.6797072,-0.00012422069750669368,2.1169295226952443,18.331347680985274,1758.75825872028,2440.909546171748,16.92396380270674,11.622604850691454,15.653794209320171,15.907790578469006,21.085150888136013,23.120251348303377,44.318393098646915,7.830008e-06,3821.953125,0.0893994140625,0.0,0.0,0.0,0.19097084924578667,0.005499960447195917,0.3544587977230549,0.11244200523942707,0.009389187756460159,0.14915850348770618,0.11616674289107325,0.061913926061242824,0.0,True
00:25:08,59278c090220760001fda664,,0.7549423899598258,,-55.55486202029565,-467.9916,50.40254,1.0329629999999999,0.29412887,-1.5847663,-3.2470555,-3.901221,-3.4415164,-2.2308006000000002,-0.8058099,0.33693892,0.8599819,34.734429999999996,15.086339,-2.0440621,-12.163978,-14.307973,-10.7084,-5.0854373,-0.66748965,0.5082323000000001,-1.8367886881676183e-06,0.03013726228677997,,2505.07104840884,1159.3874359171045,14.646605615652444,9.047039278194267,11.38857053079134,20.343208851249347,18.002854091453507,15.559834127473552,18.345199739552093,0.00021070652000000002,1099.921875,0.0244140625,0.0,0.0,0.0,0.00019313593026405818,0.00035100615641567854,7.674335077657209e-05,7.18000346144739e-05,0.998705240090688,6.915109103526144e-05,5.814166203587472e-05,0.0004747834871523082,1.0,False
00:25:08,5c41c28e896e090001c03bb0,,0.5137370039894987,,-53.88825883598006,-420.95697,22.515553,-3.3479402,13.123282000000001,10.585674000000001,-3.9892974000000003,-0.74339384,8.371428,1.5840925,-8.8258915,-2.4178193,-4.5887356,-46.352646,17.002705,-21.581488,-1.3883276000000002,28.954403000000003,-14.5334,-11.221007,2.543273,1.3360648000000002,-1.6035773385388288e-05,0.3047464960176553,,3346.8544138384023,5002.695496950871,10.426445199950845,9.266542151124836,13.143219264908234,15.964697645837655,21.951321949778208,21.11564182569417,34.974586995426165,0.019226948,7717.265625,0.1909912109375,0.0,0.0,0.0,0.14771627336740495,0.014753218088299037,0.23555225469172,0.06855324790813029,0.02625207034870982,0.2601083490997553,0.2231317088007927,0.023932887869887055,0.0,True
00:25:09,59278c090220760001fda664,,0.7540322107159546,,-49.02139721394782,-437.62683,82.38195999999999,2.8967943,1.0470871,-1.3310666000000002,-2.424271,-2.3148236,-2.0205002,-1.5759253999999998,-0.38547176,1.1976461,1.9998571,43.792854,8.44111,-8.143854,-8.605898,-3.9871466,-0.8018718,1.0840393999999998,2.6756055,0.77374846,-4.2407988901477405e-06,0.06935325210284382,,1770.0527536731076,987.264337745936,11.773076299963375,8.626703413993308,11.865925857598468,16.80895664127442,22.65499327703005,18.607747260642157,19.456763902238272,7.885206e-05,1380.234375,0.0260009765625,0.0,0.0,0.0,0.000515741727334292,0.018741962309771532,0.00038014377520691287,5.549137058551425e-05,0.9774253408114116,0.0018226276311906985,0.0006730107505669973,0.00038569481209075696,1.0,False
00:25:09,5c41c28e896e090001c03bb0,194.9167638477617,0.7935646207508489,1.51851229080534,-62.88905628259658,-391.71567000000005,147.2936,-4.208977,-6.4079943,6.7859419999999995,8.123941,0.004133805999999999,1.9956701000000001,-1.8720549,-7.6119012999999995,-5.3647675999999995,-12.119147,-31.461484999999996,-4.2866325,-13.392398000000002,-5.8464637,-5.526773,-5.157262,-8.508792,-6.3321934,2.2369132,-9.40558543610315e-05,1.5649798388878438,13.322792250958916,4557.489417876749,4645.5479032958565,11.468423545001807,10.274098783511569,14.789626588349122,18.266021379020312,19.016772786868888,18.378943268057455,23.94250485417437,0.10800712,9869.901315789471,0.04517372532894737,0.0,0.0,0.0,0.2240912113338709,0.004567133728414774,0.05342379156500101,0.161833612434566,0.004055000189691782,0.31368775516748426,0.14400089681148528,0.09434061069041492,0.0,True
00:25:10,59278c090220760001fda664,,0.7300523994350083,,-54.5931440011884,-459.43573,57.884354,2.9772441,2.247098,-0.40352875,-3.2723715,-4.7461433,-4.5414699999999995,-3.6838852999999996,-3.2807686,-3.4244108,-3.4013044999999997,32.498222,6.210629,-10.161942999999999,-14.737066,-12.04473,-7.097092999999999,-2.3821387,1.2367531999999999,0.5585979999999999,-2.473550005250438e-06,0.0405929502148101,,2313.182196928702,1193.8368305963395,13.13617622011767,8.355158654441016,12.2275564393736,17.709461815590764,18.62444383264453,16.43823552974319,18.786589392023423,0.0001953971,1300.78125,0.028212890625,0.0,0.0,0.0,0.000800746466848068,0.008432963474964103,0.0008797197563884158,0.00016306316829286515,0.9872800827026368,0.0009428255085367711,0.0007179798340075648,0.0007826329499948768,1.0,False
00:25:10,5c41c28e896e090001c03bb0,206.50668992831683,0.9419305558904796,1.6826323062068524,-15.2227155111553,-152.74411,159.90527,-10.854609,-4.0519457,4.5374002,-7.0750402999999995,-0.9664415000000001,1.1820537,-0.63600385,-3.8200765,-4.8985577000000005,-13.505099,-64.81936,20.943169,-5.470430400000001,-1.151653,-7.587599000000001,-16.972567,-24.607838,-8.347930999999999,1.7637202,-0.0002648079768973813,4.496282480496629,18.092504176522148,2246.347103581361,2273.534559588292,12.221058901645227,13.024980838892931,17.308497063129494,15.589062786648475,19.7254506890542,21.105773279502632,44.80110821499208,2.8699261999999997e-05,4255.546875,0.055458984375,0.0,0.0,0.0,0.06320264842361213,0.0026698270754422987,0.02144740913063288,0.47889663875103,0.0044641421525739135,0.13621118366718293,0.14659091494977475,0.14651722833514216,0.0,True
00:25:11,59278c090220760001fda664,,0.7396461004042417,,-61.285996238245325,-485.09372,29.174456,1.5974298,3.0085268,2.4742482000000003,0.6529119000000001,-1.5410727,-3.328218,-4.2853928,-4.367296,-3.791179,-2.882726,21.043036999999998,10.239087,-0.18118533,-7.6141276,-10.72845,-9.739486,-6.090993,-1.7436078999999998,0.3923337,-9.2226476216882e-07,0.015294296952362656,,3304.697222342793,1566.897174910878,15.183568975475307,7.9601811456585425,10.942844812261985,20.18653514937232,14.879725131308616,14.472176017302106,18.38847438530649,0.0005813266599999999,1588.359375,0.0257763671875,0.0,0.0,0.0,0.0006927187399317821,0.002755685290321708,0.0002489253218906621,0.0002470712216260532,0.9921791950861611,0.001037456285363684,0.00010881174578874681,0.0027301762253046035,1.0,False
00:25:11,5c41c28e896e090001c03bb0,189.85157626142242,0.9200268596653991,1.0109848256660356,-17.67380648656028,-211.59423999999999,133.47865,-1.1597984,-1.7825555,2.6308765,1.6127045,3.1893687,-5.647672,-1.0036293,5.954658,-0.6189547,-15.253778,-45.952723999999996,39.994244,-1.7690773999999998,-9.985068,-2.8465016,-19.48134,-24.461147,-1.9546424,2.0176528,-0.00020674717160615636,3.5293407047073115,13.981669956742218,2084.450603933661,2634.439091604964,13.992620770911934,12.905477615936807,18.14343069230594,17.45590211566832,22.78234216332849,23.448209909200436,43.987468321651896,1.9911744e-05,4423.125,0.07609375,0.0,0.0,0.0,0.14229657335413826,0.0031195347223223913,0.030452559805578656,0.3237049211230543,0.018078934291325927,0.13181019533011648,0.2663209388653437,0.08421633206307888,0.0,True
00:25:12,59278c090220760001fda664,,0.7511416713514967,,-61.88064458732453,-485.9346,28.085884000000004,1.2943858,2.4873887999999997,1.5228834,-0.7603602,-3.1347456,-4.5261517,-4.415963,-2.9685478,-0.8730304,0.9997719999999999,20.203312,9.670779,-0.5747561,-7.970307400000001,-11.129655999999999,-10.168481,-6.471433,-2.0400157,0.37989774,-8.793705970218056e-07,0.014600803431355643,,3366.1752412136884,1611.5745057639224,13.162214776161788,7.745091085346768,10.228891932569748,21.72950128869049,15.264804505056969,14.568493147221872,18.110910079618503,0.0006621457000000001,1696.171875,0.0266845703125,0.0,0.0,0.0,0.0032705719136477763,0.004691540946563085,0.0007863872854310709,0.000622233818770231,0.9839637120564778,0.003417034887631113,0.0022100762512612467,0.0010384476840651284,1.0,False
00:25:12,5c41c28e896e090001c03bb0,187.3400964601528,0.7644997959680896,1.2048934618829164,-31.879254391961986,-342.98035,84.45469,0.21819358,-0.7351751,3.6522348,-0.6905584,-3.1449866,-6.5151644,-3.525964,4.405028,-3.3188758000000003,-11.20958,-23.760270000000002,24.815842,-6.3558984,-9.205144,14.016748999999999,-18.818216,-21.3238,4.5812615999999995,1.3057633999999998,-9.096237653110274e-05,1.5428237926338966,20.066390530174207,1706.6600399345475,3575.2459586477007,11.941959845855674,12.532420544918836,14.644862164634269,17.438809192965394,23.897796458603892,30.745158484231702,38.507477440719626,0.0018788679,4922.578125,0.128203125,0.0,1.0,0.0,0.18560815070356645,0.015465801082817572,0.05471743111099515,0.11287719729755605,0.0295911086057978,0.2281827288014548,0.2770394853183201,0.09651813130559664,0.0,True
00:25:13,59278c090220760001fda664,127.16186280078811,0.7196360811298267,2.5387744552600218,-50.99442352775796,-448.34344000000004,61.431026,5.7059026,5.715731,1.3365917,-4.652842,-7.240784599999999,-3.5646712999999997,-0.88760746,-1.9797695,-2.5876987000000002,0.28965205,26.653631,11.296564,3.6490715,-3.4410222000000004,-6.11698,-6.4497023,-6.489424700000001,-1.1461146,0.80123556,-4.905111238618528e-06,0.0822163859530351,7.403579880556157,2568.410271973945,1593.7753841408926,13.375058910099776,8.144544215798831,11.066179823043724,18.14542057870264,18.81982100971853,17.218404027951085,21.865430453242507,0.00038665739999999997,2139.609375,0.03845703125,0.0,0.0,0.0,0.004050214922366043,0.006016335977862278,0.0014588779381786785,0.0013932859563889602,0.9777980923652648,0.0024849323788657786,0.005828312458470463,0.0009699576844771703,1.0,True
00:25:13,5c41c28e896e090001c03bb0,,0.6956437808345995,,-95.36942495789205,-506.7706,5.9571819999999995,-1.7395781000000003,0.5161353,3.5213392,3.9899837999999996,0.71190685,-4.158296,-6.7786064,-4.8247599999999995,0.5219805999999999,5.4745870000000005,-0.7608102,-6.2823377,-6.92117,-2.9925451,1.8019178,3.6873970000000003,1.9107162,-0.9801753000000001,0.23752087,-5.901933081204302e-08,0.0011615028697787052,,6209.240240767535,7361.375585505151,9.47036860780586,8.04461620866935,12.539240818756635,14.403531808530396,12.537433591988602,14.098824406594474,15.003518173852207,0.32170928,15031.34765625,0.08319091796875,0.0,0.0,0.0,0.14887527469545606,0.00884246249916032,0.15885010384954512,0.07977947732433678,0.013510456134099513,0.17315795365720987,0.291841384023428,0.1251428967807442,0.0,False
00:25:14,59278c090220760001fda664,132.00976446634016,0.5245418993211265,1.2366645126445217,-27.702315201428828,-328.37595,153.15288,2.9733848999999997,-1.1717028999999999,-2.3623316,2.1804669999999997,-4.442556,-8.412782,4.227472,5.172842,-12.103752,-10.239586,11.899425,-0.58555233,30.081974,10.778427,-18.744057,-24.52378,-18.520483,-6.0586433,1.392516,-7.336333693008738e-05,1.208808561238687,21.11802038683523,1700.422121295837,1463.7939006568686,15.187373821866634,10.883992880292624,13.93025669123791,15.700177842803669,20.56323202340622,25.06377554229148,29.12727631951841,0.00032117698,2795.625,0.0383251953125,0.0,0.0,0.0,0.0020599201709652947,0.006570684164762497,0.0012381353066302837,0.0005542956525459887,0.9838329315185548,0.001558778757074227,0.003549246427913507,0.0006360787063992273,1.0,True
00:25:14,5c41c28e896e090001c03bb0,,0.5244968083039784,,-100.61733514507229,-506.66373,15.609279,-2.0866846999999997,-4.226921599999999,-5.980419,-7.276682000000001,-8.12222,-8.575177,-8.704728,-8.559614,-8.160706,-7.516203999999999,14.677337,13.270337,11.536256,9.584487,7.4636497,5.1847900000000005,2.7713432,0.30127516,0.45549220000000007,-1.2042828795417841e-07,0.002006018625237446,,6425.329705302238,6235.153744692782,9.41803809257424,8.8219858239675,9.132601143409918,11.088141185290873,11.563278398244965,11.292463327628315,12.574792969594672,0.5067154,14198.898565573769,0.007661576704545455,0.0,0.0,0.0,0.19706126178304356,0.008332915914555391,0.05463875224813819,0.02189298765733838,0.009672964224591851,0.3612593834598859,0.32883958021799725,0.0183021438618501,0.0,False
00:25:15,59278c090220760001fda664,114.55547763182442,0.2973161938133866,0.527489045317178,-34.89791564338421,-337.69254,142.55753,7.944783,14.878859,7.041894999999999,0.9978531999999999,-9.173411,-13.779345999999999,-0.012316113,6.865547,-5.3251743,-8.104312,0.4343273,-20.517751999999998,4.1031218,-5.377567,-8.047711,-0.7521217,-11.7482,-12.477838,1.137075,-9.85193100644415e-05,1.6284952753191575,20.823493928044428,1774.7246338409225,1444.0870866067462,14.225097549356883,9.563258997086589,13.399027750636408,16.94957113091699,22.386555119736233,24.502644024966177,25.803641479129205,0.00020822947,2220.234375,0.0420751953125,1.0,0.0,0.0,0.006727979122661054,0.028439769769708318,0.002757774010145416,0.002675791698857211,0.931310760974884,0.01138137641052405,0.014265284842501084,0.002441247096673275,1.0,True
00:25:15,5c41c28e896e090001c03bb0,,0.9601652230892642,,-87.1165672909524,-504.69217000000003,9.085296000000001,-0.16684258,0.7539832,1.6400496999999998,1.7516991999999998,1.8017415,2.5239232000000005,2.8749697,1.6522148,-0.37096623,-1.4833738,5.669722599999999,2.6518486,0.52947277,-1.0554317,-1.8498689,-1.5897261999999999,-0.90278774,-0.52981645,0.32511544,-2.8589657930319144e-07,0.004843118096897671,,5956.63516824552,5102.483789977375,12.876089006907392,8.413233405438463,10.079361758101996,16.67592281232615,20.15592196894882,17.217272816412414,14.673472239718995,0.20768851,11638.671875,0.04301581325301205,0.0,0.0,0.0,0.07177439462393523,0.0400217458140105,0.007862617052160206,0.007432623486965896,0.033171238610520966,0.4343670219182968,0.39745172560215003,0.007918630447238683,0.0,False
00:25:16,59278c090220760001fda664,179.6798644564784,0.7301120335386536,4.170378312677806,-19.983826863458507,-275.06917999999996,173.44328000000002,8.531062,-4.7425475,-8.380063999999999,8.541031,3.7199192,-8.316832000000002,2.436087,7.91366,-6.453787999999999,-6.424082299999999,-16.669273,-1.6858408,39.779083,7.069702,-20.264020000000002,-26.55278,-29.892559999999996,-10.602528999999999,1.5955625,-0.00013150929540885236,2.1776424787748123,24.31218124097425,1388.7743407828464,1584.7268874522504,16.58541612401738,11.142857063758957,17.309190114409784,17.70602699933434,25.49781147449973,28.762637348816156,29.95040041076346,3.423401e-05,2752.5,0.0482421875,1.0,0.0,0.0,0.09313255113859972,0.012939188272381823,0.02825524229556322,0.029476872947998344,0.6869012176990509,0.05435626761366923,0.08467822379122178,0.01026042748708278,1.0,True
00:25:16,5c41c28e896e090001c03bb0,,0.9396175480224532,,-100.69180857893123,-507.25952,0.58065414,0.61970145,0.9277869000000001,-0.029395757,-1.0998313,-0.9898418999999999,0.15722981,0.9409684000000001,0.41676019999999997,-0.7536585,-1.115464,-0.63766927,-0.9206761999999998,0.054011945,1.0691297,0.85616183,-0.3567485,-1.1257149,-0.55364656,0.030677136,-2.4084462224876816e-08,0.0004959709084138929,,6688.83138754722,6913.743109765997,9.029434241298981,9.492916783368582,9.280460849489593,12.778428821685402,15.083739359658596,12.526398909474587,12.797153631246948,0.48336136,15557.50512295082,0.02242838541666666,0.0,0.0,0.0,0.03178132027387619,0.035611867671832435,0.008156611886806784,0.028903526812791826,0.04033638499677181,0.3294997185468674,0.4873667776584626,0.03834380535408855,0.0,False
00:25:17,59278c090220760001fda664,113.84793960731871,0.4619931410952605,1.4364347132159163,-30.06994545465709,-351.2234,138.12956,-5.0312852999999995,-9.774322,-3.8806446000000006,2.9715977000000002,-3.1996027999999996,-4.6409215999999995,5.9165297,6.011164,-4.0951104,-2.5562557999999997,19.674469000000002,9.462328,35.11634,12.269288000000001,-18.548342,-21.050812,-11.726532,-4.233703599999999,1.3388236999999998,-6.55952770670573e-05,1.0784205550316706,19.72988270855233,1777.7829976014182,1389.3257475127598,15.263027016947177,11.398908230444023,17.404247450587285,16.727266653773597,19.93702317247254,24.78321899957955,26.05312523646769,0.00016654887999999999,2719.921875,0.0338330078125,1.0,0.0,0.0,0.02476472916702429,0.052693142058948685,0.005579880423222979,0.002603770555773129,0.7968030134836833,0.06565027832984924,0.04925714706381162,0.002648045351573577,1.0,True
00:25:17,5c41c28e896e090001c03bb0,,0.6161909510101029,,-103.15400876457895,-507.33038,0.09779978,0.26299787,-0.29084444,-0.38912886,0.119891234,0.43993387,0.07263492,-0.40623313,-0.24953105,0.29527134,0.37695226,-0.4042575,-0.27451834,0.28386724,0.39828217,-0.10935572,-0.44535329999999995,-0.08547325,0.40693706,0.023834854,-1.9209823902022754e-08,0.0004336346737431419,,6717.024491939334,7469.101036128882,9.293094369079425,8.893433291645175,10.046586455515378,11.539551903808405,14.23021161442815,12.048008421655915,12.44799406822214,0.60964817,16224.235372340425,0.03324558423913043,0.0,0.0,0.0,0.03473106008023023,0.06724102944135665,0.007464363309554756,0.018266290053725244,0.051068703085184096,0.4955641597509384,0.2182505190372467,0.1074138704687357,0.0,False
00:25:18,59278c090220760001fda664,126.20172875011309,0.7712934011203604,0.4277133477300661,-30.89576206011899,-355.82482999999996,139.35217,-5.751193499999999,-3.0889332,0.01575729,2.613414,-4.3823323,-9.042606,-1.7431855,0.7536949000000001,-5.04981,-3.0017107000000003,30.380361999999998,13.465538,26.188496,4.647371,-13.088494,-8.637011,-7.395641,-9.485157000000001,1.1597626,-5.2593850735859664e-05,0.8642411186106318,12.678236291626725,1647.695282943865,1337.956708440467,16.04050711150233,11.619104143607617,15.70832393317766,15.6179825095035,20.39054555449542,26.489229740162397,26.76060238636416,0.00013347069,2384.296875,0.036513671875,0.0,0.0,0.0,0.054755456497271864,0.2477340131998062,0.017381454383333526,0.0005649105063639581,0.5073250730832418,0.13595926761627194,0.03463451582938433,0.0016453069169074298,1.0,True
00:25:18,5c41c28e896e090001c03bb0,155.71770295209166,0.6343477973021835,0.5486844546211019,-70.00433984214264,-445.82086,83.32162,-0.39179236,7.2033663,10.465591,-5.66726,-6.9561342999999995,5.559736,6.971596000000001,1.1789713,-9.408729,-9.249092,-29.645164,-8.377446,15.449329,9.860588,9.021063999999999,-14.427921,-24.69574,-7.0295053,1.8317465,-1.5563177278934086e-05,0.2607285308767149,10.191997065925783,3984.681693260091,4683.62742010982,13.403567791957135,10.663874245739942,11.967250618959243,13.729199931841118,17.820313525731848,15.650913644196642,23.5154555791517,0.21213117,9114.49353448276,0.059638444767441866,0.0,1.0,0.0,0.05669421143829824,0.01228474270319566,0.007044711988419296,0.08518494572490454,0.00956952254055068,0.41366184651851656,0.32679731696844105,0.08876266628503801,0.0,True
00:25:19,59278c090220760001fda664,118.29178134880341,0.6785111480471824,0.7140720708842502,-47.087380437348884,-436.57037,80.286896,0.58215266,1.2848841999999998,0.9560125,-1.0479934000000002,-5.3908334,-5.6206192999999995,-1.7016565,0.5597103,-0.1830035,-1.2540198999999999,44.20371,16.738762,-1.0426651,-5.966663,-5.461307,-6.409071,-6.2144623,-3.0910759999999997,0.72332543,-1.1342930105545982e-05,0.1855530649369632,5.629136613896965,2276.948449454042,1322.8064403480384,14.010132390102171,8.317556194789184,12.12708184385859,18.285323607964436,17.731260098905675,16.503251803124947,23.51438756735463,0.00032715677,1758.984375,0.0312109375,0.0,0.0,0.0,0.0348011914640665,0.2214270412921905,0.010176343470811844,0.0004130705900024623,0.594708530108134,0.11858714073896408,0.018574140841762225,0.0013125685354073845,1.0,True
00:25:19,5c41c28e896e090001c03bb0,151.35909424090275,0.3946868216187902,1.7349634142274744,-28.017359649369997,-301.5326,151.48373,-11.547763,-13.918626000000001,11.6364,2.484629,-15.690932,-2.2883603999999997,8.508555,2.0884346999999996,-9.686736999999999,-14.4083605,-1.5449888,4.1966220000000005,3.2705387999999997,-10.626401,-1.60571,-12.111831,-13.918945,1.9423287,1.771616,-0.00010853434755419354,1.7940280339954255,21.59761289702185,1793.680281093643,1588.7392836477497,15.931194040248618,11.167843080102834,15.019168528823027,16.981688867020072,21.08649446023061,25.476069897280922,33.26297210468364,0.00043803555,2797.5,0.0445703125,0.0,1.0,0.0,0.10033728405833243,0.00904524586367188,0.017076723813079297,0.3889184148982167,0.02691420235205442,0.2441958955489099,0.1498185144737363,0.06369374068453908,0.0,True
00:25:20,59278c090220760001fda664,,0.7575240264160946,,-60.24032353666689,-481.26235999999994,33.688159999999996,1.4162521000000001,1.5293925,0.38748109999999997,-1.1021386,-2.2212240000000003,-2.6419799999999998,-2.4039505,-1.7776127,-1.1114713999999999,-0.7065696,23.337927,10.182019,-1.5698502,-8.849905,-10.754576,-8.472169000000001,-4.3330255,-0.5956246999999999,0.43943602,-1.12008261266376e-06,0.018508933414165492,,3118.3494073141496,1488.8088677623427,14.025304702466741,8.925953809046883,11.218963921811042,19.72825946083216,15.487099877261931,14.886772918469417,18.43996965559708,0.0005235697,1569.140625,0.026298828125,0.0,0.0,0.0,0.029704539974530538,0.2595028400421143,0.008693859136352936,0.00039388839698707067,0.5697252670923869,0.11594948023557665,0.014068306423723698,0.0019617956558552877,1.0,False
00:25:20,5c41c28e896e090001c03bb0,179.09481478028044,0.9386487924136896,1.0644220710516044,-14.243320129291536,-152.69576999999998,171.50662,-13.603544,-15.507344,10.013446,2.7267015,-7.869255,-2.9995964,7.315618499999999,-4.7893057,-9.676373,-12.318717,-52.185226,21.667095,-10.296614,-8.469695,-3.1743505,-9.252869,-17.496767000000002,3.8654319999999998,1.8878651000000002,-0.0002781153552318865,4.767842156333336,15.411463370601385,2120.49839033635,2293.2626694425203,15.771461399340536,14.553717327888641,17.28138896867691,17.111055520292748,20.14292384132622,22.52937593609013,44.031893335414274,3.693602e-05,4030.3125,0.067275390625,0.0,1.0,0.0,0.02165481373667717,0.02241743074118858,0.008725394180510194,0.19764321930706505,0.08282934592571109,0.07057884132955224,0.5733113884925842,0.022839562874287362,0.0,True
00:25:21,59278c090220760001fda664,,0.7517592882796035,,-61.41666443943138,-484.8696,29.354776,0.888216,1.6643261999999999,0.47057,-1.6750813000000002,-3.5676758,-4.365151,-3.878994,-2.5269367999999996,-1.0290443999999999,-0.02752986,20.866142,9.623244,-1.1448770000000001,-8.698893,-11.674053,-10.383362,-6.469695,-2.1065490000000002,0.3905794,-9.083520629326695e-07,0.01506454358096381,,3308.783429301367,1556.0555628443897,14.542000976137547,8.1296987170416,10.25397161632963,21.486324148460213,14.998683684572551,14.453325801130836,18.137765217946047,0.0005438928,1449.609375,0.0257373046875,0.0,0.0,0.0,0.019614392891526226,0.2615706205368042,0.00781257290703555,0.0003941325839453687,0.5951030929883321,0.10577430029710136,0.008051475261648495,0.0016794104827567936,0.0,False
00:25:21,5c41c28e896e090001c03bb0,308.66457589897504,0.9111218783224644,2.6089248565909617,-25.44215638814873,-248.59004,98.24651,-9.961212,0.7439198,5.257611,-7.941108,-0.50486934,1.9345348999999998,2.5263400000000003,-6.5887117,-8.69592,-11.572988,-60.28728,11.364263000000001,-5.5055404,2.8597407,-6.287465599999999,-7.654082000000001,-15.958926000000002,-3.944864,1.6625282,-0.00019052004297861604,3.3157262129786886,20.91874357299588,2343.146625970191,2696.2620758840617,9.220885041032188,13.12183886220191,17.046112858871005,19.11469424864696,20.55748031602384,23.069251904897317,39.208098865387356,0.00037735845999999995,4381.640625,0.0777587890625,0.0,0.0,0.0,0.07396841351874173,0.012902413646224886,0.03613703968003392,0.2871291995048523,0.1906609430909157,0.0922562375664711,0.15546996966004373,0.15147577300667764,0.0,True
00:25:22,59278c090220760001fda664,154.16983183107456,0.425083714714658,3.9474303961911263,-44.995466980430486,-438.61594,82.4375,-1.5697366000000001,-3.0623524,-1.9658209,-0.91442275,-2.6049407,-4.540837000000001,-3.5286021,-1.3980082,-1.4325146999999998,-2.6973422,48.82479,19.849056,4.375932700000001,-2.9703473999999996,-6.7532334,-6.2014510000000005,-2.3850963,-0.16894181,0.74572426,-1.866284852131788e-05,0.30227010966876205,17.02167908133384,2234.9401497111103,1179.8776466411528,14.228687354213973,9.93584168482476,13.673344338508521,17.820630141010493,16.856201331792153,16.586256874733664,22.84850526288571,0.00034901552000000003,1630.546875,0.02322265625,0.0,0.0,0.0,0.015079302589098613,0.17926334540049235,0.008181183831766248,0.0007418423949275166,0.6875495354334513,0.0984748085339864,0.007359296657765905,0.0033506961384167275,0.0,True
00:25:22,5c41c28e896e090001c03bb0,218.96628744461663,0.7570262172568933,0.8062485024723305,-20.905538578838645,-230.89725,123.05403000000001,-15.719507,-13.754726999999999,3.195405,-2.8436623,-2.5573394,-0.6010223000000001,-0.11561221,2.6509042000000003,-5.8834295,-14.822417000000002,-56.0434,39.05089,17.157356,0.3175761,9.481991,-16.36907,-28.520262,-4.9321337,2.5988972,-0.00017219949231347766,2.982842025020517,24.913483335466385,2169.619846036966,2741.580330193327,12.292390883610096,12.295162280050167,17.429665086628848,17.92532700696609,20.38154493977569,22.367978663122525,43.41403623342,9.646068999999999e-05,4674.375,0.08673828125,0.0,0.0,0.0,0.05819125554990024,0.009980535772047005,0.0317601563030621,0.01159792665857822,0.8497467875480652,0.0071875160094350575,0.024755811039358373,0.0067800126736983655,0.0,True
00:25:23,59278c090220760001fda664,,0.7188097678882088,,-58.7023188560545,-472.9051,42.031143,3.1447768,2.5928774,-0.12017214,-2.8598092,-4.166879,-4.0227222000000005,-3.1406388,-2.0458220000000003,-0.95398587,-0.1402339,24.2694,5.626238,-6.7611794000000005,-11.672424000000001,-11.510330999999999,-8.544917,-4.014436,0.5717557,0.5327837,-1.8640041903659413e-06,0.030817363249921632,,2953.4125195550096,1526.685218483845,12.663882469529762,8.270466214054228,10.809557522174304,20.12352947406577,16.60045779199444,15.108029947017734,19.846671855924612,0.00050327263,1778.671875,0.029541015625,0.0,0.0,0.0,0.033098795202871165,0.1969788670539856,0.017124904071291292,0.000674129767382207,0.621589704354604,0.11333291257421176,0.015217951188484829,0.001982764309893052,0.0,True
00:25:23,5c41c28e896e090001c03bb0,167.1514045167903,0.9238716255042814,0.6996474883979766,-15.333261281186306,-164.83041,172.66283,-14.043617000000001,-2.029358,7.4085225999999995,0.6973411999999999,-1.2690934999999999,-6.710121000000001,-0.65165854,3.0908546,-5.590418,-14.897247,-57.3854,4.539668,-18.277511999999998,-3.5625063999999997,5.9385724,-7.8650894000000005,-18.329779000000002,-12.916048,1.7322947,-0.000247690513390631,4.205911452640007,15.075187621406762,1960.1016055184984,2188.927945378032,15.257945720588133,13.138532854266007,16.44774455501492,16.902256497109867,21.165580328154192,23.965849757128353,43.95707763249237,1.6113843e-05,3690.0,0.0609423828125,0.0,0.0,0.0,0.06332810170715675,0.010944574922905305,0.102991385437781,0.20872890716418624,0.32228182898834346,0.09291387554258107,0.13701388416811824,0.06179744778200984,1.0,True
00:25:24,59278c090220760001fda664,,0.7846435609281722,,-59.36731563586139,-479.12032999999997,36.71197,2.5614912999999997,2.3097377,-0.008213362,-3.0753157000000004,-5.504867,-6.404483,-5.640858000000001,-3.7538724,-1.6154056,-0.02025219,26.250505,12.687405,0.15309629,-8.106208,-10.799430000000001,-8.754502,-4.236179,0.16625065,0.44679782,-1.217562977791025e-06,0.02008233030616925,,3017.133692776655,1395.1775260778727,13.830756052628935,9.117886048090805,11.36962919430751,20.851605703481926,15.537006141682243,15.077339580979155,18.352882944780642,0.00041854358,1322.8125,0.024560546875,0.0,0.0,0.0,0.05275571209688981,0.21731547613938648,0.01975554128487905,0.0016995534650050105,0.4922506133715312,0.19344279766082764,0.018693237006664275,0.0040871049277484426,0.0,False
00:25:24,5c41c28e896e090001c03bb0,155.3515542806786,0.8428565985454446,1.527651315344722,-30.065513446076068,-330.53986000000003,93.94435,-2.2981057000000003,-8.427366000000001,2.4461212000000003,3.0808077000000003,-2.3541646000000003,-1.7941825,3.6573746,3.3915660000000005,-8.786383,-9.220458,-29.154049,28.983881,14.403132999999999,-2.1157060000000003,16.963327,-10.54964,-17.747341,4.1467023,1.6709328999999997,-8.542602870248103e-05,1.4673802830096645,21.166306421104068,1721.9541817244449,2651.912906487504,12.001719104324904,12.859434442776108,15.64840943526155,17.431232195696413,21.75637946685913,23.626057332797856,37.539842890349114,6.6070956e-05,3973.125,0.0984375,0.0,0.0,0.0,0.04345550555735826,0.010327012621564793,0.06060895211994648,0.3365113412961364,0.026084432750940318,0.19242938570678236,0.2432944715023041,0.08728889580816031,0.0,True
00:25:25,59278c090220760001fda664,,0.7563847635337737,,-58.492026783793456,-476.78235,39.461773,1.2517071000000002,1.0236398000000002,-0.7339233000000001,-3.0187948,-4.835443499999999,-5.4869533,-4.7564144,-2.9578203999999997,-0.8148482,0.82527655,27.664951000000002,12.7522335,-0.48487359999999996,-8.668963,-10.922213000000001,-8.654651,-4.4277368,-0.65176886,0.45249867,-1.3455123774619186e-06,0.022152955365402332,,2874.860383384667,1327.5099038254841,14.410780383776666,8.851042395885056,11.665766078873851,20.022678989709803,16.78502813689285,15.078010416342305,18.439849256155604,0.00037051367999999993,1315.546875,0.0256591796875,0.0,0.0,0.0,0.03201718603571256,0.18626930514971413,0.010860330766687793,0.0007489265912833312,0.6023447414239248,0.14812483489513398,0.01717658269529541,0.002458069865436604,0.0,False
00:25:25,5c41c28e896e090001c03bb0,162.51331460580695,0.4750867216532012,1.3705999588224445,-25.06364562914081,-223.20999,142.63501000000002,-11.242569,-2.1256673,12.211491,2.6841923999999997,-4.943708999999999,-2.9087042999999997,8.252189,-0.33020556,-9.235532000000001,-14.889972,-49.385777000000004,14.134526000000001,-12.601403999999999,0.63038427,-4.846414599999999,-8.816321,-25.526028,-15.723742499999998,1.8020637,-0.00022915356564053604,3.8840843464416333,17.15353367910842,2506.863091801856,2570.67851043387,14.630243835243919,11.252401584789153,15.616146005637855,17.07110560555487,21.374958313110564,21.019386548767763,39.419330098481325,0.0030599703999999997,4424.296875,0.061259765625,0.0,0.0,0.0,0.05326748974621296,0.0017693825531750918,0.09763893950730562,0.4402497932314873,0.004020095721352845,0.0958434021100402,0.12075065523386,0.1864602331072092,0.0,True
00:25:26,59278c090220760001fda664,,0.755520291210175,,-59.830382547078635,-480.46054000000004,34.732418,0.81351393,1.5030048999999999,0.31686667,-1.5326558000000001,-2.9140375,-3.2644053,-2.6863282,-1.7044005000000002,-0.8839447,-0.5344186,24.021027,10.068992,-2.9115222000000003,-11.540046,-14.391312,-12.224878,-7.323714999999999,-2.3365443,0.44684494,-1.0934625684298668e-06,0.0180817140515888,,3067.145829202158,1434.7327806160208,12.845455498398351,8.41517624244964,9.820175088174214,20.79489680833912,14.968807156175375,15.018015561730065,18.293149549699173,0.00042125660000000005,1238.4375,0.0265380859375,1.0,0.0,0.0,0.0919086714585622,0.19919346272945404,0.014860465563833712,0.006313452450558543,0.4954675654570261,0.16332932536800698,0.02435422632843256,0.0045728316452975076,0.0,False
00:25:26,5c41c28e896e090001c03bb0,159.60983383850868,0.9280165191391022,0.3390019296855589,-24.58889634418469,-253.5456,102.42684,-10.765849000000001,-5.5284834,0.24737982,-5.7270083,-2.7979581000000002,0.5692331,9.301155,6.3870373,-6.197963,-11.03859,-66.64606500000001,50.974472,19.263113,-5.19944,-0.933441,-17.543371,-16.882725,-4.196495,1.527656,-0.00016682244474617073,2.8760769601059537,15.246948375256164,2328.858447305701,3136.719889848992,14.116135290716619,11.416888624436856,17.31427084019371,17.299402429098112,22.444438201939114,21.75816676248448,42.54913109861384,0.0046819085,5292.890625,0.08857421875,0.0,0.0,0.0,0.06704898476600647,0.005585417069960385,0.12404550835490227,0.2987173050642013,0.009155460330657662,0.1557733818888664,0.2029449447989464,0.1367290302179754,0.0,True
00:25:27,59278c090220760001fda664,,0.7089993601625795,,-56.32792225104887,-469.8951,47.706272,2.5386197999999998,1.5820245000000002,-0.9705905999999999,-3.5114707999999997,-4.9538913,-4.988096,-3.8506737,-2.0747187,-0.37033632,0.5878751999999999,32.254329999999996,13.378701999999999,-2.5491815,-11.619401,-13.302013,-9.683100999999999,-4.020445,0.6463507,0.5195055000000001,-1.7457763580206474e-06,0.02865756427662813,,2559.392048905662,1192.810017814835,13.599217488615865,8.425149870774305,11.065283584488627,19.536943189896654,18.345256414712924,15.611526088978549,18.48964567433724,0.00022901612,1157.8125,0.0243701171875,0.0,0.0,0.0,0.4926801164944967,0.018288004910573363,0.04767896508177121,0.1286090391377608,0.14082380995775262,0.05712761270503204,0.10026178633173306,0.014530679133410256,1.0,False
00:25:27,5c41c28e896e090001c03bb0,142.15099883746296,0.7027705645544021,0.37406859188262104,-20.107374753089328,-218.9881,179.95566000000002,-16.238796,-9.693203,9.898611,5.4580708,-3.7946265,-6.878011,0.4058228,3.1434138,-7.6553516,-11.727697000000001,-33.515976,11.957556,9.6649,-1.1942827,-0.04563546,-10.661413,-16.57229,-9.854841,1.9507892,-0.00019122092752349315,3.190147344353892,16.03678587260821,1978.086398836252,1813.9896992008369,13.815443172287338,12.54930281946789,16.295311683136617,15.989602644384732,19.50087709589496,21.50180320410917,38.568059251148455,0.0032171979999999997,3394.21875,0.04232421875,0.0,0.0,0.0,0.05790380109101534,0.002540616132318973,0.047051853500306606,0.3173235088586807,0.007838133350014686,0.16825277209281922,0.2332361474633217,0.16585314460098746,0.0,True
00:25:28,59278c090220760001fda664,,0.7509505503018492,,-59.083952991958476,-476.77808,38.7377,1.5638536,1.1958615,-0.94038093,-3.4363127,-4.919713,-4.825927,-3.6234898999999996,-2.3367476000000003,-1.7689618000000003,-2.013728,25.327477,9.131098,-4.243773,-11.550425,-12.631085,-9.459608,-4.6690335,-0.51978266,0.46125758,-1.333063561948303e-06,0.021986940573983003,,2916.1060721461145,1391.6400683478796,13.604131438198536,8.229299103374059,10.368005226986432,19.56462699078879,17.287900022441352,14.817811009467704,18.269005588617254,0.0003928444,1390.78125,0.0266650390625,0.0,0.0,0.0,0.4530749599138896,0.0552783894042174,0.055848171561956414,0.029852861880014337,0.19493805021047592,0.13036402861277266,0.07321319455901781,0.007430363097228109,1.0,False
00:25:28,5c41c28e896e090001c03bb0,168.8286003341886,0.7594593413701237,4.054425549899396,-24.390132453442373,-261.54082999999997,177.81802,-8.239982000000001,-12.201382,9.4021015,14.878870000000001,-1.6960819,-1.590941,5.7068496,-5.0034995,-10.98466,-4.0216373999999995,-15.627327,-12.083193,-6.165652,-14.707414000000002,6.4399767,-1.9234763,-13.914352,-2.9687642999999997,1.435578,-0.00014006163893902555,2.3175295423431184,16.233013602456435,1551.241276385179,1549.0703691969684,12.99463214513097,10.704092224764882,15.170785054961765,16.848472755745767,20.48857941695876,25.875779009989323,32.91517600702775,0.000193605,2443.59375,0.043828125,0.0,0.0,0.0,0.107771622762084,0.0076864499656949204,0.0847949992865324,0.2273121660575271,0.010319082345813512,0.25069970041513445,0.17229948565363884,0.13911652769893407,0.0,True
00:25:29,59278c090220760001fda664,170.74471276756316,0.750944702693556,3.018407595495167,-45.489275997868745,-405.7642,90.57694000000001,4.8553543,2.7028165,1.509799,1.0215129,-3.7825232000000004,-5.2038535999999995,-3.2208436000000003,-3.3787045,-2.957493,-1.7465092,11.788072999999999,-3.5638692,5.1629815,-2.6381435,-9.982345,-12.764550999999999,-13.143582,-3.3854604,1.0270069,-3.649090542871965e-05,0.6013974090713989,32.11728452857974,2487.2176834460706,1530.5938637270492,14.160519999431932,9.789718766361892,11.87749929432269,18.777159774421925,18.701174651138,19.36160104501017,22.992221446682482,0.00035954922,1984.453125,0.033173828125,0.0,0.0,0.0,0.514177405834198,0.024286086360613503,0.1996135418613752,0.04640929951953391,0.035680595537026724,0.0967177990823984,0.07162707125147184,0.011488204829705258,0.0,True
00:25:29,5c41c28e896e090001c03bb0,138.91582858133435,0.7000224776201787,0.3339453282285717,-63.34564722130472,-436.55902000000003,113.23312,-9.802903,-7.8165702999999995,-1.8387263999999999,-1.1309773,-0.37073877,1.7345891,-2.0949082,-4.8277197,-4.724658,-6.538515,2.2397068,-11.814287,7.7127852,6.160103299999999,3.838946,-0.7829668000000001,-8.24403,-9.074538,1.711727,-2.7255370005090625e-05,0.4461176910129018,9.811666022211204,3906.5579643577507,4237.504580333991,14.054386095548027,9.067829446749744,12.763440695014141,14.740895199396027,17.57665788055873,20.08846528038638,19.046801297168013,0.117373794,8171.71875,0.0609765625,0.0,0.0,0.0,0.08199589978903532,0.004088085738476366,0.04581764787435531,0.12761828862130642,0.0036896354053169494,0.3378434471786022,0.3095929801464081,0.08935401979833843,0.0,True
00:25:30,59278c090220760001fda664,,0.7121128604596682,,-55.59978275384256,-459.36954000000003,56.67564,2.3993456,0.69135803,-2.2193732,-4.588856,-5.34881,-4.2208424,-2.086672,-0.43038339999999997,0.10935514,0.040693652000000004,30.352674,7.056182000000001,-4.8904442999999995,-8.709289,-9.211848,-7.246900599999999,-2.9729113999999996,1.1322267,0.5687269,-2.5545218562697867e-06,0.042262959612518684,,2611.5252399277288,1395.3659761786912,12.670218416917429,8.182410134987594,11.024499696705199,18.61405995216662,16.204417327307873,15.466101580510962,20.97285401666841,0.00031998806000000003,1675.546875,0.028779296875,0.0,0.0,0.0,0.5508646587530772,0.017878741631284355,0.10170100045700868,0.1356600575769941,0.08489820323884488,0.022624014597386118,0.07457780862847964,0.011795487844695649,1.0,True
00:25:30,5c41c28e896e090001c03bb0,128.4920628025213,0.9093460059775096,0.7087327863223938,-20.365250889695773,-242.1603,193.78499,-6.461113,-11.943164999999999,3.8801074,1.8505151000000002,-9.48888,1.8671422999999998,9.579587,1.6338861999999998,-7.3715553,-13.288592000000001,-13.304276999999999,-3.9977633999999997,7.779417,-5.559092,13.846922,-4.673955,-29.20086,-10.4161625,1.5974001,-0.0001449569744659243,2.3972362850137023,16.926316892684373,1356.1370243669805,1416.6848040183565,19.04157361636176,12.785363377872152,15.582480336360032,15.416358118038886,24.100224453862733,21.422550313071614,33.95959607058063,6.458189e-06,2409.609375,0.040888671875,0.0,0.0,0.0,0.08263241201639175,0.00915512252249755,0.07883397303521633,0.16141706947237253,0.010622203210368752,0.3050227202475071,0.2036172099411488,0.14869928332045673,0.0,True
00:25:31,59278c090220760001fda664,,0.7458653595886211,,-56.24760975971221,-467.9093,49.698029999999996,3.2821748,1.0339859,-2.100536,-4.3304160000000005,-4.800331,-3.8239615,-2.4754584,-1.7995021,-2.1404669999999997,-3.0267383999999997,32.191338,11.087133,-5.967573000000001,-14.344732,-13.928416,-8.122009,-1.4399997,2.7455335,0.53891695,-1.7675984282385724e-06,0.0290531349091288,,2548.389124524881,1216.0856183446624,12.993288593180502,8.203008625182273,10.567724897963496,20.119381108628836,17.724419045149794,15.333162361266561,18.22087695432881,0.00023843908,1158.984375,0.027353515625,0.0,0.0,0.0,0.4590544611215591,0.05092778829857707,0.07402117997407913,0.04131680216717845,0.2560801380624374,0.05717740369339784,0.051673893630504605,0.009748357402471205,1.0,False
00:25:31,5c41c28e896e090001c03bb0,109.03376139055109,0.9396401535564198,4.868127916788632,-92.24433842947136,-500.95685,44.704243,15.125445999999998,9.334781,-0.27479374,-4.3553467,-1.7500705,5.7659807,7.259187700000001,-1.9421281000000004,-8.495462,-5.5041720000000005,19.84787,9.973675,10.497709,13.993136999999999,14.268721,4.3730187,-2.4823977999999998,6.5820255,0.13780802,-1.546772169107468e-06,0.02540734079298178,2.592273403702067,5942.536881947855,6747.40618214691,8.5812025175767,8.1136236659198,9.155906953832721,10.72408929277993,15.342197613853012,16.34619283011198,13.636137633240555,0.32809654,13685.240963855422,0.07287284655448717,0.0,0.0,0.0,0.05220908519219269,0.003609066051219336,0.06235720047896559,0.2803460698236119,0.012041475099977106,0.18343288586898285,0.11402733556248924,0.2919768721542575,0.0,True
00:25:32,59278c090220760001fda664,194.36548657640748,0.6480399029274749,4.8067744919026065,-36.00990027202629,-367.85294,122.78111000000001,3.7838643,1.2748245,-2.069813,3.8755481,1.4902129,-7.819967999999999,-6.615113000000001,-0.42484966,-3.0667872000000003,-8.024327,17.062798,3.8171402999999997,16.133062,-4.322,-18.084381,-16.078356,-16.939613,-8.723656,1.2773219,-7.613520582980685e-05,1.253208265912065,26.972189585572554,2140.3956272926266,1509.5139896094668,13.575827989946008,10.07694136974364,13.370547789170836,16.592962733712433,20.239737593678967,24.514364204430517,26.277055251369692,0.00024233603999999998,2571.328125,0.0328955078125,0.0,0.0,0.0,0.3549086014429728,0.0486578660706679,0.21876697068413095,0.018338176996136702,0.25720301307737825,0.0548259603480498,0.040022649740179383,0.007276761795704563,1.0,True
00:25:32,5c41c28e896e090001c03bb0,83.81600258412799,0.4541477712899182,8.04481894616414,-73.94474608767834,-471.5566,66.90681500000001,8.663893,4.096817,5.225275,2.2507827000000002,0.5745939,3.5805955000000003,3.5923665000000002,0.87035215,-1.1860124,-1.9548955000000001,-7.466816400000001,-10.614400999999999,8.658581,17.093428,18.323284,7.4690533,3.9330246,11.358642999999999,2.4393130000000003,-6.87607273755607e-06,0.11531419956441875,173.59001849404655,4529.1878458030515,4507.09113853261,10.444951218769846,7.726833682291483,9.017998480568886,11.791795138759312,14.806437431408188,14.293306274916644,21.667484114589453,0.13125359,8874.441964285714,0.06293347417091838,0.0,0.0,0.0,0.06830177083611487,0.002700257309091588,0.02948943039195405,0.12891822680830956,0.002677176846191287,0.4033206237687005,0.17281962600019246,0.19177287568648654,0.0,False
00:25:33,59278c090220760001fda664,146.64578997284747,0.8989677666170308,1.9264060804234004,-36.26794031103817,-377.18300000000005,118.63833999999999,1.4643926999999999,2.4226692,-2.7198523999999997,-0.10689209,1.4430226000000002,-2.5022623999999998,-0.25108853,3.4184012000000004,-3.6565979,-7.6216974,21.527798,3.5612035000000004,14.016352,-1.2726364,-12.916306500000001,-11.464707,-13.976669000000001,-10.270014,1.0919146999999998,-7.264531101218067e-05,1.1915938718547296,17.127349726990587,1869.4299956326277,1333.6589679563251,14.04881125492893,11.466626150961392,14.78396279149124,17.412330478774518,19.815712913980317,23.08082078070879,25.002683413512546,0.00019703577,2212.734375,0.0338818359375,0.0,0.0,0.0,0.3437424868345261,0.026153817276159917,0.2861434747775396,0.012760785191009445,0.0634759418045481,0.18506681521733603,0.07023048003514608,0.012426181859336794,0.0,True
00:25:33,5c41c28e896e090001c03bb0,184.06900624142688,0.406218139068012,5.319558881024822,-44.781042828654044,-348.99197000000004,127.15461,-2.2333906000000003,-0.50801307,6.2145343,1.4829533000000001,-4.642966700000001,-2.6080632,0.8405524999999999,2.234037,-7.7122035,-12.188836,-25.519835999999998,-7.8085647,0.092057414,-5.4910345000000005,3.7318692,-13.034948,-22.258854,-7.8129919999999995,2.0106575,-9.04133691984266e-05,1.5058045602402037,43.95843962268646,2664.424561553626,2597.0053449467473,11.368949272194232,11.095221197718585,11.772807612007131,12.94899873565098,18.0180348645957,17.90455976452154,31.49387965019977,0.10841053,4896.193484042553,0.04225710605053192,0.0,0.0,0.0,0.05777986589819192,0.002963392029050737,0.03860113620758057,0.11352164968848227,0.004121099831536411,0.3678088843822479,0.2553021788597107,0.15990180261433126,0.0,True
00:25:34,59278c090220760001fda664,183.22337669418167,0.8595394924725659,4.29804500858178,-45.3012288293793,-408.54688,72.66263599999999,0.32393247,-3.8714315999999998,-6.235285,-2.1191584999999997,-0.84061635,-2.6884656000000002,-0.5792615,2.6295261,1.177147,-3.369468,15.8375845,13.004542,6.565924000000001,9.872893,-7.091074000000001,-17.825113,-16.910028,-7.961484,0.9192037000000001,-4.250553441329382e-05,0.7174093799168075,24.44837967804646,3040.7461032413175,2806.513392822355,13.642685845827415,9.741080637388514,14.639553063539868,17.288319586381625,19.778540417895368,19.86139451828758,27.747548301257144,0.0016681197,5077.265625,0.07662109375,0.0,0.0,0.0,0.2478530565897624,0.027414095339675745,0.10364116132259367,0.030047639086842538,0.1195981574555238,0.3986202001571656,0.057391988486051565,0.015433690262337525,0.0,True
00:25:34,5c41c28e896e090001c03bb0,290.14165436286146,0.9754935942956648,2.3756584996178858,-40.507434239140636,-385.9437,96.658165,-4.234701599999999,7.1113234,7.7809606,-2.890301,-5.0582504,-0.19564368,6.379563,4.6204305,-8.6967325,-8.040726,-7.706134,-12.728366000000001,-2.72968,0.4422821,12.129799,3.2099636,-10.177457,-10.133147,1.2396649,-5.475190024197651e-05,0.9025561270751894,36.45711616228515,1992.131136737544,1865.5353624554293,13.779818540293045,10.440956315147314,13.353406315501516,18.304422319329397,25.109752317012692,22.269715881833786,28.229526672129197,0.0024016437,2796.328125,0.0558056640625,0.0,0.0,0.0,0.04931666813790799,0.017555469879880548,0.049627663055434826,0.1539231354370713,0.10271390741690993,0.2957262426614761,0.13547108247876166,0.1956658624112606,0.0,True
00:25:35,59278c090220760001fda664,129.37737272460407,0.4748885983509216,2.2438069145434056,-40.966632106556546,-403.54082999999997,96.40796,-2.2332612999999997,-3.8067675000000003,-2.0645936000000003,2.6441617,-0.19130772,-8.654841000000001,-7.149217,1.7003808,0.7893108,-5.1916833,28.79125,19.294537,15.783722000000001,-3.2841004999999996,-9.151010000000001,-4.5206795,-2.4861112000000003,-1.9915296999999998,1.050465,-2.7159751328720225e-05,0.4483072562908863,11.600697700076545,2068.809148097489,1564.6066273713495,12.703847048631573,9.92276670926288,13.819574527449394,16.131587180447067,19.94112123176353,20.83317982668312,26.061635552346655,0.00025730056,2737.96875,0.038603515625,0.0,0.0,0.0,0.36957381864388783,0.019364314215878645,0.14596577535072966,0.11424105452994505,0.11098062694072723,0.17296782781680425,0.029665622736016913,0.037240956351161,1.0,True
00:25:35,5c41c28e896e090001c03bb0,219.2035935399031,0.8064960744987419,1.5091635010213422,-67.92735648858985,-456.61633,61.320763,-4.3447084,-7.998659599999999,-7.1555095,-5.1133122,-2.4956973,-0.01915045,-5.0363684,-5.988850599999999,-0.7455221,-2.9210842,-12.464493,2.6455292999999998,12.972236,8.716953,-1.1195728999999999,-9.569783000000001,-17.919641,-9.827653,1.5795263000000002,-2.682437752431129e-05,0.454448058699557,21.848186300140465,4171.6172781201585,3844.108478380837,11.012672371228838,9.63038192172618,12.466972899033976,16.066939454338716,19.136702589633853,18.73081880885604,20.364311715619312,0.053581517,7789.381377551021,0.060353597005208336,1.0,1.0,1.0,0.034426613710820675,0.016590351951890625,0.022787713503930718,0.22187768714502454,0.06500719801988453,0.2684586199466139,0.14189616777002811,0.22895564697682855,0.0,True
00:25:36,59278c090220760001fda664,,0.7674462290687794,,-60.743955188518974,-482.8855,32.033825,4.173925,4.450224400000001,2.569772,-0.35849065,-3.0277617,-4.474412999999999,-4.3769083,-3.0487759999999997,-1.194382,0.42755562,23.242666,11.710285,0.85554564,-6.497496,-9.0468445,-7.2767577,-3.0218754,1.4132476,0.37373897,-1.0632547082767372e-06,0.01754715325668131,,3188.407731525264,1494.1384769933236,11.987490126032748,8.340935217402096,11.262460715828693,21.29807624831765,16.551551786167266,14.951265137952351,17.748720902465177,0.0005681655,1725.46875,0.0256884765625,0.0,0.0,0.0,0.4179055213928223,0.04099405320982138,0.14326659937699635,0.04200918264687061,0.19213661700487136,0.10805472085873286,0.022905901074409485,0.032727386554082236,1.0,False
00:25:36,5c41c28e896e090001c03bb0,241.26647826384948,0.9647344085567608,2.0415988099566325,-14.653955160803516,-160.4278,131.04199,-9.445403,-12.101541000000001,2.1623347,-3.5110864999999998,-6.8040133,-2.7827678,1.1694655,-11.241242999999999,-2.3045151,-13.530323000000001,-66.46549,40.095065999999996,-7.957920599999999,-4.268055,-11.796485,-21.088396,-26.21517,0.80915254,1.9015465,-0.000254839911792898,4.425281584558976,17.40704169718532,2464.1353153256227,3066.980300952897,12.95641812918607,14.94150937752316,17.415479887012573,16.207456159388357,19.16292236087111,22.54659308775397,46.75961421719474,3.6465735e-05,4975.78125,0.0918310546875,1.0,1.0,0.0,0.05695836952266594,0.09948166375397703,0.01718768892654528,0.10865323734469713,0.12997723029305538,0.1345747100034108,0.2568884591261546,0.19627863386025032,0.0,True
00:25:37,59278c090220760001fda664,,0.7265479407372192,,-63.6951177701379,-490.06255999999996,22.672441,3.5417008,3.7593706,1.9480118000000002,-0.8940051999999999,-3.5137305,-4.9391794,-4.8221607,-3.4790459000000005,-1.6591189999999998,-0.17723243,15.980291000000001,7.176276,-1.1231757,-6.697975,-8.457543,-6.710472,-2.8983855,1.0621566,0.3350882,-7.279841668460119e-07,0.012130235501275115,,3662.7778151404054,1789.1814709513885,15.034403069279064,8.502033288540678,10.850282573132906,21.5042957106502,15.196907464112446,14.103355988768197,17.851152676622895,0.0009237518,2170.078125,0.0281103515625,0.0,0.0,0.0,0.3863912057131529,0.04966862325090915,0.14363148668780926,0.031680588464951136,0.21710144728422165,0.11425452609546485,0.020900031842757016,0.036372098096762784,1.0,False
00:25:37,5c41c28e896e090001c03bb0,182.6364947010488,0.8243094736304679,2.1374205142501457,-37.67272237131222,-301.92136,143.4874,3.2258357999999996,-0.27098072,5.8409567000000004,-3.2851025999999997,-9.898197999999999,-2.1928360000000002,0.6589235999999999,-8.315072,-9.028164,-14.097844,-28.283413,-0.35017383,-2.5949953,2.4395955000000002,-3.2454509999999996,-8.205783,-20.720102,-6.1020365,1.6742654,-0.00014370125141511796,2.4158837019647463,19.173136568389214,2993.5813387780586,2656.5544555070705,12.377190856342947,11.337460949077844,13.624673988954127,14.47128306860898,22.152907242521405,18.27500652292477,31.029327314929574,0.015519486,5121.328125,0.0547021484375,0.0,0.0,1.0,0.04557272209785879,0.012627005158719841,0.020186899972031824,0.16976230614818633,0.22441697120666504,0.0603923955350183,0.4324179645627737,0.03462371914065443,0.0,True
00:25:38,59278c090220760001fda664,,0.6725790960110725,,-56.30572960206804,-467.346,47.369285999999995,2.6593726,2.528089,-0.35638577,-3.6970801,-4.8789372,-3.4941356,-2.6350995999999998,-1.7988563000000002,-0.1931001,-0.22029539999999997,29.711803000000003,11.812000999999999,-4.153449500000001,-8.804916,-8.50848,-7.577551,-2.6955588,1.1198958,0.5535739000000001,-1.997865495453188e-06,0.03383187478330432,,3042.269781094604,1836.491841759255,13.306827186319465,8.450436379233272,11.429394512542169,19.03681896809133,18.803001766128897,18.012919880508804,21.730635583845892,0.0005582432,2855.390625,0.0447802734375,0.0,0.0,0.0,0.3340978341443198,0.024697806845818248,0.11496520446879525,0.11900866542543685,0.14268423169851302,0.1274344169667789,0.01791080409394843,0.1192010366490909,1.0,True
00:25:38,5c41c28e896e090001c03bb0,,0.9465256542885184,,-92.22448378933912,-505.68842,11.914736,-2.1856017000000003,-2.5126684,-2.320247,-2.3051207000000002,-1.2508276000000003,-1.0380794,-1.6362983,-1.2686735,-1.3365176,-1.3375018,10.602945,9.32939,7.130068,5.9695089999999995,5.0632057,2.9955380000000003,1.5230428999999999,-0.10091056,0.32103000000000004,-1.4635593085778068e-07,0.0025689834265206803,,6144.4976914946155,6369.692824966452,11.148015462357504,9.057682709043144,14.044955752808516,14.768543498624178,13.52493767253183,15.650910652058945,16.623144584619347,0.27228826,13298.032407407407,0.064910888671875,0.0,0.0,0.0,0.045372138110299914,0.00589467422105372,0.005301489999207358,0.04423787982927428,0.7449102004369101,0.018224707338958982,0.12574750847286648,0.01031136981004642,1.0,False
00:25:39,59278c090220760001fda664,,0.7893380927511778,,-54.142695645886725,-462.63245,56.677383,5.244829,3.5960943999999997,0.51915485,-2.5964382,-4.679409,-5.187346499999999,-4.1533766000000005,-2.093237,0.18692160000000002,1.8348,37.98003,15.5440645,-2.543682,-11.599931,-11.713078,-6.413468,-0.07617978,4.1827006,0.56883377,-2.1356656778513677e-06,0.035013896905862284,,2281.0100309733607,1067.7635601113632,12.694676290493696,8.48562754543721,11.77235344958766,18.435506811155964,19.862785595225738,15.849804592167814,18.460838408014528,0.00013614225000000002,1108.59375,0.024169921875,0.0,0.0,0.0,0.41283926367759705,0.028506731853953433,0.08486841214554651,0.1301824539899826,0.11258225281323704,0.13901528545788355,0.016694994563502926,0.07531062439084052,0.0,False
00:25:39,5c41c28e896e090001c03bb0,242.23875721096343,0.5717859668882204,0.979437631155014,-51.37706833342022,-382.0366,92.75048000000001,6.0304103,1.1624374,-5.436230999999999,-9.660539,-4.4365706,3.5939589,-0.10315692,-7.2677283,-3.7845302000000003,-6.9519253,-34.15375,-1.1690359,7.8014727,1.3544884,-0.8544622,-4.8771453000000005,-17.494572,-5.743442,1.5850608,-7.602989214658518e-05,1.2857911365222765,25.293749432172852,3317.4133186151344,2941.017752375131,11.941934940308242,11.190853258594963,11.023937818231873,16.45761822620716,23.426324606767093,24.252118739454193,23.20931157908821,0.05905003,5514.6484375,0.0655283826462766,0.0,0.0,0.0,0.005571955595062011,0.003605581095649136,0.0020083829941641954,0.003022520861122757,0.9444748957951864,0.005119548347364698,0.03472940530627966,0.0014677181316073984,0.0,False
00:25:40,59278c090220760001fda664,,0.73074103944305,,-60.662124303705426,-482.14508,31.797573,1.5093997,1.4572957,0.46434078,-0.7061505,-2.274981,-3.9236622000000003,-4.346007,-2.8937867,-0.7657433000000001,0.30165628,20.50215,7.55795,-3.0594308,-9.775789999999999,-12.164725,-10.275257,-5.5313225,-0.82323587,0.41704226,-1.1470419472679917e-06,0.018980973581013832,,3134.742048407234,1572.479912515296,13.701715773275133,7.557783701103613,10.767824791946078,19.894164871081518,18.597029339419752,15.088005726106632,18.17953261767137,0.0005912402,1878.515625,0.029658203125,0.0,0.0,0.0,0.3316959389618465,0.06297614398811545,0.07539855848465647,0.05459238948034389,0.17741040587425233,0.22340551827635086,0.023775563229407583,0.05074551730815854,1.0,False
00:25:40,5c41c28e896e090001c03bb0,257.9510808643113,0.9466003401896952,2.1949824024349525,-20.945941291346703,-171.54639,120.61856,-14.049142999999999,-6.4955163,4.539453,-4.669583,-2.7789528,-8.810461,-0.36551577,-3.5172641000000002,0.9580357,-15.39074,-53.531853000000005,35.304534999999994,-2.1998653,5.396383,-25.028164,-4.658062999999999,-21.26334,-7.6919580000000005,1.9133794999999998,-0.00026598814183976925,4.703496029445741,31.154796554801308,2891.4760415309493,3077.6056483643188,11.460118954901585,12.160396325586262,15.595318355032518,15.792154892360484,18.70586394933053,22.511909077113003,44.590368767526826,0.00020337141,5866.640625,0.069990234375,0.0,1.0,0.0,0.00862882365213914,0.003919539513945993,0.0013772491034210867,0.004783393000252545,0.8851853277948167,0.015536481863819063,0.07357473945659067,0.0069944426520831045,0.0,False
00:25:41,59278c090220760001fda664,393.77307142143053,0.7531711708696616,1.8132249038727508,-53.064103692149814,-460.73544000000004,57.90984,3.915455,3.0485756,0.5519276999999999,-2.3104417,-4.264056,-4.5347095,-3.3199916,-1.5541729,-0.06162103,0.8985795,36.10804,11.322898,-7.145703999999999,-15.300320000000001,-14.519801999999999,-8.864995,-2.404604,2.189074,0.6495996,-3.5279866495986055e-06,0.05790720725456967,5.972990595288823,2416.809384240954,1303.4024510061736,11.785110479058465,8.143197363821027,11.622542235228627,19.152166625762387,19.18043154518672,16.043207941861393,20.045764308306907,0.00029465652,1743.28125,0.028515625,0.0,0.0,0.0,0.18607671282121116,0.13104441591671534,0.042214535921812055,0.01438308163945164,0.2778566309383937,0.29700748664992194,0.02662290797701904,0.02479422366512673,0.0,False
00:25:41,5c41c28e896e090001c03bb0,456.0302080405872,0.9063742787579968,2.5657002709732133,-78.72064209627139,-459.29922,75.13528000000001,-14.7063875,-3.0394228,1.0034281999999999,-8.516875,-2.6211830000000003,4.674709,-1.4272552,-2.5644753,-0.46045986,-0.48712912,-38.559673,10.054642999999999,14.070653,-1.1383598,1.6819316000000002,-19.27646,-15.361170999999999,-7.6530504,2.01765,-2.4327768400867602e-05,0.4151764339761863,38.367928119206574,4962.669592998153,5518.704061707032,10.318457336449054,8.749877637833523,11.406514019549455,12.535265781073393,15.227205033658176,14.617928702974195,20.382118761416365,0.2782742,11067.997685185182,0.068780517578125,0.0,0.0,1.0,0.020537153445184232,0.003365975612541661,0.0028109265957027675,0.08890369499567896,0.7048876404762268,0.014042724610771985,0.12871884237974882,0.036733057245146486,0.0,False
00:25:42,59278c090220760001fda664,,0.9318455273241838,,-54.045917463061215,-461.03024000000005,57.05321,5.559589,3.2067146,-0.76631916,-4.511176,-6.545782599999999,-6.6348996,-5.5518847000000004,-4.118551999999999,-2.6331728,-1.1306523000000002,34.535885,10.002039,-6.6179619999999995,-12.096309,-9.391584,-3.4942286,1.939544,5.173502,0.5748302,-2.4265004787923055e-06,0.03975365005596107,,2334.825016184808,1155.7355087160165,12.870619548247127,8.985091585448579,12.746547810422099,19.323040238829023,20.106534720842756,16.571170379983013,18.409253425045375,0.00020162778999999997,1274.296875,0.02783203125,0.0,0.0,0.0,0.301495823264122,0.09449315731014524,0.10679195917078428,0.02704831728977817,0.21345154855932508,0.20506951127733505,0.027949730945484974,0.02369997360344444,0.0,False
00:25:42,5c41c28e896e090001c03bb0,,0.5235947457380898,,-60.41780749235444,-434.31174000000004,54.179869999999994,-5.055504,4.504723,5.59852,-10.325739,-4.528796,11.895824000000001,8.187301,2.7816923,-3.0947993,-10.212786,-33.407795,-1.1147013000000001,17.652624,8.960836,6.499129,-15.709414,-23.467691000000002,-10.012175,0.59629744,-1.3361587156689688e-05,0.2322292914280504,,3720.3234075109003,4284.605367580968,14.66229490442625,13.825858098048876,16.270573842525135,19.80632617161937,21.771787106139726,24.658314191411673,23.890012795066372,0.041756086,8423.4375,0.101650390625,0.0,0.0,0.0,0.016399831604212524,0.00513022318482399,0.003436741669429466,0.0029208737891167407,0.9362588465213776,0.004284419829491526,0.0305007697083056,0.0010683238389901817,0.0,False
00:25:43,59278c090220760001fda664,,0.7670686716747535,,-55.24253224779496,-467.56546,50.712765000000005,4.0498114,3.0985475,0.3689867,-2.869053,-5.4658017,-6.481948,-5.584914,-3.4207926,-1.2613838,-0.085636415,34.548676,14.854320999999999,-1.7334371,-11.138852,-12.752766000000001,-8.760107000000001,-2.7090827999999996,2.1339915,0.5380640999999999,-1.870057375666573e-06,0.030675164810779133,,2426.540498275817,1121.6526316633124,13.954580788363247,8.69619320803218,12.134675060015807,19.119204060386988,18.934914892496664,15.666598864673496,17.94337671058489,0.00017129445,1129.21875,0.02515625,0.0,0.0,0.0,0.4585754420076098,0.05523829981684685,0.09111222880227224,0.0337173461115786,0.20654960381133214,0.1024961903691292,0.029257389903068545,0.023053518323493852,0.0,False
00:25:43,5c41c28e896e090001c03bb0,,0.5410376038888145,,-73.51400767271205,-471.91367,48.361103,5.2533827,3.3500211,4.052498,0.35253379999999995,0.8792757999999999,5.1052040000000005,3.7431858,1.555669,0.5078706000000001,-1.6168143999999998,-10.056197000000001,-5.740611599999999,10.435282,13.828706,13.102831,3.1276927000000003,-0.020396376,6.4555197,1.7299895,-8.525670583497756e-06,0.14334228531821164,,5049.211881615449,4543.3959849654775,12.939848065572455,8.510194817011191,10.322189188714807,15.647132570232142,16.22442026283303,14.63958011373342,19.804353324859786,0.03117559,9945.46875,0.043818359375,0.0,0.0,0.0,0.003605928213801235,0.003990766962736168,0.0007799313779370012,0.000789797146518884,0.9815924276005138,0.0021928401864980433,0.006385619725651022,0.0006626979024572806,0.0,False
00:25:44,59278c090220760001fda664,,0.8106480042514843,,-47.915601818250195,-442.71948,78.28990999999999,0.79684585,-0.038293175,-0.6735306,-0.9430332,-0.6580715,0.13143578,1.4915448,3.7007362999999995,6.426489,8.135071,45.619659999999996,13.132705999999999,-4.8718853,-7.264576400000001,-2.2718399,1.9893504000000002,2.9005959999999997,1.9218736,0.9287822,-3.8086359282702888e-06,0.06238826110617598,,2206.2662584459345,1013.2813023957386,12.841493480045864,9.582970449868958,13.222640613890928,18.0322539611201,24.16321625933012,19.29922896658478,17.330929569429358,9.66338e-05,1282.3660714285713,0.020717075892857144,0.0,0.0,0.0,0.27020241362707953,0.039536106480019435,0.0724524587392807,0.11847848083291734,0.10890997307641166,0.2425535593714033,0.03128053657710552,0.1165864956166063,1.0,False
00:25:44,5c41c28e896e090001c03bb0,,0.7436306519252215,,-53.37002690797635,-446.6171,97.44332,4.6952047,0.7615888000000001,-1.2678448999999998,-4.910387999999999,-4.9593163,-1.7936625,0.18299861,-2.1531757999999996,-9.473857,-13.274014999999999,6.002894,-31.384196999999997,-10.752272999999999,18.938408,18.777843,-0.08265123,-2.0700202,6.4122005,4.4285016,-8.508598483607645e-06,0.14081459441971614,,4200.59161538484,4049.4946280846852,11.322851500598874,8.852320096114612,11.119322777541127,14.927331658526626,21.458879823091053,16.278514007204798,19.506652072617058,0.041441955,7948.660714285716,0.040318080357142856,0.0,0.0,0.0,0.07581743699702201,0.04138793562306091,0.054910155132529316,0.00645103457645746,0.5006950668990612,0.19987835860229095,0.11203557971748523,0.008824427286162973,0.0,False
00:25:45,59278c090220760001fda664,,,,,,,,,,,,,,,,,,,,,,,,,,,,,,,,,,,,,,,,,1.0,0.0,0.0,0.30914124846458435,0.059045535326004026,0.0942754830632891,0.04543205970632178,0.1558534509369305,0.2455127000808716,0.05967388983283725,0.031065624034298318,1.0,False
00:25:45,5c41c28e896e090001c03bb0,,,,,,,,,,,,,,,,,,,,,,,,,,,,,,,,,,,,,,,,,0.0,0.0,0.0,0.09658367745578288,0.07620501145720482,0.05713186152279377,0.0105282450793311,0.3299113646149635,0.2908225148916245,0.12323470003902913,0.015582622401416304,0.0,False
00:25:46,59278c090220760001fda664,,,,,,,,,,,,,,,,,,,,,,,,,,,,,,,,,,,,,,,,,0.0,0.0,0.0,0.1854780521775995,0.03471025370194444,0.03236669395118952,0.07824670057078557,0.3370080115007503,0.1948660358786583,0.070502584534032,0.06682166461832821,1.0,False
00:25:46,5c41c28e896e090001c03bb0,,,,,,,,,,,,,,,,,,,,,,,,,,,,,,,,,,,,,,,,,0.0,0.0,0.0,0.060028514307406224,0.09511056521700488,0.027409896151059203,0.009387025286236571,0.31521111561192405,0.3954737037420273,0.07934228123890029,0.01803689631116059,0.0,False
00:25:47,59278c090220760001fda664,,,,,,,,,,,,,,,,,,,,,,,,,,,,,,,,,,,,,,,,,0.0,0.0,1.0,0.11938195441586848,0.040189305517392665,0.03023845044513925,0.16470102684643978,0.1628226739449952,0.33007689164235043,0.10058793931817396,0.052001735935799584,1.0,False
00:25:47,5c41c28e896e090001c03bb0,,,,,,,,,,,,,,,,,,,,,,,,,,,,,,,,,,,,,,,,,0.0,0.0,0.0,0.08545017763972282,0.02367268009111285,0.01912036882713437,0.038499510474503035,0.02634606184437871,0.5628340721130372,0.13460296094417573,0.1094741809181869,0.0,False
00:25:48,59278c090220760001fda664,,,,,,,,,,,,,,,,,,,,,,,,,,,,,,,,,,,,,,,,,0.0,0.0,0.0,0.1031498415602578,0.059789383535583815,0.11177243656582304,0.03856885957842072,0.32725138771865103,0.1807046037581232,0.03714589443471697,0.14161759052011702,1.0,False
00:25:48,5c41c28e896e090001c03bb0,,,,,,,,,,,,,,,,,,,,,,,,,,,,,,,,,,,,,,,,,0.0,0.0,0.0,0.12937402725219727,0.014016124559566379,0.027742836531251668,0.05567455217242241,0.009400747041217985,0.4699942678213119,0.203636135160923,0.09016128964722156,0.0,False
00:25:49,59278c090220760001fda664,,,,,,,,,,,,,,,,,,,,,,,,,,,,,,,,,,,,,,,,,0.0,0.0,0.0,0.016730300192203788,0.06514991331431601,0.012651121608602505,0.006547530218570804,0.773999642001258,0.06606612929867374,0.0066901152720674865,0.052165248498527536,1.0,False
00:25:49,5c41c28e896e090001c03bb0,,,,,,,,,,,,,,,,,,,,,,,,,,,,,,,,,,,,,,,,,0.0,0.0,0.0,0.0566509406674992,0.02332484264942733,0.006346211789853193,0.019516508243131368,0.043068814345381484,0.6776239655234597,0.14703105254606766,0.026437666182490917,0.0,False
00:25:50,59278c090220760001fda664,,,,,,,,,,,,,,,,,,,,,,,,,,,,,,,,,,,,,,,,,0.0,0.0,0.0,0.026023364377518496,0.06835945252743032,0.02229296365338895,0.011121830654640992,0.579162942038642,0.22100493874814772,0.02569790366623137,0.04633659824418525,0.0,False
00:25:50,5c41c28e896e090001c03bb0,,,,,,,,,,,,,,,,,,,,,,,,,,,,,,,,,,,,,,,,,0.0,0.0,0.0,0.06589564867317678,0.008872640901245177,0.014443313796073196,0.1155722178518772,0.009912182483822108,0.4213853538036346,0.3111003711819649,0.05281826667487621,0.0,False
00:25:51,59278c090220760001fda664,,,,,,,,,,,,,,,,,,,,,,,,,,,,,,,,,,,,,,,,,1.0,0.0,0.0,0.022707073072281973,0.06970384646491665,0.013066182342461414,0.003264622612752848,0.6446317229006026,0.2073245486930116,0.01928262514346796,0.02001936874455876,1.0,False
00:25:51,5c41c28e896e090001c03bb0,,,,,,,,,,,,,,,,,,,,,,,,,,,,,,,,,,,,,,,,,0.0,0.0,0.0,0.04267430640757084,0.0007693684900004883,0.017423978820443154,0.506116858124733,0.0021022049855673685,0.08327245954424142,0.28461376279592515,0.06302701868116856,0.0,False
00:25:52,59278c090220760001fda664,,,,,,,,,,,,,,,,,,,,,,,,,,,,,,,,,,,,,,,,,0.0,0.0,0.0,0.0006625513132247659,0.0047938352864649566,0.00013685200926071654,0.0008444643702306267,0.9837251067161559,0.0039874039499813475,0.0007050251258381952,0.005144788697361946,1.0,False
00:25:52,5c41c28e896e090001c03bb0,,,,,,,,,,,,,,,,,,,,,,,,,,,,,,,,,,,,,,,,,0.0,0.0,0.0,0.0070715087931603185,6.368607246258762e-05,0.008349528536200523,0.5807622462511063,0.00011969792249146848,0.005669768084771931,0.3853514611721039,0.012612101621925829,0.0,False
00:25:53,59278c090220760001fda664,,,,,,,,,,,,,,,,,,,,,,,,,,,,,,,,,,,,,,,,,0.0,0.0,0.0,0.0027105032621572416,0.03859191694193416,0.0003868898522341624,0.0007027663820837108,0.9022887667020162,0.047539949706859055,0.002120917895808816,0.005658313368136684,0.0,False
00:25:53,5c41c28e896e090001c03bb0,,,,,,,,,,,,,,,,,,,,,,,,,,,,,,,,,,,,,,,,,0.0,0.0,0.0,0.011710999708157031,0.0004768298640556168,0.009141828762949444,0.64108557254076,0.00295375517453067,0.03604469500714913,0.2668749019503593,0.03171143913641572,0.0,False
00:25:54,59278c090220760001fda664,,,,,,,,,,,,,,,,,,,,,,,,,,,,,,,,,,,,,,,,,0.0,0.0,0.0,0.008181560955320796,0.03155595161434677,0.0019185238912339427,0.002454859250833073,0.9051558242903815,0.039364245751251775,0.004823095831347423,0.006545951057018505,1.0,False
00:25:54,5c41c28e896e090001c03bb0,,,,,,,,,,,,,,,,,,,,,,,,,,,,,,,,,,,,,,,,,0.0,0.0,0.0,0.015207789993534485,0.029672729472319286,0.0015481116069066855,0.043619376426148736,0.2760967546039157,0.25695886380142635,0.3638414260413912,0.013054950524949364,0.0,False
00:25:55,59278c090220760001fda664,,,,,,,,,,,,,,,,,,,,,,,,,,,,,,,,,,,,,,,,,0.0,0.0,0.0,0.006659441286077102,0.07231511076291403,0.001393201625129829,0.0006271142861805856,0.8637947731547886,0.04851023790736994,0.003291059114659826,0.003409022077297171,1.0,False
00:25:55,5c41c28e896e090001c03bb0,,,,,,,,,,,,,,,,,,,,,,,,,,,,,,,,,,,,,,,,,0.0,0.0,0.0,0.058307414059527225,0.0046343723879545,0.014294871740275994,0.18802681216038766,0.0070837570674484596,0.291748711373657,0.35435271821916103,0.08155131892999634,0.0,False
00:25:56,59278c090220760001fda664,,,,,,,,,,,,,,,,,,,,,,,,,,,,,,,,,,,,,,,,,0.0,0.0,0.0,0.007597497198730706,0.07868846950845586,0.0013855722483842533,0.000444761319765045,0.8005552821689181,0.10521294445627266,0.0028183081239047977,0.003297176619525999,1.0,False
00:25:56,5c41c28e896e090001c03bb0,,,,,,,,,,,,,,,,,,,,,,,,,,,,,,,,,,,,,,,,,0.0,0.0,0.0,0.0494451355189085,0.005478038685396314,0.017292245291173458,0.0581979937851429,0.007405965123325586,0.2822213768959045,0.5691596269607544,0.010799604002386332,0.0,False
